method,query_id,doc_id,latency_ms
laya-score,PLAIN-2,MED-14,499.78
laya-score,PLAIN-2,MED-2429,53.72
laya-score,PLAIN-2,MED-10,50.81
laya-score,PLAIN-2,MED-2431,48.73
laya-score,PLAIN-2,MED-4827,57.06
laya-score,PLAIN-2,MED-2427,57.85
laya-score,PLAIN-2,MED-1193,42.72
laya-score,PLAIN-2,MED-2434,42.9
laya-score,PLAIN-2,MED-2428,43.05
laya-score,PLAIN-2,MED-2439,42.93
laya-score,PLAIN-2,MED-2440,42.97
laya-score,PLAIN-2,MED-3832,42.18
laya-score,PLAIN-2,MED-2435,42.89
laya-score,PLAIN-2,MED-5116,43.87
laya-score,PLAIN-2,MED-2525,45.78
laya-score,PLAIN-2,MED-4650,42.19
laya-score,PLAIN-2,MED-3551,41.54
laya-score,PLAIN-2,MED-4559,41.8
laya-score,PLAIN-2,MED-5352,42.9
laya-score,PLAIN-2,MED-2103,42.07
laya-score,PLAIN-12,MED-2501,42.19
laya-score,PLAIN-12,MED-4711,42.66
laya-score,PLAIN-12,MED-2603,41.88
laya-score,PLAIN-12,MED-4698,42.14
laya-score,PLAIN-12,MED-1167,41.73
laya-score,PLAIN-12,MED-2519,42.32
laya-score,PLAIN-12,MED-2502,45.94
laya-score,PLAIN-12,MED-2325,45.27
laya-score,PLAIN-12,MED-2333,45.65
laya-score,PLAIN-12,MED-2514,55.4
laya-score,PLAIN-12,MED-4884,51.11
laya-score,PLAIN-12,MED-2510,48.93
laya-score,PLAIN-12,MED-5042,50.72
laya-score,PLAIN-12,MED-2136,44.28
laya-score,PLAIN-12,MED-2498,44.15
laya-score,PLAIN-12,MED-4156,49.27
laya-score,PLAIN-12,MED-4699,42.55
laya-score,PLAIN-12,MED-1376,42.54
laya-score,PLAIN-12,MED-4115,41.69
laya-score,PLAIN-12,MED-2815,49.35
laya-score,PLAIN-23,MED-2658,57.44
laya-score,PLAIN-23,MED-118,48.9
laya-score,PLAIN-23,MED-2651,55.16
laya-score,PLAIN-23,MED-1174,55.93
laya-score,PLAIN-23,MED-1961,54.92
laya-score,PLAIN-23,MED-1164,53.49
laya-score,PLAIN-23,MED-1169,53.26
laya-score,PLAIN-23,MED-3498,54.23
laya-score,PLAIN-23,MED-2661,52.24
laya-score,PLAIN-23,MED-999,55.42
laya-score,PLAIN-23,MED-3102,60.94
laya-score,PLAIN-23,MED-3925,39.04
laya-score,PLAIN-23,MED-1172,33.8
laya-score,PLAIN-23,MED-2212,33.13
laya-score,PLAIN-23,MED-835,32.95
laya-score,PLAIN-23,MED-1004,39.23
laya-score,PLAIN-23,MED-1831,34.77
laya-score,PLAIN-23,MED-1221,33.68
laya-score,PLAIN-23,MED-2643,32.94
laya-score,PLAIN-23,MED-1845,32.86
laya-score,PLAIN-33,MED-1056,33.35
laya-score,PLAIN-33,MED-2763,33.81
laya-score,PLAIN-33,MED-1448,36.83
laya-score,PLAIN-33,MED-2162,34.31
laya-score,PLAIN-33,MED-1334,33.42
laya-score,PLAIN-33,MED-1468,32.81
laya-score,PLAIN-33,MED-1366,34.52
laya-score,PLAIN-33,MED-2717,33.0
laya-score,PLAIN-33,MED-1994,34.53
laya-score,PLAIN-33,MED-2718,34.74
laya-score,PLAIN-33,MED-5299,35.04
laya-score,PLAIN-33,MED-4699,36.34
laya-score,PLAIN-33,MED-4891,34.27
laya-score,PLAIN-33,MED-1718,34.63
laya-score,PLAIN-33,MED-1506,37.16
laya-score,PLAIN-33,MED-3052,34.87
laya-score,PLAIN-33,MED-5311,34.35
laya-score,PLAIN-33,MED-1230,34.71
laya-score,PLAIN-33,MED-3055,36.65
laya-score,PLAIN-33,MED-1707,44.29
laya-score,PLAIN-44,MED-1811,33.76
laya-score,PLAIN-44,MED-2791,32.77
laya-score,PLAIN-44,MED-2607,33.77
laya-score,PLAIN-44,MED-2810,33.81
laya-score,PLAIN-44,MED-2783,38.63
laya-score,PLAIN-44,MED-2821,33.46
laya-score,PLAIN-44,MED-2817,35.12
laya-score,PLAIN-44,MED-2800,34.99
laya-score,PLAIN-44,MED-2812,34.25
laya-score,PLAIN-44,MED-2818,35.95
laya-score,PLAIN-44,MED-2786,38.94
laya-score,PLAIN-44,MED-2782,36.7
laya-score,PLAIN-44,MED-2785,36.48
laya-score,PLAIN-44,MED-2815,33.81
laya-score,PLAIN-44,MED-2604,36.88
laya-score,PLAIN-44,MED-2823,33.42
laya-score,PLAIN-44,MED-2240,35.08
laya-score,PLAIN-44,MED-1948,33.55
laya-score,PLAIN-44,MED-2814,34.72
laya-score,PLAIN-44,MED-2602,34.78
laya-score,PLAIN-56,MED-2896,36.04
laya-score,PLAIN-56,MED-2901,34.89
laya-score,PLAIN-56,MED-2900,35.99
laya-score,PLAIN-56,MED-4384,36.5
laya-score,PLAIN-56,MED-5247,34.26
laya-score,PLAIN-56,MED-2894,32.9
laya-score,PLAIN-56,MED-5246,35.35
laya-score,PLAIN-56,MED-4028,42.64
laya-score,PLAIN-56,MED-2380,42.65
laya-score,PLAIN-56,MED-4554,35.1
laya-score,PLAIN-56,MED-5134,36.03
laya-score,PLAIN-56,MED-2895,38.07
laya-score,PLAIN-56,MED-2888,36.4
laya-score,PLAIN-56,MED-3356,33.48
laya-score,PLAIN-56,MED-2886,32.99
laya-score,PLAIN-56,MED-3770,32.99
laya-score,PLAIN-56,MED-1178,32.64
laya-score,PLAIN-56,MED-5218,33.47
laya-score,PLAIN-56,MED-3786,39.68
laya-score,PLAIN-56,MED-3397,38.16
laya-score,PLAIN-68,MED-2991,31.75
laya-score,PLAIN-68,MED-2492,33.5
laya-score,PLAIN-68,MED-4800,33.89
laya-score,PLAIN-68,MED-1801,33.46
laya-score,PLAIN-68,MED-4429,34.97
laya-score,PLAIN-68,MED-3086,33.26
laya-score,PLAIN-68,MED-1962,33.96
laya-score,PLAIN-68,MED-3095,37.0
laya-score,PLAIN-68,MED-1956,35.43
laya-score,PLAIN-68,MED-4626,34.45
laya-score,PLAIN-68,MED-2745,39.16
laya-score,PLAIN-68,MED-2339,35.74
laya-score,PLAIN-68,MED-2168,35.15
laya-score,PLAIN-68,MED-2736,35.84
laya-score,PLAIN-68,MED-4978,34.67
laya-score,PLAIN-68,MED-3651,36.08
laya-score,PLAIN-68,MED-4972,43.65
laya-score,PLAIN-68,MED-4428,40.7
laya-score,PLAIN-68,MED-3889,35.91
laya-score,PLAIN-68,MED-733,35.49
laya-score,PLAIN-78,MED-5110,36.19
laya-score,PLAIN-78,MED-4746,34.74
laya-score,PLAIN-78,MED-2671,34.42
laya-score,PLAIN-78,MED-4318,34.74
laya-score,PLAIN-78,MED-1601,34.55
laya-score,PLAIN-78,MED-3499,34.68
laya-score,PLAIN-78,MED-335,36.85
laya-score,PLAIN-78,MED-4145,34.58
laya-score,PLAIN-78,MED-1407,34.92
laya-score,PLAIN-78,MED-4493,33.46
laya-score,PLAIN-78,MED-4182,35.29
laya-score,PLAIN-78,MED-5326,33.08
laya-score,PLAIN-78,MED-4814,35.44
laya-score,PLAIN-78,MED-2219,35.25
laya-score,PLAIN-78,MED-3494,34.88
laya-score,PLAIN-78,MED-1540,36.47
laya-score,PLAIN-78,MED-5235,36.56
laya-score,PLAIN-78,MED-1366,35.32
laya-score,PLAIN-78,MED-4087,40.1
laya-score,PLAIN-78,MED-1600,33.83
laya-score,PLAIN-91,MED-3288,35.1
laya-score,PLAIN-91,MED-4963,34.74
laya-score,PLAIN-91,MED-4818,43.74
laya-score,PLAIN-91,MED-3171,52.08
laya-score,PLAIN-91,MED-1979,48.03
laya-score,PLAIN-91,MED-1977,37.63
laya-score,PLAIN-91,MED-3319,39.61
laya-score,PLAIN-91,MED-3515,35.34
laya-score,PLAIN-91,MED-3169,34.84
laya-score,PLAIN-91,MED-3175,44.84
laya-score,PLAIN-91,MED-3178,40.24
laya-score,PLAIN-91,MED-4138,34.56
laya-score,PLAIN-91,MED-4797,35.28
laya-score,PLAIN-91,MED-3307,35.41
laya-score,PLAIN-91,MED-1983,33.31
laya-score,PLAIN-91,MED-2346,34.73
laya-score,PLAIN-91,MED-4957,34.45
laya-score,PLAIN-91,MED-2352,37.29
laya-score,PLAIN-91,MED-4134,36.14
laya-score,PLAIN-91,MED-4814,33.94
laya-score,PLAIN-102,MED-3954,40.89
laya-score,PLAIN-102,MED-3253,35.16
laya-score,PLAIN-102,MED-1366,35.4
laya-score,PLAIN-102,MED-2590,34.81
laya-score,PLAIN-102,MED-4247,35.66
laya-score,PLAIN-102,MED-4616,37.52
laya-score,PLAIN-102,MED-1548,32.81
laya-score,PLAIN-102,MED-4255,35.41
laya-score,PLAIN-102,MED-4613,33.39
laya-score,PLAIN-102,MED-2476,33.75
laya-score,PLAIN-102,MED-2111,34.97
laya-score,PLAIN-102,MED-1987,35.59
laya-score,PLAIN-102,MED-1409,38.65
laya-score,PLAIN-102,MED-1190,41.86
laya-score,PLAIN-102,MED-1991,34.34
laya-score,PLAIN-102,MED-4680,33.11
laya-score,PLAIN-102,MED-1997,32.72
laya-score,PLAIN-102,MED-1996,34.94
laya-score,PLAIN-102,MED-1381,35.5
laya-score,PLAIN-102,MED-4243,34.4
laya-score,PLAIN-112,MED-3380,35.5
laya-score,PLAIN-112,MED-3382,35.45
laya-score,PLAIN-112,MED-2618,33.52
laya-score,PLAIN-112,MED-1153,35.26
laya-score,PLAIN-112,MED-4655,35.22
laya-score,PLAIN-112,MED-2616,35.18
laya-score,PLAIN-112,MED-4604,34.57
laya-score,PLAIN-112,MED-3381,43.14
laya-score,PLAIN-112,MED-3383,33.54
laya-score,PLAIN-112,MED-3351,34.35
laya-score,PLAIN-112,MED-2059,36.63
laya-score,PLAIN-112,MED-2063,35.43
laya-score,PLAIN-112,MED-3050,35.36
laya-score,PLAIN-112,MED-2036,35.66
laya-score,PLAIN-112,MED-5063,32.65
laya-score,PLAIN-112,MED-5062,39.88
laya-score,PLAIN-112,MED-2619,33.64
laya-score,PLAIN-112,MED-906,34.41
laya-score,PLAIN-112,MED-2643,34.83
laya-score,PLAIN-112,MED-1502,35.55
laya-score,PLAIN-123,MED-4392,35.24
laya-score,PLAIN-123,MED-3483,43.72
laya-score,PLAIN-123,MED-2083,37.24
laya-score,PLAIN-123,MED-2265,34.06
laya-score,PLAIN-123,MED-4804,33.62
laya-score,PLAIN-123,MED-1982,34.76
laya-score,PLAIN-123,MED-2707,33.74
laya-score,PLAIN-123,MED-2711,35.14
laya-score,PLAIN-123,MED-2803,36.41
laya-score,PLAIN-123,MED-2713,35.25
laya-score,PLAIN-123,MED-3474,34.22
laya-score,PLAIN-123,MED-2073,34.29
laya-score,PLAIN-123,MED-4256,34.09
laya-score,PLAIN-123,MED-4969,35.09
laya-score,PLAIN-123,MED-3204,35.15
laya-score,PLAIN-123,MED-3210,35.57
laya-score,PLAIN-123,MED-4429,36.75
laya-score,PLAIN-123,MED-1020,36.18
laya-score,PLAIN-123,MED-3476,36.54
laya-score,PLAIN-123,MED-2336,34.45
laya-score,PLAIN-133,MED-2513,35.11
laya-score,PLAIN-133,MED-4116,37.63
laya-score,PLAIN-133,MED-2357,33.35
laya-score,PLAIN-133,MED-4464,34.13
laya-score,PLAIN-133,MED-5034,35.5
laya-score,PLAIN-133,MED-2993,34.93
laya-score,PLAIN-133,MED-3280,34.05
laya-score,PLAIN-133,MED-2129,33.77
laya-score,PLAIN-133,MED-1666,35.51
laya-score,PLAIN-133,MED-2923,33.62
laya-score,PLAIN-133,MED-4095,47.11
laya-score,PLAIN-133,MED-5292,38.33
laya-score,PLAIN-133,MED-1665,33.95
laya-score,PLAIN-133,MED-3311,34.02
laya-score,PLAIN-133,MED-2751,35.35
laya-score,PLAIN-133,MED-5032,33.44
laya-score,PLAIN-133,MED-4423,34.59
laya-score,PLAIN-133,MED-2577,37.87
laya-score,PLAIN-133,MED-3277,34.33
laya-score,PLAIN-133,MED-1719,34.09
laya-score,PLAIN-143,MED-3621,33.24
laya-score,PLAIN-143,MED-3618,34.24
laya-score,PLAIN-143,MED-2093,34.37
laya-score,PLAIN-143,MED-3619,34.78
laya-score,PLAIN-143,MED-872,35.01
laya-score,PLAIN-143,MED-4036,36.19
laya-score,PLAIN-143,MED-4028,37.54
laya-score,PLAIN-143,MED-1858,35.78
laya-score,PLAIN-143,MED-4026,34.04
laya-score,PLAIN-143,MED-859,36.06
laya-score,PLAIN-143,MED-3639,33.42
laya-score,PLAIN-143,MED-4027,33.23
laya-score,PLAIN-143,MED-3640,33.52
laya-score,PLAIN-143,MED-1857,33.92
laya-score,PLAIN-143,MED-4019,34.14
laya-score,PLAIN-143,MED-2982,34.11
laya-score,PLAIN-143,MED-4034,34.15
laya-score,PLAIN-143,MED-2096,34.23
laya-score,PLAIN-143,MED-2094,39.91
laya-score,PLAIN-143,MED-4373,39.7
laya-score,PLAIN-153,MED-3677,41.85
laya-score,PLAIN-153,MED-3695,35.48
laya-score,PLAIN-153,MED-3692,35.74
laya-score,PLAIN-153,MED-3690,33.9
laya-score,PLAIN-153,MED-3680,34.49
laya-score,PLAIN-153,MED-3679,35.42
laya-score,PLAIN-153,MED-3691,33.78
laya-score,PLAIN-153,MED-3693,35.42
laya-score,PLAIN-153,MED-2105,33.46
laya-score,PLAIN-153,MED-4266,35.19
laya-score,PLAIN-153,MED-3673,34.88
laya-score,PLAIN-153,MED-4762,34.42
laya-score,PLAIN-153,MED-4760,34.11
laya-score,PLAIN-153,MED-3683,35.86
laya-score,PLAIN-153,MED-1413,33.58
laya-score,PLAIN-153,MED-4442,36.46
laya-score,PLAIN-153,MED-1981,35.05
laya-score,PLAIN-153,MED-3967,36.38
laya-score,PLAIN-153,MED-3688,33.59
laya-score,PLAIN-153,MED-1248,33.9
laya-score,PLAIN-165,MED-4445,33.4
laya-score,PLAIN-165,MED-3766,33.96
laya-score,PLAIN-165,MED-3767,34.33
laya-score,PLAIN-165,MED-3696,33.2
laya-score,PLAIN-165,MED-3762,32.79
laya-score,PLAIN-165,MED-2437,32.92
laya-score,PLAIN-165,MED-3768,35.76
laya-score,PLAIN-165,MED-1564,35.4
laya-score,PLAIN-165,MED-4450,35.63
laya-score,PLAIN-165,MED-3855,46.4
laya-score,PLAIN-165,MED-3765,35.36
laya-score,PLAIN-165,MED-4096,34.12
laya-score,PLAIN-165,MED-3205,34.63
laya-score,PLAIN-165,MED-3697,36.25
laya-score,PLAIN-165,MED-3844,32.37
laya-score,PLAIN-165,MED-3832,33.92
laya-score,PLAIN-165,MED-2258,33.8
laya-score,PLAIN-165,MED-3447,32.91
laya-score,PLAIN-165,MED-2237,34.17
laya-score,PLAIN-165,MED-3701,33.48
laya-score,PLAIN-175,MED-3818,35.41
laya-score,PLAIN-175,MED-3822,36.44
laya-score,PLAIN-175,MED-3816,34.57
laya-score,PLAIN-175,MED-4515,35.93
laya-score,PLAIN-175,MED-2459,33.28
laya-score,PLAIN-175,MED-2529,35.56
laya-score,PLAIN-175,MED-4985,37.34
laya-score,PLAIN-175,MED-1445,32.44
laya-score,PLAIN-175,MED-4239,34.47
laya-score,PLAIN-175,MED-836,33.95
laya-score,PLAIN-175,MED-5262,37.11
laya-score,PLAIN-175,MED-825,57.56
laya-score,PLAIN-175,MED-4710,56.9
laya-score,PLAIN-175,MED-2148,52.97
laya-score,PLAIN-175,MED-2008,44.55
laya-score,PLAIN-175,MED-1450,52.57
laya-score,PLAIN-175,MED-4299,58.51
laya-score,PLAIN-175,MED-1258,48.82
laya-score,PLAIN-175,MED-5200,44.46
laya-score,PLAIN-175,MED-4154,43.22
laya-score,PLAIN-186,MED-2054,47.95
laya-score,PLAIN-186,MED-3904,43.38
laya-score,PLAIN-186,MED-949,44.0
laya-score,PLAIN-186,MED-2057,43.4
laya-score,PLAIN-186,MED-2059,46.42
laya-score,PLAIN-186,MED-2203,48.45
laya-score,PLAIN-186,MED-2053,48.44
laya-score,PLAIN-186,MED-1031,45.95
laya-score,PLAIN-186,MED-2055,44.72
laya-score,PLAIN-186,MED-1017,45.54
laya-score,PLAIN-186,MED-2058,45.17
laya-score,PLAIN-186,MED-2062,42.37
laya-score,PLAIN-186,MED-2060,42.09
laya-score,PLAIN-186,MED-4325,42.65
laya-score,PLAIN-186,MED-1006,42.86
laya-score,PLAIN-186,MED-5005,45.0
laya-score,PLAIN-186,MED-2061,42.16
laya-score,PLAIN-186,MED-4638,41.77
laya-score,PLAIN-186,MED-3933,44.04
laya-score,PLAIN-186,MED-1016,51.56
laya-score,PLAIN-196,MED-3969,52.83
laya-score,PLAIN-196,MED-3970,46.82
laya-score,PLAIN-196,MED-3963,46.18
laya-score,PLAIN-196,MED-895,41.13
laya-score,PLAIN-196,MED-1185,46.08
laya-score,PLAIN-196,MED-4602,51.54
laya-score,PLAIN-196,MED-855,53.15
laya-score,PLAIN-196,MED-2994,51.41
laya-score,PLAIN-196,MED-3619,46.69
laya-score,PLAIN-196,MED-3606,44.58
laya-score,PLAIN-196,MED-3964,50.6
laya-score,PLAIN-196,MED-2643,44.55
laya-score,PLAIN-196,MED-3960,43.62
laya-score,PLAIN-196,MED-4949,43.64
laya-score,PLAIN-196,MED-5059,47.9
laya-score,PLAIN-196,MED-859,53.23
laya-score,PLAIN-196,MED-4391,57.16
laya-score,PLAIN-196,MED-3022,54.04
laya-score,PLAIN-196,MED-4479,54.67
laya-score,PLAIN-196,MED-5133,55.16
laya-score,PLAIN-207,MED-5197,56.72
laya-score,PLAIN-207,MED-3000,62.73
laya-score,PLAIN-207,MED-4057,54.06
laya-score,PLAIN-207,MED-4482,53.48
laya-score,PLAIN-207,MED-4053,51.34
laya-score,PLAIN-207,MED-4040,53.39
laya-score,PLAIN-207,MED-5326,53.94
laya-score,PLAIN-207,MED-4976,34.48
laya-score,PLAIN-207,MED-2168,38.44
laya-score,PLAIN-207,MED-847,34.17
laya-score,PLAIN-207,MED-4972,34.21
laya-score,PLAIN-207,MED-4485,33.88
laya-score,PLAIN-207,MED-4060,33.26
laya-score,PLAIN-207,MED-4451,33.33
laya-score,PLAIN-207,MED-5188,33.82
laya-score,PLAIN-207,MED-4493,34.94
laya-score,PLAIN-207,MED-2492,33.32
laya-score,PLAIN-207,MED-4492,33.29
laya-score,PLAIN-207,MED-1165,41.65
laya-score,PLAIN-207,MED-3311,36.3
laya-score,PLAIN-217,MED-4831,35.55
laya-score,PLAIN-217,MED-1991,32.82
laya-score,PLAIN-217,MED-4389,32.75
laya-score,PLAIN-217,MED-4206,34.94
laya-score,PLAIN-217,MED-1386,35.76
laya-score,PLAIN-217,MED-1319,38.08
laya-score,PLAIN-217,MED-4687,35.41
laya-score,PLAIN-217,MED-1258,46.73
laya-score,PLAIN-217,MED-4349,34.34
laya-score,PLAIN-217,MED-4515,35.38
laya-score,PLAIN-217,MED-2444,37.48
laya-score,PLAIN-217,MED-2951,35.96
laya-score,PLAIN-217,MED-4689,34.68
laya-score,PLAIN-217,MED-5069,35.95
laya-score,PLAIN-217,MED-1445,38.0
laya-score,PLAIN-217,MED-4255,34.52
laya-score,PLAIN-217,MED-4613,38.07
laya-score,PLAIN-217,MED-2578,34.46
laya-score,PLAIN-217,MED-2439,40.12
laya-score,PLAIN-217,MED-4846,37.5
laya-score,PLAIN-227,MED-3534,34.25
laya-score,PLAIN-227,MED-4830,33.68
laya-score,PLAIN-227,MED-3459,34.55
laya-score,PLAIN-227,MED-4829,35.61
laya-score,PLAIN-227,MED-1491,35.15
laya-score,PLAIN-227,MED-3466,36.03
laya-score,PLAIN-227,MED-3462,35.75
laya-score,PLAIN-227,MED-4405,35.78
laya-score,PLAIN-227,MED-3460,35.07
laya-score,PLAIN-227,MED-3499,34.72
laya-score,PLAIN-227,MED-2271,35.96
laya-score,PLAIN-227,MED-3453,36.19
laya-score,PLAIN-227,MED-1466,36.03
laya-score,PLAIN-227,MED-1474,36.26
laya-score,PLAIN-227,MED-4828,43.69
laya-score,PLAIN-227,MED-3165,51.03
laya-score,PLAIN-227,MED-923,35.91
laya-score,PLAIN-227,MED-1460,38.22
laya-score,PLAIN-227,MED-4145,37.21
laya-score,PLAIN-227,MED-4508,35.24
laya-score,PLAIN-238,MED-5104,35.46
laya-score,PLAIN-238,MED-3630,36.18
laya-score,PLAIN-238,MED-2105,33.55
laya-score,PLAIN-238,MED-4976,36.32
laya-score,PLAIN-238,MED-4739,34.35
laya-score,PLAIN-238,MED-4381,39.73
laya-score,PLAIN-238,MED-2994,36.84
laya-score,PLAIN-238,MED-2627,34.74
laya-score,PLAIN-238,MED-4949,34.95
laya-score,PLAIN-238,MED-4451,34.44
laya-score,PLAIN-238,MED-999,34.5
laya-score,PLAIN-238,MED-4181,35.34
laya-score,PLAIN-238,MED-2746,35.69
laya-score,PLAIN-238,MED-4911,34.73
laya-score,PLAIN-238,MED-2391,34.87
laya-score,PLAIN-238,MED-4465,34.66
laya-score,PLAIN-238,MED-5224,35.24
laya-score,PLAIN-238,MED-3880,35.45
laya-score,PLAIN-238,MED-956,34.95
laya-score,PLAIN-238,MED-2643,35.06
laya-score,PLAIN-248,MED-4233,37.13
laya-score,PLAIN-248,MED-3874,37.86
laya-score,PLAIN-248,MED-3790,39.35
laya-score,PLAIN-248,MED-4885,42.87
laya-score,PLAIN-248,MED-4886,41.47
laya-score,PLAIN-248,MED-3243,34.38
laya-score,PLAIN-248,MED-3789,34.02
laya-score,PLAIN-248,MED-5337,34.43
laya-score,PLAIN-248,MED-5356,34.52
laya-score,PLAIN-248,MED-3877,35.6
laya-score,PLAIN-248,MED-5355,35.01
laya-score,PLAIN-248,MED-861,36.49
laya-score,PLAIN-248,MED-4888,36.17
laya-score,PLAIN-248,MED-3245,36.65
laya-score,PLAIN-248,MED-3878,36.25
laya-score,PLAIN-248,MED-3782,34.46
laya-score,PLAIN-248,MED-865,35.05
laya-score,PLAIN-248,MED-5192,35.71
laya-score,PLAIN-248,MED-2769,35.85
laya-score,PLAIN-248,MED-4898,36.6
laya-score,PLAIN-259,MED-4295,42.76
laya-score,PLAIN-259,MED-4296,34.31
laya-score,PLAIN-259,MED-4913,34.46
laya-score,PLAIN-259,MED-752,32.91
laya-score,PLAIN-259,MED-3492,35.11
laya-score,PLAIN-259,MED-2430,36.11
laya-score,PLAIN-259,MED-3530,36.51
laya-score,PLAIN-259,MED-5165,37.03
laya-score,PLAIN-259,MED-5115,36.34
laya-score,PLAIN-259,MED-5069,35.94
laya-score,PLAIN-259,MED-3521,35.18
laya-score,PLAIN-259,MED-3606,34.07
laya-score,PLAIN-259,MED-1444,48.6
laya-score,PLAIN-259,MED-3688,35.02
laya-score,PLAIN-259,MED-3144,34.81
laya-score,PLAIN-259,MED-2235,34.13
laya-score,PLAIN-259,MED-4739,35.75
laya-score,PLAIN-259,MED-3854,33.53
laya-score,PLAIN-259,MED-862,35.97
laya-score,PLAIN-259,MED-2233,35.36
laya-score,PLAIN-270,MED-4331,36.24
laya-score,PLAIN-270,MED-1640,34.37
laya-score,PLAIN-270,MED-1645,34.81
laya-score,PLAIN-270,MED-4776,35.06
laya-score,PLAIN-270,MED-5245,34.56
laya-score,PLAIN-270,MED-1648,35.42
laya-score,PLAIN-270,MED-898,35.07
laya-score,PLAIN-270,MED-1635,38.44
laya-score,PLAIN-270,MED-5123,37.75
laya-score,PLAIN-270,MED-5047,33.81
laya-score,PLAIN-270,MED-5050,32.76
laya-score,PLAIN-270,MED-4713,34.66
laya-score,PLAIN-270,MED-1631,34.08
laya-score,PLAIN-270,MED-1647,34.28
laya-score,PLAIN-270,MED-4365,33.94
laya-score,PLAIN-270,MED-1637,36.09
laya-score,PLAIN-270,MED-5247,36.44
laya-score,PLAIN-270,MED-4902,35.15
laya-score,PLAIN-270,MED-4097,35.67
laya-score,PLAIN-270,MED-878,35.15
laya-score,PLAIN-280,MED-4376,45.88
laya-score,PLAIN-280,MED-5097,50.86
laya-score,PLAIN-280,MED-3023,36.2
laya-score,PLAIN-280,MED-3595,34.1
laya-score,PLAIN-280,MED-4739,34.0
laya-score,PLAIN-280,MED-2906,35.3
laya-score,PLAIN-280,MED-3020,35.94
laya-score,PLAIN-280,MED-3013,35.76
laya-score,PLAIN-280,MED-4949,36.88
laya-score,PLAIN-280,MED-3025,34.4
laya-score,PLAIN-280,MED-3034,33.01
laya-score,PLAIN-280,MED-4733,34.16
laya-score,PLAIN-280,MED-3026,34.86
laya-score,PLAIN-280,MED-2904,34.04
laya-score,PLAIN-280,MED-2905,33.18
laya-score,PLAIN-280,MED-4948,34.16
laya-score,PLAIN-280,MED-3032,34.14
laya-score,PLAIN-280,MED-2386,34.19
laya-score,PLAIN-280,MED-4947,33.86
laya-score,PLAIN-280,MED-4370,33.5
laya-score,PLAIN-291,MED-4517,34.69
laya-score,PLAIN-291,MED-4639,35.74
laya-score,PLAIN-291,MED-3860,36.57
laya-score,PLAIN-291,MED-2437,34.97
laya-score,PLAIN-291,MED-3858,33.38
laya-score,PLAIN-291,MED-1038,34.02
laya-score,PLAIN-291,MED-2424,32.83
laya-score,PLAIN-291,MED-2423,33.11
laya-score,PLAIN-291,MED-3696,35.74
laya-score,PLAIN-291,MED-5182,38.2
laya-score,PLAIN-291,MED-1826,43.63
laya-score,PLAIN-291,MED-4050,36.05
laya-score,PLAIN-291,MED-3862,46.48
laya-score,PLAIN-291,MED-1048,34.52
laya-score,PLAIN-291,MED-3845,34.91
laya-score,PLAIN-291,MED-4643,35.34
laya-score,PLAIN-291,MED-5352,37.8
laya-score,PLAIN-291,MED-2417,35.52
laya-score,PLAIN-291,MED-5066,35.55
laya-score,PLAIN-291,MED-3848,35.36
laya-score,PLAIN-307,MED-714,35.14
laya-score,PLAIN-307,MED-3990,35.2
laya-score,PLAIN-307,MED-919,33.93
laya-score,PLAIN-307,MED-3987,39.83
laya-score,PLAIN-307,MED-4872,33.89
laya-score,PLAIN-307,MED-921,34.46
laya-score,PLAIN-307,MED-4566,34.93
laya-score,PLAIN-307,MED-3988,35.07
laya-score,PLAIN-307,MED-4574,33.79
laya-score,PLAIN-307,MED-3991,36.22
laya-score,PLAIN-307,MED-920,34.77
laya-score,PLAIN-307,MED-4573,34.5
laya-score,PLAIN-307,MED-716,36.8
laya-score,PLAIN-307,MED-2765,36.63
laya-score,PLAIN-307,MED-962,36.24
laya-score,PLAIN-307,MED-4575,36.95
laya-score,PLAIN-307,MED-4570,34.99
laya-score,PLAIN-307,MED-862,37.34
laya-score,PLAIN-307,MED-3986,51.37
laya-score,PLAIN-307,MED-3985,34.84
laya-score,PLAIN-320,MED-2437,34.28
laya-score,PLAIN-320,MED-4450,34.52
laya-score,PLAIN-320,MED-5066,35.66
laya-score,PLAIN-320,MED-2417,37.41
laya-score,PLAIN-320,MED-2424,35.33
laya-score,PLAIN-320,MED-3123,32.29
laya-score,PLAIN-320,MED-3834,32.62
laya-score,PLAIN-320,MED-3830,33.16
laya-score,PLAIN-320,MED-1564,33.18
laya-score,PLAIN-320,MED-3862,32.47
laya-score,PLAIN-320,MED-5352,32.89
laya-score,PLAIN-320,MED-3698,40.1
laya-score,PLAIN-320,MED-3799,34.6
laya-score,PLAIN-320,MED-3791,33.18
laya-score,PLAIN-320,MED-1826,33.79
laya-score,PLAIN-320,MED-2423,33.24
laya-score,PLAIN-320,MED-5111,33.23
laya-score,PLAIN-320,MED-4787,34.22
laya-score,PLAIN-320,MED-3551,36.33
laya-score,PLAIN-320,MED-3832,34.3
laya-score,PLAIN-332,MED-760,34.32
laya-score,PLAIN-332,MED-2951,34.09
laya-score,PLAIN-332,MED-4689,32.94
laya-score,PLAIN-332,MED-5265,34.86
laya-score,PLAIN-332,MED-5263,36.3
laya-score,PLAIN-332,MED-2697,34.72
laya-score,PLAIN-332,MED-5271,34.37
laya-score,PLAIN-332,MED-2830,50.79
laya-score,PLAIN-332,MED-2459,42.64
laya-score,PLAIN-332,MED-2970,37.15
laya-score,PLAIN-332,MED-5137,34.39
laya-score,PLAIN-332,MED-2458,39.35
laya-score,PLAIN-332,MED-2972,38.98
laya-score,PLAIN-332,MED-5277,34.62
laya-score,PLAIN-332,MED-4320,36.17
laya-score,PLAIN-332,MED-4006,34.27
laya-score,PLAIN-332,MED-3925,34.77
laya-score,PLAIN-332,MED-5013,35.04
laya-score,PLAIN-332,MED-3942,37.76
laya-score,PLAIN-332,MED-4005,38.5
laya-score,PLAIN-344,MED-1961,36.14
laya-score,PLAIN-344,MED-2388,35.8
laya-score,PLAIN-344,MED-1962,36.65
laya-score,PLAIN-344,MED-5238,35.61
laya-score,PLAIN-344,MED-1062,37.78
laya-score,PLAIN-344,MED-1468,38.68
laya-score,PLAIN-344,MED-4735,36.2
laya-score,PLAIN-344,MED-1681,37.49
laya-score,PLAIN-344,MED-1063,36.25
laya-score,PLAIN-344,MED-4333,40.62
laya-score,PLAIN-344,MED-1611,37.71
laya-score,PLAIN-344,MED-5102,35.86
laya-score,PLAIN-344,MED-1238,35.51
laya-score,PLAIN-344,MED-4559,34.31
laya-score,PLAIN-344,MED-2850,37.66
laya-score,PLAIN-344,MED-1457,48.39
laya-score,PLAIN-344,MED-2146,34.78
laya-score,PLAIN-344,MED-5105,35.32
laya-score,PLAIN-344,MED-4984,34.83
laya-score,PLAIN-344,MED-4299,37.67
laya-score,PLAIN-358,MED-3788,34.92
laya-score,PLAIN-358,MED-2762,33.37
laya-score,PLAIN-358,MED-1366,33.26
laya-score,PLAIN-358,MED-2163,33.48
laya-score,PLAIN-358,MED-5161,34.15
laya-score,PLAIN-358,MED-4578,34.63
laya-score,PLAIN-358,MED-2753,39.26
laya-score,PLAIN-358,MED-4956,35.06
laya-score,PLAIN-358,MED-2228,35.92
laya-score,PLAIN-358,MED-5253,33.6
laya-score,PLAIN-358,MED-3155,40.01
laya-score,PLAIN-358,MED-1261,34.62
laya-score,PLAIN-358,MED-5217,37.13
laya-score,PLAIN-358,MED-5136,34.53
laya-score,PLAIN-358,MED-5333,34.44
laya-score,PLAIN-358,MED-4878,34.33
laya-score,PLAIN-358,MED-5151,33.5
laya-score,PLAIN-358,MED-5283,34.06
laya-score,PLAIN-358,MED-2047,36.93
laya-score,PLAIN-358,MED-5148,32.56
laya-score,PLAIN-371,MED-4620,35.23
laya-score,PLAIN-371,MED-5010,35.96
laya-score,PLAIN-371,MED-5011,45.22
laya-score,PLAIN-371,MED-4618,66.76
laya-score,PLAIN-371,MED-5009,67.65
laya-score,PLAIN-371,MED-5082,53.35
laya-score,PLAIN-371,MED-2570,48.4
laya-score,PLAIN-371,MED-3946,50.85
laya-score,PLAIN-371,MED-5115,47.19
laya-score,PLAIN-371,MED-913,43.4
laya-score,PLAIN-371,MED-1291,45.91
laya-score,PLAIN-371,MED-3766,46.29
laya-score,PLAIN-371,MED-4716,44.68
laya-score,PLAIN-371,MED-1655,47.41
laya-score,PLAIN-371,MED-1182,43.29
laya-score,PLAIN-371,MED-4369,48.22
laya-score,PLAIN-371,MED-2816,45.5
laya-score,PLAIN-371,MED-4452,45.26
laya-score,PLAIN-371,MED-3906,44.11
laya-score,PLAIN-371,MED-4619,44.16
laya-score,PLAIN-383,MED-1479,45.73
laya-score,PLAIN-383,MED-4469,50.32
laya-score,PLAIN-383,MED-4299,44.66
laya-score,PLAIN-383,MED-1540,43.16
laya-score,PLAIN-383,MED-1478,43.51
laya-score,PLAIN-383,MED-1366,42.92
laya-score,PLAIN-383,MED-2510,50.79
laya-score,PLAIN-383,MED-2572,57.23
laya-score,PLAIN-383,MED-4831,43.51
laya-score,PLAIN-383,MED-4389,44.6
laya-score,PLAIN-383,MED-2432,44.71
laya-score,PLAIN-383,MED-1874,44.18
laya-score,PLAIN-383,MED-4292,43.83
laya-score,PLAIN-383,MED-2763,43.85
laya-score,PLAIN-383,MED-3776,48.13
laya-score,PLAIN-383,MED-2112,45.44
laya-score,PLAIN-383,MED-3109,51.66
laya-score,PLAIN-383,MED-3149,52.84
laya-score,PLAIN-383,MED-1655,48.0
laya-score,PLAIN-383,MED-4087,49.29
laya-score,PLAIN-395,MED-2783,42.16
laya-score,PLAIN-395,MED-3511,47.24
laya-score,PLAIN-395,MED-2794,49.99
laya-score,PLAIN-395,MED-2271,47.44
laya-score,PLAIN-395,MED-3476,46.43
laya-score,PLAIN-395,MED-5137,42.47
laya-score,PLAIN-395,MED-3512,45.31
laya-score,PLAIN-395,MED-4576,53.05
laya-score,PLAIN-395,MED-2825,65.51
laya-score,PLAIN-395,MED-2816,59.68
laya-score,PLAIN-395,MED-2786,61.0
laya-score,PLAIN-395,MED-2926,56.98
laya-score,PLAIN-395,MED-3482,51.58
laya-score,PLAIN-395,MED-2817,52.41
laya-score,PLAIN-395,MED-2824,53.65
laya-score,PLAIN-395,MED-957,51.83
laya-score,PLAIN-395,MED-5000,54.64
laya-score,PLAIN-395,MED-2606,53.19
laya-score,PLAIN-395,MED-2811,52.76
laya-score,PLAIN-395,MED-2285,34.53
laya-score,PLAIN-407,MED-906,34.09
laya-score,PLAIN-407,MED-2994,34.86
laya-score,PLAIN-407,MED-4205,35.16
laya-score,PLAIN-407,MED-2618,36.08
laya-score,PLAIN-407,MED-1140,36.14
laya-score,PLAIN-407,MED-4972,34.77
laya-score,PLAIN-407,MED-914,35.54
laya-score,PLAIN-407,MED-2742,35.33
laya-score,PLAIN-407,MED-2738,35.2
laya-score,PLAIN-407,MED-957,37.66
laya-score,PLAIN-407,MED-2346,39.25
laya-score,PLAIN-407,MED-2817,35.84
laya-score,PLAIN-407,MED-2202,51.08
laya-score,PLAIN-407,MED-5063,34.42
laya-score,PLAIN-407,MED-2619,35.93
laya-score,PLAIN-407,MED-2616,41.35
laya-score,PLAIN-407,MED-3381,33.85
laya-score,PLAIN-407,MED-5139,35.13
laya-score,PLAIN-407,MED-4187,34.66
laya-score,PLAIN-407,MED-3146,34.33
laya-score,PLAIN-418,MED-917,35.43
laya-score,PLAIN-418,MED-3714,37.1
laya-score,PLAIN-418,MED-2453,36.99
laya-score,PLAIN-418,MED-2074,35.64
laya-score,PLAIN-418,MED-2285,34.57
laya-score,PLAIN-418,MED-3469,35.13
laya-score,PLAIN-418,MED-3738,35.29
laya-score,PLAIN-418,MED-3734,36.27
laya-score,PLAIN-418,MED-3528,37.75
laya-score,PLAIN-418,MED-4414,37.58
laya-score,PLAIN-418,MED-2068,36.23
laya-score,PLAIN-418,MED-1790,36.26
laya-score,PLAIN-418,MED-5170,36.46
laya-score,PLAIN-418,MED-1262,35.89
laya-score,PLAIN-418,MED-1182,34.71
laya-score,PLAIN-418,MED-3942,34.69
laya-score,PLAIN-418,MED-1792,36.49
laya-score,PLAIN-418,MED-4411,39.34
laya-score,PLAIN-418,MED-4859,35.97
laya-score,PLAIN-418,MED-1500,35.83
laya-score,PLAIN-430,MED-928,49.72
laya-score,PLAIN-430,MED-927,37.62
laya-score,PLAIN-430,MED-4936,42.88
laya-score,PLAIN-430,MED-1620,36.48
laya-score,PLAIN-430,MED-5095,35.31
laya-score,PLAIN-430,MED-4731,35.69
laya-score,PLAIN-430,MED-4631,35.77
laya-score,PLAIN-430,MED-2750,36.13
laya-score,PLAIN-430,MED-2412,39.1
laya-score,PLAIN-430,MED-2753,37.74
laya-score,PLAIN-430,MED-2751,35.59
laya-score,PLAIN-430,MED-1831,37.0
laya-score,PLAIN-430,MED-118,37.73
laya-score,PLAIN-430,MED-839,35.36
laya-score,PLAIN-430,MED-2651,36.59
laya-score,PLAIN-430,MED-4366,36.85
laya-score,PLAIN-430,MED-4943,35.74
laya-score,PLAIN-430,MED-2754,34.88
laya-score,PLAIN-430,MED-5100,36.3
laya-score,PLAIN-430,MED-5271,33.86
laya-score,PLAIN-441,MED-942,33.93
laya-score,PLAIN-441,MED-4701,35.22
laya-score,PLAIN-441,MED-4703,34.01
laya-score,PLAIN-441,MED-1792,35.56
laya-score,PLAIN-441,MED-4702,36.95
laya-score,PLAIN-441,MED-5019,34.58
laya-score,PLAIN-441,MED-4590,33.22
laya-score,PLAIN-441,MED-4580,33.96
laya-score,PLAIN-441,MED-5082,46.89
laya-score,PLAIN-441,MED-941,40.91
laya-score,PLAIN-441,MED-3908,35.16
laya-score,PLAIN-441,MED-2491,35.0
laya-score,PLAIN-441,MED-4862,33.8
laya-score,PLAIN-441,MED-4414,33.17
laya-score,PLAIN-441,MED-3109,33.35
laya-score,PLAIN-441,MED-1841,34.35
laya-score,PLAIN-441,MED-2291,36.49
laya-score,PLAIN-441,MED-3452,34.32
laya-score,PLAIN-441,MED-4695,33.22
laya-score,PLAIN-441,MED-3157,33.97
laya-score,PLAIN-457,MED-2112,33.75
laya-score,PLAIN-457,MED-745,33.14
laya-score,PLAIN-457,MED-1754,35.07
laya-score,PLAIN-457,MED-4922,36.39
laya-score,PLAIN-457,MED-4354,34.86
laya-score,PLAIN-457,MED-4695,35.78
laya-score,PLAIN-457,MED-2716,39.02
laya-score,PLAIN-457,MED-3754,40.48
laya-score,PLAIN-457,MED-2291,34.98
laya-score,PLAIN-457,MED-3109,35.48
laya-score,PLAIN-457,MED-1407,33.64
laya-score,PLAIN-457,MED-748,37.33
laya-score,PLAIN-457,MED-3604,38.1
laya-score,PLAIN-457,MED-3776,35.31
laya-score,PLAIN-457,MED-1496,35.8
laya-score,PLAIN-457,MED-3749,34.71
laya-score,PLAIN-457,MED-2765,35.82
laya-score,PLAIN-457,MED-5219,55.04
laya-score,PLAIN-457,MED-3601,36.33
laya-score,PLAIN-457,MED-5288,33.89
laya-score,PLAIN-468,MED-3988,35.28
laya-score,PLAIN-468,MED-961,41.25
laya-score,PLAIN-468,MED-3990,36.63
laya-score,PLAIN-468,MED-4573,35.62
laya-score,PLAIN-468,MED-3991,37.57
laya-score,PLAIN-468,MED-3987,35.37
laya-score,PLAIN-468,MED-4566,34.78
laya-score,PLAIN-468,MED-962,35.35
laya-score,PLAIN-468,MED-3989,41.95
laya-score,PLAIN-468,MED-4575,34.07
laya-score,PLAIN-468,MED-921,35.03
laya-score,PLAIN-468,MED-716,34.61
laya-score,PLAIN-468,MED-714,34.82
laya-score,PLAIN-468,MED-981,35.69
laya-score,PLAIN-468,MED-919,33.91
laya-score,PLAIN-468,MED-4574,34.91
laya-score,PLAIN-468,MED-3985,34.79
laya-score,PLAIN-468,MED-4866,33.97
laya-score,PLAIN-468,MED-4570,35.28
laya-score,PLAIN-468,MED-994,37.3
laya-score,PLAIN-478,MED-3636,35.56
laya-score,PLAIN-478,MED-1144,35.06
laya-score,PLAIN-478,MED-2082,34.65
laya-score,PLAIN-478,MED-2309,34.27
laya-score,PLAIN-478,MED-3567,34.96
laya-score,PLAIN-478,MED-2350,53.31
laya-score,PLAIN-478,MED-5343,35.55
laya-score,PLAIN-478,MED-1451,35.18
laya-score,PLAIN-478,MED-4983,36.58
laya-score,PLAIN-478,MED-2944,36.42
laya-score,PLAIN-478,MED-5258,35.16
laya-score,PLAIN-478,MED-4617,36.3
laya-score,PLAIN-478,MED-2738,33.36
laya-score,PLAIN-478,MED-5299,33.41
laya-score,PLAIN-478,MED-10,33.47
laya-score,PLAIN-478,MED-2238,34.17
laya-score,PLAIN-478,MED-14,33.68
laya-score,PLAIN-478,MED-4960,33.43
laya-score,PLAIN-478,MED-118,34.63
laya-score,PLAIN-478,MED-5347,33.16
laya-score,PLAIN-488,MED-1808,35.28
laya-score,PLAIN-488,MED-1798,34.15
laya-score,PLAIN-488,MED-1800,33.9
laya-score,PLAIN-488,MED-1804,35.2
laya-score,PLAIN-488,MED-1799,33.91
laya-score,PLAIN-488,MED-4769,32.94
laya-score,PLAIN-488,MED-1796,34.14
laya-score,PLAIN-488,MED-1810,34.95
laya-score,PLAIN-488,MED-1806,36.07
laya-score,PLAIN-488,MED-1803,33.59
laya-score,PLAIN-488,MED-4766,33.54
laya-score,PLAIN-488,MED-4767,35.51
laya-score,PLAIN-488,MED-3556,40.29
laya-score,PLAIN-488,MED-2045,44.61
laya-score,PLAIN-488,MED-3294,50.42
laya-score,PLAIN-488,MED-3591,34.77
laya-score,PLAIN-488,MED-1458,38.02
laya-score,PLAIN-488,MED-2748,36.52
laya-score,PLAIN-488,MED-3292,36.96
laya-score,PLAIN-488,MED-5025,36.26
laya-score,PLAIN-499,MED-1747,34.09
laya-score,PLAIN-499,MED-2900,33.82
laya-score,PLAIN-499,MED-4095,35.62
laya-score,PLAIN-499,MED-1417,36.21
laya-score,PLAIN-499,MED-2213,36.93
laya-score,PLAIN-499,MED-5201,37.8
laya-score,PLAIN-499,MED-5198,35.31
laya-score,PLAIN-499,MED-1115,36.18
laya-score,PLAIN-499,MED-4893,36.6
laya-score,PLAIN-499,MED-1993,34.48
laya-score,PLAIN-499,MED-5208,34.36
laya-score,PLAIN-499,MED-1190,35.08
laya-score,PLAIN-499,MED-4950,35.25
laya-score,PLAIN-499,MED-3865,34.9
laya-score,PLAIN-499,MED-2184,35.58
laya-score,PLAIN-499,MED-1872,36.42
laya-score,PLAIN-499,MED-3657,33.89
laya-score,PLAIN-499,MED-1546,35.38
laya-score,PLAIN-499,MED-757,35.43
laya-score,PLAIN-499,MED-1994,35.75
laya-score,PLAIN-510,MED-762,40.1
laya-score,PLAIN-510,MED-10,35.21
laya-score,PLAIN-510,MED-958,44.22
laya-score,PLAIN-510,MED-14,39.17
laya-score,PLAIN-510,MED-3618,33.18
laya-score,PLAIN-510,MED-118,35.82
laya-score,PLAIN-510,MED-4980,39.77
laya-score,PLAIN-510,MED-2940,34.18
laya-score,PLAIN-510,MED-301,33.71
laya-score,PLAIN-510,MED-1307,34.81
laya-score,PLAIN-510,MED-306,34.08
laya-score,PLAIN-510,MED-3278,34.76
laya-score,PLAIN-510,MED-329,34.9
laya-score,PLAIN-510,MED-330,44.25
laya-score,PLAIN-510,MED-995,34.9
laya-score,PLAIN-510,MED-332,36.01
laya-score,PLAIN-510,MED-3636,35.82
laya-score,PLAIN-510,MED-334,35.04
laya-score,PLAIN-510,MED-3627,34.98
laya-score,PLAIN-510,MED-335,34.2
laya-score,PLAIN-520,MED-818,35.2
laya-score,PLAIN-520,MED-828,36.1
laya-score,PLAIN-520,MED-734,38.77
laya-score,PLAIN-520,MED-762,33.33
laya-score,PLAIN-520,MED-744,37.12
laya-score,PLAIN-520,MED-10,35.35
laya-score,PLAIN-520,MED-1953,35.84
laya-score,PLAIN-520,MED-14,35.67
laya-score,PLAIN-520,MED-2340,37.0
laya-score,PLAIN-520,MED-118,38.19
laya-score,PLAIN-520,MED-3702,36.52
laya-score,PLAIN-520,MED-301,44.13
laya-score,PLAIN-520,MED-4956,33.91
laya-score,PLAIN-520,MED-306,35.32
laya-score,PLAIN-520,MED-329,37.61
laya-score,PLAIN-520,MED-2344,34.93
laya-score,PLAIN-520,MED-330,35.88
laya-score,PLAIN-520,MED-332,36.01
laya-score,PLAIN-520,MED-3703,36.07
laya-score,PLAIN-520,MED-334,37.14
laya-score,PLAIN-531,MED-3113,35.6
laya-score,PLAIN-531,MED-2112,34.19
laya-score,PLAIN-531,MED-3001,35.54
laya-score,PLAIN-531,MED-1017,41.88
laya-score,PLAIN-531,MED-4358,38.31
laya-score,PLAIN-531,MED-2298,35.11
laya-score,PLAIN-531,MED-1097,34.47
laya-score,PLAIN-531,MED-4374,34.09
laya-score,PLAIN-531,MED-1037,35.7
laya-score,PLAIN-531,MED-3607,34.54
laya-score,PLAIN-531,MED-2472,40.25
laya-score,PLAIN-531,MED-4371,36.94
laya-score,PLAIN-531,MED-1981,34.44
laya-score,PLAIN-531,MED-4157,35.98
laya-score,PLAIN-531,MED-4629,41.09
laya-score,PLAIN-531,MED-4372,36.45
laya-score,PLAIN-531,MED-4533,34.33
laya-score,PLAIN-531,MED-5172,35.34
laya-score,PLAIN-531,MED-2831,36.33
laya-score,PLAIN-531,MED-2322,45.98
laya-score,PLAIN-541,MED-4036,36.24
laya-score,PLAIN-541,MED-4019,35.28
laya-score,PLAIN-541,MED-3618,36.67
laya-score,PLAIN-541,MED-4028,37.2
laya-score,PLAIN-541,MED-4034,35.06
laya-score,PLAIN-541,MED-4027,47.11
laya-score,PLAIN-541,MED-4026,51.45
laya-score,PLAIN-541,MED-1857,38.44
laya-score,PLAIN-541,MED-1858,35.94
laya-score,PLAIN-541,MED-1988,37.31
laya-score,PLAIN-541,MED-3640,36.03
laya-score,PLAIN-541,MED-3639,34.28
laya-score,PLAIN-541,MED-872,35.13
laya-score,PLAIN-541,MED-2096,34.16
laya-score,PLAIN-541,MED-2093,47.64
laya-score,PLAIN-541,MED-2707,37.71
laya-score,PLAIN-541,MED-3718,38.35
laya-score,PLAIN-541,MED-2094,35.07
laya-score,PLAIN-541,MED-2900,33.78
laya-score,PLAIN-541,MED-4032,35.54
laya-score,PLAIN-551,MED-306,35.45
laya-score,PLAIN-551,MED-745,34.8
laya-score,PLAIN-551,MED-10,35.18
laya-score,PLAIN-551,MED-4860,34.5
laya-score,PLAIN-551,MED-14,33.88
laya-score,PLAIN-551,MED-2669,36.66
laya-score,PLAIN-551,MED-118,51.92
laya-score,PLAIN-551,MED-2668,42.51
laya-score,PLAIN-551,MED-1506,34.45
laya-score,PLAIN-551,MED-301,35.09
laya-score,PLAIN-551,MED-4161,38.44
laya-score,PLAIN-551,MED-329,59.18
laya-score,PLAIN-551,MED-5343,64.34
laya-score,PLAIN-551,MED-1501,56.78
laya-score,PLAIN-551,MED-330,51.94
laya-score,PLAIN-551,MED-1704,52.28
laya-score,PLAIN-551,MED-332,43.41
laya-score,PLAIN-551,MED-334,47.8
laya-score,PLAIN-551,MED-5002,44.09
laya-score,PLAIN-551,MED-335,48.48
laya-score,PLAIN-561,MED-3180,51.55
laya-score,PLAIN-561,MED-4555,47.96
laya-score,PLAIN-561,MED-854,45.38
laya-score,PLAIN-561,MED-557,47.03
laya-score,PLAIN-561,MED-722,43.38
laya-score,PLAIN-561,MED-731,42.0
laya-score,PLAIN-561,MED-10,48.51
laya-score,PLAIN-561,MED-4423,45.71
laya-score,PLAIN-561,MED-14,61.14
laya-score,PLAIN-561,MED-118,53.35
laya-score,PLAIN-561,MED-4883,43.64
laya-score,PLAIN-561,MED-301,43.39
laya-score,PLAIN-561,MED-4427,44.15
laya-score,PLAIN-561,MED-306,49.63
laya-score,PLAIN-561,MED-911,43.94
laya-score,PLAIN-561,MED-1657,46.76
laya-score,PLAIN-561,MED-329,42.27
laya-score,PLAIN-561,MED-330,43.4
laya-score,PLAIN-561,MED-926,56.06
laya-score,PLAIN-561,MED-3308,42.7
laya-score,PLAIN-571,MED-2346,44.82
laya-score,PLAIN-571,MED-2345,46.03
laya-score,PLAIN-571,MED-2339,53.81
laya-score,PLAIN-571,MED-4742,44.03
laya-score,PLAIN-571,MED-2338,54.56
laya-score,PLAIN-571,MED-731,55.27
laya-score,PLAIN-571,MED-744,56.75
laya-score,PLAIN-571,MED-691,51.39
laya-score,PLAIN-571,MED-4883,47.36
laya-score,PLAIN-571,MED-10,51.92
laya-score,PLAIN-571,MED-4963,61.87
laya-score,PLAIN-571,MED-1097,52.71
laya-score,PLAIN-571,MED-14,47.28
laya-score,PLAIN-571,MED-118,48.73
laya-score,PLAIN-571,MED-1041,53.97
laya-score,PLAIN-571,MED-301,57.62
laya-score,PLAIN-571,MED-2116,56.64
laya-score,PLAIN-571,MED-306,58.78
laya-score,PLAIN-571,MED-1314,54.79
laya-score,PLAIN-571,MED-329,55.09
laya-score,PLAIN-583,MED-706,55.35
laya-score,PLAIN-583,MED-10,56.33
laya-score,PLAIN-583,MED-2022,54.17
laya-score,PLAIN-583,MED-14,59.54
laya-score,PLAIN-583,MED-3452,37.62
laya-score,PLAIN-583,MED-118,35.41
laya-score,PLAIN-583,MED-4393,34.64
laya-score,PLAIN-583,MED-301,35.56
laya-score,PLAIN-583,MED-3485,37.1
laya-score,PLAIN-583,MED-306,35.31
laya-score,PLAIN-583,MED-4686,35.19
laya-score,PLAIN-583,MED-329,34.58
laya-score,PLAIN-583,MED-4391,36.56
laya-score,PLAIN-583,MED-330,47.27
laya-score,PLAIN-583,MED-5083,36.52
laya-score,PLAIN-583,MED-1397,36.01
laya-score,PLAIN-583,MED-332,36.67
laya-score,PLAIN-583,MED-334,36.21
laya-score,PLAIN-583,MED-3531,36.7
laya-score,PLAIN-583,MED-335,43.87
laya-score,PLAIN-593,MED-4402,35.67
laya-score,PLAIN-593,MED-329,34.54
laya-score,PLAIN-593,MED-854,34.22
laya-score,PLAIN-593,MED-718,33.75
laya-score,PLAIN-593,MED-831,34.53
laya-score,PLAIN-593,MED-2110,35.59
laya-score,PLAIN-593,MED-957,34.49
laya-score,PLAIN-593,MED-10,37.08
laya-score,PLAIN-593,MED-2109,40.79
laya-score,PLAIN-593,MED-14,33.65
laya-score,PLAIN-593,MED-4677,34.5
laya-score,PLAIN-593,MED-118,35.84
laya-score,PLAIN-593,MED-1526,35.06
laya-score,PLAIN-593,MED-2890,33.41
laya-score,PLAIN-593,MED-301,33.98
laya-score,PLAIN-593,MED-306,34.58
laya-score,PLAIN-593,MED-4883,34.23
laya-score,PLAIN-593,MED-1241,33.69
laya-score,PLAIN-593,MED-330,32.81
laya-score,PLAIN-593,MED-5324,35.17
laya-score,PLAIN-603,MED-3769,35.05
laya-score,PLAIN-603,MED-727,49.85
laya-score,PLAIN-603,MED-762,37.18
laya-score,PLAIN-603,MED-1957,35.18
laya-score,PLAIN-603,MED-3379,35.61
laya-score,PLAIN-603,MED-1960,40.0
laya-score,PLAIN-603,MED-2645,33.55
laya-score,PLAIN-603,MED-10,34.92
laya-score,PLAIN-603,MED-2361,35.07
laya-score,PLAIN-603,MED-14,36.43
laya-score,PLAIN-603,MED-2215,35.0
laya-score,PLAIN-603,MED-118,36.3
laya-score,PLAIN-603,MED-1747,36.43
laya-score,PLAIN-603,MED-301,40.59
laya-score,PLAIN-603,MED-306,37.45
laya-score,PLAIN-603,MED-4427,35.67
laya-score,PLAIN-603,MED-329,41.59
laya-score,PLAIN-603,MED-4363,33.92
laya-score,PLAIN-603,MED-1560,33.72
laya-score,PLAIN-603,MED-330,33.76
laya-score,PLAIN-613,MED-909,34.52
laya-score,PLAIN-613,MED-2983,33.98
laya-score,PLAIN-613,MED-1846,34.8
laya-score,PLAIN-613,MED-3476,36.99
laya-score,PLAIN-613,MED-1198,37.14
laya-score,PLAIN-613,MED-860,36.58
laya-score,PLAIN-613,MED-4468,36.22
laya-score,PLAIN-613,MED-4901,34.95
laya-score,PLAIN-613,MED-4206,34.32
laya-score,PLAIN-613,MED-4687,41.78
laya-score,PLAIN-613,MED-3921,40.09
laya-score,PLAIN-613,MED-4995,34.84
laya-score,PLAIN-613,MED-846,35.96
laya-score,PLAIN-613,MED-1784,34.69
laya-score,PLAIN-613,MED-843,35.35
laya-score,PLAIN-613,MED-4091,35.28
laya-score,PLAIN-613,MED-4381,37.1
laya-score,PLAIN-613,MED-1841,37.18
laya-score,PLAIN-613,MED-4703,34.2
laya-score,PLAIN-613,MED-2664,35.85
laya-score,PLAIN-623,MED-1674,37.51
laya-score,PLAIN-623,MED-4515,34.94
laya-score,PLAIN-623,MED-4880,36.99
laya-score,PLAIN-623,MED-1374,35.12
laya-score,PLAIN-623,MED-1394,34.84
laya-score,PLAIN-623,MED-4985,37.28
laya-score,PLAIN-623,MED-825,35.25
laya-score,PLAIN-623,MED-5267,33.84
laya-score,PLAIN-623,MED-1366,34.78
laya-score,PLAIN-623,MED-1669,35.64
laya-score,PLAIN-623,MED-1398,36.42
laya-score,PLAIN-623,MED-2294,37.18
laya-score,PLAIN-623,MED-2459,36.21
laya-score,PLAIN-623,MED-1383,35.29
laya-score,PLAIN-623,MED-5271,36.45
laya-score,PLAIN-623,MED-1502,36.68
laya-score,PLAIN-623,MED-2008,37.58
laya-score,PLAIN-623,MED-3422,36.79
laya-score,PLAIN-623,MED-4104,46.53
laya-score,PLAIN-623,MED-5272,35.9
laya-score,PLAIN-634,MED-719,34.63
laya-score,PLAIN-634,MED-724,34.26
laya-score,PLAIN-634,MED-830,34.78
laya-score,PLAIN-634,MED-1378,33.97
laya-score,PLAIN-634,MED-5010,33.77
laya-score,PLAIN-634,MED-4619,35.03
laya-score,PLAIN-634,MED-4620,34.32
laya-score,PLAIN-634,MED-10,34.21
laya-score,PLAIN-634,MED-3370,38.78
laya-score,PLAIN-634,MED-14,37.36
laya-score,PLAIN-634,MED-2009,35.39
laya-score,PLAIN-634,MED-118,40.42
laya-score,PLAIN-634,MED-4295,34.17
laya-score,PLAIN-634,MED-301,33.41
laya-score,PLAIN-634,MED-4863,34.92
laya-score,PLAIN-634,MED-306,33.77
laya-score,PLAIN-634,MED-3374,34.09
laya-score,PLAIN-634,MED-2206,34.6
laya-score,PLAIN-634,MED-329,35.83
laya-score,PLAIN-634,MED-1182,35.64
laya-score,PLAIN-645,MED-719,34.79
laya-score,PLAIN-645,MED-724,34.54
laya-score,PLAIN-645,MED-722,33.6
laya-score,PLAIN-645,MED-10,34.81
laya-score,PLAIN-645,MED-14,35.39
laya-score,PLAIN-645,MED-1047,33.37
laya-score,PLAIN-645,MED-118,39.99
laya-score,PLAIN-645,MED-301,46.67
laya-score,PLAIN-645,MED-3136,35.2
laya-score,PLAIN-645,MED-306,35.43
laya-score,PLAIN-645,MED-3138,34.79
laya-score,PLAIN-645,MED-329,34.28
laya-score,PLAIN-645,MED-4991,34.04
laya-score,PLAIN-645,MED-1365,33.83
laya-score,PLAIN-645,MED-330,33.38
laya-score,PLAIN-645,MED-2180,34.22
laya-score,PLAIN-645,MED-332,37.51
laya-score,PLAIN-645,MED-334,36.76
laya-score,PLAIN-645,MED-3370,36.56
laya-score,PLAIN-645,MED-3132,41.68
laya-score,PLAIN-660,MED-3138,34.38
laya-score,PLAIN-660,MED-3136,34.18
laya-score,PLAIN-660,MED-4991,33.09
laya-score,PLAIN-660,MED-1880,35.22
laya-score,PLAIN-660,MED-3584,33.81
laya-score,PLAIN-660,MED-2147,34.41
laya-score,PLAIN-660,MED-2144,35.61
laya-score,PLAIN-660,MED-5079,34.73
laya-score,PLAIN-660,MED-2140,35.39
laya-score,PLAIN-660,MED-2010,35.48
laya-score,PLAIN-660,MED-2141,34.2
laya-score,PLAIN-660,MED-3141,34.66
laya-score,PLAIN-660,MED-2570,34.65
laya-score,PLAIN-660,MED-3132,34.7
laya-score,PLAIN-660,MED-724,35.04
laya-score,PLAIN-660,MED-719,39.24
laya-score,PLAIN-660,MED-4510,42.53
laya-score,PLAIN-660,MED-2145,34.46
laya-score,PLAIN-660,MED-720,34.09
laya-score,PLAIN-660,MED-5069,33.3
laya-score,PLAIN-671,MED-4857,33.59
laya-score,PLAIN-671,MED-4602,34.26
laya-score,PLAIN-671,MED-691,33.64
laya-score,PLAIN-671,MED-708,41.91
laya-score,PLAIN-671,MED-2677,38.01
laya-score,PLAIN-671,MED-4037,37.72
laya-score,PLAIN-671,MED-2678,37.56
laya-score,PLAIN-671,MED-5122,38.66
laya-score,PLAIN-671,MED-957,33.36
laya-score,PLAIN-671,MED-10,33.79
laya-score,PLAIN-671,MED-4973,34.57
laya-score,PLAIN-671,MED-14,33.47
laya-score,PLAIN-671,MED-999,34.04
laya-score,PLAIN-671,MED-1165,36.33
laya-score,PLAIN-671,MED-118,40.16
laya-score,PLAIN-671,MED-2652,34.01
laya-score,PLAIN-671,MED-301,33.24
laya-score,PLAIN-671,MED-306,34.36
laya-score,PLAIN-671,MED-996,36.08
laya-score,PLAIN-671,MED-2172,35.61
laya-score,PLAIN-681,MED-5017,34.32
laya-score,PLAIN-681,MED-2383,33.68
laya-score,PLAIN-681,MED-4300,33.87
laya-score,PLAIN-681,MED-4314,33.06
laya-score,PLAIN-681,MED-4286,40.22
laya-score,PLAIN-681,MED-2595,39.31
laya-score,PLAIN-681,MED-2597,34.4
laya-score,PLAIN-681,MED-4292,33.61
laya-score,PLAIN-681,MED-4295,36.13
laya-score,PLAIN-681,MED-2381,34.12
laya-score,PLAIN-681,MED-4707,33.87
laya-score,PLAIN-681,MED-4291,33.83
laya-score,PLAIN-681,MED-2380,36.11
laya-score,PLAIN-681,MED-1381,34.68
laya-score,PLAIN-681,MED-4706,34.58
laya-score,PLAIN-681,MED-4287,37.5
laya-score,PLAIN-681,MED-3896,34.76
laya-score,PLAIN-681,MED-4249,35.02
laya-score,PLAIN-681,MED-4298,33.68
laya-score,PLAIN-681,MED-3399,35.63
laya-score,PLAIN-691,MED-4909,34.96
laya-score,PLAIN-691,MED-2265,34.77
laya-score,PLAIN-691,MED-885,45.18
laya-score,PLAIN-691,MED-5131,37.71
laya-score,PLAIN-691,MED-4454,34.35
laya-score,PLAIN-691,MED-3209,33.69
laya-score,PLAIN-691,MED-2791,37.64
laya-score,PLAIN-691,MED-3479,36.52
laya-score,PLAIN-691,MED-3986,35.77
laya-score,PLAIN-691,MED-5095,37.05
laya-score,PLAIN-691,MED-1793,37.44
laya-score,PLAIN-691,MED-2830,37.05
laya-score,PLAIN-691,MED-2235,34.15
laya-score,PLAIN-691,MED-4658,48.44
laya-score,PLAIN-691,MED-4903,33.32
laya-score,PLAIN-691,MED-953,40.69
laya-score,PLAIN-691,MED-3922,34.93
laya-score,PLAIN-691,MED-4318,35.46
laya-score,PLAIN-691,MED-4317,35.3
laya-score,PLAIN-691,MED-1693,35.93
laya-score,PLAIN-701,MED-3720,36.15
laya-score,PLAIN-701,MED-917,36.82
laya-score,PLAIN-701,MED-3721,36.23
laya-score,PLAIN-701,MED-2922,35.19
laya-score,PLAIN-701,MED-2280,37.27
laya-score,PLAIN-701,MED-1676,33.94
laya-score,PLAIN-701,MED-1844,35.42
laya-score,PLAIN-701,MED-4907,35.77
laya-score,PLAIN-701,MED-5137,36.37
laya-score,PLAIN-701,MED-4331,37.95
laya-score,PLAIN-701,MED-5080,36.03
laya-score,PLAIN-701,MED-3719,36.08
laya-score,PLAIN-701,MED-3716,35.25
laya-score,PLAIN-701,MED-2677,37.42
laya-score,PLAIN-701,MED-1671,36.64
laya-score,PLAIN-701,MED-3942,35.85
laya-score,PLAIN-701,MED-2924,34.71
laya-score,PLAIN-701,MED-3748,37.28
laya-score,PLAIN-701,MED-2085,36.94
laya-score,PLAIN-701,MED-3738,35.3
laya-score,PLAIN-711,MED-2077,35.6
laya-score,PLAIN-711,MED-2095,49.62
laya-score,PLAIN-711,MED-2005,35.23
laya-score,PLAIN-711,MED-2938,36.72
laya-score,PLAIN-711,MED-1027,34.79
laya-score,PLAIN-711,MED-1492,35.43
laya-score,PLAIN-711,MED-2523,36.27
laya-score,PLAIN-711,MED-4497,36.73
laya-score,PLAIN-711,MED-5295,36.44
laya-score,PLAIN-711,MED-854,44.06
laya-score,PLAIN-711,MED-3520,36.17
laya-score,PLAIN-711,MED-4427,35.22
laya-score,PLAIN-711,MED-1691,33.71
laya-score,PLAIN-711,MED-2522,34.62
laya-score,PLAIN-711,MED-1192,33.95
laya-score,PLAIN-711,MED-2080,35.53
laya-score,PLAIN-711,MED-3353,37.92
laya-score,PLAIN-711,MED-4031,36.64
laya-score,PLAIN-711,MED-3021,35.5
laya-score,PLAIN-711,MED-3603,36.35
laya-score,PLAIN-721,MED-4876,35.72
laya-score,PLAIN-721,MED-1267,35.37
laya-score,PLAIN-721,MED-1282,36.36
laya-score,PLAIN-721,MED-1278,34.71
laya-score,PLAIN-721,MED-1287,37.55
laya-score,PLAIN-721,MED-1289,39.16
laya-score,PLAIN-721,MED-1290,35.01
laya-score,PLAIN-721,MED-1284,34.79
laya-score,PLAIN-721,MED-1266,34.87
laya-score,PLAIN-721,MED-1271,46.7
laya-score,PLAIN-721,MED-1274,36.16
laya-score,PLAIN-721,MED-1268,35.21
laya-score,PLAIN-721,MED-1265,35.8
laya-score,PLAIN-721,MED-1288,33.78
laya-score,PLAIN-721,MED-1279,38.16
laya-score,PLAIN-721,MED-828,36.01
laya-score,PLAIN-721,MED-818,42.46
laya-score,PLAIN-721,MED-4544,34.84
laya-score,PLAIN-721,MED-3354,35.74
laya-score,PLAIN-721,MED-4659,54.87
laya-score,PLAIN-731,MED-1337,53.82
laya-score,PLAIN-731,MED-5243,51.21
laya-score,PLAIN-731,MED-5253,48.13
laya-score,PLAIN-731,MED-1340,50.36
laya-score,PLAIN-731,MED-3229,45.75
laya-score,PLAIN-731,MED-5145,47.2
laya-score,PLAIN-731,MED-4722,44.63
laya-score,PLAIN-731,MED-1339,44.08
laya-score,PLAIN-731,MED-1341,49.12
laya-score,PLAIN-731,MED-5241,66.69
laya-score,PLAIN-731,MED-4226,49.87
laya-score,PLAIN-731,MED-2987,43.08
laya-score,PLAIN-731,MED-3193,54.23
laya-score,PLAIN-731,MED-3787,55.08
laya-score,PLAIN-731,MED-3228,50.28
laya-score,PLAIN-731,MED-1338,51.76
laya-score,PLAIN-731,MED-3216,50.12
laya-score,PLAIN-731,MED-2985,54.33
laya-score,PLAIN-731,MED-2990,45.15
laya-score,PLAIN-731,MED-1791,45.43
laya-score,PLAIN-741,MED-4236,45.17
laya-score,PLAIN-741,MED-4237,47.25
laya-score,PLAIN-741,MED-4232,45.22
laya-score,PLAIN-741,MED-4234,44.71
laya-score,PLAIN-741,MED-4231,45.33
laya-score,PLAIN-741,MED-4235,45.58
laya-score,PLAIN-741,MED-4230,45.35
laya-score,PLAIN-741,MED-301,45.5
laya-score,PLAIN-741,MED-4185,46.11
laya-score,PLAIN-741,MED-4186,47.66
laya-score,PLAIN-741,MED-1872,44.85
laya-score,PLAIN-741,MED-4890,48.98
laya-score,PLAIN-741,MED-2913,52.35
laya-score,PLAIN-741,MED-5176,54.5
laya-score,PLAIN-741,MED-1869,65.1
laya-score,PLAIN-741,MED-3924,53.57
laya-score,PLAIN-741,MED-4439,48.71
laya-score,PLAIN-741,MED-1409,56.3
laya-score,PLAIN-741,MED-2831,46.14
laya-score,PLAIN-741,MED-10,45.58
laya-score,PLAIN-751,MED-3130,45.48
laya-score,PLAIN-751,MED-3129,52.65
laya-score,PLAIN-751,MED-3135,58.71
laya-score,PLAIN-751,MED-5037,53.74
laya-score,PLAIN-751,MED-2247,58.06
laya-score,PLAIN-751,MED-1457,58.49
laya-score,PLAIN-751,MED-4451,55.58
laya-score,PLAIN-751,MED-2848,57.41
laya-score,PLAIN-751,MED-5333,60.05
laya-score,PLAIN-751,MED-1797,56.32
laya-score,PLAIN-751,MED-1101,55.8
laya-score,PLAIN-751,MED-3882,43.93
laya-score,PLAIN-751,MED-3709,35.76
laya-score,PLAIN-751,MED-1750,35.51
laya-score,PLAIN-751,MED-2328,49.0
laya-score,PLAIN-751,MED-2106,37.15
laya-score,PLAIN-751,MED-1442,37.06
laya-score,PLAIN-751,MED-1924,41.8
laya-score,PLAIN-751,MED-1748,36.06
laya-score,PLAIN-751,MED-2332,35.5
laya-score,PLAIN-761,MED-3800,36.0
laya-score,PLAIN-761,MED-3797,35.32
laya-score,PLAIN-761,MED-3795,37.05
laya-score,PLAIN-761,MED-666,37.15
laya-score,PLAIN-761,MED-4127,36.05
laya-score,PLAIN-761,MED-4651,36.47
laya-score,PLAIN-761,MED-5184,33.38
laya-score,PLAIN-761,MED-4162,34.33
laya-score,PLAIN-761,MED-4445,33.45
laya-score,PLAIN-761,MED-4117,33.67
laya-score,PLAIN-761,MED-1667,34.0
laya-score,PLAIN-761,MED-958,33.92
laya-score,PLAIN-761,MED-5352,35.37
laya-score,PLAIN-761,MED-3766,35.43
laya-score,PLAIN-761,MED-3696,36.18
laya-score,PLAIN-761,MED-2437,34.77
laya-score,PLAIN-761,MED-4694,34.73
laya-score,PLAIN-761,MED-3832,34.46
laya-score,PLAIN-761,MED-1829,35.47
laya-score,PLAIN-761,MED-2424,35.7
laya-score,PLAIN-771,MED-3386,34.71
laya-score,PLAIN-771,MED-3387,35.65
laya-score,PLAIN-771,MED-3385,39.27
laya-score,PLAIN-771,MED-731,45.74
laya-score,PLAIN-771,MED-854,44.18
laya-score,PLAIN-771,MED-844,35.51
laya-score,PLAIN-771,MED-722,37.29
laya-score,PLAIN-771,MED-4704,38.67
laya-score,PLAIN-771,MED-4839,35.96
laya-score,PLAIN-771,MED-734,36.4
laya-score,PLAIN-771,MED-10,35.87
laya-score,PLAIN-771,MED-3979,37.42
laya-score,PLAIN-771,MED-14,34.99
laya-score,PLAIN-771,MED-3704,34.65
laya-score,PLAIN-771,MED-118,35.62
laya-score,PLAIN-771,MED-3310,34.94
laya-score,PLAIN-771,MED-301,34.75
laya-score,PLAIN-771,MED-306,34.16
laya-score,PLAIN-771,MED-4564,42.06
laya-score,PLAIN-771,MED-329,36.48
laya-score,PLAIN-782,MED-1055,34.44
laya-score,PLAIN-782,MED-5139,35.43
laya-score,PLAIN-782,MED-1519,35.95
laya-score,PLAIN-782,MED-3486,36.19
laya-score,PLAIN-782,MED-1058,34.86
laya-score,PLAIN-782,MED-1248,35.1
laya-score,PLAIN-782,MED-1753,36.25
laya-score,PLAIN-782,MED-2208,34.21
laya-score,PLAIN-782,MED-3056,33.25
laya-score,PLAIN-782,MED-3385,35.32
laya-score,PLAIN-782,MED-1811,42.14
laya-score,PLAIN-782,MED-2489,47.18
laya-score,PLAIN-782,MED-2726,36.95
laya-score,PLAIN-782,MED-880,36.53
laya-score,PLAIN-782,MED-1751,35.5
laya-score,PLAIN-782,MED-713,39.18
laya-score,PLAIN-782,MED-2725,36.81
laya-score,PLAIN-782,MED-3209,35.96
laya-score,PLAIN-782,MED-1754,37.5
laya-score,PLAIN-782,MED-3987,34.94
laya-score,PLAIN-792,MED-4958,35.14
laya-score,PLAIN-792,MED-4546,36.9
laya-score,PLAIN-792,MED-729,36.0
laya-score,PLAIN-792,MED-732,36.28
laya-score,PLAIN-792,MED-744,35.6
laya-score,PLAIN-792,MED-748,34.16
laya-score,PLAIN-792,MED-854,34.59
laya-score,PLAIN-792,MED-3601,35.02
laya-score,PLAIN-792,MED-4547,39.82
laya-score,PLAIN-792,MED-10,38.9
laya-score,PLAIN-792,MED-4423,37.53
laya-score,PLAIN-792,MED-1037,35.44
laya-score,PLAIN-792,MED-14,38.83
laya-score,PLAIN-792,MED-118,37.78
laya-score,PLAIN-792,MED-1977,35.43
laya-score,PLAIN-792,MED-1584,37.05
laya-score,PLAIN-792,MED-301,36.47
laya-score,PLAIN-792,MED-1041,38.32
laya-score,PLAIN-792,MED-306,54.07
laya-score,PLAIN-792,MED-329,35.75
laya-score,PLAIN-806,MED-2519,36.19
laya-score,PLAIN-806,MED-2138,36.47
laya-score,PLAIN-806,MED-4996,34.16
laya-score,PLAIN-806,MED-2513,35.54
laya-score,PLAIN-806,MED-2506,35.46
laya-score,PLAIN-806,MED-3201,36.63
laya-score,PLAIN-806,MED-2717,36.31
laya-score,PLAIN-806,MED-3273,35.63
laya-score,PLAIN-806,MED-2325,36.22
laya-score,PLAIN-806,MED-2502,36.6
laya-score,PLAIN-806,MED-825,35.93
laya-score,PLAIN-806,MED-4121,35.45
laya-score,PLAIN-806,MED-2510,34.64
laya-score,PLAIN-806,MED-4100,34.47
laya-score,PLAIN-806,MED-1712,35.97
laya-score,PLAIN-806,MED-2718,34.84
laya-score,PLAIN-806,MED-1715,39.09
laya-score,PLAIN-806,MED-1617,37.63
laya-score,PLAIN-806,MED-3375,36.98
laya-score,PLAIN-806,MED-1646,35.78
laya-score,PLAIN-817,MED-731,35.12
laya-score,PLAIN-817,MED-10,34.73
laya-score,PLAIN-817,MED-3462,34.8
laya-score,PLAIN-817,MED-14,33.95
laya-score,PLAIN-817,MED-3461,33.72
laya-score,PLAIN-817,MED-118,38.47
laya-score,PLAIN-817,MED-4811,49.26
laya-score,PLAIN-817,MED-301,40.35
laya-score,PLAIN-817,MED-941,34.9
laya-score,PLAIN-817,MED-306,34.23
laya-score,PLAIN-817,MED-863,35.05
laya-score,PLAIN-817,MED-1443,37.04
laya-score,PLAIN-817,MED-329,35.42
laya-score,PLAIN-817,MED-2056,34.06
laya-score,PLAIN-817,MED-330,34.9
laya-score,PLAIN-817,MED-853,34.04
laya-score,PLAIN-817,MED-2672,34.43
laya-score,PLAIN-817,MED-332,34.36
laya-score,PLAIN-817,MED-334,43.01
laya-score,PLAIN-817,MED-4312,41.48
laya-score,PLAIN-827,MED-4391,33.05
laya-score,PLAIN-827,MED-4451,36.24
laya-score,PLAIN-827,MED-1605,35.86
laya-score,PLAIN-827,MED-2106,34.52
laya-score,PLAIN-827,MED-3000,35.1
laya-score,PLAIN-827,MED-2618,34.32
laya-score,PLAIN-827,MED-4049,42.42
laya-score,PLAIN-827,MED-4057,33.88
laya-score,PLAIN-827,MED-3311,36.21
laya-score,PLAIN-827,MED-4194,34.21
laya-score,PLAIN-827,MED-4040,34.39
laya-score,PLAIN-827,MED-4483,36.53
laya-score,PLAIN-827,MED-5197,36.32
laya-score,PLAIN-827,MED-4470,36.2
laya-score,PLAIN-827,MED-1602,41.62
laya-score,PLAIN-827,MED-4492,44.74
laya-score,PLAIN-827,MED-5122,34.62
laya-score,PLAIN-827,MED-5188,34.77
laya-score,PLAIN-827,MED-4482,37.09
laya-score,PLAIN-827,MED-4060,44.82
laya-score,PLAIN-838,MED-3502,36.1
laya-score,PLAIN-838,MED-3495,36.33
laya-score,PLAIN-838,MED-3501,35.2
laya-score,PLAIN-838,MED-3499,34.06
laya-score,PLAIN-838,MED-3500,35.04
laya-score,PLAIN-838,MED-3496,35.68
laya-score,PLAIN-838,MED-719,35.08
laya-score,PLAIN-838,MED-724,34.06
laya-score,PLAIN-838,MED-713,36.14
laya-score,PLAIN-838,MED-2244,36.83
laya-score,PLAIN-838,MED-3494,36.25
laya-score,PLAIN-838,MED-3549,36.61
laya-score,PLAIN-838,MED-10,33.92
laya-score,PLAIN-838,MED-3548,35.39
laya-score,PLAIN-838,MED-14,35.21
laya-score,PLAIN-838,MED-3637,35.58
laya-score,PLAIN-838,MED-118,35.58
laya-score,PLAIN-838,MED-4782,35.47
laya-score,PLAIN-838,MED-301,35.02
laya-score,PLAIN-838,MED-4371,38.67
laya-score,PLAIN-850,MED-2064,35.36
laya-score,PLAIN-850,MED-2075,36.6
laya-score,PLAIN-850,MED-2070,35.75
laya-score,PLAIN-850,MED-4455,49.89
laya-score,PLAIN-850,MED-2066,34.38
laya-score,PLAIN-850,MED-759,34.72
laya-score,PLAIN-850,MED-3370,35.98
laya-score,PLAIN-850,MED-1407,35.86
laya-score,PLAIN-850,MED-2206,35.27
laya-score,PLAIN-850,MED-5074,34.12
laya-score,PLAIN-850,MED-3199,34.84
laya-score,PLAIN-850,MED-3750,33.68
laya-score,PLAIN-850,MED-2204,35.9
laya-score,PLAIN-850,MED-3377,36.75
laya-score,PLAIN-850,MED-10,37.68
laya-score,PLAIN-850,MED-842,39.01
laya-score,PLAIN-850,MED-14,38.43
laya-score,PLAIN-850,MED-3748,37.2
laya-score,PLAIN-850,MED-118,34.98
laya-score,PLAIN-850,MED-1293,34.98
laya-score,PLAIN-872,MED-3989,43.25
laya-score,PLAIN-872,MED-1291,35.3
laya-score,PLAIN-872,MED-4098,35.91
laya-score,PLAIN-872,MED-3712,36.19
laya-score,PLAIN-872,MED-1292,33.24
laya-score,PLAIN-872,MED-4916,36.55
laya-score,PLAIN-872,MED-3991,37.61
laya-score,PLAIN-872,MED-3985,41.51
laya-score,PLAIN-872,MED-3986,35.11
laya-score,PLAIN-872,MED-719,35.36
laya-score,PLAIN-872,MED-724,35.88
laya-score,PLAIN-872,MED-707,49.97
laya-score,PLAIN-872,MED-709,36.76
laya-score,PLAIN-872,MED-734,36.91
laya-score,PLAIN-872,MED-864,35.67
laya-score,PLAIN-872,MED-4583,35.57
laya-score,PLAIN-872,MED-4869,35.41
laya-score,PLAIN-872,MED-2521,34.93
laya-score,PLAIN-872,MED-4165,35.04
laya-score,PLAIN-872,MED-2169,36.21
laya-score,PLAIN-882,MED-3632,34.39
laya-score,PLAIN-882,MED-3622,34.24
laya-score,PLAIN-882,MED-3636,36.01
laya-score,PLAIN-882,MED-10,38.2
laya-score,PLAIN-882,MED-3630,34.09
laya-score,PLAIN-882,MED-14,35.63
laya-score,PLAIN-882,MED-118,37.04
laya-score,PLAIN-882,MED-3620,35.19
laya-score,PLAIN-882,MED-301,33.72
laya-score,PLAIN-882,MED-3635,34.65
laya-score,PLAIN-882,MED-306,35.49
laya-score,PLAIN-882,MED-3629,36.88
laya-score,PLAIN-882,MED-329,33.73
laya-score,PLAIN-882,MED-859,37.37
laya-score,PLAIN-882,MED-2274,39.35
laya-score,PLAIN-882,MED-330,38.58
laya-score,PLAIN-882,MED-332,36.66
laya-score,PLAIN-882,MED-3626,35.05
laya-score,PLAIN-882,MED-334,37.44
laya-score,PLAIN-882,MED-3628,48.88
laya-score,PLAIN-892,MED-3132,35.41
laya-score,PLAIN-892,MED-2010,36.59
laya-score,PLAIN-892,MED-4347,34.37
laya-score,PLAIN-892,MED-2148,37.09
laya-score,PLAIN-892,MED-2145,36.81
laya-score,PLAIN-892,MED-734,37.15
laya-score,PLAIN-892,MED-733,35.96
laya-score,PLAIN-892,MED-719,35.61
laya-score,PLAIN-892,MED-724,35.91
laya-score,PLAIN-892,MED-2009,37.19
laya-score,PLAIN-892,MED-2991,37.46
laya-score,PLAIN-892,MED-2008,35.78
laya-score,PLAIN-892,MED-4201,35.05
laya-score,PLAIN-892,MED-3095,34.76
laya-score,PLAIN-892,MED-10,35.07
laya-score,PLAIN-892,MED-5164,40.52
laya-score,PLAIN-892,MED-828,34.44
laya-score,PLAIN-892,MED-14,35.52
laya-score,PLAIN-892,MED-4972,35.55
laya-score,PLAIN-892,MED-118,36.17
laya-score,PLAIN-902,MED-4197,34.74
laya-score,PLAIN-902,MED-4195,38.02
laya-score,PLAIN-902,MED-3555,34.88
laya-score,PLAIN-902,MED-301,36.41
laya-score,PLAIN-902,MED-5024,38.63
laya-score,PLAIN-902,MED-1160,36.36
laya-score,PLAIN-902,MED-2093,35.05
laya-score,PLAIN-902,MED-4849,50.44
laya-score,PLAIN-902,MED-930,37.87
laya-score,PLAIN-902,MED-10,35.95
laya-score,PLAIN-902,MED-4187,36.49
laya-score,PLAIN-902,MED-14,36.97
laya-score,PLAIN-902,MED-842,37.75
laya-score,PLAIN-902,MED-118,38.29
laya-score,PLAIN-902,MED-2070,34.91
laya-score,PLAIN-902,MED-1746,35.99
laya-score,PLAIN-902,MED-306,36.0
laya-score,PLAIN-902,MED-329,38.81
laya-score,PLAIN-902,MED-4660,35.2
laya-score,PLAIN-902,MED-1142,36.22
laya-score,PLAIN-913,MED-4415,35.86
laya-score,PLAIN-913,MED-3811,35.72
laya-score,PLAIN-913,MED-4416,49.06
laya-score,PLAIN-913,MED-3812,59.15
laya-score,PLAIN-913,MED-3813,59.16
laya-score,PLAIN-913,MED-5000,49.89
laya-score,PLAIN-913,MED-4417,53.13
laya-score,PLAIN-913,MED-3810,52.59
laya-score,PLAIN-913,MED-2780,49.37
laya-score,PLAIN-913,MED-894,48.06
laya-score,PLAIN-913,MED-5084,44.43
laya-score,PLAIN-913,MED-691,65.33
laya-score,PLAIN-913,MED-760,48.26
laya-score,PLAIN-913,MED-712,48.84
laya-score,PLAIN-913,MED-692,46.54
laya-score,PLAIN-913,MED-4418,46.75
laya-score,PLAIN-913,MED-2783,46.04
laya-score,PLAIN-913,MED-1442,46.81
laya-score,PLAIN-913,MED-1444,49.87
laya-score,PLAIN-913,MED-1293,45.73
laya-score,PLAIN-924,MED-3044,47.6
laya-score,PLAIN-924,MED-10,51.92
laya-score,PLAIN-924,MED-3054,45.41
laya-score,PLAIN-924,MED-14,44.91
laya-score,PLAIN-924,MED-3052,44.15
laya-score,PLAIN-924,MED-118,45.44
laya-score,PLAIN-924,MED-3055,45.22
laya-score,PLAIN-924,MED-301,53.72
laya-score,PLAIN-924,MED-4790,44.75
laya-score,PLAIN-924,MED-306,45.85
laya-score,PLAIN-924,MED-3544,44.86
laya-score,PLAIN-924,MED-329,45.2
laya-score,PLAIN-924,MED-4720,44.13
laya-score,PLAIN-924,MED-3046,47.52
laya-score,PLAIN-924,MED-330,53.29
laya-score,PLAIN-924,MED-3058,49.69
laya-score,PLAIN-924,MED-332,54.81
laya-score,PLAIN-924,MED-2178,52.05
laya-score,PLAIN-924,MED-334,52.72
laya-score,PLAIN-924,MED-2177,46.52
laya-score,PLAIN-934,MED-1640,45.06
laya-score,PLAIN-934,MED-5244,49.65
laya-score,PLAIN-934,MED-2155,45.12
laya-score,PLAIN-934,MED-5249,45.52
laya-score,PLAIN-934,MED-1621,43.79
laya-score,PLAIN-934,MED-1648,51.19
laya-score,PLAIN-934,MED-1649,54.97
laya-score,PLAIN-934,MED-5245,58.69
laya-score,PLAIN-934,MED-1628,58.78
laya-score,PLAIN-934,MED-2161,57.63
laya-score,PLAIN-934,MED-5258,57.77
laya-score,PLAIN-934,MED-878,56.09
laya-score,PLAIN-934,MED-1622,55.88
laya-score,PLAIN-934,MED-5251,55.18
laya-score,PLAIN-934,MED-1636,47.61
laya-score,PLAIN-934,MED-5250,33.68
laya-score,PLAIN-934,MED-5259,33.99
laya-score,PLAIN-934,MED-2156,38.69
laya-score,PLAIN-934,MED-2160,35.01
laya-score,PLAIN-934,MED-1642,40.34
laya-score,PLAIN-946,MED-4380,37.69
laya-score,PLAIN-946,MED-4381,35.96
laya-score,PLAIN-946,MED-722,34.61
laya-score,PLAIN-946,MED-926,36.98
laya-score,PLAIN-946,MED-4960,35.2
laya-score,PLAIN-946,MED-866,36.23
laya-score,PLAIN-946,MED-3937,36.86
laya-score,PLAIN-946,MED-855,33.53
laya-score,PLAIN-946,MED-4668,35.61
laya-score,PLAIN-946,MED-1570,34.97
laya-score,PLAIN-946,MED-3939,38.52
laya-score,PLAIN-946,MED-10,39.36
laya-score,PLAIN-946,MED-4439,35.62
laya-score,PLAIN-946,MED-14,35.18
laya-score,PLAIN-946,MED-4356,35.69
laya-score,PLAIN-946,MED-118,37.0
laya-score,PLAIN-946,MED-3772,35.44
laya-score,PLAIN-946,MED-301,41.57
laya-score,PLAIN-946,MED-925,36.34
laya-score,PLAIN-946,MED-306,35.86
laya-score,PLAIN-956,MED-2182,34.57
laya-score,PLAIN-956,MED-5074,34.78
laya-score,PLAIN-956,MED-2572,48.78
laya-score,PLAIN-956,MED-2183,34.86
laya-score,PLAIN-956,MED-5076,33.9
laya-score,PLAIN-956,MED-5191,35.2
laya-score,PLAIN-956,MED-884,36.32
laya-score,PLAIN-956,MED-2179,35.06
laya-score,PLAIN-956,MED-4554,34.66
laya-score,PLAIN-956,MED-2184,35.59
laya-score,PLAIN-956,MED-4053,44.33
laya-score,PLAIN-956,MED-4972,36.1
laya-score,PLAIN-956,MED-3651,34.48
laya-score,PLAIN-956,MED-1165,35.66
laya-score,PLAIN-956,MED-2098,34.15
laya-score,PLAIN-956,MED-2209,37.39
laya-score,PLAIN-956,MED-4482,35.87
laya-score,PLAIN-956,MED-909,34.38
laya-score,PLAIN-956,MED-910,45.91
laya-score,PLAIN-956,MED-1441,50.97
laya-score,PLAIN-966,MED-3671,38.28
laya-score,PLAIN-966,MED-4323,36.09
laya-score,PLAIN-966,MED-4192,37.31
laya-score,PLAIN-966,MED-831,36.5
laya-score,PLAIN-966,MED-3919,38.09
laya-score,PLAIN-966,MED-2039,37.43
laya-score,PLAIN-966,MED-3465,35.64
laya-score,PLAIN-966,MED-2324,36.13
laya-score,PLAIN-966,MED-3316,34.9
laya-score,PLAIN-966,MED-1299,42.17
laya-score,PLAIN-966,MED-4789,49.72
laya-score,PLAIN-966,MED-1358,35.07
laya-score,PLAIN-966,MED-4152,36.08
laya-score,PLAIN-966,MED-743,37.65
laya-score,PLAIN-966,MED-1613,48.76
laya-score,PLAIN-966,MED-4103,35.79
laya-score,PLAIN-966,MED-5365,34.01
laya-score,PLAIN-966,MED-3317,34.58
laya-score,PLAIN-966,MED-3676,35.92
laya-score,PLAIN-966,MED-1198,35.81
laya-score,PLAIN-977,MED-2603,34.45
laya-score,PLAIN-977,MED-2598,33.77
laya-score,PLAIN-977,MED-4402,35.12
laya-score,PLAIN-977,MED-2082,35.31
laya-score,PLAIN-977,MED-4427,34.21
laya-score,PLAIN-977,MED-4891,36.26
laya-score,PLAIN-977,MED-2944,35.3
laya-score,PLAIN-977,MED-4617,35.15
laya-score,PLAIN-977,MED-2602,35.16
laya-score,PLAIN-977,MED-2770,35.37
laya-score,PLAIN-977,MED-1410,37.19
laya-score,PLAIN-977,MED-2179,35.94
laya-score,PLAIN-977,MED-1586,35.78
laya-score,PLAIN-977,MED-3394,34.88
laya-score,PLAIN-977,MED-1986,35.51
laya-score,PLAIN-977,MED-1786,35.33
laya-score,PLAIN-977,MED-2773,34.28
laya-score,PLAIN-977,MED-3306,39.96
laya-score,PLAIN-977,MED-3717,42.48
laya-score,PLAIN-977,MED-4960,34.82
laya-score,PLAIN-987,MED-557,38.31
laya-score,PLAIN-987,MED-746,35.19
laya-score,PLAIN-987,MED-828,34.88
laya-score,PLAIN-987,MED-732,34.27
laya-score,PLAIN-987,MED-1787,37.12
laya-score,PLAIN-987,MED-2780,37.86
laya-score,PLAIN-987,MED-1293,36.37
laya-score,PLAIN-987,MED-4954,35.48
laya-score,PLAIN-987,MED-1781,34.33
laya-score,PLAIN-987,MED-2830,35.1
laya-score,PLAIN-987,MED-10,36.32
laya-score,PLAIN-987,MED-3589,40.64
laya-score,PLAIN-987,MED-843,34.95
laya-score,PLAIN-987,MED-14,33.75
laya-score,PLAIN-987,MED-1762,34.92
laya-score,PLAIN-987,MED-118,37.99
laya-score,PLAIN-987,MED-1778,36.55
laya-score,PLAIN-987,MED-301,36.18
laya-score,PLAIN-987,MED-3591,39.84
laya-score,PLAIN-987,MED-1773,37.36
laya-score,PLAIN-997,MED-691,37.43
laya-score,PLAIN-997,MED-748,36.5
laya-score,PLAIN-997,MED-744,36.75
laya-score,PLAIN-997,MED-10,36.86
laya-score,PLAIN-997,MED-5331,36.02
laya-score,PLAIN-997,MED-14,45.38
laya-score,PLAIN-997,MED-4300,46.39
laya-score,PLAIN-997,MED-745,40.47
laya-score,PLAIN-997,MED-118,36.02
laya-score,PLAIN-997,MED-2082,38.58
laya-score,PLAIN-997,MED-1276,34.17
laya-score,PLAIN-997,MED-301,35.27
laya-score,PLAIN-997,MED-1376,36.38
laya-score,PLAIN-997,MED-306,34.95
laya-score,PLAIN-997,MED-822,34.69
laya-score,PLAIN-997,MED-2202,36.12
laya-score,PLAIN-997,MED-329,35.77
laya-score,PLAIN-997,MED-330,34.4
laya-score,PLAIN-997,MED-5369,41.02
laya-score,PLAIN-997,MED-1055,36.22
laya-score,PLAIN-1008,MED-306,34.42
laya-score,PLAIN-1008,MED-666,35.61
laya-score,PLAIN-1008,MED-10,37.87
laya-score,PLAIN-1008,MED-4668,36.08
laya-score,PLAIN-1008,MED-14,36.87
laya-score,PLAIN-1008,MED-901,36.1
laya-score,PLAIN-1008,MED-745,35.23
laya-score,PLAIN-1008,MED-118,38.13
laya-score,PLAIN-1008,MED-3863,35.35
laya-score,PLAIN-1008,MED-1519,34.63
laya-score,PLAIN-1008,MED-301,34.73
laya-score,PLAIN-1008,MED-4694,35.58
laya-score,PLAIN-1008,MED-329,34.03
laya-score,PLAIN-1008,MED-5216,40.88
laya-score,PLAIN-1008,MED-2036,45.02
laya-score,PLAIN-1008,MED-330,35.26
laya-score,PLAIN-1008,MED-3319,35.98
laya-score,PLAIN-1008,MED-332,35.03
laya-score,PLAIN-1008,MED-334,36.47
laya-score,PLAIN-1008,MED-900,36.31
laya-score,PLAIN-1018,MED-839,34.47
laya-score,PLAIN-1018,MED-5091,35.38
laya-score,PLAIN-1018,MED-5095,39.26
laya-score,PLAIN-1018,MED-5093,36.32
laya-score,PLAIN-1018,MED-3012,35.53
laya-score,PLAIN-1018,MED-838,39.99
laya-score,PLAIN-1018,MED-928,36.34
laya-score,PLAIN-1018,MED-1832,36.52
laya-score,PLAIN-1018,MED-5364,36.16
laya-score,PLAIN-1018,MED-5092,35.75
laya-score,PLAIN-1018,MED-4936,35.57
laya-score,PLAIN-1018,MED-557,35.25
laya-score,PLAIN-1018,MED-5361,39.75
laya-score,PLAIN-1018,MED-828,35.89
laya-score,PLAIN-1018,MED-818,38.45
laya-score,PLAIN-1018,MED-820,35.63
laya-score,PLAIN-1018,MED-4323,34.56
laya-score,PLAIN-1018,MED-4322,35.18
laya-score,PLAIN-1018,MED-762,35.17
laya-score,PLAIN-1018,MED-831,36.41
laya-score,PLAIN-1028,MED-2290,37.02
laya-score,PLAIN-1028,MED-4102,45.74
laya-score,PLAIN-1028,MED-1558,42.08
laya-score,PLAIN-1028,MED-4627,35.22
laya-score,PLAIN-1028,MED-2984,34.57
laya-score,PLAIN-1028,MED-5363,34.6
laya-score,PLAIN-1028,MED-1553,34.98
laya-score,PLAIN-1028,MED-5181,34.92
laya-score,PLAIN-1028,MED-3722,35.05
laya-score,PLAIN-1028,MED-3654,34.81
laya-score,PLAIN-1028,MED-4178,36.29
laya-score,PLAIN-1028,MED-2180,36.57
laya-score,PLAIN-1028,MED-3248,39.65
laya-score,PLAIN-1028,MED-2412,34.72
laya-score,PLAIN-1028,MED-3900,36.11
laya-score,PLAIN-1028,MED-1861,35.77
laya-score,PLAIN-1028,MED-2220,35.29
laya-score,PLAIN-1028,MED-4555,37.93
laya-score,PLAIN-1028,MED-2294,38.13
laya-score,PLAIN-1028,MED-4131,38.31
laya-score,PLAIN-1039,MED-4380,35.6
laya-score,PLAIN-1039,MED-4381,35.4
laya-score,PLAIN-1039,MED-4995,35.69
laya-score,PLAIN-1039,MED-3867,38.14
laya-score,PLAIN-1039,MED-909,35.66
laya-score,PLAIN-1039,MED-1841,36.26
laya-score,PLAIN-1039,MED-4634,38.38
laya-score,PLAIN-1039,MED-1839,36.2
laya-score,PLAIN-1039,MED-4625,36.2
laya-score,PLAIN-1039,MED-3215,44.57
laya-score,PLAIN-1039,MED-1395,42.04
laya-score,PLAIN-1039,MED-2544,35.73
laya-score,PLAIN-1039,MED-4626,36.37
laya-score,PLAIN-1039,MED-4092,36.21
laya-score,PLAIN-1039,MED-4176,37.21
laya-score,PLAIN-1039,MED-1832,38.28
laya-score,PLAIN-1039,MED-3846,37.1
laya-score,PLAIN-1039,MED-2983,35.02
laya-score,PLAIN-1039,MED-2578,34.61
laya-score,PLAIN-1039,MED-3236,41.39
laya-score,PLAIN-1050,MED-2510,34.42
laya-score,PLAIN-1050,MED-728,36.19
laya-score,PLAIN-1050,MED-761,39.13
laya-score,PLAIN-1050,MED-1021,41.64
laya-score,PLAIN-1050,MED-749,41.48
laya-score,PLAIN-1050,MED-731,40.91
laya-score,PLAIN-1050,MED-748,37.92
laya-score,PLAIN-1050,MED-727,34.92
laya-score,PLAIN-1050,MED-1097,35.05
laya-score,PLAIN-1050,MED-1712,36.61
laya-score,PLAIN-1050,MED-1655,36.46
laya-score,PLAIN-1050,MED-2498,35.78
laya-score,PLAIN-1050,MED-843,36.17
laya-score,PLAIN-1050,MED-2112,35.59
laya-score,PLAIN-1050,MED-2324,39.21
laya-score,PLAIN-1050,MED-1543,38.08
laya-score,PLAIN-1050,MED-3283,38.79
laya-score,PLAIN-1050,MED-2509,46.81
laya-score,PLAIN-1050,MED-4842,41.39
laya-score,PLAIN-1050,MED-2502,37.06
laya-score,PLAIN-1066,MED-727,35.99
laya-score,PLAIN-1066,MED-728,36.2
laya-score,PLAIN-1066,MED-2763,35.94
laya-score,PLAIN-1066,MED-749,35.74
laya-score,PLAIN-1066,MED-761,35.34
laya-score,PLAIN-1066,MED-1097,35.49
laya-score,PLAIN-1066,MED-1712,36.03
laya-score,PLAIN-1066,MED-2510,37.87
laya-score,PLAIN-1066,MED-3759,34.45
laya-score,PLAIN-1066,MED-748,35.37
laya-score,PLAIN-1066,MED-2112,36.72
laya-score,PLAIN-1066,MED-2498,36.28
laya-score,PLAIN-1066,MED-1021,37.75
laya-score,PLAIN-1066,MED-3604,34.3
laya-score,PLAIN-1066,MED-2324,38.92
laya-score,PLAIN-1066,MED-2525,35.77
laya-score,PLAIN-1066,MED-3283,36.17
laya-score,PLAIN-1066,MED-743,34.84
laya-score,PLAIN-1066,MED-762,35.81
laya-score,PLAIN-1066,MED-2509,35.76
laya-score,PLAIN-1088,MED-2109,35.94
laya-score,PLAIN-1088,MED-2110,36.92
laya-score,PLAIN-1088,MED-301,38.04
laya-score,PLAIN-1088,MED-762,36.9
laya-score,PLAIN-1088,MED-557,41.16
laya-score,PLAIN-1088,MED-10,43.18
laya-score,PLAIN-1088,MED-1314,36.39
laya-score,PLAIN-1088,MED-14,35.62
laya-score,PLAIN-1088,MED-118,38.36
laya-score,PLAIN-1088,MED-3630,37.04
laya-score,PLAIN-1088,MED-5345,35.06
laya-score,PLAIN-1088,MED-3056,35.89
laya-score,PLAIN-1088,MED-306,43.97
laya-score,PLAIN-1088,MED-1311,37.28
laya-score,PLAIN-1088,MED-329,39.66
laya-score,PLAIN-1088,MED-1594,37.17
laya-score,PLAIN-1088,MED-330,40.12
laya-score,PLAIN-1088,MED-332,38.11
laya-score,PLAIN-1088,MED-4602,38.8
laya-score,PLAIN-1088,MED-334,37.2
laya-score,PLAIN-1098,MED-734,37.29
laya-score,PLAIN-1098,MED-692,38.92
laya-score,PLAIN-1098,MED-733,64.07
laya-score,PLAIN-1098,MED-719,62.48
laya-score,PLAIN-1098,MED-724,55.56
laya-score,PLAIN-1098,MED-10,51.79
laya-score,PLAIN-1098,MED-2371,55.99
laya-score,PLAIN-1098,MED-14,49.16
laya-score,PLAIN-1098,MED-963,55.87
laya-score,PLAIN-1098,MED-118,54.28
laya-score,PLAIN-1098,MED-5124,46.1
laya-score,PLAIN-1098,MED-301,50.91
laya-score,PLAIN-1098,MED-4676,46.76
laya-score,PLAIN-1098,MED-2977,48.1
laya-score,PLAIN-1098,MED-306,48.95
laya-score,PLAIN-1098,MED-329,52.16
laya-score,PLAIN-1098,MED-4892,46.75
laya-score,PLAIN-1098,MED-2884,47.6
laya-score,PLAIN-1098,MED-330,49.6
laya-score,PLAIN-1098,MED-332,47.11
laya-score,PLAIN-1109,MED-2643,50.05
laya-score,PLAIN-1109,MED-2650,46.89
laya-score,PLAIN-1109,MED-5323,45.56
laya-score,PLAIN-1109,MED-1099,46.65
laya-score,PLAIN-1109,MED-2087,45.46
laya-score,PLAIN-1109,MED-1777,46.15
laya-score,PLAIN-1109,MED-5167,47.93
laya-score,PLAIN-1109,MED-1763,45.24
laya-score,PLAIN-1109,MED-4728,44.53
laya-score,PLAIN-1109,MED-2627,43.92
laya-score,PLAIN-1109,MED-2658,45.42
laya-score,PLAIN-1109,MED-1100,56.1
laya-score,PLAIN-1109,MED-2654,52.48
laya-score,PLAIN-1109,MED-4941,43.53
laya-score,PLAIN-1109,MED-1594,47.67
laya-score,PLAIN-1109,MED-3955,54.39
laya-score,PLAIN-1109,MED-1736,59.37
laya-score,PLAIN-1109,MED-1167,51.42
laya-score,PLAIN-1109,MED-1003,49.1
laya-score,PLAIN-1109,MED-1741,48.08
laya-score,PLAIN-1119,MED-1708,48.99
laya-score,PLAIN-1119,MED-1627,47.05
laya-score,PLAIN-1119,MED-877,43.66
laya-score,PLAIN-1119,MED-3371,45.59
laya-score,PLAIN-1119,MED-2718,46.93
laya-score,PLAIN-1119,MED-5310,57.55
laya-score,PLAIN-1119,MED-1710,66.7
laya-score,PLAIN-1119,MED-4438,56.44
laya-score,PLAIN-1119,MED-4774,56.23
laya-score,PLAIN-1119,MED-1534,58.51
laya-score,PLAIN-1119,MED-1646,53.02
laya-score,PLAIN-1119,MED-3768,55.18
laya-score,PLAIN-1119,MED-4331,69.8
laya-score,PLAIN-1119,MED-3588,47.16
laya-score,PLAIN-1119,MED-2721,35.26
laya-score,PLAIN-1119,MED-3208,37.13
laya-score,PLAIN-1119,MED-2148,37.38
laya-score,PLAIN-1119,MED-2181,49.27
laya-score,PLAIN-1119,MED-3201,37.53
laya-score,PLAIN-1119,MED-2715,37.32
laya-score,PLAIN-1130,MED-4165,36.35
laya-score,PLAIN-1130,MED-691,36.11
laya-score,PLAIN-1130,MED-692,35.28
laya-score,PLAIN-1130,MED-557,35.74
laya-score,PLAIN-1130,MED-10,36.38
laya-score,PLAIN-1130,MED-14,35.24
laya-score,PLAIN-1130,MED-1732,40.67
laya-score,PLAIN-1130,MED-118,36.14
laya-score,PLAIN-1130,MED-2619,37.28
laya-score,PLAIN-1130,MED-301,37.07
laya-score,PLAIN-1130,MED-3971,35.56
laya-score,PLAIN-1130,MED-306,35.53
laya-score,PLAIN-1130,MED-5050,35.15
laya-score,PLAIN-1130,MED-1240,36.35
laya-score,PLAIN-1130,MED-329,35.28
laya-score,PLAIN-1130,MED-1243,35.86
laya-score,PLAIN-1130,MED-330,34.37
laya-score,PLAIN-1130,MED-332,34.63
laya-score,PLAIN-1130,MED-3670,36.6
laya-score,PLAIN-1130,MED-1733,36.2
laya-score,PLAIN-1141,MED-2112,46.92
laya-score,PLAIN-1141,MED-2428,35.12
laya-score,PLAIN-1141,MED-1343,36.57
laya-score,PLAIN-1141,MED-3953,34.57
laya-score,PLAIN-1141,MED-1037,35.1
laya-score,PLAIN-1141,MED-3001,35.84
laya-score,PLAIN-1141,MED-1051,38.45
laya-score,PLAIN-1141,MED-5343,35.65
laya-score,PLAIN-1141,MED-745,35.31
laya-score,PLAIN-1141,MED-3113,35.75
laya-score,PLAIN-1141,MED-4153,35.27
laya-score,PLAIN-1141,MED-3625,34.93
laya-score,PLAIN-1141,MED-3680,35.56
laya-score,PLAIN-1141,MED-4531,35.74
laya-score,PLAIN-1141,MED-1097,35.8
laya-score,PLAIN-1141,MED-2298,35.86
laya-score,PLAIN-1141,MED-4533,37.21
laya-score,PLAIN-1141,MED-4366,37.38
laya-score,PLAIN-1141,MED-2086,35.32
laya-score,PLAIN-1141,MED-3758,36.31
laya-score,PLAIN-1151,MED-3306,36.61
laya-score,PLAIN-1151,MED-2182,34.77
laya-score,PLAIN-1151,MED-2742,35.14
laya-score,PLAIN-1151,MED-1759,36.15
laya-score,PLAIN-1151,MED-2738,36.5
laya-score,PLAIN-1151,MED-1147,35.15
laya-score,PLAIN-1151,MED-1144,34.81
laya-score,PLAIN-1151,MED-3314,40.43
laya-score,PLAIN-1151,MED-2221,48.05
laya-score,PLAIN-1151,MED-1725,37.64
laya-score,PLAIN-1151,MED-4139,36.5
laya-score,PLAIN-1151,MED-1179,35.26
laya-score,PLAIN-1151,MED-3307,36.85
laya-score,PLAIN-1151,MED-4489,37.56
laya-score,PLAIN-1151,MED-1157,35.5
laya-score,PLAIN-1151,MED-2489,36.16
laya-score,PLAIN-1151,MED-1181,36.62
laya-score,PLAIN-1151,MED-1753,36.87
laya-score,PLAIN-1151,MED-2299,35.12
laya-score,PLAIN-1151,MED-2572,34.58
laya-score,PLAIN-1161,MED-3136,34.91
laya-score,PLAIN-1161,MED-3138,35.33
laya-score,PLAIN-1161,MED-4991,34.64
laya-score,PLAIN-1161,MED-2144,37.51
laya-score,PLAIN-1161,MED-2570,37.59
laya-score,PLAIN-1161,MED-2147,35.69
laya-score,PLAIN-1161,MED-3584,34.89
laya-score,PLAIN-1161,MED-1880,34.63
laya-score,PLAIN-1161,MED-2010,35.75
laya-score,PLAIN-1161,MED-3141,38.39
laya-score,PLAIN-1161,MED-3132,36.14
laya-score,PLAIN-1161,MED-5079,37.91
laya-score,PLAIN-1161,MED-724,34.45
laya-score,PLAIN-1161,MED-719,35.3
laya-score,PLAIN-1161,MED-2140,40.85
laya-score,PLAIN-1161,MED-4510,35.29
laya-score,PLAIN-1161,MED-2141,49.8
laya-score,PLAIN-1161,MED-2145,37.36
laya-score,PLAIN-1161,MED-2148,35.71
laya-score,PLAIN-1161,MED-2085,36.17
laya-score,PLAIN-1172,MED-4150,37.22
laya-score,PLAIN-1172,MED-691,36.09
laya-score,PLAIN-1172,MED-702,37.52
laya-score,PLAIN-1172,MED-719,35.86
laya-score,PLAIN-1172,MED-724,35.94
laya-score,PLAIN-1172,MED-10,36.1
laya-score,PLAIN-1172,MED-3146,34.58
laya-score,PLAIN-1172,MED-14,36.59
laya-score,PLAIN-1172,MED-4720,34.39
laya-score,PLAIN-1172,MED-118,37.6
laya-score,PLAIN-1172,MED-3145,37.47
laya-score,PLAIN-1172,MED-301,38.22
laya-score,PLAIN-1172,MED-3144,36.17
laya-score,PLAIN-1172,MED-306,36.25
laya-score,PLAIN-1172,MED-3810,36.28
laya-score,PLAIN-1172,MED-329,36.35
laya-score,PLAIN-1172,MED-3606,35.43
laya-score,PLAIN-1172,MED-330,34.86
laya-score,PLAIN-1172,MED-3816,36.07
laya-score,PLAIN-1172,MED-2521,36.42
laya-score,PLAIN-1183,MED-1276,35.52
laya-score,PLAIN-1183,MED-5331,40.49
laya-score,PLAIN-1183,MED-4727,35.48
laya-score,PLAIN-1183,MED-5369,36.05
laya-score,PLAIN-1183,MED-5351,50.98
laya-score,PLAIN-1183,MED-10,36.4
laya-score,PLAIN-1183,MED-4070,35.49
laya-score,PLAIN-1183,MED-1201,37.72
laya-score,PLAIN-1183,MED-748,34.82
laya-score,PLAIN-1183,MED-2582,36.37
laya-score,PLAIN-1183,MED-5353,35.82
laya-score,PLAIN-1183,MED-1376,36.09
laya-score,PLAIN-1183,MED-3856,36.15
laya-score,PLAIN-1183,MED-2202,36.53
laya-score,PLAIN-1183,MED-3980,34.68
laya-score,PLAIN-1183,MED-3981,38.43
laya-score,PLAIN-1183,MED-2082,35.89
laya-score,PLAIN-1183,MED-3976,37.44
laya-score,PLAIN-1183,MED-2769,36.72
laya-score,PLAIN-1183,MED-5192,35.21
laya-score,PLAIN-1193,MED-3868,38.45
laya-score,PLAIN-1193,MED-3869,35.45
laya-score,PLAIN-1193,MED-1825,36.67
laya-score,PLAIN-1193,MED-3864,36.59
laya-score,PLAIN-1193,MED-1826,35.44
laya-score,PLAIN-1193,MED-3796,35.3
laya-score,PLAIN-1193,MED-4303,37.9
laya-score,PLAIN-1193,MED-2378,36.44
laya-score,PLAIN-1193,MED-839,40.61
laya-score,PLAIN-1193,MED-4443,36.15
laya-score,PLAIN-1193,MED-1443,36.48
laya-score,PLAIN-1193,MED-3662,35.6
laya-score,PLAIN-1193,MED-3867,51.46
laya-score,PLAIN-1193,MED-5179,40.15
laya-score,PLAIN-1193,MED-1493,38.97
laya-score,PLAIN-1193,MED-3659,37.86
laya-score,PLAIN-1193,MED-5016,38.46
laya-score,PLAIN-1193,MED-1523,37.91
laya-score,PLAIN-1193,MED-1859,36.8
laya-score,PLAIN-1193,MED-886,36.45
laya-score,PLAIN-1203,MED-4771,36.47
laya-score,PLAIN-1203,MED-1203,35.92
laya-score,PLAIN-1203,MED-986,35.74
laya-score,PLAIN-1203,MED-980,37.53
laya-score,PLAIN-1203,MED-922,37.77
laya-score,PLAIN-1203,MED-4872,36.14
laya-score,PLAIN-1203,MED-994,36.4
laya-score,PLAIN-1203,MED-3867,38.06
laya-score,PLAIN-1203,MED-2983,36.07
laya-score,PLAIN-1203,MED-1846,36.13
laya-score,PLAIN-1203,MED-1528,37.64
laya-score,PLAIN-1203,MED-2103,35.9
laya-score,PLAIN-1203,MED-1395,36.14
laya-score,PLAIN-1203,MED-1202,35.56
laya-score,PLAIN-1203,MED-3275,39.84
laya-score,PLAIN-1203,MED-2102,34.46
laya-score,PLAIN-1203,MED-1201,35.72
laya-score,PLAIN-1203,MED-4764,34.81
laya-score,PLAIN-1203,MED-993,36.28
laya-score,PLAIN-1203,MED-4600,45.59
laya-score,PLAIN-1214,MED-734,40.08
laya-score,PLAIN-1214,MED-10,36.97
laya-score,PLAIN-1214,MED-5318,36.99
laya-score,PLAIN-1214,MED-14,36.02
laya-score,PLAIN-1214,MED-1733,37.07
laya-score,PLAIN-1214,MED-118,37.83
laya-score,PLAIN-1214,MED-5177,35.81
laya-score,PLAIN-1214,MED-828,36.34
laya-score,PLAIN-1214,MED-1731,34.91
laya-score,PLAIN-1214,MED-301,35.8
laya-score,PLAIN-1214,MED-2992,38.43
laya-score,PLAIN-1214,MED-306,36.29
laya-score,PLAIN-1214,MED-329,34.96
laya-score,PLAIN-1214,MED-5317,36.23
laya-score,PLAIN-1214,MED-1491,39.54
laya-score,PLAIN-1214,MED-330,35.48
laya-score,PLAIN-1214,MED-2362,36.83
laya-score,PLAIN-1214,MED-332,34.73
laya-score,PLAIN-1214,MED-850,35.95
laya-score,PLAIN-1214,MED-1738,35.7
laya-score,PLAIN-1225,MED-1674,35.79
laya-score,PLAIN-1225,MED-717,41.84
laya-score,PLAIN-1225,MED-918,34.5
laya-score,PLAIN-1225,MED-1669,35.13
laya-score,PLAIN-1225,MED-1672,36.15
laya-score,PLAIN-1225,MED-1710,38.63
laya-score,PLAIN-1225,MED-5057,36.66
laya-score,PLAIN-1225,MED-1675,51.06
laya-score,PLAIN-1225,MED-3059,37.15
laya-score,PLAIN-1225,MED-3734,36.59
laya-score,PLAIN-1225,MED-2969,38.17
laya-score,PLAIN-1225,MED-1261,36.66
laya-score,PLAIN-1225,MED-1707,37.27
laya-score,PLAIN-1225,MED-2420,38.01
laya-score,PLAIN-1225,MED-2490,43.97
laya-score,PLAIN-1225,MED-719,36.54
laya-score,PLAIN-1225,MED-724,36.77
laya-score,PLAIN-1225,MED-5240,36.74
laya-score,PLAIN-1225,MED-720,37.08
laya-score,PLAIN-1225,MED-830,34.36
laya-score,PLAIN-1236,MED-1341,35.48
laya-score,PLAIN-1236,MED-719,36.26
laya-score,PLAIN-1236,MED-724,36.01
laya-score,PLAIN-1236,MED-720,35.11
laya-score,PLAIN-1236,MED-398,35.56
laya-score,PLAIN-1236,MED-717,36.92
laya-score,PLAIN-1236,MED-10,36.99
laya-score,PLAIN-1236,MED-14,36.17
laya-score,PLAIN-1236,MED-118,37.9
laya-score,PLAIN-1236,MED-2354,35.83
laya-score,PLAIN-1236,MED-830,36.75
laya-score,PLAIN-1236,MED-301,37.77
laya-score,PLAIN-1236,MED-1674,37.13
laya-score,PLAIN-1236,MED-306,35.09
laya-score,PLAIN-1236,MED-329,42.13
laya-score,PLAIN-1236,MED-4595,41.55
laya-score,PLAIN-1236,MED-330,36.3
laya-score,PLAIN-1236,MED-5058,35.94
laya-score,PLAIN-1236,MED-2348,36.15
laya-score,PLAIN-1236,MED-332,35.47
laya-score,PLAIN-1249,MED-2303,35.61
laya-score,PLAIN-1249,MED-2674,34.88
laya-score,PLAIN-1249,MED-1780,35.22
laya-score,PLAIN-1249,MED-2247,36.44
laya-score,PLAIN-1249,MED-1744,36.63
laya-score,PLAIN-1249,MED-3706,38.45
laya-score,PLAIN-1249,MED-5055,37.2
laya-score,PLAIN-1249,MED-2518,35.34
laya-score,PLAIN-1249,MED-2848,36.49
laya-score,PLAIN-1249,MED-3884,36.14
laya-score,PLAIN-1249,MED-4939,36.43
laya-score,PLAIN-1249,MED-3886,35.77
laya-score,PLAIN-1249,MED-1874,36.26
laya-score,PLAIN-1249,MED-2432,36.51
laya-score,PLAIN-1249,MED-1442,39.52
laya-score,PLAIN-1249,MED-3885,37.65
laya-score,PLAIN-1249,MED-4867,35.63
laya-score,PLAIN-1249,MED-1229,35.21
laya-score,PLAIN-1249,MED-2123,38.32
laya-score,PLAIN-1249,MED-1664,37.62
laya-score,PLAIN-1262,MED-5293,36.93
laya-score,PLAIN-1262,MED-983,37.38
laya-score,PLAIN-1262,MED-5303,46.69
laya-score,PLAIN-1262,MED-4096,37.94
laya-score,PLAIN-1262,MED-2082,36.36
laya-score,PLAIN-1262,MED-1054,34.26
laya-score,PLAIN-1262,MED-5331,35.63
laya-score,PLAIN-1262,MED-2723,36.29
laya-score,PLAIN-1262,MED-1680,36.04
laya-score,PLAIN-1262,MED-5220,34.97
laya-score,PLAIN-1262,MED-4132,36.01
laya-score,PLAIN-1262,MED-2211,35.71
laya-score,PLAIN-1262,MED-1055,37.69
laya-score,PLAIN-1262,MED-1123,35.6
laya-score,PLAIN-1262,MED-2000,34.96
laya-score,PLAIN-1262,MED-2740,34.95
laya-score,PLAIN-1262,MED-3974,36.67
laya-score,PLAIN-1262,MED-2214,36.23
laya-score,PLAIN-1262,MED-1056,34.74
laya-score,PLAIN-1262,MED-1328,35.29
laya-score,PLAIN-1275,MED-4712,36.73
laya-score,PLAIN-1275,MED-2886,38.26
laya-score,PLAIN-1275,MED-2924,58.03
laya-score,PLAIN-1275,MED-1676,59.24
laya-score,PLAIN-1275,MED-4900,60.07
laya-score,PLAIN-1275,MED-2922,53.28
laya-score,PLAIN-1275,MED-2076,48.08
laya-score,PLAIN-1275,MED-2665,60.75
laya-score,PLAIN-1275,MED-3738,66.94
laya-score,PLAIN-1275,MED-1671,65.45
laya-score,PLAIN-1275,MED-3748,45.05
laya-score,PLAIN-1275,MED-4576,48.25
laya-score,PLAIN-1275,MED-3728,47.58
laya-score,PLAIN-1275,MED-2970,50.76
laya-score,PLAIN-1275,MED-5084,51.81
laya-score,PLAIN-1275,MED-5069,52.2
laya-score,PLAIN-1275,MED-5083,51.84
laya-score,PLAIN-1275,MED-3480,52.62
laya-score,PLAIN-1275,MED-5070,52.0
laya-score,PLAIN-1275,MED-5166,51.26
laya-score,PLAIN-1288,MED-2083,50.8
laya-score,PLAIN-1288,MED-3701,54.04
laya-score,PLAIN-1288,MED-398,44.67
laya-score,PLAIN-1288,MED-1538,47.22
laya-score,PLAIN-1288,MED-4585,44.28
laya-score,PLAIN-1288,MED-2663,46.43
laya-score,PLAIN-1288,MED-3700,44.82
laya-score,PLAIN-1288,MED-5065,46.27
laya-score,PLAIN-1288,MED-3728,44.68
laya-score,PLAIN-1288,MED-1795,48.24
laya-score,PLAIN-1288,MED-2450,51.13
laya-score,PLAIN-1288,MED-4029,48.97
laya-score,PLAIN-1288,MED-1533,48.09
laya-score,PLAIN-1288,MED-2085,48.71
laya-score,PLAIN-1288,MED-3207,47.89
laya-score,PLAIN-1288,MED-3200,44.38
laya-score,PLAIN-1288,MED-3206,43.48
laya-score,PLAIN-1288,MED-3210,52.4
laya-score,PLAIN-1288,MED-3205,55.67
laya-score,PLAIN-1288,MED-3382,49.56
laya-score,PLAIN-1299,MED-4747,46.4
laya-score,PLAIN-1299,MED-3135,45.09
laya-score,PLAIN-1299,MED-1223,51.71
laya-score,PLAIN-1299,MED-2498,45.86
laya-score,PLAIN-1299,MED-1229,49.81
laya-score,PLAIN-1299,MED-2123,46.46
laya-score,PLAIN-1299,MED-1752,47.68
laya-score,PLAIN-1299,MED-2774,60.78
laya-score,PLAIN-1299,MED-4897,63.75
laya-score,PLAIN-1299,MED-4224,60.76
laya-score,PLAIN-1299,MED-4394,61.82
laya-score,PLAIN-1299,MED-4222,63.74
laya-score,PLAIN-1299,MED-1587,53.92
laya-score,PLAIN-1299,MED-2114,57.57
laya-score,PLAIN-1299,MED-4752,55.38
laya-score,PLAIN-1299,MED-4211,49.64
laya-score,PLAIN-1299,MED-1750,35.11
laya-score,PLAIN-1299,MED-1716,37.18
laya-score,PLAIN-1299,MED-1723,37.92
laya-score,PLAIN-1299,MED-5107,34.08
laya-score,PLAIN-1309,MED-702,41.06
laya-score,PLAIN-1309,MED-736,38.46
laya-score,PLAIN-1309,MED-721,36.86
laya-score,PLAIN-1309,MED-714,36.31
laya-score,PLAIN-1309,MED-10,36.42
laya-score,PLAIN-1309,MED-4660,38.19
laya-score,PLAIN-1309,MED-14,35.3
laya-score,PLAIN-1309,MED-4603,37.93
laya-score,PLAIN-1309,MED-118,36.78
laya-score,PLAIN-1309,MED-5301,36.7
laya-score,PLAIN-1309,MED-301,36.43
laya-score,PLAIN-1309,MED-4942,38.22
laya-score,PLAIN-1309,MED-306,37.09
laya-score,PLAIN-1309,MED-3985,37.12
laya-score,PLAIN-1309,MED-2046,34.47
laya-score,PLAIN-1309,MED-329,35.87
laya-score,PLAIN-1309,MED-2116,38.68
laya-score,PLAIN-1309,MED-330,50.19
laya-score,PLAIN-1309,MED-2121,37.87
laya-score,PLAIN-1309,MED-332,33.95
laya-score,PLAIN-1320,MED-1543,36.55
laya-score,PLAIN-1320,MED-2112,36.64
laya-score,PLAIN-1320,MED-761,34.95
laya-score,PLAIN-1320,MED-1549,37.17
laya-score,PLAIN-1320,MED-2758,36.53
laya-score,PLAIN-1320,MED-1545,36.04
laya-score,PLAIN-1320,MED-728,36.28
laya-score,PLAIN-1320,MED-3759,43.67
laya-score,PLAIN-1320,MED-4929,37.13
laya-score,PLAIN-1320,MED-2525,35.74
laya-score,PLAIN-1320,MED-1986,36.6
laya-score,PLAIN-1320,MED-749,35.95
laya-score,PLAIN-1320,MED-727,38.03
laya-score,PLAIN-1320,MED-1053,38.23
laya-score,PLAIN-1320,MED-1097,35.85
laya-score,PLAIN-1320,MED-2298,36.24
laya-score,PLAIN-1320,MED-2760,37.86
laya-score,PLAIN-1320,MED-3749,37.34
laya-score,PLAIN-1320,MED-5346,37.24
laya-score,PLAIN-1320,MED-2761,37.85
laya-score,PLAIN-1331,MED-306,37.04
laya-score,PLAIN-1331,MED-745,35.36
laya-score,PLAIN-1331,MED-727,35.99
laya-score,PLAIN-1331,MED-1049,34.96
laya-score,PLAIN-1331,MED-3626,45.76
laya-score,PLAIN-1331,MED-3381,41.02
laya-score,PLAIN-1331,MED-4883,34.87
laya-score,PLAIN-1331,MED-3391,35.51
laya-score,PLAIN-1331,MED-3625,34.55
laya-score,PLAIN-1331,MED-10,35.55
laya-score,PLAIN-1331,MED-5036,43.92
laya-score,PLAIN-1331,MED-14,36.65
laya-score,PLAIN-1331,MED-5288,36.56
laya-score,PLAIN-1331,MED-118,39.82
laya-score,PLAIN-1331,MED-1519,40.34
laya-score,PLAIN-1331,MED-301,35.13
laya-score,PLAIN-1331,MED-901,36.54
laya-score,PLAIN-1331,MED-3278,36.27
laya-score,PLAIN-1331,MED-329,38.58
laya-score,PLAIN-1331,MED-5345,38.79
laya-score,PLAIN-1342,MED-4317,39.28
laya-score,PLAIN-1342,MED-1403,36.49
laya-score,PLAIN-1342,MED-2851,37.49
laya-score,PLAIN-1342,MED-2845,38.06
laya-score,PLAIN-1342,MED-1401,36.88
laya-score,PLAIN-1342,MED-4773,38.5
laya-score,PLAIN-1342,MED-4926,35.95
laya-score,PLAIN-1342,MED-4316,35.75
laya-score,PLAIN-1342,MED-5326,35.19
laya-score,PLAIN-1342,MED-4318,40.06
laya-score,PLAIN-1342,MED-898,38.21
laya-score,PLAIN-1342,MED-4772,46.46
laya-score,PLAIN-1342,MED-2844,43.23
laya-score,PLAIN-1342,MED-2979,45.06
laya-score,PLAIN-1342,MED-2983,35.91
laya-score,PLAIN-1342,MED-3918,36.12
laya-score,PLAIN-1342,MED-4320,36.7
laya-score,PLAIN-1342,MED-1846,36.25
laya-score,PLAIN-1342,MED-897,36.87
laya-score,PLAIN-1342,MED-2901,36.16
laya-score,PLAIN-1353,MED-976,35.4
laya-score,PLAIN-1353,MED-2110,36.1
laya-score,PLAIN-1353,MED-722,35.27
laya-score,PLAIN-1353,MED-719,36.25
laya-score,PLAIN-1353,MED-724,35.22
laya-score,PLAIN-1353,MED-718,38.49
laya-score,PLAIN-1353,MED-666,38.8
laya-score,PLAIN-1353,MED-720,36.84
laya-score,PLAIN-1353,MED-736,37.44
laya-score,PLAIN-1353,MED-1041,38.4
laya-score,PLAIN-1353,MED-744,37.22
laya-score,PLAIN-1353,MED-10,36.75
laya-score,PLAIN-1353,MED-14,36.23
laya-score,PLAIN-1353,MED-4883,37.68
laya-score,PLAIN-1353,MED-118,37.76
laya-score,PLAIN-1353,MED-4359,36.69
laya-score,PLAIN-1353,MED-301,37.69
laya-score,PLAIN-1353,MED-979,37.01
laya-score,PLAIN-1353,MED-306,42.9
laya-score,PLAIN-1353,MED-4497,44.09
laya-score,PLAIN-1363,MED-3620,35.72
laya-score,PLAIN-1363,MED-3632,36.57
laya-score,PLAIN-1363,MED-10,36.25
laya-score,PLAIN-1363,MED-3630,36.81
laya-score,PLAIN-1363,MED-14,36.91
laya-score,PLAIN-1363,MED-3635,36.81
laya-score,PLAIN-1363,MED-118,44.65
laya-score,PLAIN-1363,MED-3636,37.21
laya-score,PLAIN-1363,MED-301,35.41
laya-score,PLAIN-1363,MED-306,36.1
laya-score,PLAIN-1363,MED-3626,36.71
laya-score,PLAIN-1363,MED-329,38.46
laya-score,PLAIN-1363,MED-3629,38.79
laya-score,PLAIN-1363,MED-330,37.03
laya-score,PLAIN-1363,MED-3622,38.84
laya-score,PLAIN-1363,MED-1166,38.93
laya-score,PLAIN-1363,MED-332,38.36
laya-score,PLAIN-1363,MED-2940,38.42
laya-score,PLAIN-1363,MED-334,38.67
laya-score,PLAIN-1363,MED-335,36.29
laya-score,PLAIN-1374,MED-3429,37.2
laya-score,PLAIN-1374,MED-820,43.33
laya-score,PLAIN-1374,MED-1010,48.54
laya-score,PLAIN-1374,MED-828,38.87
laya-score,PLAIN-1374,MED-557,38.96
laya-score,PLAIN-1374,MED-3919,51.96
laya-score,PLAIN-1374,MED-1763,37.86
laya-score,PLAIN-1374,MED-3795,37.68
laya-score,PLAIN-1374,MED-3398,36.67
laya-score,PLAIN-1374,MED-4698,36.96
laya-score,PLAIN-1374,MED-3434,37.63
laya-score,PLAIN-1374,MED-4757,44.35
laya-score,PLAIN-1374,MED-835,37.39
laya-score,PLAIN-1374,MED-3439,36.69
laya-score,PLAIN-1374,MED-4157,36.17
laya-score,PLAIN-1374,MED-832,37.92
laya-score,PLAIN-1374,MED-1736,37.7
laya-score,PLAIN-1374,MED-746,38.51
laya-score,PLAIN-1374,MED-826,39.17
laya-score,PLAIN-1374,MED-2122,37.22
laya-score,PLAIN-1387,MED-3380,37.72
laya-score,PLAIN-1387,MED-3383,36.52
laya-score,PLAIN-1387,MED-5063,35.31
laya-score,PLAIN-1387,MED-5062,37.87
laya-score,PLAIN-1387,MED-3381,37.1
laya-score,PLAIN-1387,MED-4655,37.59
laya-score,PLAIN-1387,MED-3382,37.14
laya-score,PLAIN-1387,MED-1153,38.49
laya-score,PLAIN-1387,MED-306,37.97
laya-score,PLAIN-1387,MED-1686,38.9
laya-score,PLAIN-1387,MED-2724,35.6
laya-score,PLAIN-1387,MED-2078,35.64
laya-score,PLAIN-1387,MED-2298,51.62
laya-score,PLAIN-1387,MED-3384,35.41
laya-score,PLAIN-1387,MED-1358,35.82
laya-score,PLAIN-1387,MED-1053,36.84
laya-score,PLAIN-1387,MED-3013,36.58
laya-score,PLAIN-1387,MED-3054,44.19
laya-score,PLAIN-1387,MED-4840,40.6
laya-score,PLAIN-1387,MED-5288,37.46
laya-score,PLAIN-1398,MED-1715,36.56
laya-score,PLAIN-1398,MED-4228,38.59
laya-score,PLAIN-1398,MED-1719,37.85
laya-score,PLAIN-1398,MED-4897,39.15
laya-score,PLAIN-1398,MED-1722,38.88
laya-score,PLAIN-1398,MED-1720,38.4
laya-score,PLAIN-1398,MED-1724,39.65
laya-score,PLAIN-1398,MED-1723,39.1
laya-score,PLAIN-1398,MED-4212,36.29
laya-score,PLAIN-1398,MED-4220,37.66
laya-score,PLAIN-1398,MED-4216,37.06
laya-score,PLAIN-1398,MED-3959,38.76
laya-score,PLAIN-1398,MED-1711,38.68
laya-score,PLAIN-1398,MED-2114,39.77
laya-score,PLAIN-1398,MED-1712,48.59
laya-score,PLAIN-1398,MED-1587,68.6
laya-score,PLAIN-1398,MED-4225,41.18
laya-score,PLAIN-1398,MED-4223,51.36
laya-score,PLAIN-1398,MED-4211,40.16
laya-score,PLAIN-1398,MED-1716,36.73
laya-score,PLAIN-1409,MED-3385,38.73
laya-score,PLAIN-1409,MED-1144,38.55
laya-score,PLAIN-1409,MED-944,35.73
laya-score,PLAIN-1409,MED-5101,36.17
laya-score,PLAIN-1409,MED-1598,35.37
laya-score,PLAIN-1409,MED-2327,35.32
laya-score,PLAIN-1409,MED-2650,36.59
laya-score,PLAIN-1409,MED-1958,39.36
laya-score,PLAIN-1409,MED-1570,39.01
laya-score,PLAIN-1409,MED-4602,36.82
laya-score,PLAIN-1409,MED-1675,36.62
laya-score,PLAIN-1409,MED-4799,36.1
laya-score,PLAIN-1409,MED-1572,38.61
laya-score,PLAIN-1409,MED-4976,38.32
laya-score,PLAIN-1409,MED-1697,38.6
laya-score,PLAIN-1409,MED-1272,38.58
laya-score,PLAIN-1409,MED-4870,36.47
laya-score,PLAIN-1409,MED-1689,37.12
laya-score,PLAIN-1409,MED-4807,37.42
laya-score,PLAIN-1409,MED-4205,36.17
laya-score,PLAIN-1419,MED-4198,38.44
laya-score,PLAIN-1419,MED-2344,37.88
laya-score,PLAIN-1419,MED-2327,36.85
laya-score,PLAIN-1419,MED-734,40.9
laya-score,PLAIN-1419,MED-1150,45.19
laya-score,PLAIN-1419,MED-3710,43.66
laya-score,PLAIN-1419,MED-5156,50.12
laya-score,PLAIN-1419,MED-3279,45.69
laya-score,PLAIN-1419,MED-10,38.85
laya-score,PLAIN-1419,MED-5094,44.39
laya-score,PLAIN-1419,MED-14,36.36
laya-score,PLAIN-1419,MED-2089,39.59
laya-score,PLAIN-1419,MED-118,43.58
laya-score,PLAIN-1419,MED-4915,43.4
laya-score,PLAIN-1419,MED-301,37.24
laya-score,PLAIN-1419,MED-3923,38.69
laya-score,PLAIN-1419,MED-2333,37.21
laya-score,PLAIN-1419,MED-306,36.55
laya-score,PLAIN-1419,MED-329,38.97
laya-score,PLAIN-1419,MED-3522,40.02
laya-score,PLAIN-1429,MED-5125,41.42
laya-score,PLAIN-1429,MED-1210,36.37
laya-score,PLAIN-1429,MED-1559,38.63
laya-score,PLAIN-1429,MED-2428,40.49
laya-score,PLAIN-1429,MED-4651,38.38
laya-score,PLAIN-1429,MED-3696,38.43
laya-score,PLAIN-1429,MED-5090,40.3
laya-score,PLAIN-1429,MED-5352,40.83
laya-score,PLAIN-1429,MED-2304,42.36
laya-score,PLAIN-1429,MED-4160,49.37
laya-score,PLAIN-1429,MED-2977,46.76
laya-score,PLAIN-1429,MED-4892,40.44
laya-score,PLAIN-1429,MED-4925,38.59
laya-score,PLAIN-1429,MED-4786,39.61
laya-score,PLAIN-1429,MED-1677,37.17
laya-score,PLAIN-1429,MED-3793,37.61
laya-score,PLAIN-1429,MED-5112,38.75
laya-score,PLAIN-1429,MED-4514,39.07
laya-score,PLAIN-1429,MED-5182,39.96
laya-score,PLAIN-1429,MED-4783,36.8
laya-score,PLAIN-1441,MED-2770,36.29
laya-score,PLAIN-1441,MED-1332,38.24
laya-score,PLAIN-1441,MED-2216,37.97
laya-score,PLAIN-1441,MED-2773,39.34
laya-score,PLAIN-1441,MED-2299,39.09
laya-score,PLAIN-1441,MED-2218,38.43
laya-score,PLAIN-1441,MED-4963,38.54
laya-score,PLAIN-1441,MED-4817,40.83
laya-score,PLAIN-1441,MED-1532,38.0
laya-score,PLAIN-1441,MED-3629,36.9
laya-score,PLAIN-1441,MED-5117,40.46
laya-score,PLAIN-1441,MED-2657,36.74
laya-score,PLAIN-1441,MED-2511,41.28
laya-score,PLAIN-1441,MED-5094,66.97
laya-score,PLAIN-1441,MED-2660,67.11
laya-score,PLAIN-1441,MED-1376,61.33
laya-score,PLAIN-1441,MED-3000,55.12
laya-score,PLAIN-1441,MED-3632,56.17
laya-score,PLAIN-1441,MED-1425,48.58
laya-score,PLAIN-1441,MED-3033,51.39
laya-score,PLAIN-1453,MED-1534,51.79
laya-score,PLAIN-1453,MED-3376,46.52
laya-score,PLAIN-1453,MED-1150,52.62
laya-score,PLAIN-1453,MED-3769,48.31
laya-score,PLAIN-1453,MED-2308,51.02
laya-score,PLAIN-1453,MED-1144,49.66
laya-score,PLAIN-1453,MED-2181,50.73
laya-score,PLAIN-1453,MED-3372,52.33
laya-score,PLAIN-1453,MED-4635,51.57
laya-score,PLAIN-1453,MED-2220,50.1
laya-score,PLAIN-1453,MED-2182,52.99
laya-score,PLAIN-1453,MED-3380,55.05
laya-score,PLAIN-1453,MED-4374,48.46
laya-score,PLAIN-1453,MED-3381,44.9
laya-score,PLAIN-1453,MED-1151,51.59
laya-score,PLAIN-1453,MED-4172,52.17
laya-score,PLAIN-1453,MED-2654,56.11
laya-score,PLAIN-1453,MED-1208,46.58
laya-score,PLAIN-1453,MED-2221,45.48
laya-score,PLAIN-1453,MED-1149,46.61
laya-score,PLAIN-1463,MED-2147,48.6
laya-score,PLAIN-1463,MED-3136,45.55
laya-score,PLAIN-1463,MED-2140,46.04
laya-score,PLAIN-1463,MED-3132,46.0
laya-score,PLAIN-1463,MED-3138,47.51
laya-score,PLAIN-1463,MED-4991,48.24
laya-score,PLAIN-1463,MED-1880,51.74
laya-score,PLAIN-1463,MED-2144,55.99
laya-score,PLAIN-1463,MED-3584,58.88
laya-score,PLAIN-1463,MED-2010,59.13
laya-score,PLAIN-1463,MED-3237,48.82
laya-score,PLAIN-1463,MED-5079,47.32
laya-score,PLAIN-1463,MED-4502,51.01
laya-score,PLAIN-1463,MED-1133,48.77
laya-score,PLAIN-1463,MED-5017,49.61
laya-score,PLAIN-1463,MED-3141,54.78
laya-score,PLAIN-1463,MED-2570,60.41
laya-score,PLAIN-1463,MED-1137,75.21
laya-score,PLAIN-1463,MED-2141,57.2
laya-score,PLAIN-1463,MED-884,63.54
laya-score,PLAIN-1473,MED-713,66.47
laya-score,PLAIN-1473,MED-744,61.89
laya-score,PLAIN-1473,MED-709,57.42
laya-score,PLAIN-1473,MED-4455,56.36
laya-score,PLAIN-1473,MED-712,56.87
laya-score,PLAIN-1473,MED-828,38.49
laya-score,PLAIN-1473,MED-719,38.37
laya-score,PLAIN-1473,MED-724,38.78
laya-score,PLAIN-1473,MED-3947,36.67
laya-score,PLAIN-1473,MED-10,36.64
laya-score,PLAIN-1473,MED-4660,35.42
laya-score,PLAIN-1473,MED-14,35.66
laya-score,PLAIN-1473,MED-3441,35.71
laya-score,PLAIN-1473,MED-118,36.73
laya-score,PLAIN-1473,MED-5024,34.87
laya-score,PLAIN-1473,MED-301,42.22
laya-score,PLAIN-1473,MED-3447,34.86
laya-score,PLAIN-1473,MED-306,35.25
laya-score,PLAIN-1473,MED-4385,34.82
laya-score,PLAIN-1473,MED-329,34.05
laya-score,PLAIN-1485,MED-722,40.88
laya-score,PLAIN-1485,MED-719,41.21
laya-score,PLAIN-1485,MED-724,39.04
laya-score,PLAIN-1485,MED-720,34.98
laya-score,PLAIN-1485,MED-2099,35.95
laya-score,PLAIN-1485,MED-718,35.59
laya-score,PLAIN-1485,MED-1041,34.42
laya-score,PLAIN-1485,MED-10,34.9
laya-score,PLAIN-1485,MED-5256,36.13
laya-score,PLAIN-1485,MED-14,34.82
laya-score,PLAIN-1485,MED-5350,34.54
laya-score,PLAIN-1485,MED-118,37.36
laya-score,PLAIN-1485,MED-301,35.69
laya-score,PLAIN-1485,MED-4262,35.46
laya-score,PLAIN-1485,MED-306,34.4
laya-score,PLAIN-1485,MED-329,35.38
laya-score,PLAIN-1485,MED-330,34.2
laya-score,PLAIN-1485,MED-3730,34.71
laya-score,PLAIN-1485,MED-332,35.38
laya-score,PLAIN-1485,MED-3499,36.29
laya-score,PLAIN-1496,MED-746,36.8
laya-score,PLAIN-1496,MED-828,35.31
laya-score,PLAIN-1496,MED-759,38.27
laya-score,PLAIN-1496,MED-10,40.16
laya-score,PLAIN-1496,MED-3374,36.13
laya-score,PLAIN-1496,MED-14,36.15
laya-score,PLAIN-1496,MED-3370,39.93
laya-score,PLAIN-1496,MED-842,41.71
laya-score,PLAIN-1496,MED-118,45.39
laya-score,PLAIN-1496,MED-4714,44.28
laya-score,PLAIN-1496,MED-1268,35.43
laya-score,PLAIN-1496,MED-301,36.84
laya-score,PLAIN-1496,MED-2991,36.56
laya-score,PLAIN-1496,MED-306,34.78
laya-score,PLAIN-1496,MED-1315,36.32
laya-score,PLAIN-1496,MED-329,36.62
laya-score,PLAIN-1496,MED-330,35.74
laya-score,PLAIN-1496,MED-4187,36.8
laya-score,PLAIN-1496,MED-332,39.63
laya-score,PLAIN-1496,MED-3353,35.85
laya-score,PLAIN-1506,MED-5239,38.37
laya-score,PLAIN-1506,MED-2126,39.67
laya-score,PLAIN-1506,MED-2121,38.3
laya-score,PLAIN-1506,MED-702,38.9
laya-score,PLAIN-1506,MED-2117,36.35
laya-score,PLAIN-1506,MED-719,38.36
laya-score,PLAIN-1506,MED-724,35.6
laya-score,PLAIN-1506,MED-713,34.98
laya-score,PLAIN-1506,MED-4306,37.68
laya-score,PLAIN-1506,MED-5202,40.85
laya-score,PLAIN-1506,MED-1953,35.35
laya-score,PLAIN-1506,MED-2509,37.21
laya-score,PLAIN-1506,MED-4916,37.95
laya-score,PLAIN-1506,MED-3953,36.79
laya-score,PLAIN-1506,MED-5025,36.73
laya-score,PLAIN-1506,MED-10,49.61
laya-score,PLAIN-1506,MED-3487,45.63
laya-score,PLAIN-1506,MED-14,37.55
laya-score,PLAIN-1506,MED-3492,36.54
laya-score,PLAIN-1506,MED-118,37.68
laya-score,PLAIN-1516,MED-930,36.17
laya-score,PLAIN-1516,MED-4181,37.66
laya-score,PLAIN-1516,MED-828,34.29
laya-score,PLAIN-1516,MED-761,36.56
laya-score,PLAIN-1516,MED-5086,38.58
laya-score,PLAIN-1516,MED-1149,36.48
laya-score,PLAIN-1516,MED-10,37.36
laya-score,PLAIN-1516,MED-2644,35.05
laya-score,PLAIN-1516,MED-14,36.71
laya-score,PLAIN-1516,MED-4159,37.42
laya-score,PLAIN-1516,MED-118,37.55
laya-score,PLAIN-1516,MED-2215,35.7
laya-score,PLAIN-1516,MED-2087,34.76
laya-score,PLAIN-1516,MED-301,35.36
laya-score,PLAIN-1516,MED-306,36.29
laya-score,PLAIN-1516,MED-5323,36.01
laya-score,PLAIN-1516,MED-2116,36.55
laya-score,PLAIN-1516,MED-329,34.71
laya-score,PLAIN-1516,MED-2093,34.73
laya-score,PLAIN-1516,MED-330,34.82
laya-score,PLAIN-1527,MED-1304,36.13
laya-score,PLAIN-1527,MED-4101,35.48
laya-score,PLAIN-1527,MED-1307,36.18
laya-score,PLAIN-1527,MED-1302,45.79
laya-score,PLAIN-1527,MED-5158,42.62
laya-score,PLAIN-1527,MED-2154,36.21
laya-score,PLAIN-1527,MED-4873,34.61
laya-score,PLAIN-1527,MED-4817,37.99
laya-score,PLAIN-1527,MED-2160,37.04
laya-score,PLAIN-1527,MED-5163,36.75
laya-score,PLAIN-1527,MED-1301,35.85
laya-score,PLAIN-1527,MED-1675,37.26
laya-score,PLAIN-1527,MED-3491,35.78
laya-score,PLAIN-1527,MED-5157,36.29
laya-score,PLAIN-1527,MED-2045,36.44
laya-score,PLAIN-1527,MED-1868,36.93
laya-score,PLAIN-1527,MED-2158,38.25
laya-score,PLAIN-1527,MED-1309,35.92
laya-score,PLAIN-1527,MED-5233,35.82
laya-score,PLAIN-1527,MED-912,36.15
laya-score,PLAIN-1537,MED-4880,37.61
laya-score,PLAIN-1537,MED-1257,35.9
laya-score,PLAIN-1537,MED-2588,40.3
laya-score,PLAIN-1537,MED-4515,36.16
laya-score,PLAIN-1537,MED-4514,36.14
laya-score,PLAIN-1537,MED-1669,33.86
laya-score,PLAIN-1537,MED-4831,35.79
laya-score,PLAIN-1537,MED-4985,36.48
laya-score,PLAIN-1537,MED-5113,36.2
laya-score,PLAIN-1537,MED-2529,38.27
laya-score,PLAIN-1537,MED-1258,38.18
laya-score,PLAIN-1537,MED-4984,49.52
laya-score,PLAIN-1537,MED-1323,37.15
laya-score,PLAIN-1537,MED-4389,35.7
laya-score,PLAIN-1537,MED-5267,36.33
laya-score,PLAIN-1537,MED-2943,36.1
laya-score,PLAIN-1537,MED-3197,38.41
laya-score,PLAIN-1537,MED-2145,37.52
laya-score,PLAIN-1537,MED-4353,37.07
laya-score,PLAIN-1537,MED-1616,36.77
laya-score,PLAIN-1547,MED-2360,36.89
laya-score,PLAIN-1547,MED-2361,35.19
laya-score,PLAIN-1547,MED-1121,35.35
laya-score,PLAIN-1547,MED-2997,34.43
laya-score,PLAIN-1547,MED-5196,34.15
laya-score,PLAIN-1547,MED-4150,33.94
laya-score,PLAIN-1547,MED-3966,34.32
laya-score,PLAIN-1547,MED-2024,33.24
laya-score,PLAIN-1547,MED-3936,34.48
laya-score,PLAIN-1547,MED-911,40.2
laya-score,PLAIN-1547,MED-4849,34.71
laya-score,PLAIN-1547,MED-2035,35.08
laya-score,PLAIN-1547,MED-4921,34.62
laya-score,PLAIN-1547,MED-733,47.23
laya-score,PLAIN-1547,MED-983,34.88
laya-score,PLAIN-1547,MED-2356,33.78
laya-score,PLAIN-1547,MED-975,36.88
laya-score,PLAIN-1547,MED-2365,35.26
laya-score,PLAIN-1547,MED-5030,34.2
laya-score,PLAIN-1547,MED-1116,42.57
laya-score,PLAIN-1557,MED-1406,35.95
laya-score,PLAIN-1557,MED-4315,33.54
laya-score,PLAIN-1557,MED-3918,33.52
laya-score,PLAIN-1557,MED-2248,42.83
laya-score,PLAIN-1557,MED-2380,35.87
laya-score,PLAIN-1557,MED-2917,37.6
laya-score,PLAIN-1557,MED-329,37.08
laya-score,PLAIN-1557,MED-1110,38.09
laya-score,PLAIN-1557,MED-1447,39.93
laya-score,PLAIN-1557,MED-1844,38.42
laya-score,PLAIN-1557,MED-5005,37.75
laya-score,PLAIN-1557,MED-1843,36.28
laya-score,PLAIN-1557,MED-4313,36.28
laya-score,PLAIN-1557,MED-1528,36.72
laya-score,PLAIN-1557,MED-5138,37.39
laya-score,PLAIN-1557,MED-2261,36.81
laya-score,PLAIN-1557,MED-1113,38.13
laya-score,PLAIN-1557,MED-4298,40.98
laya-score,PLAIN-1557,MED-1836,37.63
laya-score,PLAIN-1557,MED-2455,35.93
laya-score,PLAIN-1568,MED-4150,37.58
laya-score,PLAIN-1568,MED-5056,37.32
laya-score,PLAIN-1568,MED-1710,39.94
laya-score,PLAIN-1568,MED-5057,39.87
laya-score,PLAIN-1568,MED-1674,36.54
laya-score,PLAIN-1568,MED-3734,37.8
laya-score,PLAIN-1568,MED-2490,44.84
laya-score,PLAIN-1568,MED-2054,41.46
laya-score,PLAIN-1568,MED-717,36.25
laya-score,PLAIN-1568,MED-1672,36.85
laya-score,PLAIN-1568,MED-830,37.23
laya-score,PLAIN-1568,MED-4782,37.64
laya-score,PLAIN-1568,MED-1794,36.66
laya-score,PLAIN-1568,MED-2029,36.37
laya-score,PLAIN-1568,MED-2677,38.1
laya-score,PLAIN-1568,MED-5054,37.6
laya-score,PLAIN-1568,MED-5059,36.37
laya-score,PLAIN-1568,MED-5192,35.35
laya-score,PLAIN-1568,MED-10,35.03
laya-score,PLAIN-1568,MED-4868,35.57
laya-score,PLAIN-1579,MED-4667,37.81
laya-score,PLAIN-1579,MED-4801,35.5
laya-score,PLAIN-1579,MED-666,43.1
laya-score,PLAIN-1579,MED-731,36.62
laya-score,PLAIN-1579,MED-3795,36.09
laya-score,PLAIN-1579,MED-10,35.72
laya-score,PLAIN-1579,MED-14,35.58
laya-score,PLAIN-1579,MED-901,35.54
laya-score,PLAIN-1579,MED-118,36.63
laya-score,PLAIN-1579,MED-900,36.6
laya-score,PLAIN-1579,MED-301,37.13
laya-score,PLAIN-1579,MED-3801,35.7
laya-score,PLAIN-1579,MED-306,35.02
laya-score,PLAIN-1579,MED-3800,34.66
laya-score,PLAIN-1579,MED-329,47.88
laya-score,PLAIN-1579,MED-2360,36.09
laya-score,PLAIN-1579,MED-330,35.38
laya-score,PLAIN-1579,MED-332,37.02
laya-score,PLAIN-1579,MED-4565,37.9
laya-score,PLAIN-1579,MED-334,35.91
laya-score,PLAIN-1590,MED-748,37.3
laya-score,PLAIN-1590,MED-3604,36.2
laya-score,PLAIN-1590,MED-1344,38.45
laya-score,PLAIN-1590,MED-3757,37.62
laya-score,PLAIN-1590,MED-1350,37.11
laya-score,PLAIN-1590,MED-3001,36.18
laya-score,PLAIN-1590,MED-2086,33.92
laya-score,PLAIN-1590,MED-1037,34.6
laya-score,PLAIN-1590,MED-5346,34.59
laya-score,PLAIN-1590,MED-3601,41.19
laya-score,PLAIN-1590,MED-1041,36.3
laya-score,PLAIN-1590,MED-749,35.02
laya-score,PLAIN-1590,MED-3626,34.97
laya-score,PLAIN-1590,MED-3636,34.28
laya-score,PLAIN-1590,MED-5347,37.1
laya-score,PLAIN-1590,MED-2112,36.53
laya-score,PLAIN-1590,MED-1097,37.46
laya-score,PLAIN-1590,MED-5343,37.17
laya-score,PLAIN-1590,MED-3754,34.76
laya-score,PLAIN-1590,MED-3760,36.4
laya-score,PLAIN-1601,MED-4860,34.83
laya-score,PLAIN-1601,MED-5002,36.13
laya-score,PLAIN-1601,MED-2669,48.87
laya-score,PLAIN-1601,MED-2668,35.23
laya-score,PLAIN-1601,MED-1506,36.57
laya-score,PLAIN-1601,MED-4996,36.34
laya-score,PLAIN-1601,MED-3537,35.29
laya-score,PLAIN-1601,MED-3774,36.35
laya-score,PLAIN-1601,MED-1700,34.84
laya-score,PLAIN-1601,MED-4581,34.76
laya-score,PLAIN-1601,MED-2670,34.37
laya-score,PLAIN-1601,MED-3772,33.44
laya-score,PLAIN-1601,MED-3776,34.12
laya-score,PLAIN-1601,MED-4900,35.1
laya-score,PLAIN-1601,MED-306,34.75
laya-score,PLAIN-1601,MED-1502,33.82
laya-score,PLAIN-1601,MED-2257,35.43
laya-score,PLAIN-1601,MED-1630,39.5
laya-score,PLAIN-1601,MED-5093,35.69
laya-score,PLAIN-1601,MED-2367,34.19
laya-score,PLAIN-1611,MED-301,34.72
laya-score,PLAIN-1611,MED-10,35.33
laya-score,PLAIN-1611,MED-4115,36.58
laya-score,PLAIN-1611,MED-14,36.95
laya-score,PLAIN-1611,MED-5163,35.54
laya-score,PLAIN-1611,MED-1026,36.2
laya-score,PLAIN-1611,MED-118,35.38
laya-score,PLAIN-1611,MED-1023,36.12
laya-score,PLAIN-1611,MED-1042,36.62
laya-score,PLAIN-1611,MED-306,35.08
laya-score,PLAIN-1611,MED-1754,36.06
laya-score,PLAIN-1611,MED-329,45.08
laya-score,PLAIN-1611,MED-1787,35.65
laya-score,PLAIN-1611,MED-330,53.56
laya-score,PLAIN-1611,MED-3251,62.2
laya-score,PLAIN-1611,MED-332,57.77
laya-score,PLAIN-1611,MED-2110,49.9
laya-score,PLAIN-1611,MED-334,48.2
laya-score,PLAIN-1611,MED-2700,48.0
laya-score,PLAIN-1611,MED-335,48.71
laya-score,PLAIN-1621,MED-723,46.73
laya-score,PLAIN-1621,MED-844,47.52
laya-score,PLAIN-1621,MED-731,47.27
laya-score,PLAIN-1621,MED-818,45.46
laya-score,PLAIN-1621,MED-10,44.83
laya-score,PLAIN-1621,MED-2177,45.97
laya-score,PLAIN-1621,MED-14,46.64
laya-score,PLAIN-1621,MED-118,45.55
laya-score,PLAIN-1621,MED-3294,46.18
laya-score,PLAIN-1621,MED-761,45.14
laya-score,PLAIN-1621,MED-301,46.37
laya-score,PLAIN-1621,MED-1296,46.16
laya-score,PLAIN-1621,MED-306,55.13
laya-score,PLAIN-1621,MED-329,53.09
laya-score,PLAIN-1621,MED-3974,45.67
laya-score,PLAIN-1621,MED-330,44.89
laya-score,PLAIN-1621,MED-4564,45.34
laya-score,PLAIN-1621,MED-1023,43.36
laya-score,PLAIN-1621,MED-332,42.47
laya-score,PLAIN-1621,MED-2345,44.61
laya-score,PLAIN-1635,MED-2774,45.88
laya-score,PLAIN-1635,MED-4751,44.52
laya-score,PLAIN-1635,MED-2123,49.93
laya-score,PLAIN-1635,MED-1229,45.88
laya-score,PLAIN-1635,MED-1223,44.1
laya-score,PLAIN-1635,MED-4899,49.73
laya-score,PLAIN-1635,MED-1768,43.95
laya-score,PLAIN-1635,MED-3087,56.34
laya-score,PLAIN-1635,MED-5189,55.65
laya-score,PLAIN-1635,MED-904,53.83
laya-score,PLAIN-1635,MED-4753,54.18
laya-score,PLAIN-1635,MED-2136,45.97
laya-score,PLAIN-1635,MED-2055,47.99
laya-score,PLAIN-1635,MED-2772,47.92
laya-score,PLAIN-1635,MED-1337,56.01
laya-score,PLAIN-1635,MED-900,63.38
laya-score,PLAIN-1635,MED-4897,50.06
laya-score,PLAIN-1635,MED-1226,52.62
laya-score,PLAIN-1635,MED-1340,57.92
laya-score,PLAIN-1635,MED-1224,52.15
laya-score,PLAIN-1645,MED-723,59.9
laya-score,PLAIN-1645,MED-719,60.63
laya-score,PLAIN-1645,MED-724,53.85
laya-score,PLAIN-1645,MED-732,60.34
laya-score,PLAIN-1645,MED-4403,59.11
laya-score,PLAIN-1645,MED-5056,52.47
laya-score,PLAIN-1645,MED-10,35.58
laya-score,PLAIN-1645,MED-3385,37.8
laya-score,PLAIN-1645,MED-14,36.29
laya-score,PLAIN-1645,MED-118,36.61
laya-score,PLAIN-1645,MED-4963,37.26
laya-score,PLAIN-1645,MED-843,36.63
laya-score,PLAIN-1645,MED-2994,35.14
laya-score,PLAIN-1645,MED-301,35.43
laya-score,PLAIN-1645,MED-306,37.01
laya-score,PLAIN-1645,MED-4361,36.35
laya-score,PLAIN-1645,MED-329,39.62
laya-score,PLAIN-1645,MED-4201,38.82
laya-score,PLAIN-1645,MED-3144,48.52
laya-score,PLAIN-1645,MED-330,36.98
laya-score,PLAIN-1656,MED-3764,34.97
laya-score,PLAIN-1656,MED-4036,34.47
laya-score,PLAIN-1656,MED-4819,34.41
laya-score,PLAIN-1656,MED-2092,36.1
laya-score,PLAIN-1656,MED-1857,35.8
laya-score,PLAIN-1656,MED-4033,42.59
laya-score,PLAIN-1656,MED-3621,34.58
laya-score,PLAIN-1656,MED-3767,37.37
laya-score,PLAIN-1656,MED-4035,35.47
laya-score,PLAIN-1656,MED-2091,36.77
laya-score,PLAIN-1656,MED-852,36.77
laya-score,PLAIN-1656,MED-5194,35.49
laya-score,PLAIN-1656,MED-3703,36.38
laya-score,PLAIN-1656,MED-4050,34.55
laya-score,PLAIN-1656,MED-4070,36.01
laya-score,PLAIN-1656,MED-2424,35.8
laya-score,PLAIN-1656,MED-1531,36.41
laya-score,PLAIN-1656,MED-3557,35.58
laya-score,PLAIN-1656,MED-1817,35.4
laya-score,PLAIN-1656,MED-1146,35.9
laya-score,PLAIN-1667,MED-4828,36.1
laya-score,PLAIN-1667,MED-4830,34.6
laya-score,PLAIN-1667,MED-4829,38.11
laya-score,PLAIN-1667,MED-3460,34.64
laya-score,PLAIN-1667,MED-3459,37.43
laya-score,PLAIN-1667,MED-1466,35.53
laya-score,PLAIN-1667,MED-4405,41.4
laya-score,PLAIN-1667,MED-3462,43.68
laya-score,PLAIN-1667,MED-4315,34.31
laya-score,PLAIN-1667,MED-3231,36.16
laya-score,PLAIN-1667,MED-3157,35.94
laya-score,PLAIN-1667,MED-3453,35.86
laya-score,PLAIN-1667,MED-1460,41.37
laya-score,PLAIN-1667,MED-3163,36.03
laya-score,PLAIN-1667,MED-1474,34.72
laya-score,PLAIN-1667,MED-3534,33.34
laya-score,PLAIN-1667,MED-2300,34.56
laya-score,PLAIN-1667,MED-3466,36.31
laya-score,PLAIN-1667,MED-3461,37.23
laya-score,PLAIN-1667,MED-1750,47.67
laya-score,PLAIN-1679,MED-329,36.43
laya-score,PLAIN-1679,MED-716,39.13
laya-score,PLAIN-1679,MED-10,36.47
laya-score,PLAIN-1679,MED-5133,35.59
laya-score,PLAIN-1679,MED-14,35.41
laya-score,PLAIN-1679,MED-3317,35.73
laya-score,PLAIN-1679,MED-1113,35.2
laya-score,PLAIN-1679,MED-118,36.5
laya-score,PLAIN-1679,MED-1107,37.58
laya-score,PLAIN-1679,MED-301,37.18
laya-score,PLAIN-1679,MED-306,36.25
laya-score,PLAIN-1679,MED-3787,37.68
laya-score,PLAIN-1679,MED-3193,36.51
laya-score,PLAIN-1679,MED-330,38.7
laya-score,PLAIN-1679,MED-5142,51.53
laya-score,PLAIN-1679,MED-1115,35.21
laya-score,PLAIN-1679,MED-332,38.42
laya-score,PLAIN-1679,MED-3302,34.6
laya-score,PLAIN-1679,MED-334,35.27
laya-score,PLAIN-1679,MED-335,35.56
laya-score,PLAIN-1690,MED-2220,35.14
laya-score,PLAIN-1690,MED-4599,33.93
laya-score,PLAIN-1690,MED-4674,36.04
laya-score,PLAIN-1690,MED-1037,35.19
laya-score,PLAIN-1690,MED-5345,35.71
laya-score,PLAIN-1690,MED-3692,37.54
laya-score,PLAIN-1690,MED-3577,37.04
laya-score,PLAIN-1690,MED-5331,34.53
laya-score,PLAIN-1690,MED-1753,46.82
laya-score,PLAIN-1690,MED-1230,42.8
laya-score,PLAIN-1690,MED-2726,34.39
laya-score,PLAIN-1690,MED-3001,34.87
laya-score,PLAIN-1690,MED-762,34.48
laya-score,PLAIN-1690,MED-1878,34.47
laya-score,PLAIN-1690,MED-3604,34.57
laya-score,PLAIN-1690,MED-2327,38.08
laya-score,PLAIN-1690,MED-1055,36.45
laya-score,PLAIN-1690,MED-3726,36.51
laya-score,PLAIN-1690,MED-2295,35.59
laya-score,PLAIN-1690,MED-3547,44.03
laya-score,PLAIN-1700,MED-1747,36.95
laya-score,PLAIN-1700,MED-5198,44.57
laya-score,PLAIN-1700,MED-5201,46.09
laya-score,PLAIN-1700,MED-1417,37.74
laya-score,PLAIN-1700,MED-4095,37.27
laya-score,PLAIN-1700,MED-5353,36.14
laya-score,PLAIN-1700,MED-1100,37.15
laya-score,PLAIN-1700,MED-976,37.48
laya-score,PLAIN-1700,MED-2250,36.73
laya-score,PLAIN-1700,MED-4448,36.85
laya-score,PLAIN-1700,MED-757,37.32
laya-score,PLAIN-1700,MED-3137,37.75
laya-score,PLAIN-1700,MED-1511,38.79
laya-score,PLAIN-1700,MED-5006,36.82
laya-score,PLAIN-1700,MED-2309,38.55
laya-score,PLAIN-1700,MED-2572,37.0
laya-score,PLAIN-1700,MED-5292,36.78
laya-score,PLAIN-1700,MED-4555,37.64
laya-score,PLAIN-1700,MED-4783,37.6
laya-score,PLAIN-1700,MED-5296,36.05
laya-score,PLAIN-1710,MED-3181,36.69
laya-score,PLAIN-1710,MED-3178,36.78
laya-score,PLAIN-1710,MED-3169,39.67
laya-score,PLAIN-1710,MED-3180,38.41
laya-score,PLAIN-1710,MED-3175,38.52
laya-score,PLAIN-1710,MED-3177,37.45
laya-score,PLAIN-1710,MED-3170,38.97
laya-score,PLAIN-1710,MED-3182,36.84
laya-score,PLAIN-1710,MED-3179,40.22
laya-score,PLAIN-1710,MED-3174,44.41
laya-score,PLAIN-1710,MED-3172,36.11
laya-score,PLAIN-1710,MED-4672,38.02
laya-score,PLAIN-1710,MED-3176,41.35
laya-score,PLAIN-1710,MED-731,36.02
laya-score,PLAIN-1710,MED-721,35.28
laya-score,PLAIN-1710,MED-736,36.13
laya-score,PLAIN-1710,MED-10,35.64
laya-score,PLAIN-1710,MED-3288,37.32
laya-score,PLAIN-1710,MED-14,39.23
laya-score,PLAIN-1710,MED-4356,34.87
laya-score,PLAIN-1721,MED-1602,35.15
laya-score,PLAIN-1721,MED-4823,45.81
laya-score,PLAIN-1721,MED-4821,36.84
laya-score,PLAIN-1721,MED-4983,36.14
laya-score,PLAIN-1721,MED-4485,35.69
laya-score,PLAIN-1721,MED-1627,38.18
laya-score,PLAIN-1721,MED-1230,36.25
laya-score,PLAIN-1721,MED-4787,37.07
laya-score,PLAIN-1721,MED-1606,37.0
laya-score,PLAIN-1721,MED-4479,37.75
laya-score,PLAIN-1721,MED-1498,39.58
laya-score,PLAIN-1721,MED-2771,41.26
laya-score,PLAIN-1721,MED-3577,41.49
laya-score,PLAIN-1721,MED-1887,41.2
laya-score,PLAIN-1721,MED-4474,37.37
laya-score,PLAIN-1721,MED-3230,48.31
laya-score,PLAIN-1721,MED-1377,40.84
laya-score,PLAIN-1721,MED-5345,43.69
laya-score,PLAIN-1721,MED-873,39.09
laya-score,PLAIN-1721,MED-2250,37.06
laya-score,PLAIN-1731,MED-2749,36.55
laya-score,PLAIN-1731,MED-2748,37.02
laya-score,PLAIN-1731,MED-3509,36.24
laya-score,PLAIN-1731,MED-4131,37.26
laya-score,PLAIN-1731,MED-4132,37.13
laya-score,PLAIN-1731,MED-731,36.42
laya-score,PLAIN-1731,MED-3294,39.37
laya-score,PLAIN-1731,MED-4815,37.69
laya-score,PLAIN-1731,MED-10,35.62
laya-score,PLAIN-1731,MED-4364,35.85
laya-score,PLAIN-1731,MED-14,36.24
laya-score,PLAIN-1731,MED-1798,36.26
laya-score,PLAIN-1731,MED-118,38.15
laya-score,PLAIN-1731,MED-911,38.45
laya-score,PLAIN-1731,MED-1804,38.5
laya-score,PLAIN-1731,MED-301,37.32
laya-score,PLAIN-1731,MED-1808,37.6
laya-score,PLAIN-1731,MED-306,36.53
laya-score,PLAIN-1731,MED-1803,39.84
laya-score,PLAIN-1731,MED-329,37.02
laya-score,PLAIN-1741,MED-2383,36.77
laya-score,PLAIN-1741,MED-2595,35.02
laya-score,PLAIN-1741,MED-4300,45.07
laya-score,PLAIN-1741,MED-4314,45.44
laya-score,PLAIN-1741,MED-2597,37.01
laya-score,PLAIN-1741,MED-4286,37.62
laya-score,PLAIN-1741,MED-4292,36.86
laya-score,PLAIN-1741,MED-4707,36.44
laya-score,PLAIN-1741,MED-2381,38.44
laya-score,PLAIN-1741,MED-1381,39.31
laya-score,PLAIN-1741,MED-2380,38.56
laya-score,PLAIN-1741,MED-4706,37.84
laya-score,PLAIN-1741,MED-4291,38.3
laya-score,PLAIN-1741,MED-4295,39.1
laya-score,PLAIN-1741,MED-1499,38.06
laya-score,PLAIN-1741,MED-4345,37.65
laya-score,PLAIN-1741,MED-4298,36.88
laya-score,PLAIN-1741,MED-2153,37.15
laya-score,PLAIN-1741,MED-4287,38.19
laya-score,PLAIN-1741,MED-3896,38.91
laya-score,PLAIN-1752,MED-762,41.08
laya-score,PLAIN-1752,MED-744,38.23
laya-score,PLAIN-1752,MED-828,36.52
laya-score,PLAIN-1752,MED-818,38.11
laya-score,PLAIN-1752,MED-839,38.46
laya-score,PLAIN-1752,MED-10,38.42
laya-score,PLAIN-1752,MED-3953,36.83
laya-score,PLAIN-1752,MED-14,37.95
laya-score,PLAIN-1752,MED-118,37.96
laya-score,PLAIN-1752,MED-4660,54.68
laya-score,PLAIN-1752,MED-2804,37.81
laya-score,PLAIN-1752,MED-301,35.92
laya-score,PLAIN-1752,MED-306,36.09
laya-score,PLAIN-1752,MED-4545,36.66
laya-score,PLAIN-1752,MED-329,37.46
laya-score,PLAIN-1752,MED-4544,38.31
laya-score,PLAIN-1752,MED-330,36.82
laya-score,PLAIN-1752,MED-332,34.67
laya-score,PLAIN-1752,MED-2790,35.65
laya-score,PLAIN-1752,MED-334,36.3
laya-score,PLAIN-1762,MED-3716,36.02
laya-score,PLAIN-1762,MED-3721,36.55
laya-score,PLAIN-1762,MED-4030,36.83
laya-score,PLAIN-1762,MED-3715,38.02
laya-score,PLAIN-1762,MED-3717,36.54
laya-score,PLAIN-1762,MED-759,38.73
laya-score,PLAIN-1762,MED-852,36.08
laya-score,PLAIN-1762,MED-4024,38.01
laya-score,PLAIN-1762,MED-4032,36.25
laya-score,PLAIN-1762,MED-3764,37.15
laya-score,PLAIN-1762,MED-4035,37.79
laya-score,PLAIN-1762,MED-2091,37.26
laya-score,PLAIN-1762,MED-3763,36.15
laya-score,PLAIN-1762,MED-3561,35.29
laya-score,PLAIN-1762,MED-4036,33.84
laya-score,PLAIN-1762,MED-4619,38.85
laya-score,PLAIN-1762,MED-3720,52.79
laya-score,PLAIN-1762,MED-3558,40.52
laya-score,PLAIN-1762,MED-3767,37.55
laya-score,PLAIN-1762,MED-2208,37.75
laya-score,PLAIN-1772,MED-4727,37.6
laya-score,PLAIN-1772,MED-4728,37.69
laya-score,PLAIN-1772,MED-732,40.48
laya-score,PLAIN-1772,MED-10,36.73
laya-score,PLAIN-1772,MED-5316,38.16
laya-score,PLAIN-1772,MED-14,39.94
laya-score,PLAIN-1772,MED-5071,36.97
laya-score,PLAIN-1772,MED-118,38.56
laya-score,PLAIN-1772,MED-3100,35.82
laya-score,PLAIN-1772,MED-301,35.12
laya-score,PLAIN-1772,MED-4437,36.91
laya-score,PLAIN-1772,MED-306,50.15
laya-score,PLAIN-1772,MED-4442,43.09
laya-score,PLAIN-1772,MED-1101,37.46
laya-score,PLAIN-1772,MED-329,44.33
laya-score,PLAIN-1772,MED-330,42.02
laya-score,PLAIN-1772,MED-4059,37.0
laya-score,PLAIN-1772,MED-332,33.95
laya-score,PLAIN-1772,MED-3818,35.6
laya-score,PLAIN-1772,MED-334,35.69
laya-score,PLAIN-1784,MED-5326,35.75
laya-score,PLAIN-1784,MED-2671,36.64
laya-score,PLAIN-1784,MED-4493,36.39
laya-score,PLAIN-1784,MED-5195,50.86
laya-score,PLAIN-1784,MED-4072,35.21
laya-score,PLAIN-1784,MED-5110,35.8
laya-score,PLAIN-1784,MED-4057,35.83
laya-score,PLAIN-1784,MED-4485,36.15
laya-score,PLAIN-1784,MED-1802,59.04
laya-score,PLAIN-1784,MED-4261,58.92
laya-score,PLAIN-1784,MED-5235,56.19
laya-score,PLAIN-1784,MED-1762,51.47
laya-score,PLAIN-1784,MED-4205,52.46
laya-score,PLAIN-1784,MED-3499,48.47
laya-score,PLAIN-1784,MED-4069,51.85
laya-score,PLAIN-1784,MED-4145,47.0
laya-score,PLAIN-1784,MED-4482,43.52
laya-score,PLAIN-1784,MED-2704,51.15
laya-score,PLAIN-1784,MED-2170,47.71
laya-score,PLAIN-1784,MED-4844,46.18
laya-score,PLAIN-1794,MED-5042,46.33
laya-score,PLAIN-1794,MED-5041,45.82
laya-score,PLAIN-1794,MED-828,49.14
laya-score,PLAIN-1794,MED-818,50.73
laya-score,PLAIN-1794,MED-4896,51.48
laya-score,PLAIN-1794,MED-1571,52.7
laya-score,PLAIN-1794,MED-10,51.71
laya-score,PLAIN-1794,MED-2726,49.71
laya-score,PLAIN-1794,MED-1289,46.32
laya-score,PLAIN-1794,MED-14,43.61
laya-score,PLAIN-1794,MED-118,48.44
laya-score,PLAIN-1794,MED-1282,44.46
laya-score,PLAIN-1794,MED-2659,44.47
laya-score,PLAIN-1794,MED-301,43.62
laya-score,PLAIN-1794,MED-1570,43.98
laya-score,PLAIN-1794,MED-306,45.09
laya-score,PLAIN-1794,MED-1055,44.17
laya-score,PLAIN-1794,MED-329,46.24
laya-score,PLAIN-1794,MED-330,44.55
laya-score,PLAIN-1794,MED-4966,46.68
laya-score,PLAIN-1805,MED-3935,45.13
laya-score,PLAIN-1805,MED-3931,44.54
laya-score,PLAIN-1805,MED-5196,48.4
laya-score,PLAIN-1805,MED-3925,57.43
laya-score,PLAIN-1805,MED-4939,53.02
laya-score,PLAIN-1805,MED-3938,46.9
laya-score,PLAIN-1805,MED-3933,46.4
laya-score,PLAIN-1805,MED-3940,56.33
laya-score,PLAIN-1805,MED-5335,54.43
laya-score,PLAIN-1805,MED-3927,48.93
laya-score,PLAIN-1805,MED-2173,56.19
laya-score,PLAIN-1805,MED-3930,57.1
laya-score,PLAIN-1805,MED-3932,61.96
laya-score,PLAIN-1805,MED-3928,58.52
laya-score,PLAIN-1805,MED-3936,52.73
laya-score,PLAIN-1805,MED-2979,56.53
laya-score,PLAIN-1805,MED-3929,59.68
laya-score,PLAIN-1805,MED-1278,58.54
laya-score,PLAIN-1805,MED-1499,55.16
laya-score,PLAIN-1805,MED-2165,55.25
laya-score,PLAIN-1817,MED-4284,54.37
laya-score,PLAIN-1817,MED-2382,37.46
laya-score,PLAIN-1817,MED-4706,35.96
laya-score,PLAIN-1817,MED-4287,37.66
laya-score,PLAIN-1817,MED-2792,34.51
laya-score,PLAIN-1817,MED-1534,35.98
laya-score,PLAIN-1817,MED-5016,35.83
laya-score,PLAIN-1817,MED-2381,37.15
laya-score,PLAIN-1817,MED-3387,38.95
laya-score,PLAIN-1817,MED-3198,50.22
laya-score,PLAIN-1817,MED-4709,37.66
laya-score,PLAIN-1817,MED-3385,36.61
laya-score,PLAIN-1817,MED-711,37.86
laya-score,PLAIN-1817,MED-2150,39.19
laya-score,PLAIN-1817,MED-4314,37.31
laya-score,PLAIN-1817,MED-2383,36.64
laya-score,PLAIN-1817,MED-719,45.53
laya-score,PLAIN-1817,MED-3869,42.95
laya-score,PLAIN-1817,MED-2595,37.49
laya-score,PLAIN-1817,MED-973,37.07
laya-score,PLAIN-1827,MED-762,38.27
laya-score,PLAIN-1827,MED-727,36.48
laya-score,PLAIN-1827,MED-10,37.1
laya-score,PLAIN-1827,MED-1376,38.95
laya-score,PLAIN-1827,MED-14,36.84
laya-score,PLAIN-1827,MED-2004,35.06
laya-score,PLAIN-1827,MED-118,36.17
laya-score,PLAIN-1827,MED-1747,43.15
laya-score,PLAIN-1827,MED-301,33.98
laya-score,PLAIN-1827,MED-3945,34.85
laya-score,PLAIN-1827,MED-2243,35.17
laya-score,PLAIN-1827,MED-306,35.46
laya-score,PLAIN-1827,MED-2743,34.18
laya-score,PLAIN-1827,MED-329,35.85
laya-score,PLAIN-1827,MED-330,35.14
laya-score,PLAIN-1827,MED-4300,44.13
laya-score,PLAIN-1827,MED-1313,47.81
laya-score,PLAIN-1827,MED-332,36.21
laya-score,PLAIN-1827,MED-334,35.59
laya-score,PLAIN-1827,MED-4883,38.23
laya-score,PLAIN-1837,MED-1725,36.93
laya-score,PLAIN-1837,MED-1726,35.59
laya-score,PLAIN-1837,MED-4178,35.33
laya-score,PLAIN-1837,MED-1161,36.44
laya-score,PLAIN-1837,MED-1167,37.87
laya-score,PLAIN-1837,MED-4179,35.78
laya-score,PLAIN-1837,MED-1158,35.35
laya-score,PLAIN-1837,MED-1174,35.95
laya-score,PLAIN-1837,MED-1157,36.0
laya-score,PLAIN-1837,MED-4187,35.37
laya-score,PLAIN-1837,MED-3936,36.97
laya-score,PLAIN-1837,MED-1172,34.82
laya-score,PLAIN-1837,MED-1176,36.25
laya-score,PLAIN-1837,MED-2748,34.93
laya-score,PLAIN-1837,MED-1166,34.32
laya-score,PLAIN-1837,MED-4535,35.38
laya-score,PLAIN-1837,MED-1139,35.3
laya-score,PLAIN-1837,MED-4181,34.18
laya-score,PLAIN-1837,MED-1162,34.97
laya-score,PLAIN-1837,MED-4177,35.96
laya-score,PLAIN-1847,MED-4000,37.7
laya-score,PLAIN-1847,MED-3603,34.41
laya-score,PLAIN-1847,MED-818,36.33
laya-score,PLAIN-1847,MED-5014,34.37
laya-score,PLAIN-1847,MED-3983,47.16
laya-score,PLAIN-1847,MED-5216,33.75
laya-score,PLAIN-1847,MED-10,35.01
laya-score,PLAIN-1847,MED-14,37.38
laya-score,PLAIN-1847,MED-2322,35.18
laya-score,PLAIN-1847,MED-118,35.06
laya-score,PLAIN-1847,MED-4783,35.6
laya-score,PLAIN-1847,MED-301,35.99
laya-score,PLAIN-1847,MED-5015,34.55
laya-score,PLAIN-1847,MED-306,35.93
laya-score,PLAIN-1847,MED-4896,35.21
laya-score,PLAIN-1847,MED-828,36.47
laya-score,PLAIN-1847,MED-329,37.22
laya-score,PLAIN-1847,MED-3743,41.04
laya-score,PLAIN-1847,MED-330,38.56
laya-score,PLAIN-1847,MED-867,38.04
laya-score,PLAIN-1857,MED-4319,37.43
laya-score,PLAIN-1857,MED-2988,36.68
laya-score,PLAIN-1857,MED-2544,39.48
laya-score,PLAIN-1857,MED-2578,36.25
laya-score,PLAIN-1857,MED-3221,34.6
laya-score,PLAIN-1857,MED-2986,34.89
laya-score,PLAIN-1857,MED-4995,35.53
laya-score,PLAIN-1857,MED-909,35.51
laya-score,PLAIN-1857,MED-3215,35.79
laya-score,PLAIN-1857,MED-1841,35.08
laya-score,PLAIN-1857,MED-846,35.49
laya-score,PLAIN-1857,MED-1412,35.2
laya-score,PLAIN-1857,MED-3236,48.26
laya-score,PLAIN-1857,MED-1846,36.45
laya-score,PLAIN-1857,MED-3237,37.77
laya-score,PLAIN-1857,MED-2102,34.61
laya-score,PLAIN-1857,MED-3230,35.63
laya-score,PLAIN-1857,MED-843,37.06
laya-score,PLAIN-1857,MED-2098,36.09
laya-score,PLAIN-1857,MED-2983,35.93
laya-score,PLAIN-1867,MED-719,35.02
laya-score,PLAIN-1867,MED-724,33.97
laya-score,PLAIN-1867,MED-10,35.55
laya-score,PLAIN-1867,MED-3499,35.96
laya-score,PLAIN-1867,MED-14,35.47
laya-score,PLAIN-1867,MED-3245,36.67
laya-score,PLAIN-1867,MED-118,36.18
laya-score,PLAIN-1867,MED-3535,34.24
laya-score,PLAIN-1867,MED-301,33.73
laya-score,PLAIN-1867,MED-4860,34.16
laya-score,PLAIN-1867,MED-1500,40.26
laya-score,PLAIN-1867,MED-306,36.02
laya-score,PLAIN-1867,MED-1686,35.13
laya-score,PLAIN-1867,MED-329,35.43
laya-score,PLAIN-1867,MED-330,35.56
laya-score,PLAIN-1867,MED-3738,35.16
laya-score,PLAIN-1867,MED-1671,39.6
laya-score,PLAIN-1867,MED-332,35.59
laya-score,PLAIN-1867,MED-334,35.37
laya-score,PLAIN-1867,MED-3521,37.07
laya-score,PLAIN-1877,MED-4831,44.74
laya-score,PLAIN-1877,MED-1991,43.02
laya-score,PLAIN-1877,MED-4255,35.39
laya-score,PLAIN-1877,MED-4613,34.17
laya-score,PLAIN-1877,MED-1489,35.27
laya-score,PLAIN-1877,MED-1445,36.83
laya-score,PLAIN-1877,MED-1874,37.63
laya-score,PLAIN-1877,MED-2432,36.48
laya-score,PLAIN-1877,MED-1450,36.34
laya-score,PLAIN-1877,MED-4515,36.99
laya-score,PLAIN-1877,MED-4349,35.99
laya-score,PLAIN-1877,MED-4389,37.52
laya-score,PLAIN-1877,MED-1249,40.13
laya-score,PLAIN-1877,MED-1319,38.53
laya-score,PLAIN-1877,MED-5113,38.28
laya-score,PLAIN-1877,MED-2951,36.97
laya-score,PLAIN-1877,MED-4689,39.28
laya-score,PLAIN-1877,MED-3931,38.37
laya-score,PLAIN-1877,MED-3480,35.15
laya-score,PLAIN-1877,MED-1250,35.14
laya-score,PLAIN-1887,MED-3607,35.93
laya-score,PLAIN-1887,MED-4915,34.48
laya-score,PLAIN-1887,MED-2070,36.91
laya-score,PLAIN-1887,MED-913,37.4
laya-score,PLAIN-1887,MED-4535,37.9
laya-score,PLAIN-1887,MED-2333,36.4
laya-score,PLAIN-1887,MED-2335,40.31
laya-score,PLAIN-1887,MED-4391,38.97
laya-score,PLAIN-1887,MED-2327,51.0
laya-score,PLAIN-1887,MED-2331,36.59
laya-score,PLAIN-1887,MED-915,35.75
laya-score,PLAIN-1887,MED-2066,35.61
laya-score,PLAIN-1887,MED-903,41.45
laya-score,PLAIN-1887,MED-3849,39.09
laya-score,PLAIN-1887,MED-1741,36.41
laya-score,PLAIN-1887,MED-3606,35.11
laya-score,PLAIN-1887,MED-4544,37.28
laya-score,PLAIN-1887,MED-2176,39.47
laya-score,PLAIN-1887,MED-4712,38.94
laya-score,PLAIN-1887,MED-1738,38.46
laya-score,PLAIN-1897,MED-4186,38.67
laya-score,PLAIN-1897,MED-2644,36.06
laya-score,PLAIN-1897,MED-301,36.3
laya-score,PLAIN-1897,MED-335,42.88
laya-score,PLAIN-1897,MED-729,35.9
laya-score,PLAIN-1897,MED-4602,36.08
laya-score,PLAIN-1897,MED-1312,35.88
laya-score,PLAIN-1897,MED-2559,36.78
laya-score,PLAIN-1897,MED-891,37.04
laya-score,PLAIN-1897,MED-4426,35.77
laya-score,PLAIN-1897,MED-996,38.42
laya-score,PLAIN-1897,MED-10,37.83
laya-score,PLAIN-1897,MED-2652,39.64
laya-score,PLAIN-1897,MED-14,37.53
laya-score,PLAIN-1897,MED-4992,40.89
laya-score,PLAIN-1897,MED-118,51.15
laya-score,PLAIN-1897,MED-4881,37.34
laya-score,PLAIN-1897,MED-3938,37.14
laya-score,PLAIN-1897,MED-2391,46.66
laya-score,PLAIN-1897,MED-306,37.04
laya-score,PLAIN-1909,MED-4818,36.17
laya-score,PLAIN-1909,MED-1979,35.61
laya-score,PLAIN-1909,MED-1983,36.73
laya-score,PLAIN-1909,MED-3288,38.25
laya-score,PLAIN-1909,MED-1491,38.34
laya-score,PLAIN-1909,MED-1859,34.75
laya-score,PLAIN-1909,MED-3307,35.16
laya-score,PLAIN-1909,MED-1610,34.63
laya-score,PLAIN-1909,MED-4803,35.6
laya-score,PLAIN-1909,MED-4593,42.33
laya-score,PLAIN-1909,MED-1977,35.06
laya-score,PLAIN-1909,MED-4134,35.28
laya-score,PLAIN-1909,MED-3171,35.89
laya-score,PLAIN-1909,MED-3000,35.66
laya-score,PLAIN-1909,MED-2678,35.53
laya-score,PLAIN-1909,MED-4138,36.23
laya-score,PLAIN-1909,MED-3891,37.51
laya-score,PLAIN-1909,MED-3319,34.91
laya-score,PLAIN-1909,MED-4139,39.29
laya-score,PLAIN-1909,MED-2341,38.4
laya-score,PLAIN-1919,MED-3321,35.11
laya-score,PLAIN-1919,MED-4431,37.32
laya-score,PLAIN-1919,MED-3320,47.53
laya-score,PLAIN-1919,MED-4819,37.31
laya-score,PLAIN-1919,MED-3315,41.23
laya-score,PLAIN-1919,MED-4433,36.29
laya-score,PLAIN-1919,MED-4429,35.81
laya-score,PLAIN-1919,MED-3307,35.16
laya-score,PLAIN-1919,MED-3311,35.63
laya-score,PLAIN-1919,MED-2746,35.72
laya-score,PLAIN-1919,MED-4805,36.49
laya-score,PLAIN-1919,MED-3319,37.88
laya-score,PLAIN-1919,MED-1755,36.67
laya-score,PLAIN-1919,MED-4354,34.5
laya-score,PLAIN-1919,MED-4182,34.78
laya-score,PLAIN-1919,MED-4428,34.09
laya-score,PLAIN-1919,MED-4802,41.13
laya-score,PLAIN-1919,MED-2088,35.44
laya-score,PLAIN-1919,MED-4980,34.69
laya-score,PLAIN-1919,MED-2741,33.86
laya-score,PLAIN-1929,MED-3452,34.97
laya-score,PLAIN-1929,MED-4872,34.73
laya-score,PLAIN-1929,MED-2905,35.43
laya-score,PLAIN-1929,MED-3032,36.85
laya-score,PLAIN-1929,MED-2497,34.87
laya-score,PLAIN-1929,MED-5099,34.15
laya-score,PLAIN-1929,MED-5097,37.52
laya-score,PLAIN-1929,MED-2421,35.23
laya-score,PLAIN-1929,MED-2495,36.89
laya-score,PLAIN-1929,MED-951,34.45
laya-score,PLAIN-1929,MED-4470,41.47
laya-score,PLAIN-1929,MED-3012,39.69
laya-score,PLAIN-1929,MED-3617,36.34
laya-score,PLAIN-1929,MED-1782,34.51
laya-score,PLAIN-1929,MED-980,35.1
laya-score,PLAIN-1929,MED-3785,34.6
laya-score,PLAIN-1929,MED-904,40.57
laya-score,PLAIN-1929,MED-4930,35.88
laya-score,PLAIN-1929,MED-4929,37.57
laya-score,PLAIN-1929,MED-1586,37.78
laya-score,PLAIN-1940,MED-3792,35.7
laya-score,PLAIN-1940,MED-3797,35.05
laya-score,PLAIN-1940,MED-4114,35.85
laya-score,PLAIN-1940,MED-720,35.82
laya-score,PLAIN-1940,MED-4544,35.8
laya-score,PLAIN-1940,MED-4946,34.68
laya-score,PLAIN-1940,MED-828,36.71
laya-score,PLAIN-1940,MED-1121,35.09
laya-score,PLAIN-1940,MED-1198,36.31
laya-score,PLAIN-1940,MED-3503,36.32
laya-score,PLAIN-1940,MED-2006,36.75
laya-score,PLAIN-1940,MED-1116,36.24
laya-score,PLAIN-1940,MED-829,35.2
laya-score,PLAIN-1940,MED-10,35.95
laya-score,PLAIN-1940,MED-1125,36.03
laya-score,PLAIN-1940,MED-1041,36.11
laya-score,PLAIN-1940,MED-14,37.51
laya-score,PLAIN-1940,MED-1127,34.81
laya-score,PLAIN-1940,MED-118,40.58
laya-score,PLAIN-1940,MED-1947,47.39
laya-score,PLAIN-1950,MED-912,34.32
laya-score,PLAIN-1950,MED-3904,37.7
laya-score,PLAIN-1950,MED-4250,35.5
laya-score,PLAIN-1950,MED-1950,37.65
laya-score,PLAIN-1950,MED-736,37.17
laya-score,PLAIN-1950,MED-1047,36.66
laya-score,PLAIN-1950,MED-1795,37.12
laya-score,PLAIN-1950,MED-4090,35.93
laya-score,PLAIN-1950,MED-10,45.15
laya-score,PLAIN-1950,MED-1031,60.76
laya-score,PLAIN-1950,MED-14,59.28
laya-score,PLAIN-1950,MED-4637,49.55
laya-score,PLAIN-1950,MED-118,46.06
laya-score,PLAIN-1950,MED-5005,54.13
laya-score,PLAIN-1950,MED-1038,48.82
laya-score,PLAIN-1950,MED-301,49.87
laya-score,PLAIN-1950,MED-306,46.52
laya-score,PLAIN-1950,MED-975,47.83
laya-score,PLAIN-1950,MED-329,48.12
laya-score,PLAIN-1950,MED-972,48.99
laya-score,PLAIN-1962,MED-4295,45.95
laya-score,PLAIN-1962,MED-759,53.12
laya-score,PLAIN-1962,MED-2206,54.25
laya-score,PLAIN-1962,MED-2438,47.01
laya-score,PLAIN-1962,MED-3348,59.23
laya-score,PLAIN-1962,MED-10,63.47
laya-score,PLAIN-1962,MED-3370,52.51
laya-score,PLAIN-1962,MED-14,50.29
laya-score,PLAIN-1962,MED-3359,46.74
laya-score,PLAIN-1962,MED-118,46.87
laya-score,PLAIN-1962,MED-3374,45.36
laya-score,PLAIN-1962,MED-301,44.38
laya-score,PLAIN-1962,MED-4915,46.49
laya-score,PLAIN-1962,MED-2202,47.62
laya-score,PLAIN-1962,MED-306,50.23
laya-score,PLAIN-1962,MED-329,45.79
laya-score,PLAIN-1962,MED-5070,45.04
laya-score,PLAIN-1962,MED-330,45.74
laya-score,PLAIN-1962,MED-868,48.4
laya-score,PLAIN-1962,MED-332,46.6
laya-score,PLAIN-1972,MED-1442,44.36
laya-score,PLAIN-1972,MED-691,48.51
laya-score,PLAIN-1972,MED-398,51.96
laya-score,PLAIN-1972,MED-708,56.2
laya-score,PLAIN-1972,MED-1568,60.84
laya-score,PLAIN-1972,MED-1572,53.35
laya-score,PLAIN-1972,MED-2143,51.56
laya-score,PLAIN-1972,MED-10,48.68
laya-score,PLAIN-1972,MED-4332,49.22
laya-score,PLAIN-1972,MED-14,44.97
laya-score,PLAIN-1972,MED-4075,43.81
laya-score,PLAIN-1972,MED-118,46.14
laya-score,PLAIN-1972,MED-2677,45.85
laya-score,PLAIN-1972,MED-301,54.64
laya-score,PLAIN-1972,MED-4360,56.87
laya-score,PLAIN-1972,MED-306,51.06
laya-score,PLAIN-1972,MED-4604,58.66
laya-score,PLAIN-1972,MED-1570,57.24
laya-score,PLAIN-1972,MED-329,56.26
laya-score,PLAIN-1972,MED-330,54.87
laya-score,PLAIN-1983,MED-2134,57.84
laya-score,PLAIN-1983,MED-2521,52.14
laya-score,PLAIN-1983,MED-2137,36.04
laya-score,PLAIN-1983,MED-2132,35.55
laya-score,PLAIN-1983,MED-2517,50.33
laya-score,PLAIN-1983,MED-5237,40.17
laya-score,PLAIN-1983,MED-2520,40.56
laya-score,PLAIN-1983,MED-2127,38.88
laya-score,PLAIN-1983,MED-2504,38.53
laya-score,PLAIN-1983,MED-2507,38.25
laya-score,PLAIN-1983,MED-2139,42.14
laya-score,PLAIN-1983,MED-2135,35.77
laya-score,PLAIN-1983,MED-5239,35.19
laya-score,PLAIN-1983,MED-2124,34.19
laya-score,PLAIN-1983,MED-1229,34.91
laya-score,PLAIN-1983,MED-2126,36.31
laya-score,PLAIN-1983,MED-2121,36.55
laya-score,PLAIN-1983,MED-2123,42.54
laya-score,PLAIN-1983,MED-2117,35.67
laya-score,PLAIN-1983,MED-2514,33.45
laya-score,PLAIN-1995,MED-898,36.42
laya-score,PLAIN-1995,MED-1645,35.82
laya-score,PLAIN-1995,MED-4776,36.76
laya-score,PLAIN-1995,MED-4365,37.6
laya-score,PLAIN-1995,MED-1647,35.48
laya-score,PLAIN-1995,MED-4902,35.74
laya-score,PLAIN-1995,MED-4713,38.56
laya-score,PLAIN-1995,MED-5047,36.04
laya-score,PLAIN-1995,MED-4331,35.82
laya-score,PLAIN-1995,MED-4330,36.17
laya-score,PLAIN-1995,MED-1844,36.06
laya-score,PLAIN-1995,MED-5257,48.36
laya-score,PLAIN-1995,MED-1867,37.08
laya-score,PLAIN-1995,MED-5052,37.78
laya-score,PLAIN-1995,MED-4779,35.62
laya-score,PLAIN-1995,MED-2094,35.51
laya-score,PLAIN-1995,MED-4332,41.62
laya-score,PLAIN-1995,MED-1635,34.52
laya-score,PLAIN-1995,MED-1637,35.13
laya-score,PLAIN-1995,MED-5156,34.84
laya-score,PLAIN-2009,MED-3951,35.82
laya-score,PLAIN-2009,MED-5173,35.61
laya-score,PLAIN-2009,MED-4961,36.94
laya-score,PLAIN-2009,MED-1733,37.24
laya-score,PLAIN-2009,MED-4439,38.2
laya-score,PLAIN-2009,MED-721,39.99
laya-score,PLAIN-2009,MED-731,37.9
laya-score,PLAIN-2009,MED-4839,36.44
laya-score,PLAIN-2009,MED-10,35.74
laya-score,PLAIN-2009,MED-4830,36.46
laya-score,PLAIN-2009,MED-14,37.84
laya-score,PLAIN-2009,MED-4595,36.65
laya-score,PLAIN-2009,MED-118,36.31
laya-score,PLAIN-2009,MED-4713,39.14
laya-score,PLAIN-2009,MED-1125,39.35
laya-score,PLAIN-2009,MED-301,38.85
laya-score,PLAIN-2009,MED-306,35.18
laya-score,PLAIN-2009,MED-329,34.51
laya-score,PLAIN-2009,MED-330,41.82
laya-score,PLAIN-2009,MED-332,54.35
laya-score,PLAIN-2019,MED-732,40.46
laya-score,PLAIN-2019,MED-4300,40.93
laya-score,PLAIN-2019,MED-4573,40.6
laya-score,PLAIN-2019,MED-10,44.31
laya-score,PLAIN-2019,MED-4654,37.3
laya-score,PLAIN-2019,MED-14,35.45
laya-score,PLAIN-2019,MED-2991,33.92
laya-score,PLAIN-2019,MED-118,35.76
laya-score,PLAIN-2019,MED-1750,34.8
laya-score,PLAIN-2019,MED-301,35.65
laya-score,PLAIN-2019,MED-4812,38.74
laya-score,PLAIN-2019,MED-1407,36.66
laya-score,PLAIN-2019,MED-306,36.8
laya-score,PLAIN-2019,MED-329,36.11
laya-score,PLAIN-2019,MED-5130,34.65
laya-score,PLAIN-2019,MED-330,35.0
laya-score,PLAIN-2019,MED-4960,35.37
laya-score,PLAIN-2019,MED-2116,36.72
laya-score,PLAIN-2019,MED-332,35.13
laya-score,PLAIN-2019,MED-334,38.49
laya-score,PLAIN-2030,MED-4051,35.67
laya-score,PLAIN-2030,MED-691,35.94
laya-score,PLAIN-2030,MED-692,35.44
laya-score,PLAIN-2030,MED-746,36.93
laya-score,PLAIN-2030,MED-743,36.1
laya-score,PLAIN-2030,MED-735,35.09
laya-score,PLAIN-2030,MED-2208,51.01
laya-score,PLAIN-2030,MED-2816,36.07
laya-score,PLAIN-2030,MED-3743,40.55
laya-score,PLAIN-2030,MED-10,36.48
laya-score,PLAIN-2030,MED-14,41.23
laya-score,PLAIN-2030,MED-3549,34.83
laya-score,PLAIN-2030,MED-118,36.91
laya-score,PLAIN-2030,MED-301,35.51
laya-score,PLAIN-2030,MED-3810,37.78
laya-score,PLAIN-2030,MED-1820,34.45
laya-score,PLAIN-2030,MED-306,36.39
laya-score,PLAIN-2030,MED-329,35.29
laya-score,PLAIN-2030,MED-3606,35.09
laya-score,PLAIN-2030,MED-2882,35.4
laya-score,PLAIN-2040,MED-4961,35.82
laya-score,PLAIN-2040,MED-4933,36.93
laya-score,PLAIN-2040,MED-5094,37.03
laya-score,PLAIN-2040,MED-3024,38.42
laya-score,PLAIN-2040,MED-4934,44.19
laya-score,PLAIN-2040,MED-4964,38.67
laya-score,PLAIN-2040,MED-4936,37.95
laya-score,PLAIN-2040,MED-4943,36.66
laya-score,PLAIN-2040,MED-3029,36.39
laya-score,PLAIN-2040,MED-2907,36.13
laya-score,PLAIN-2040,MED-4791,36.8
laya-score,PLAIN-2040,MED-4735,36.64
laya-score,PLAIN-2040,MED-2678,38.36
laya-score,PLAIN-2040,MED-3592,50.38
laya-score,PLAIN-2040,MED-2402,39.64
laya-score,PLAIN-2040,MED-2396,35.72
laya-score,PLAIN-2040,MED-4963,43.71
laya-score,PLAIN-2040,MED-4944,36.57
laya-score,PLAIN-2040,MED-5271,35.85
laya-score,PLAIN-2040,MED-2406,38.67
laya-score,PLAIN-2051,MED-1556,38.46
laya-score,PLAIN-2051,MED-1454,37.22
laya-score,PLAIN-2051,MED-4556,37.75
laya-score,PLAIN-2051,MED-4005,35.57
laya-score,PLAIN-2051,MED-1072,35.98
laya-score,PLAIN-2051,MED-1873,36.65
laya-score,PLAIN-2051,MED-5267,36.26
laya-score,PLAIN-2051,MED-3198,35.17
laya-score,PLAIN-2051,MED-1781,36.83
laya-score,PLAIN-2051,MED-1061,36.66
laya-score,PLAIN-2051,MED-3586,39.31
laya-score,PLAIN-2051,MED-5261,37.51
laya-score,PLAIN-2051,MED-1558,37.22
laya-score,PLAIN-2051,MED-1063,36.77
laya-score,PLAIN-2051,MED-1238,36.26
laya-score,PLAIN-2051,MED-1921,35.12
laya-score,PLAIN-2051,MED-1258,37.69
laya-score,PLAIN-2051,MED-5272,36.42
laya-score,PLAIN-2051,MED-5013,36.22
laya-score,PLAIN-2051,MED-1455,39.0
laya-score,PLAIN-2061,MED-3031,39.22
laya-score,PLAIN-2061,MED-3295,49.02
laya-score,PLAIN-2061,MED-4960,43.06
laya-score,PLAIN-2061,MED-2344,36.65
laya-score,PLAIN-2061,MED-2406,36.3
laya-score,PLAIN-2061,MED-4736,37.5
laya-score,PLAIN-2061,MED-4359,35.5
laya-score,PLAIN-2061,MED-3030,36.5
laya-score,PLAIN-2061,MED-5101,39.24
laya-score,PLAIN-2061,MED-3027,37.91
laya-score,PLAIN-2061,MED-4376,35.12
laya-score,PLAIN-2061,MED-4932,35.43
laya-score,PLAIN-2061,MED-4968,37.91
laya-score,PLAIN-2061,MED-4742,35.88
laya-score,PLAIN-2061,MED-5102,37.15
laya-score,PLAIN-2061,MED-2411,36.1
laya-score,PLAIN-2061,MED-2398,39.74
laya-score,PLAIN-2061,MED-4739,36.18
laya-score,PLAIN-2061,MED-4962,38.03
laya-score,PLAIN-2061,MED-4380,36.28
laya-score,PLAIN-2071,MED-1349,35.71
laya-score,PLAIN-2071,MED-4306,35.38
laya-score,PLAIN-2071,MED-1352,34.52
laya-score,PLAIN-2071,MED-4309,36.34
laya-score,PLAIN-2071,MED-3540,36.64
laya-score,PLAIN-2071,MED-3532,36.56
laya-score,PLAIN-2071,MED-3546,38.95
laya-score,PLAIN-2071,MED-1342,37.23
laya-score,PLAIN-2071,MED-5365,49.78
laya-score,PLAIN-2071,MED-3661,41.42
laya-score,PLAIN-2071,MED-1006,36.44
laya-score,PLAIN-2071,MED-1245,35.9
laya-score,PLAIN-2071,MED-3658,35.8
laya-score,PLAIN-2071,MED-3530,35.93
laya-score,PLAIN-2071,MED-4308,37.78
laya-score,PLAIN-2071,MED-1348,38.15
laya-score,PLAIN-2071,MED-946,36.5
laya-score,PLAIN-2071,MED-3539,35.38
laya-score,PLAIN-2071,MED-1353,37.31
laya-score,PLAIN-2071,MED-3526,36.69
laya-score,PLAIN-2081,MED-4180,36.08
laya-score,PLAIN-2081,MED-2510,36.83
laya-score,PLAIN-2081,MED-2671,36.3
laya-score,PLAIN-2081,MED-2505,42.1
laya-score,PLAIN-2081,MED-2074,35.96
laya-score,PLAIN-2081,MED-1378,36.81
laya-score,PLAIN-2081,MED-4303,37.06
laya-score,PLAIN-2081,MED-2512,35.58
laya-score,PLAIN-2081,MED-2422,35.04
laya-score,PLAIN-2081,MED-5349,35.49
laya-score,PLAIN-2081,MED-2506,35.27
laya-score,PLAIN-2081,MED-3140,36.53
laya-score,PLAIN-2081,MED-2519,37.57
laya-score,PLAIN-2081,MED-3270,36.79
laya-score,PLAIN-2081,MED-2514,36.13
laya-score,PLAIN-2081,MED-1182,38.6
laya-score,PLAIN-2081,MED-2700,51.04
laya-score,PLAIN-2081,MED-4715,36.12
laya-score,PLAIN-2081,MED-2325,35.81
laya-score,PLAIN-2081,MED-859,37.72
laya-score,PLAIN-2092,MED-1434,35.43
laya-score,PLAIN-2092,MED-1437,35.72
laya-score,PLAIN-2092,MED-1436,36.34
laya-score,PLAIN-2092,MED-1432,36.93
laya-score,PLAIN-2092,MED-1440,37.39
laya-score,PLAIN-2092,MED-10,36.12
laya-score,PLAIN-2092,MED-3475,43.1
laya-score,PLAIN-2092,MED-14,36.66
laya-score,PLAIN-2092,MED-957,36.54
laya-score,PLAIN-2092,MED-118,35.91
laya-score,PLAIN-2092,MED-2066,36.32
laya-score,PLAIN-2092,MED-301,36.41
laya-score,PLAIN-2092,MED-3490,34.64
laya-score,PLAIN-2092,MED-306,35.55
laya-score,PLAIN-2092,MED-5070,36.2
laya-score,PLAIN-2092,MED-329,38.12
laya-score,PLAIN-2092,MED-4544,40.47
laya-score,PLAIN-2092,MED-3279,35.98
laya-score,PLAIN-2092,MED-330,36.11
laya-score,PLAIN-2092,MED-3100,38.73
laya-score,PLAIN-2102,MED-1545,37.53
laya-score,PLAIN-2102,MED-2237,36.42
laya-score,PLAIN-2102,MED-5159,44.66
laya-score,PLAIN-2102,MED-3318,54.75
laya-score,PLAIN-2102,MED-3544,34.62
laya-score,PLAIN-2102,MED-1603,35.7
laya-score,PLAIN-2102,MED-3046,34.78
laya-score,PLAIN-2102,MED-3033,35.54
laya-score,PLAIN-2102,MED-5033,36.85
laya-score,PLAIN-2102,MED-3394,35.51
laya-score,PLAIN-2102,MED-1598,36.43
laya-score,PLAIN-2102,MED-1051,35.53
laya-score,PLAIN-2102,MED-759,35.76
laya-score,PLAIN-2102,MED-2176,35.6
laya-score,PLAIN-2102,MED-1211,35.74
laya-score,PLAIN-2102,MED-4555,41.64
laya-score,PLAIN-2102,MED-952,36.95
laya-score,PLAIN-2102,MED-4824,36.92
laya-score,PLAIN-2102,MED-4673,38.9
laya-score,PLAIN-2102,MED-4598,35.9
laya-score,PLAIN-2113,MED-3890,35.41
laya-score,PLAIN-2113,MED-1182,34.78
laya-score,PLAIN-2113,MED-1147,35.98
laya-score,PLAIN-2113,MED-915,36.02
laya-score,PLAIN-2113,MED-1157,35.64
laya-score,PLAIN-2113,MED-1757,36.82
laya-score,PLAIN-2113,MED-1755,35.96
laya-score,PLAIN-2113,MED-2264,35.39
laya-score,PLAIN-2113,MED-3231,35.54
laya-score,PLAIN-2113,MED-4911,36.94
laya-score,PLAIN-2113,MED-3306,38.13
laya-score,PLAIN-2113,MED-1594,50.92
laya-score,PLAIN-2113,MED-2521,36.85
laya-score,PLAIN-2113,MED-4178,37.58
laya-score,PLAIN-2113,MED-3635,36.95
laya-score,PLAIN-2113,MED-1047,38.97
laya-score,PLAIN-2113,MED-4135,37.41
laya-score,PLAIN-2113,MED-1319,37.04
laya-score,PLAIN-2113,MED-2572,38.25
laya-score,PLAIN-2113,MED-3966,37.14
laya-score,PLAIN-2124,MED-1525,37.41
laya-score,PLAIN-2124,MED-1522,36.65
laya-score,PLAIN-2124,MED-666,35.6
laya-score,PLAIN-2124,MED-746,39.7
laya-score,PLAIN-2124,MED-557,38.57
laya-score,PLAIN-2124,MED-744,42.07
laya-score,PLAIN-2124,MED-732,60.67
laya-score,PLAIN-2124,MED-828,57.82
laya-score,PLAIN-2124,MED-745,53.39
laya-score,PLAIN-2124,MED-1519,48.46
laya-score,PLAIN-2124,MED-10,61.55
laya-score,PLAIN-2124,MED-743,48.33
laya-score,PLAIN-2124,MED-1009,53.17
laya-score,PLAIN-2124,MED-14,47.45
laya-score,PLAIN-2124,MED-118,61.04
laya-score,PLAIN-2124,MED-1523,55.37
laya-score,PLAIN-2124,MED-301,47.11
laya-score,PLAIN-2124,MED-4564,47.24
laya-score,PLAIN-2124,MED-306,46.63
laya-score,PLAIN-2124,MED-4856,47.79
laya-score,PLAIN-2134,MED-691,46.09
laya-score,PLAIN-2134,MED-10,48.15
laya-score,PLAIN-2134,MED-3486,46.26
laya-score,PLAIN-2134,MED-14,48.39
laya-score,PLAIN-2134,MED-2204,53.14
laya-score,PLAIN-2134,MED-118,47.43
laya-score,PLAIN-2134,MED-4456,46.09
laya-score,PLAIN-2134,MED-301,46.41
laya-score,PLAIN-2134,MED-5064,47.15
laya-score,PLAIN-2134,MED-306,46.62
laya-score,PLAIN-2134,MED-5173,47.02
laya-score,PLAIN-2134,MED-329,50.62
laya-score,PLAIN-2134,MED-5172,53.47
laya-score,PLAIN-2134,MED-2210,46.72
laya-score,PLAIN-2134,MED-330,45.6
laya-score,PLAIN-2134,MED-332,45.03
laya-score,PLAIN-2134,MED-4870,48.84
laya-score,PLAIN-2134,MED-1247,63.1
laya-score,PLAIN-2134,MED-334,48.82
laya-score,PLAIN-2134,MED-2229,54.97
laya-score,PLAIN-2145,MED-743,56.35
laya-score,PLAIN-2145,MED-3918,53.33
laya-score,PLAIN-2145,MED-2891,50.92
laya-score,PLAIN-2145,MED-1293,49.46
laya-score,PLAIN-2145,MED-2094,55.87
laya-score,PLAIN-2145,MED-3145,47.36
laya-score,PLAIN-2145,MED-1444,46.78
laya-score,PLAIN-2145,MED-5090,44.55
laya-score,PLAIN-2145,MED-2572,48.15
laya-score,PLAIN-2145,MED-1860,61.57
laya-score,PLAIN-2145,MED-3475,59.01
laya-score,PLAIN-2145,MED-1867,60.07
laya-score,PLAIN-2145,MED-4384,59.07
laya-score,PLAIN-2145,MED-2182,55.97
laya-score,PLAIN-2145,MED-3882,54.19
laya-score,PLAIN-2145,MED-1359,59.9
laya-score,PLAIN-2145,MED-4150,39.16
laya-score,PLAIN-2145,MED-2032,49.02
laya-score,PLAIN-2145,MED-3967,37.46
laya-score,PLAIN-2145,MED-4525,36.46
laya-score,PLAIN-2156,MED-4868,35.25
laya-score,PLAIN-2156,MED-5055,36.92
laya-score,PLAIN-2156,MED-4867,37.29
laya-score,PLAIN-2156,MED-719,36.07
laya-score,PLAIN-2156,MED-724,39.11
laya-score,PLAIN-2156,MED-2439,37.5
laya-score,PLAIN-2156,MED-10,38.14
laya-score,PLAIN-2156,MED-1303,40.14
laya-score,PLAIN-2156,MED-14,42.23
laya-score,PLAIN-2156,MED-3144,39.25
laya-score,PLAIN-2156,MED-118,37.56
laya-score,PLAIN-2156,MED-4295,38.08
laya-score,PLAIN-2156,MED-301,38.36
laya-score,PLAIN-2156,MED-4833,38.17
laya-score,PLAIN-2156,MED-306,36.82
laya-score,PLAIN-2156,MED-3989,46.63
laya-score,PLAIN-2156,MED-329,38.52
laya-score,PLAIN-2156,MED-5054,39.17
laya-score,PLAIN-2156,MED-330,37.12
laya-score,PLAIN-2156,MED-939,35.12
laya-score,PLAIN-2167,MED-2488,38.59
laya-score,PLAIN-2167,MED-3001,39.26
laya-score,PLAIN-2167,MED-728,39.22
laya-score,PLAIN-2167,MED-749,40.27
laya-score,PLAIN-2167,MED-745,48.61
laya-score,PLAIN-2167,MED-2726,36.0
laya-score,PLAIN-2167,MED-10,37.76
laya-score,PLAIN-2167,MED-1744,37.06
laya-score,PLAIN-2167,MED-14,35.62
laya-score,PLAIN-2167,MED-1058,37.76
laya-score,PLAIN-2167,MED-118,39.24
laya-score,PLAIN-2167,MED-1194,37.58
laya-score,PLAIN-2167,MED-301,36.95
laya-score,PLAIN-2167,MED-1230,35.96
laya-score,PLAIN-2167,MED-306,36.34
laya-score,PLAIN-2167,MED-2489,35.59
laya-score,PLAIN-2167,MED-329,35.81
laya-score,PLAIN-2167,MED-1055,36.07
laya-score,PLAIN-2167,MED-330,40.26
laya-score,PLAIN-2167,MED-1753,38.24
laya-score,PLAIN-2177,MED-1185,37.92
laya-score,PLAIN-2177,MED-3282,41.18
laya-score,PLAIN-2177,MED-1421,37.63
laya-score,PLAIN-2177,MED-4320,36.22
laya-score,PLAIN-2177,MED-1953,38.24
laya-score,PLAIN-2177,MED-4499,36.63
laya-score,PLAIN-2177,MED-723,38.46
laya-score,PLAIN-2177,MED-3228,38.99
laya-score,PLAIN-2177,MED-1418,37.77
laya-score,PLAIN-2177,MED-2067,37.55
laya-score,PLAIN-2177,MED-4206,43.71
laya-score,PLAIN-2177,MED-4687,46.21
laya-score,PLAIN-2177,MED-1420,38.39
laya-score,PLAIN-2177,MED-4733,37.54
laya-score,PLAIN-2177,MED-10,37.66
laya-score,PLAIN-2177,MED-4055,40.8
laya-score,PLAIN-2177,MED-1184,40.71
laya-score,PLAIN-2177,MED-14,37.44
laya-score,PLAIN-2177,MED-118,39.51
laya-score,PLAIN-2177,MED-2068,39.73
laya-score,PLAIN-2187,MED-1248,36.74
laya-score,PLAIN-2187,MED-1244,38.41
laya-score,PLAIN-2187,MED-720,37.25
laya-score,PLAIN-2187,MED-557,35.14
laya-score,PLAIN-2187,MED-713,38.14
laya-score,PLAIN-2187,MED-843,41.71
laya-score,PLAIN-2187,MED-721,43.6
laya-score,PLAIN-2187,MED-2203,40.25
laya-score,PLAIN-2187,MED-10,38.32
laya-score,PLAIN-2187,MED-1009,37.73
laya-score,PLAIN-2187,MED-1041,40.27
laya-score,PLAIN-2187,MED-14,37.88
laya-score,PLAIN-2187,MED-118,40.62
laya-score,PLAIN-2187,MED-4544,39.94
laya-score,PLAIN-2187,MED-301,37.13
laya-score,PLAIN-2187,MED-949,40.81
laya-score,PLAIN-2187,MED-306,39.22
laya-score,PLAIN-2187,MED-329,50.44
laya-score,PLAIN-2187,MED-4156,37.75
laya-score,PLAIN-2187,MED-330,37.08
laya-score,PLAIN-2197,MED-5054,39.63
laya-score,PLAIN-2197,MED-1625,37.89
laya-score,PLAIN-2197,MED-5056,36.31
laya-score,PLAIN-2197,MED-4868,36.95
laya-score,PLAIN-2197,MED-5053,37.23
laya-score,PLAIN-2197,MED-1627,39.04
laya-score,PLAIN-2197,MED-4120,38.19
laya-score,PLAIN-2197,MED-5057,35.81
laya-score,PLAIN-2197,MED-719,37.35
laya-score,PLAIN-2197,MED-724,38.2
laya-score,PLAIN-2197,MED-3535,36.01
laya-score,PLAIN-2197,MED-3810,39.57
laya-score,PLAIN-2197,MED-4604,40.12
laya-score,PLAIN-2197,MED-4028,37.89
laya-score,PLAIN-2197,MED-4822,37.32
laya-score,PLAIN-2197,MED-1708,36.2
laya-score,PLAIN-2197,MED-1531,37.2
laya-score,PLAIN-2197,MED-1707,38.93
laya-score,PLAIN-2197,MED-1620,44.88
laya-score,PLAIN-2197,MED-866,38.69
laya-score,PLAIN-2209,MED-733,37.95
laya-score,PLAIN-2209,MED-748,38.44
laya-score,PLAIN-2209,MED-828,37.41
laya-score,PLAIN-2209,MED-744,49.37
laya-score,PLAIN-2209,MED-10,40.02
laya-score,PLAIN-2209,MED-4236,36.95
laya-score,PLAIN-2209,MED-14,40.33
laya-score,PLAIN-2209,MED-3519,35.49
laya-score,PLAIN-2209,MED-118,42.06
laya-score,PLAIN-2209,MED-3808,56.62
laya-score,PLAIN-2209,MED-301,44.64
laya-score,PLAIN-2209,MED-3533,39.67
laya-score,PLAIN-2209,MED-826,39.1
laya-score,PLAIN-2209,MED-306,35.95
laya-score,PLAIN-2209,MED-4792,44.62
laya-score,PLAIN-2209,MED-2520,37.85
laya-score,PLAIN-2209,MED-329,40.59
laya-score,PLAIN-2209,MED-330,36.72
laya-score,PLAIN-2209,MED-5237,37.48
laya-score,PLAIN-2209,MED-2130,36.84
laya-score,PLAIN-2220,MED-4976,38.25
laya-score,PLAIN-2220,MED-4816,38.47
laya-score,PLAIN-2220,MED-10,38.9
laya-score,PLAIN-2220,MED-4959,44.23
laya-score,PLAIN-2220,MED-14,36.84
laya-score,PLAIN-2220,MED-1568,40.98
laya-score,PLAIN-2220,MED-118,40.02
laya-score,PLAIN-2220,MED-2422,37.33
laya-score,PLAIN-2220,MED-301,39.12
laya-score,PLAIN-2220,MED-5002,49.91
laya-score,PLAIN-2220,MED-306,37.67
laya-score,PLAIN-2220,MED-4264,41.21
laya-score,PLAIN-2220,MED-329,36.53
laya-score,PLAIN-2220,MED-4972,36.78
laya-score,PLAIN-2220,MED-330,36.53
laya-score,PLAIN-2220,MED-3973,42.99
laya-score,PLAIN-2220,MED-332,35.66
laya-score,PLAIN-2220,MED-4663,36.78
laya-score,PLAIN-2220,MED-334,35.87
laya-score,PLAIN-2220,MED-958,42.34
laya-score,PLAIN-2230,MED-4872,37.87
laya-score,PLAIN-2230,MED-713,40.66
laya-score,PLAIN-2230,MED-5165,36.69
laya-score,PLAIN-2230,MED-557,37.26
laya-score,PLAIN-2230,MED-3951,35.36
laya-score,PLAIN-2230,MED-3493,35.95
laya-score,PLAIN-2230,MED-4716,36.44
laya-score,PLAIN-2230,MED-10,49.45
laya-score,PLAIN-2230,MED-3821,39.06
laya-score,PLAIN-2230,MED-14,36.08
laya-score,PLAIN-2230,MED-2992,36.97
laya-score,PLAIN-2230,MED-118,37.57
laya-score,PLAIN-2230,MED-4546,39.21
laya-score,PLAIN-2230,MED-301,37.32
laya-score,PLAIN-2230,MED-4958,43.7
laya-score,PLAIN-2230,MED-2172,54.16
laya-score,PLAIN-2230,MED-306,39.33
laya-score,PLAIN-2230,MED-329,35.99
laya-score,PLAIN-2230,MED-862,36.73
laya-score,PLAIN-2230,MED-330,37.16
laya-score,PLAIN-2240,MED-3969,36.31
laya-score,PLAIN-2240,MED-3970,37.07
laya-score,PLAIN-2240,MED-895,36.7
laya-score,PLAIN-2240,MED-3963,35.81
laya-score,PLAIN-2240,MED-723,37.64
laya-score,PLAIN-2240,MED-1844,37.49
laya-score,PLAIN-2240,MED-5059,37.23
laya-score,PLAIN-2240,MED-2643,38.35
laya-score,PLAIN-2240,MED-3960,41.67
laya-score,PLAIN-2240,MED-3964,40.62
laya-score,PLAIN-2240,MED-4025,38.21
laya-score,PLAIN-2240,MED-944,39.25
laya-score,PLAIN-2240,MED-1185,38.96
laya-score,PLAIN-2240,MED-859,40.14
laya-score,PLAIN-2240,MED-1161,37.23
laya-score,PLAIN-2240,MED-1850,38.34
laya-score,PLAIN-2240,MED-10,39.27
laya-score,PLAIN-2240,MED-3606,38.42
laya-score,PLAIN-2240,MED-14,36.81
laya-score,PLAIN-2240,MED-4315,39.37
laya-score,PLAIN-2250,MED-2346,38.63
laya-score,PLAIN-2250,MED-5024,42.42
laya-score,PLAIN-2250,MED-2210,53.32
laya-score,PLAIN-2250,MED-731,36.07
laya-score,PLAIN-2250,MED-5094,38.3
laya-score,PLAIN-2250,MED-3175,37.84
laya-score,PLAIN-2250,MED-2345,42.32
laya-score,PLAIN-2250,MED-4819,37.3
laya-score,PLAIN-2250,MED-3311,39.19
laya-score,PLAIN-2250,MED-4959,36.78
laya-score,PLAIN-2250,MED-4437,40.59
laya-score,PLAIN-2250,MED-4963,37.49
laya-score,PLAIN-2250,MED-957,43.5
laya-score,PLAIN-2250,MED-10,40.37
laya-score,PLAIN-2250,MED-4811,37.22
laya-score,PLAIN-2250,MED-14,38.37
laya-score,PLAIN-2250,MED-4360,37.02
laya-score,PLAIN-2250,MED-118,37.57
laya-score,PLAIN-2250,MED-1568,37.73
laya-score,PLAIN-2250,MED-301,43.16
laya-score,PLAIN-2261,MED-3599,38.01
laya-score,PLAIN-2261,MED-3352,37.54
laya-score,PLAIN-2261,MED-1558,36.26
laya-score,PLAIN-2261,MED-4556,36.99
laya-score,PLAIN-2261,MED-3597,40.13
laya-score,PLAIN-2261,MED-3598,38.77
laya-score,PLAIN-2261,MED-1552,37.55
laya-score,PLAIN-2261,MED-2850,39.0
laya-score,PLAIN-2261,MED-5286,55.09
laya-score,PLAIN-2261,MED-861,38.88
laya-score,PLAIN-2261,MED-1921,36.61
laya-score,PLAIN-2261,MED-1930,38.48
laya-score,PLAIN-2261,MED-5193,39.45
laya-score,PLAIN-2261,MED-1874,40.99
laya-score,PLAIN-2261,MED-2432,41.83
laya-score,PLAIN-2261,MED-4154,40.23
laya-score,PLAIN-2261,MED-5267,40.34
laya-score,PLAIN-2261,MED-4600,39.53
laya-score,PLAIN-2261,MED-1062,39.43
laya-score,PLAIN-2261,MED-5312,38.45
laya-score,PLAIN-2271,MED-727,39.39
laya-score,PLAIN-2271,MED-731,36.8
laya-score,PLAIN-2271,MED-761,40.32
laya-score,PLAIN-2271,MED-762,40.38
laya-score,PLAIN-2271,MED-749,39.88
laya-score,PLAIN-2271,MED-734,40.47
laya-score,PLAIN-2271,MED-10,37.8
laya-score,PLAIN-2271,MED-2743,40.16
laya-score,PLAIN-2271,MED-14,38.66
laya-score,PLAIN-2271,MED-2360,37.74
laya-score,PLAIN-2271,MED-118,39.33
laya-score,PLAIN-2271,MED-301,38.39
laya-score,PLAIN-2271,MED-3636,38.79
laya-score,PLAIN-2271,MED-1276,43.82
laya-score,PLAIN-2271,MED-306,46.48
laya-score,PLAIN-2271,MED-1016,35.12
laya-score,PLAIN-2271,MED-329,37.19
laya-score,PLAIN-2271,MED-330,36.18
laya-score,PLAIN-2271,MED-3623,36.61
laya-score,PLAIN-2271,MED-3288,35.51
laya-score,PLAIN-2281,MED-719,38.71
laya-score,PLAIN-2281,MED-724,42.02
laya-score,PLAIN-2281,MED-754,41.31
laya-score,PLAIN-2281,MED-10,45.03
laya-score,PLAIN-2281,MED-2274,39.32
laya-score,PLAIN-2281,MED-14,38.35
laya-score,PLAIN-2281,MED-4654,38.17
laya-score,PLAIN-2281,MED-118,36.69
laya-score,PLAIN-2281,MED-3370,37.13
laya-score,PLAIN-2281,MED-2206,45.11
laya-score,PLAIN-2281,MED-301,61.42
laya-score,PLAIN-2281,MED-306,62.25
laya-score,PLAIN-2281,MED-4972,55.05
laya-score,PLAIN-2281,MED-329,48.27
laya-score,PLAIN-2281,MED-4201,55.47
laya-score,PLAIN-2281,MED-2135,48.37
laya-score,PLAIN-2281,MED-330,52.0
laya-score,PLAIN-2281,MED-2323,58.44
laya-score,PLAIN-2281,MED-332,55.56
laya-score,PLAIN-2281,MED-334,51.42
laya-score,PLAIN-2291,MED-4554,47.7
laya-score,PLAIN-2291,MED-2285,48.59
laya-score,PLAIN-2291,MED-1600,44.81
laya-score,PLAIN-2291,MED-3085,52.0
laya-score,PLAIN-2291,MED-4493,47.37
laya-score,PLAIN-2291,MED-2185,45.77
laya-score,PLAIN-2291,MED-1650,43.16
laya-score,PLAIN-2291,MED-3738,46.83
laya-score,PLAIN-2291,MED-4523,53.17
laya-score,PLAIN-2291,MED-4144,45.0
laya-score,PLAIN-2291,MED-1693,47.67
laya-score,PLAIN-2291,MED-2572,48.67
laya-score,PLAIN-2291,MED-2726,46.95
laya-score,PLAIN-2291,MED-5063,45.93
laya-score,PLAIN-2291,MED-2991,46.82
laya-score,PLAIN-2291,MED-2206,46.22
laya-score,PLAIN-2291,MED-4878,51.7
laya-score,PLAIN-2291,MED-2020,47.86
laya-score,PLAIN-2291,MED-4149,43.86
laya-score,PLAIN-2291,MED-335,49.98
laya-score,PLAIN-2301,MED-2122,52.13
laya-score,PLAIN-2301,MED-4160,48.04
laya-score,PLAIN-2301,MED-3703,51.49
laya-score,PLAIN-2301,MED-4941,57.18
laya-score,PLAIN-2301,MED-2208,63.82
laya-score,PLAIN-2301,MED-557,58.79
laya-score,PLAIN-2301,MED-1546,52.71
laya-score,PLAIN-2301,MED-1586,50.01
laya-score,PLAIN-2301,MED-1721,54.66
laya-score,PLAIN-2301,MED-762,50.86
laya-score,PLAIN-2301,MED-1213,46.93
laya-score,PLAIN-2301,MED-3504,47.49
laya-score,PLAIN-2301,MED-1451,51.59
laya-score,PLAIN-2301,MED-3798,63.32
laya-score,PLAIN-2301,MED-716,61.72
laya-score,PLAIN-2301,MED-1542,57.01
laya-score,PLAIN-2301,MED-4157,62.0
laya-score,PLAIN-2301,MED-4598,63.18
laya-score,PLAIN-2301,MED-5186,56.07
laya-score,PLAIN-2301,MED-4486,70.04
laya-score,PLAIN-2311,MED-722,54.61
laya-score,PLAIN-2311,MED-744,38.97
laya-score,PLAIN-2311,MED-1016,36.06
laya-score,PLAIN-2311,MED-4801,38.75
laya-score,PLAIN-2311,MED-743,37.18
laya-score,PLAIN-2311,MED-1165,34.95
laya-score,PLAIN-2311,MED-4544,37.2
laya-score,PLAIN-2311,MED-1303,38.06
laya-score,PLAIN-2311,MED-1978,37.63
laya-score,PLAIN-2311,MED-10,36.31
laya-score,PLAIN-2311,MED-746,38.04
laya-score,PLAIN-2311,MED-14,37.14
laya-score,PLAIN-2311,MED-2116,37.92
laya-score,PLAIN-2311,MED-118,35.87
laya-score,PLAIN-2311,MED-941,37.96
laya-score,PLAIN-2311,MED-301,36.47
laya-score,PLAIN-2311,MED-3552,35.57
laya-score,PLAIN-2311,MED-306,36.91
laya-score,PLAIN-2311,MED-4300,36.54
laya-score,PLAIN-2311,MED-329,39.94
laya-score,PLAIN-2321,MED-2991,36.72
laya-score,PLAIN-2321,MED-4800,38.66
laya-score,PLAIN-2321,MED-2492,38.23
laya-score,PLAIN-2321,MED-1801,38.74
laya-score,PLAIN-2321,MED-3086,37.22
laya-score,PLAIN-2321,MED-1797,36.39
laya-score,PLAIN-2321,MED-2745,54.44
laya-score,PLAIN-2321,MED-4428,43.69
laya-score,PLAIN-2321,MED-1610,37.46
laya-score,PLAIN-2321,MED-2736,39.33
laya-score,PLAIN-2321,MED-4626,41.02
laya-score,PLAIN-2321,MED-4427,37.96
laya-score,PLAIN-2321,MED-3889,36.92
laya-score,PLAIN-2321,MED-3651,38.33
laya-score,PLAIN-2321,MED-4429,36.85
laya-score,PLAIN-2321,MED-1962,34.57
laya-score,PLAIN-2321,MED-5101,34.83
laya-score,PLAIN-2321,MED-1956,37.49
laya-score,PLAIN-2321,MED-4769,35.89
laya-score,PLAIN-2321,MED-3891,35.52
laya-score,PLAIN-2332,MED-4766,35.94
laya-score,PLAIN-2332,MED-1798,35.15
laya-score,PLAIN-2332,MED-3509,35.0
laya-score,PLAIN-2332,MED-5281,36.42
laya-score,PLAIN-2332,MED-4564,35.2
laya-score,PLAIN-2332,MED-4815,37.19
laya-score,PLAIN-2332,MED-3292,36.01
laya-score,PLAIN-2332,MED-3309,36.9
laya-score,PLAIN-2332,MED-4118,36.74
laya-score,PLAIN-2332,MED-1803,37.96
laya-score,PLAIN-2332,MED-1808,37.04
laya-score,PLAIN-2332,MED-4962,36.23
laya-score,PLAIN-2332,MED-3974,36.52
laya-score,PLAIN-2332,MED-3559,45.87
laya-score,PLAIN-2332,MED-3683,44.59
laya-score,PLAIN-2332,MED-3558,34.95
laya-score,PLAIN-2332,MED-4136,35.68
laya-score,PLAIN-2332,MED-3760,35.87
laya-score,PLAIN-2332,MED-1484,36.42
laya-score,PLAIN-2332,MED-3655,36.33
laya-score,PLAIN-2343,MED-4872,37.77
laya-score,PLAIN-2343,MED-5131,38.27
laya-score,PLAIN-2343,MED-4724,37.17
laya-score,PLAIN-2343,MED-3986,37.02
laya-score,PLAIN-2343,MED-922,38.17
laya-score,PLAIN-2343,MED-714,36.48
laya-score,PLAIN-2343,MED-3988,39.04
laya-score,PLAIN-2343,MED-716,37.25
laya-score,PLAIN-2343,MED-859,37.5
laya-score,PLAIN-2343,MED-3157,38.17
laya-score,PLAIN-2343,MED-4573,38.7
laya-score,PLAIN-2343,MED-5209,39.59
laya-score,PLAIN-2343,MED-4566,37.83
laya-score,PLAIN-2343,MED-3985,37.82
laya-score,PLAIN-2343,MED-3990,38.07
laya-score,PLAIN-2343,MED-5129,37.66
laya-score,PLAIN-2343,MED-921,38.53
laya-score,PLAIN-2343,MED-5216,37.19
laya-score,PLAIN-2343,MED-4866,36.28
laya-score,PLAIN-2343,MED-962,38.82
laya-score,PLAIN-2354,MED-4303,54.62
laya-score,PLAIN-2354,MED-2152,36.81
laya-score,PLAIN-2354,MED-4302,37.54
laya-score,PLAIN-2354,MED-5153,36.23
laya-score,PLAIN-2354,MED-4705,36.32
laya-score,PLAIN-2354,MED-4708,38.97
laya-score,PLAIN-2354,MED-2379,36.83
laya-score,PLAIN-2354,MED-2378,36.0
laya-score,PLAIN-2354,MED-4249,35.66
laya-score,PLAIN-2354,MED-4709,37.76
laya-score,PLAIN-2354,MED-1499,36.26
laya-score,PLAIN-2354,MED-1386,34.66
laya-score,PLAIN-2354,MED-2711,37.16
laya-score,PLAIN-2354,MED-1785,43.15
laya-score,PLAIN-2354,MED-3662,35.2
laya-score,PLAIN-2354,MED-1443,36.67
laya-score,PLAIN-2354,MED-1390,38.83
laya-score,PLAIN-2354,MED-2597,35.73
laya-score,PLAIN-2354,MED-5016,38.65
laya-score,PLAIN-2354,MED-4443,35.3
laya-score,PLAIN-2364,MED-5004,36.93
laya-score,PLAIN-2364,MED-4261,36.22
laya-score,PLAIN-2364,MED-2721,35.52
laya-score,PLAIN-2364,MED-4707,36.51
laya-score,PLAIN-2364,MED-1807,36.35
laya-score,PLAIN-2364,MED-4152,38.1
laya-score,PLAIN-2364,MED-4764,35.45
laya-score,PLAIN-2364,MED-4291,35.8
laya-score,PLAIN-2364,MED-1365,48.25
laya-score,PLAIN-2364,MED-939,37.24
laya-score,PLAIN-2364,MED-2717,36.95
laya-score,PLAIN-2364,MED-2718,37.46
laya-score,PLAIN-2364,MED-1305,36.75
laya-score,PLAIN-2364,MED-3751,37.21
laya-score,PLAIN-2364,MED-5323,35.82
laya-score,PLAIN-2364,MED-1873,35.13
laya-score,PLAIN-2364,MED-4286,37.14
laya-score,PLAIN-2364,MED-3050,35.69
laya-score,PLAIN-2364,MED-3492,35.92
laya-score,PLAIN-2364,MED-1445,34.94
laya-score,PLAIN-2375,MED-743,36.51
laya-score,PLAIN-2375,MED-10,35.98
laya-score,PLAIN-2375,MED-862,36.43
laya-score,PLAIN-2375,MED-14,35.86
laya-score,PLAIN-2375,MED-2572,34.78
laya-score,PLAIN-2375,MED-118,38.09
laya-score,PLAIN-2375,MED-5130,36.08
laya-score,PLAIN-2375,MED-301,37.05
laya-score,PLAIN-2375,MED-3153,40.94
laya-score,PLAIN-2375,MED-2999,38.03
laya-score,PLAIN-2375,MED-306,39.41
laya-score,PLAIN-2375,MED-1047,38.91
laya-score,PLAIN-2375,MED-329,41.96
laya-score,PLAIN-2375,MED-330,44.13
laya-score,PLAIN-2375,MED-976,38.04
laya-score,PLAIN-2375,MED-2093,54.01
laya-score,PLAIN-2375,MED-332,37.48
laya-score,PLAIN-2375,MED-334,39.97
laya-score,PLAIN-2375,MED-3601,38.45
laya-score,PLAIN-2375,MED-2094,39.92
laya-score,PLAIN-2386,MED-2346,39.16
laya-score,PLAIN-2386,MED-2510,38.02
laya-score,PLAIN-2386,MED-731,38.76
laya-score,PLAIN-2386,MED-5094,38.68
laya-score,PLAIN-2386,MED-1724,39.81
laya-score,PLAIN-2386,MED-4963,39.31
laya-score,PLAIN-2386,MED-10,36.53
laya-score,PLAIN-2386,MED-3175,38.61
laya-score,PLAIN-2386,MED-14,37.82
laya-score,PLAIN-2386,MED-4198,37.48
laya-score,PLAIN-2386,MED-118,38.04
laya-score,PLAIN-2386,MED-4742,35.65
laya-score,PLAIN-2386,MED-301,35.43
laya-score,PLAIN-2386,MED-4812,35.3
laya-score,PLAIN-2386,MED-2345,34.35
laya-score,PLAIN-2386,MED-306,35.78
laya-score,PLAIN-2386,MED-329,34.48
laya-score,PLAIN-2386,MED-330,34.3
laya-score,PLAIN-2386,MED-332,36.63
laya-score,PLAIN-2386,MED-4959,42.28
laya-score,PLAIN-2396,MED-761,35.28
laya-score,PLAIN-2396,MED-762,35.6
laya-score,PLAIN-2396,MED-749,50.23
laya-score,PLAIN-2396,MED-727,37.0
laya-score,PLAIN-2396,MED-10,37.95
laya-score,PLAIN-2396,MED-743,38.33
laya-score,PLAIN-2396,MED-14,35.84
laya-score,PLAIN-2396,MED-1544,35.36
laya-score,PLAIN-2396,MED-118,37.21
laya-score,PLAIN-2396,MED-1351,36.55
laya-score,PLAIN-2396,MED-301,35.31
laya-score,PLAIN-2396,MED-3604,35.56
laya-score,PLAIN-2396,MED-306,35.39
laya-score,PLAIN-2396,MED-5343,35.4
laya-score,PLAIN-2396,MED-329,36.12
laya-score,PLAIN-2396,MED-4674,37.03
laya-score,PLAIN-2396,MED-846,36.31
laya-score,PLAIN-2396,MED-330,38.19
laya-score,PLAIN-2396,MED-4599,35.89
laya-score,PLAIN-2396,MED-3001,36.36
laya-score,PLAIN-2408,MED-691,40.03
laya-score,PLAIN-2408,MED-702,40.26
laya-score,PLAIN-2408,MED-743,40.0
laya-score,PLAIN-2408,MED-10,35.37
laya-score,PLAIN-2408,MED-3540,36.81
laya-score,PLAIN-2408,MED-1353,40.78
laya-score,PLAIN-2408,MED-14,40.44
laya-score,PLAIN-2408,MED-118,37.34
laya-score,PLAIN-2408,MED-1577,37.51
laya-score,PLAIN-2408,MED-1345,50.7
laya-score,PLAIN-2408,MED-301,37.1
laya-score,PLAIN-2408,MED-1344,38.43
laya-score,PLAIN-2408,MED-306,35.88
laya-score,PLAIN-2408,MED-329,36.13
laya-score,PLAIN-2408,MED-1010,34.93
laya-score,PLAIN-2408,MED-330,35.77
laya-score,PLAIN-2408,MED-332,35.09
laya-score,PLAIN-2408,MED-4987,36.88
laya-score,PLAIN-2408,MED-1347,42.12
laya-score,PLAIN-2408,MED-334,36.4
laya-score,PLAIN-2430,MED-994,34.92
laya-score,PLAIN-2430,MED-980,37.09
laya-score,PLAIN-2430,MED-986,35.48
laya-score,PLAIN-2430,MED-1505,38.87
laya-score,PLAIN-2430,MED-3452,35.23
laya-score,PLAIN-2430,MED-2664,36.21
laya-score,PLAIN-2430,MED-4872,35.73
laya-score,PLAIN-2430,MED-990,35.21
laya-score,PLAIN-2430,MED-5128,36.17
laya-score,PLAIN-2430,MED-988,35.95
laya-score,PLAIN-2430,MED-3785,35.07
laya-score,PLAIN-2430,MED-5135,38.4
laya-score,PLAIN-2430,MED-951,35.57
laya-score,PLAIN-2430,MED-3173,36.8
laya-score,PLAIN-2430,MED-2888,37.72
laya-score,PLAIN-2430,MED-2946,37.93
laya-score,PLAIN-2430,MED-5131,37.48
laya-score,PLAIN-2430,MED-5071,51.27
laya-score,PLAIN-2430,MED-4926,39.27
laya-score,PLAIN-2430,MED-3617,37.33
laya-score,PLAIN-2440,MED-1792,36.21
laya-score,PLAIN-2440,MED-5019,37.26
laya-score,PLAIN-2440,MED-5082,37.19
laya-score,PLAIN-2440,MED-3908,36.1
laya-score,PLAIN-2440,MED-4590,37.57
laya-score,PLAIN-2440,MED-4089,37.44
laya-score,PLAIN-2440,MED-4580,36.43
laya-score,PLAIN-2440,MED-4267,39.05
laya-score,PLAIN-2440,MED-4862,38.46
laya-score,PLAIN-2440,MED-2448,37.44
laya-score,PLAIN-2440,MED-4414,39.39
laya-score,PLAIN-2440,MED-2997,37.43
laya-score,PLAIN-2440,MED-4136,35.45
laya-score,PLAIN-2440,MED-2491,35.52
laya-score,PLAIN-2440,MED-1053,38.27
laya-score,PLAIN-2440,MED-2476,36.06
laya-score,PLAIN-2440,MED-5041,37.45
laya-score,PLAIN-2440,MED-2305,39.2
laya-score,PLAIN-2440,MED-2999,43.31
laya-score,PLAIN-2440,MED-2450,37.28
laya-score,PLAIN-2450,MED-1179,37.68
laya-score,PLAIN-2450,MED-1178,39.95
laya-score,PLAIN-2450,MED-1140,41.45
laya-score,PLAIN-2450,MED-1144,43.54
laya-score,PLAIN-2450,MED-1151,45.04
laya-score,PLAIN-2450,MED-1181,37.84
laya-score,PLAIN-2450,MED-1173,38.16
laya-score,PLAIN-2450,MED-1162,39.2
laya-score,PLAIN-2450,MED-1149,37.06
laya-score,PLAIN-2450,MED-1150,38.33
laya-score,PLAIN-2450,MED-1182,36.68
laya-score,PLAIN-2450,MED-1148,36.44
laya-score,PLAIN-2450,MED-1143,37.23
laya-score,PLAIN-2450,MED-1169,39.44
laya-score,PLAIN-2450,MED-2407,41.56
laya-score,PLAIN-2450,MED-1164,42.82
laya-score,PLAIN-2450,MED-1174,39.07
laya-score,PLAIN-2450,MED-2738,38.0
laya-score,PLAIN-2450,MED-1743,37.37
laya-score,PLAIN-2450,MED-2494,37.07
laya-score,PLAIN-2460,MED-1062,38.53
laya-score,PLAIN-2460,MED-1063,37.41
laya-score,PLAIN-2460,MED-5228,43.08
laya-score,PLAIN-2460,MED-1236,66.22
laya-score,PLAIN-2460,MED-1468,61.68
laya-score,PLAIN-2460,MED-1681,52.53
laya-score,PLAIN-2460,MED-4333,45.65
laya-score,PLAIN-2460,MED-1672,61.14
laya-score,PLAIN-2460,MED-5286,63.69
laya-score,PLAIN-2460,MED-1237,54.96
laya-score,PLAIN-2460,MED-2396,46.8
laya-score,PLAIN-2460,MED-4985,52.32
laya-score,PLAIN-2460,MED-1999,47.4
laya-score,PLAIN-2460,MED-4984,46.44
laya-score,PLAIN-2460,MED-5261,48.38
laya-score,PLAIN-2460,MED-4101,45.64
laya-score,PLAIN-2460,MED-1323,50.05
laya-score,PLAIN-2460,MED-4292,44.29
laya-score,PLAIN-2460,MED-2002,46.67
laya-score,PLAIN-2460,MED-1541,46.47
laya-score,PLAIN-2470,MED-1337,43.01
laya-score,PLAIN-2470,MED-2917,56.85
laya-score,PLAIN-2470,MED-4682,51.83
laya-score,PLAIN-2470,MED-1768,49.72
laya-score,PLAIN-2470,MED-2772,48.87
laya-score,PLAIN-2470,MED-4751,47.1
laya-score,PLAIN-2470,MED-5189,47.95
laya-score,PLAIN-2470,MED-1338,51.37
laya-score,PLAIN-2470,MED-2771,47.15
laya-score,PLAIN-2470,MED-4897,48.89
laya-score,PLAIN-2470,MED-1340,54.99
laya-score,PLAIN-2470,MED-1229,53.11
laya-score,PLAIN-2470,MED-2123,52.07
laya-score,PLAIN-2470,MED-1223,46.5
laya-score,PLAIN-2470,MED-904,48.12
laya-score,PLAIN-2470,MED-4899,47.25
laya-score,PLAIN-2470,MED-2136,47.05
laya-score,PLAIN-2470,MED-4902,59.37
laya-score,PLAIN-2470,MED-1224,60.28
laya-score,PLAIN-2470,MED-2653,55.22
laya-score,PLAIN-2480,MED-3964,43.72
laya-score,PLAIN-2480,MED-1187,45.64
laya-score,PLAIN-2480,MED-2811,51.56
laya-score,PLAIN-2480,MED-2782,49.18
laya-score,PLAIN-2480,MED-1582,44.99
laya-score,PLAIN-2480,MED-1576,47.17
laya-score,PLAIN-2480,MED-4628,52.83
laya-score,PLAIN-2480,MED-1184,60.22
laya-score,PLAIN-2480,MED-3496,56.21
laya-score,PLAIN-2480,MED-3970,57.24
laya-score,PLAIN-2480,MED-1039,58.69
laya-score,PLAIN-2480,MED-1421,66.72
laya-score,PLAIN-2480,MED-5204,59.09
laya-score,PLAIN-2480,MED-2021,62.82
laya-score,PLAIN-2480,MED-3501,43.29
laya-score,PLAIN-2480,MED-736,40.33
laya-score,PLAIN-2480,MED-3106,36.73
laya-score,PLAIN-2480,MED-1118,36.62
laya-score,PLAIN-2480,MED-3961,36.11
laya-score,PLAIN-2480,MED-4084,35.12
laya-score,PLAIN-2490,MED-3055,36.48
laya-score,PLAIN-2490,MED-3249,39.7
laya-score,PLAIN-2490,MED-2717,45.65
laya-score,PLAIN-2490,MED-3931,44.25
laya-score,PLAIN-2490,MED-2529,37.43
laya-score,PLAIN-2490,MED-2527,36.68
laya-score,PLAIN-2490,MED-1617,36.12
laya-score,PLAIN-2490,MED-1490,36.27
laya-score,PLAIN-2490,MED-2112,37.16
laya-score,PLAIN-2490,MED-1374,39.86
laya-score,PLAIN-2490,MED-1488,35.68
laya-score,PLAIN-2490,MED-1354,34.88
laya-score,PLAIN-2490,MED-1709,36.5
laya-score,PLAIN-2490,MED-2586,38.17
laya-score,PLAIN-2490,MED-3089,36.82
laya-score,PLAIN-2490,MED-1486,36.03
laya-score,PLAIN-2490,MED-2594,35.12
laya-score,PLAIN-2490,MED-5287,49.86
laya-score,PLAIN-2490,MED-1192,37.88
laya-score,PLAIN-2490,MED-4301,35.19
laya-score,PLAIN-2500,MED-1556,35.27
laya-score,PLAIN-2500,MED-1366,36.96
laya-score,PLAIN-2500,MED-1558,35.63
laya-score,PLAIN-2500,MED-1454,35.93
laya-score,PLAIN-2500,MED-1063,34.79
laya-score,PLAIN-2500,MED-4556,35.35
laya-score,PLAIN-2500,MED-5267,37.76
laya-score,PLAIN-2500,MED-1873,35.21
laya-score,PLAIN-2500,MED-3198,34.43
laya-score,PLAIN-2500,MED-1557,42.0
laya-score,PLAIN-2500,MED-1072,35.29
laya-score,PLAIN-2500,MED-4005,37.54
laya-score,PLAIN-2500,MED-1238,35.53
laya-score,PLAIN-2500,MED-1801,35.98
laya-score,PLAIN-2500,MED-3791,36.9
laya-score,PLAIN-2500,MED-5013,36.1
laya-score,PLAIN-2500,MED-4709,37.43
laya-score,PLAIN-2500,MED-5272,37.71
laya-score,PLAIN-2500,MED-2765,36.33
laya-score,PLAIN-2500,MED-1554,36.64
laya-score,PLAIN-2510,MED-1640,35.43
laya-score,PLAIN-2510,MED-878,37.22
laya-score,PLAIN-2510,MED-1648,36.96
laya-score,PLAIN-2510,MED-1642,39.01
laya-score,PLAIN-2510,MED-1649,36.46
laya-score,PLAIN-2510,MED-1639,51.2
laya-score,PLAIN-2510,MED-1638,36.19
laya-score,PLAIN-2510,MED-1645,35.65
laya-score,PLAIN-2510,MED-2155,37.9
laya-score,PLAIN-2510,MED-5244,38.28
laya-score,PLAIN-2510,MED-5249,38.1
laya-score,PLAIN-2510,MED-1647,37.04
laya-score,PLAIN-2510,MED-1641,37.32
laya-score,PLAIN-2510,MED-5013,36.66
laya-score,PLAIN-2510,MED-1636,37.18
laya-score,PLAIN-2510,MED-5259,40.28
laya-score,PLAIN-2510,MED-1621,40.82
laya-score,PLAIN-2510,MED-1643,36.62
laya-score,PLAIN-2510,MED-5256,36.47
laya-score,PLAIN-2510,MED-5279,36.13
laya-score,PLAIN-2520,MED-3273,36.81
laya-score,PLAIN-2520,MED-2519,38.61
laya-score,PLAIN-2520,MED-1991,38.93
laya-score,PLAIN-2520,MED-4831,34.91
laya-score,PLAIN-2520,MED-3201,36.87
laya-score,PLAIN-2520,MED-4389,36.55
laya-score,PLAIN-2520,MED-2506,36.82
laya-score,PLAIN-2520,MED-5113,36.17
laya-score,PLAIN-2520,MED-2325,38.23
laya-score,PLAIN-2520,MED-2513,36.62
laya-score,PLAIN-2520,MED-4515,37.04
laya-score,PLAIN-2520,MED-2138,37.78
laya-score,PLAIN-2520,MED-4984,51.96
laya-score,PLAIN-2520,MED-4996,37.68
laya-score,PLAIN-2520,MED-1445,38.52
laya-score,PLAIN-2520,MED-1319,43.59
laya-score,PLAIN-2520,MED-825,36.41
laya-score,PLAIN-2520,MED-1450,36.62
laya-score,PLAIN-2520,MED-4255,35.52
laya-score,PLAIN-2520,MED-2510,36.22
laya-score,PLAIN-2530,MED-1804,36.83
laya-score,PLAIN-2530,MED-1798,38.52
laya-score,PLAIN-2530,MED-1808,36.35
laya-score,PLAIN-2530,MED-1803,36.65
laya-score,PLAIN-2530,MED-1800,36.74
laya-score,PLAIN-2530,MED-1796,36.31
laya-score,PLAIN-2530,MED-1799,37.43
laya-score,PLAIN-2530,MED-4766,40.69
laya-score,PLAIN-2530,MED-4768,40.43
laya-score,PLAIN-2530,MED-4769,37.97
laya-score,PLAIN-2530,MED-4767,36.81
laya-score,PLAIN-2530,MED-1810,37.89
laya-score,PLAIN-2530,MED-1806,37.38
laya-score,PLAIN-2530,MED-1997,36.37
laya-score,PLAIN-2530,MED-1328,37.72
laya-score,PLAIN-2530,MED-2716,36.23
laya-score,PLAIN-2530,MED-1994,36.41
laya-score,PLAIN-2530,MED-1718,35.77
laya-score,PLAIN-2530,MED-1446,36.36
laya-score,PLAIN-2530,MED-3956,52.73
laya-score,PLAIN-2540,MED-1884,40.0
laya-score,PLAIN-2540,MED-2525,42.73
laya-score,PLAIN-2540,MED-1886,40.3
laya-score,PLAIN-2540,MED-3198,36.97
laya-score,PLAIN-2540,MED-1890,37.31
laya-score,PLAIN-2540,MED-1885,35.49
laya-score,PLAIN-2540,MED-1966,35.5
laya-score,PLAIN-2540,MED-4560,36.64
laya-score,PLAIN-2540,MED-4831,40.68
laya-score,PLAIN-2540,MED-1882,38.52
laya-score,PLAIN-2540,MED-2020,39.42
laya-score,PLAIN-2540,MED-1968,38.63
laya-score,PLAIN-2540,MED-1552,38.81
laya-score,PLAIN-2540,MED-927,40.9
laya-score,PLAIN-2540,MED-5329,42.03
laya-score,PLAIN-2540,MED-1205,38.91
laya-score,PLAIN-2540,MED-2372,46.91
laya-score,PLAIN-2540,MED-4510,40.76
laya-score,PLAIN-2540,MED-4827,37.26
laya-score,PLAIN-2540,MED-5294,39.3
laya-score,PLAIN-2550,MED-5331,38.81
laya-score,PLAIN-2550,MED-4613,37.39
laya-score,PLAIN-2550,MED-1679,36.21
laya-score,PLAIN-2550,MED-4255,38.84
laya-score,PLAIN-2550,MED-1548,37.13
laya-score,PLAIN-2550,MED-1398,50.34
laya-score,PLAIN-2550,MED-2525,40.35
laya-score,PLAIN-2550,MED-4891,36.77
laya-score,PLAIN-2550,MED-728,37.74
laya-score,PLAIN-2550,MED-1429,38.79
laya-score,PLAIN-2550,MED-2590,37.32
laya-score,PLAIN-2550,MED-1394,38.87
laya-score,PLAIN-2550,MED-2303,36.14
laya-score,PLAIN-2550,MED-4243,42.36
laya-score,PLAIN-2550,MED-1486,35.84
laya-score,PLAIN-2550,MED-2755,35.63
laya-score,PLAIN-2550,MED-1366,35.31
laya-score,PLAIN-2550,MED-1192,35.74
laya-score,PLAIN-2550,MED-1409,37.6
laya-score,PLAIN-2550,MED-2763,37.68
laya-score,PLAIN-2560,MED-2057,36.0
laya-score,PLAIN-2560,MED-2055,35.98
laya-score,PLAIN-2560,MED-2053,37.16
laya-score,PLAIN-2560,MED-2060,37.89
laya-score,PLAIN-2560,MED-2061,36.53
laya-score,PLAIN-2560,MED-2059,37.25
laya-score,PLAIN-2560,MED-1223,35.97
laya-score,PLAIN-2560,MED-2058,36.6
laya-score,PLAIN-2560,MED-900,35.78
laya-score,PLAIN-2560,MED-2062,53.09
laya-score,PLAIN-2560,MED-2054,41.86
laya-score,PLAIN-2560,MED-5005,37.72
laya-score,PLAIN-2560,MED-4753,49.59
laya-score,PLAIN-2560,MED-2063,36.33
laya-score,PLAIN-2560,MED-901,35.59
laya-score,PLAIN-2560,MED-899,36.99
laya-score,PLAIN-2560,MED-1226,38.36
laya-score,PLAIN-2560,MED-4682,36.55
laya-score,PLAIN-2560,MED-5194,36.16
laya-score,PLAIN-2560,MED-2056,44.92
laya-score,PLAIN-2570,MED-2148,39.17
laya-score,PLAIN-2570,MED-2145,39.38
laya-score,PLAIN-2570,MED-3583,39.35
laya-score,PLAIN-2570,MED-3733,51.02
laya-score,PLAIN-2570,MED-5054,40.97
laya-score,PLAIN-2570,MED-3897,37.85
laya-score,PLAIN-2570,MED-3907,37.91
laya-score,PLAIN-2570,MED-2144,39.12
laya-score,PLAIN-2570,MED-3869,38.99
laya-score,PLAIN-2570,MED-867,38.16
laya-score,PLAIN-2570,MED-1248,39.6
laya-score,PLAIN-2570,MED-1403,43.55
laya-score,PLAIN-2570,MED-1999,36.93
laya-score,PLAIN-2570,MED-2005,38.56
laya-score,PLAIN-2570,MED-2009,37.48
laya-score,PLAIN-2570,MED-1998,38.26
laya-score,PLAIN-2570,MED-4320,36.6
laya-score,PLAIN-2570,MED-1615,40.68
laya-score,PLAIN-2570,MED-2146,49.53
laya-score,PLAIN-2570,MED-2742,36.73
laya-score,PLAIN-2580,MED-2220,37.04
laya-score,PLAIN-2580,MED-2725,37.18
laya-score,PLAIN-2580,MED-3487,36.79
laya-score,PLAIN-2580,MED-4599,36.41
laya-score,PLAIN-2580,MED-4674,38.44
laya-score,PLAIN-2580,MED-2112,37.32
laya-score,PLAIN-2580,MED-1351,36.45
laya-score,PLAIN-2580,MED-749,36.17
laya-score,PLAIN-2580,MED-728,36.55
laya-score,PLAIN-2580,MED-1489,37.53
laya-score,PLAIN-2580,MED-3896,38.83
laya-score,PLAIN-2580,MED-1058,37.41
laya-score,PLAIN-2580,MED-2201,37.19
laya-score,PLAIN-2580,MED-714,37.45
laya-score,PLAIN-2580,MED-823,37.99
laya-score,PLAIN-2580,MED-5123,37.26
laya-score,PLAIN-2580,MED-2295,38.06
laya-score,PLAIN-2580,MED-1553,38.44
laya-score,PLAIN-2580,MED-3769,38.26
laya-score,PLAIN-2580,MED-1055,37.67
laya-score,PLAIN-2590,MED-4163,37.58
laya-score,PLAIN-2590,MED-2294,38.1
laya-score,PLAIN-2590,MED-934,39.19
laya-score,PLAIN-2590,MED-1540,38.7
laya-score,PLAIN-2590,MED-5340,52.14
laya-score,PLAIN-2590,MED-2939,47.12
laya-score,PLAIN-2590,MED-3148,40.59
laya-score,PLAIN-2590,MED-4313,38.25
laya-score,PLAIN-2590,MED-1723,38.14
laya-score,PLAIN-2590,MED-5325,43.45
laya-score,PLAIN-2590,MED-1430,37.3
laya-score,PLAIN-2590,MED-1613,37.87
laya-score,PLAIN-2590,MED-5226,36.41
laya-score,PLAIN-2590,MED-1135,36.23
laya-score,PLAIN-2590,MED-3236,37.95
laya-score,PLAIN-2590,MED-1551,39.78
laya-score,PLAIN-2590,MED-5204,40.38
laya-score,PLAIN-2590,MED-4988,37.83
laya-score,PLAIN-2590,MED-4990,36.99
laya-score,PLAIN-2590,MED-4757,38.78
laya-score,PLAIN-2600,MED-2371,36.35
laya-score,PLAIN-2600,MED-4324,37.14
laya-score,PLAIN-2600,MED-963,36.09
laya-score,PLAIN-2600,MED-1889,37.57
laya-score,PLAIN-2600,MED-2372,38.73
laya-score,PLAIN-2600,MED-2939,38.58
laya-score,PLAIN-2600,MED-2697,38.42
laya-score,PLAIN-2600,MED-5330,36.66
laya-score,PLAIN-2600,MED-4520,37.64
laya-score,PLAIN-2600,MED-1890,39.79
laya-score,PLAIN-2600,MED-5266,37.06
laya-score,PLAIN-2600,MED-2975,51.56
laya-score,PLAIN-2600,MED-2946,38.57
laya-score,PLAIN-2600,MED-1516,39.53
laya-score,PLAIN-2600,MED-2976,37.99
laya-score,PLAIN-2600,MED-2849,43.03
laya-score,PLAIN-2600,MED-2884,35.69
laya-score,PLAIN-2600,MED-5013,35.72
laya-score,PLAIN-2600,MED-2967,36.91
laya-score,PLAIN-2600,MED-1683,36.43
laya-score,PLAIN-2610,MED-5072,35.11
laya-score,PLAIN-2610,MED-2655,37.15
laya-score,PLAIN-2610,MED-2452,45.75
laya-score,PLAIN-2610,MED-2460,52.41
laya-score,PLAIN-2610,MED-2472,45.07
laya-score,PLAIN-2610,MED-2458,38.89
laya-score,PLAIN-2610,MED-2464,39.12
laya-score,PLAIN-2610,MED-2471,38.96
laya-score,PLAIN-2610,MED-2951,35.14
laya-score,PLAIN-2610,MED-4689,38.1
laya-score,PLAIN-2610,MED-2482,40.38
laya-score,PLAIN-2610,MED-2484,37.73
laya-score,PLAIN-2610,MED-5083,63.24
laya-score,PLAIN-2610,MED-2455,69.54
laya-score,PLAIN-2610,MED-3708,56.52
laya-score,PLAIN-2610,MED-1833,63.15
laya-score,PLAIN-2610,MED-2461,51.82
laya-score,PLAIN-2610,MED-2646,54.32
laya-score,PLAIN-2610,MED-895,47.49
laya-score,PLAIN-2610,MED-2450,46.75
laya-score,PLAIN-2620,MED-2435,46.24
laya-score,PLAIN-2620,MED-3551,53.94
laya-score,PLAIN-2620,MED-3747,50.19
laya-score,PLAIN-2620,MED-865,49.1
laya-score,PLAIN-2620,MED-4650,55.03
laya-score,PLAIN-2620,MED-2988,46.2
laya-score,PLAIN-2620,MED-4543,50.4
laya-score,PLAIN-2620,MED-868,49.08
laya-score,PLAIN-2620,MED-1180,49.21
laya-score,PLAIN-2620,MED-3832,49.35
laya-score,PLAIN-2620,MED-3550,54.34
laya-score,PLAIN-2620,MED-4460,46.7
laya-score,PLAIN-2620,MED-4089,55.22
laya-score,PLAIN-2620,MED-4196,47.62
laya-score,PLAIN-2620,MED-2824,47.26
laya-score,PLAIN-2620,MED-4461,49.56
laya-score,PLAIN-2620,MED-4907,56.69
laya-score,PLAIN-2620,MED-3548,58.56
laya-score,PLAIN-2620,MED-4328,47.9
laya-score,PLAIN-2620,MED-3271,48.84
laya-score,PLAIN-2630,MED-2643,48.45
laya-score,PLAIN-2630,MED-2650,47.96
laya-score,PLAIN-2630,MED-5323,49.98
laya-score,PLAIN-2630,MED-1099,48.48
laya-score,PLAIN-2630,MED-3703,49.23
laya-score,PLAIN-2630,MED-2644,54.81
laya-score,PLAIN-2630,MED-2658,61.06
laya-score,PLAIN-2630,MED-2087,54.35
laya-score,PLAIN-2630,MED-2652,49.59
laya-score,PLAIN-2630,MED-2627,51.45
laya-score,PLAIN-2630,MED-2654,55.79
laya-score,PLAIN-2630,MED-5167,49.94
laya-score,PLAIN-2630,MED-2445,52.96
laya-score,PLAIN-2630,MED-1100,49.9
laya-score,PLAIN-2630,MED-2340,49.49
laya-score,PLAIN-2630,MED-2341,56.86
laya-score,PLAIN-2630,MED-4728,63.79
laya-score,PLAIN-2630,MED-2661,71.24
laya-score,PLAIN-2630,MED-1763,59.21
laya-score,PLAIN-2630,MED-3955,62.27
laya-score,PLAIN-2640,MED-2745,60.4
laya-score,PLAIN-2640,MED-2743,61.45
laya-score,PLAIN-2640,MED-4354,47.25
laya-score,PLAIN-2640,MED-3882,39.14
laya-score,PLAIN-2640,MED-3880,39.41
laya-score,PLAIN-2640,MED-4429,39.19
laya-score,PLAIN-2640,MED-3892,37.92
laya-score,PLAIN-2640,MED-2671,39.98
laya-score,PLAIN-2640,MED-2741,40.38
laya-score,PLAIN-2640,MED-4800,40.23
laya-score,PLAIN-2640,MED-3651,38.84
laya-score,PLAIN-2640,MED-2742,38.63
laya-score,PLAIN-2640,MED-3891,38.56
laya-score,PLAIN-2640,MED-2339,40.24
laya-score,PLAIN-2640,MED-3889,38.88
laya-score,PLAIN-2640,MED-3888,38.17
laya-score,PLAIN-2640,MED-3653,39.62
laya-score,PLAIN-2640,MED-2991,41.34
laya-score,PLAIN-2640,MED-2740,43.48
laya-score,PLAIN-2640,MED-2492,38.99
laya-score,PLAIN-2650,MED-2800,41.04
laya-score,PLAIN-2650,MED-2825,45.58
laya-score,PLAIN-2650,MED-2819,39.63
laya-score,PLAIN-2650,MED-2788,39.74
laya-score,PLAIN-2650,MED-2817,46.74
laya-score,PLAIN-2650,MED-2831,40.02
laya-score,PLAIN-2650,MED-2801,41.01
laya-score,PLAIN-2650,MED-2783,38.96
laya-score,PLAIN-2650,MED-2794,39.23
laya-score,PLAIN-2650,MED-2243,36.59
laya-score,PLAIN-2650,MED-2810,38.1
laya-score,PLAIN-2650,MED-2813,38.43
laya-score,PLAIN-2650,MED-2811,41.02
laya-score,PLAIN-2650,MED-2807,38.96
laya-score,PLAIN-2650,MED-2815,38.6
laya-score,PLAIN-2650,MED-2809,39.47
laya-score,PLAIN-2650,MED-2822,38.36
laya-score,PLAIN-2650,MED-2803,40.33
laya-score,PLAIN-2650,MED-2786,38.37
laya-score,PLAIN-2650,MED-2791,37.89
laya-score,PLAIN-2660,MED-5097,36.94
laya-score,PLAIN-2660,MED-3012,38.15
laya-score,PLAIN-2660,MED-4376,42.56
laya-score,PLAIN-2660,MED-5099,42.12
laya-score,PLAIN-2660,MED-2907,36.74
laya-score,PLAIN-2660,MED-3029,36.39
laya-score,PLAIN-2660,MED-4739,44.98
laya-score,PLAIN-2660,MED-4490,41.61
laya-score,PLAIN-2660,MED-5098,39.29
laya-score,PLAIN-2660,MED-3032,38.02
laya-score,PLAIN-2660,MED-2905,35.8
laya-score,PLAIN-2660,MED-4038,42.49
laya-score,PLAIN-2660,MED-1955,36.09
laya-score,PLAIN-2660,MED-4934,38.48
laya-score,PLAIN-2660,MED-4959,36.62
laya-score,PLAIN-2660,MED-1831,38.22
laya-score,PLAIN-2660,MED-3028,37.38
laya-score,PLAIN-2660,MED-5368,39.33
laya-score,PLAIN-2660,MED-4944,37.74
laya-score,PLAIN-2660,MED-4171,38.41
laya-score,PLAIN-2670,MED-2994,35.53
laya-score,PLAIN-2670,MED-3359,35.35
laya-score,PLAIN-2670,MED-4493,38.27
laya-score,PLAIN-2670,MED-3502,38.86
laya-score,PLAIN-2670,MED-2618,36.49
laya-score,PLAIN-2670,MED-4391,37.94
laya-score,PLAIN-2670,MED-2794,37.12
laya-score,PLAIN-2670,MED-2993,38.43
laya-score,PLAIN-2670,MED-4451,45.47
laya-score,PLAIN-2670,MED-2899,39.28
laya-score,PLAIN-2670,MED-4659,37.2
laya-score,PLAIN-2670,MED-4972,36.44
laya-score,PLAIN-2670,MED-1728,36.03
laya-score,PLAIN-2670,MED-4604,52.12
laya-score,PLAIN-2670,MED-4060,46.28
laya-score,PLAIN-2670,MED-2581,35.98
laya-score,PLAIN-2670,MED-4197,38.04
laya-score,PLAIN-2670,MED-3381,35.92
laya-score,PLAIN-2670,MED-4857,36.51
laya-score,PLAIN-2670,MED-4777,37.68
laya-score,PLAIN-2680,MED-1961,38.0
laya-score,PLAIN-2680,MED-3100,36.74
laya-score,PLAIN-2680,MED-5105,37.89
laya-score,PLAIN-2680,MED-5102,39.92
laya-score,PLAIN-2680,MED-1098,36.86
laya-score,PLAIN-2680,MED-1958,38.51
laya-score,PLAIN-2680,MED-4940,36.15
laya-score,PLAIN-2680,MED-3451,37.71
laya-score,PLAIN-2680,MED-4437,37.84
laya-score,PLAIN-2680,MED-1962,39.82
laya-score,PLAIN-2680,MED-3102,39.87
laya-score,PLAIN-2680,MED-2495,39.51
laya-score,PLAIN-2680,MED-2388,39.33
laya-score,PLAIN-2680,MED-2497,39.84
laya-score,PLAIN-2680,MED-5310,37.5
laya-score,PLAIN-2680,MED-3109,37.59
laya-score,PLAIN-2680,MED-4735,37.41
laya-score,PLAIN-2680,MED-2115,36.47
laya-score,PLAIN-2680,MED-3112,36.43
laya-score,PLAIN-2680,MED-4740,40.47
laya-score,PLAIN-2690,MED-3288,49.27
laya-score,PLAIN-2690,MED-4818,38.52
laya-score,PLAIN-2690,MED-3515,42.88
laya-score,PLAIN-2690,MED-1979,53.24
laya-score,PLAIN-2690,MED-3169,36.69
laya-score,PLAIN-2690,MED-3319,41.12
laya-score,PLAIN-2690,MED-3175,38.32
laya-score,PLAIN-2690,MED-1977,37.09
laya-score,PLAIN-2690,MED-4797,39.08
laya-score,PLAIN-2690,MED-3171,38.52
laya-score,PLAIN-2690,MED-2340,39.32
laya-score,PLAIN-2690,MED-1983,37.34
laya-score,PLAIN-2690,MED-4138,44.64
laya-score,PLAIN-2690,MED-2678,40.25
laya-score,PLAIN-2690,MED-2369,39.03
laya-score,PLAIN-2690,MED-3307,37.79
laya-score,PLAIN-2690,MED-3660,39.4
laya-score,PLAIN-2690,MED-2671,37.34
laya-score,PLAIN-2690,MED-4134,38.6
laya-score,PLAIN-2690,MED-2347,42.74
laya-score,PLAIN-2700,MED-3253,42.29
laya-score,PLAIN-2700,MED-3954,40.44
laya-score,PLAIN-2700,MED-1366,42.49
laya-score,PLAIN-2700,MED-2590,40.22
laya-score,PLAIN-2700,MED-1409,38.08
laya-score,PLAIN-2700,MED-2476,54.14
laya-score,PLAIN-2700,MED-1120,37.42
laya-score,PLAIN-2700,MED-1190,39.86
laya-score,PLAIN-2700,MED-1548,38.41
laya-score,PLAIN-2700,MED-4315,39.51
laya-score,PLAIN-2700,MED-4255,38.82
laya-score,PLAIN-2700,MED-4613,35.93
laya-score,PLAIN-2700,MED-1722,36.56
laya-score,PLAIN-2700,MED-4609,40.2
laya-score,PLAIN-2700,MED-1129,36.18
laya-score,PLAIN-2700,MED-4680,37.42
laya-score,PLAIN-2700,MED-1381,37.26
laya-score,PLAIN-2700,MED-1429,37.41
laya-score,PLAIN-2700,MED-1996,40.29
laya-score,PLAIN-2700,MED-2111,41.14
laya-score,PLAIN-2710,MED-3380,37.51
laya-score,PLAIN-2710,MED-3382,37.21
laya-score,PLAIN-2710,MED-3381,39.38
laya-score,PLAIN-2710,MED-5062,43.08
laya-score,PLAIN-2710,MED-1153,43.12
laya-score,PLAIN-2710,MED-5054,40.34
laya-score,PLAIN-2710,MED-1630,40.46
laya-score,PLAIN-2710,MED-2924,36.64
laya-score,PLAIN-2710,MED-4655,41.16
laya-score,PLAIN-2710,MED-3351,39.33
laya-score,PLAIN-2710,MED-3050,38.76
laya-score,PLAIN-2710,MED-1623,51.54
laya-score,PLAIN-2710,MED-887,37.96
laya-score,PLAIN-2710,MED-4172,39.15
laya-score,PLAIN-2710,MED-5288,40.91
laya-score,PLAIN-2710,MED-3057,39.25
laya-score,PLAIN-2710,MED-4869,39.07
laya-score,PLAIN-2710,MED-3060,39.3
laya-score,PLAIN-2710,MED-3383,41.55
laya-score,PLAIN-2710,MED-5063,37.08
laya-score,PLAIN-2720,MED-3483,38.78
laya-score,PLAIN-2720,MED-4392,39.1
laya-score,PLAIN-2720,MED-2083,39.18
laya-score,PLAIN-2720,MED-4804,38.67
laya-score,PLAIN-2720,MED-1982,42.97
laya-score,PLAIN-2720,MED-2265,42.36
laya-score,PLAIN-2720,MED-2711,38.1
laya-score,PLAIN-2720,MED-4969,38.61
laya-score,PLAIN-2720,MED-2707,45.96
laya-score,PLAIN-2720,MED-2713,40.74
laya-score,PLAIN-2720,MED-2803,39.09
laya-score,PLAIN-2720,MED-3474,37.64
laya-score,PLAIN-2720,MED-3204,38.98
laya-score,PLAIN-2720,MED-5088,39.9
laya-score,PLAIN-2720,MED-1846,45.64
laya-score,PLAIN-2720,MED-2073,38.76
laya-score,PLAIN-2720,MED-3479,45.54
laya-score,PLAIN-2720,MED-4429,43.65
laya-score,PLAIN-2720,MED-3210,38.68
laya-score,PLAIN-2720,MED-4256,38.24
laya-score,PLAIN-2730,MED-2573,39.95
laya-score,PLAIN-2730,MED-3554,41.29
laya-score,PLAIN-2730,MED-3840,40.04
laya-score,PLAIN-2730,MED-3551,41.99
laya-score,PLAIN-2730,MED-3553,39.76
laya-score,PLAIN-2730,MED-3550,39.65
laya-score,PLAIN-2730,MED-3548,39.95
laya-score,PLAIN-2730,MED-2513,37.48
laya-score,PLAIN-2730,MED-4532,39.86
laya-score,PLAIN-2730,MED-2134,40.29
laya-score,PLAIN-2730,MED-3552,36.82
laya-score,PLAIN-2730,MED-4619,40.19
laya-score,PLAIN-2730,MED-4089,38.12
laya-score,PLAIN-2730,MED-4116,38.96
laya-score,PLAIN-2730,MED-2357,41.17
laya-score,PLAIN-2730,MED-1315,39.7
laya-score,PLAIN-2730,MED-2427,39.59
laya-score,PLAIN-2730,MED-3549,37.96
laya-score,PLAIN-2730,MED-2818,39.62
laya-score,PLAIN-2730,MED-4224,39.68
laya-score,PLAIN-2740,MED-3627,35.65
laya-score,PLAIN-2740,MED-2940,36.91
laya-score,PLAIN-2740,MED-3624,55.22
laya-score,PLAIN-2740,MED-3623,39.78
laya-score,PLAIN-2740,MED-2947,40.16
laya-score,PLAIN-2740,MED-3562,38.79
laya-score,PLAIN-2740,MED-3619,39.66
laya-score,PLAIN-2740,MED-3615,44.61
laya-score,PLAIN-2740,MED-3193,42.07
laya-score,PLAIN-2740,MED-3787,38.94
laya-score,PLAIN-2740,MED-3590,40.24
laya-score,PLAIN-2740,MED-3636,39.03
laya-score,PLAIN-2740,MED-3634,39.64
laya-score,PLAIN-2740,MED-3620,40.82
laya-score,PLAIN-2740,MED-3608,37.81
laya-score,PLAIN-2740,MED-3618,39.25
laya-score,PLAIN-2740,MED-3313,40.07
laya-score,PLAIN-2740,MED-5313,46.79
laya-score,PLAIN-2740,MED-3621,39.81
laya-score,PLAIN-2740,MED-3607,39.08
laya-score,PLAIN-2750,MED-3683,39.76
laya-score,PLAIN-2750,MED-3680,38.65
laya-score,PLAIN-2750,MED-4762,39.99
laya-score,PLAIN-2750,MED-3695,39.27
laya-score,PLAIN-2750,MED-3692,38.14
laya-score,PLAIN-2750,MED-3690,38.64
laya-score,PLAIN-2750,MED-1300,38.93
laya-score,PLAIN-2750,MED-3677,46.29
laya-score,PLAIN-2750,MED-5031,44.37
laya-score,PLAIN-2750,MED-3693,38.57
laya-score,PLAIN-2750,MED-4564,39.27
laya-score,PLAIN-2750,MED-3691,34.97
laya-score,PLAIN-2750,MED-3679,41.69
laya-score,PLAIN-2750,MED-3673,40.11
laya-score,PLAIN-2750,MED-3676,38.6
laya-score,PLAIN-2750,MED-1413,37.54
laya-score,PLAIN-2750,MED-3644,39.08
laya-score,PLAIN-2750,MED-3164,39.64
laya-score,PLAIN-2750,MED-4760,40.92
laya-score,PLAIN-2750,MED-4266,36.3
laya-score,PLAIN-2760,MED-4600,40.05
laya-score,PLAIN-2760,MED-2220,37.84
laya-score,PLAIN-2760,MED-1377,44.73
laya-score,PLAIN-2760,MED-1650,42.97
laya-score,PLAIN-2760,MED-1210,37.95
laya-score,PLAIN-2760,MED-4313,38.41
laya-score,PLAIN-2760,MED-1212,39.51
laya-score,PLAIN-2760,MED-3900,36.26
laya-score,PLAIN-2760,MED-1209,37.03
laya-score,PLAIN-2760,MED-3376,37.05
laya-score,PLAIN-2760,MED-5229,37.64
laya-score,PLAIN-2760,MED-4388,37.53
laya-score,PLAIN-2760,MED-1563,57.32
laya-score,PLAIN-2760,MED-2201,70.19
laya-score,PLAIN-2760,MED-3769,65.02
laya-score,PLAIN-2760,MED-5220,55.0
laya-score,PLAIN-2760,MED-1058,52.01
laya-score,PLAIN-2760,MED-2305,49.96
laya-score,PLAIN-2760,MED-4288,48.1
laya-score,PLAIN-2760,MED-1448,47.44
laya-score,PLAIN-2770,MED-3832,46.01
laya-score,PLAIN-2770,MED-5116,50.29
laya-score,PLAIN-2770,MED-3123,44.85
laya-score,PLAIN-2770,MED-2437,49.23
laya-score,PLAIN-2770,MED-3127,49.86
laya-score,PLAIN-2770,MED-4450,50.37
laya-score,PLAIN-2770,MED-3830,48.01
laya-score,PLAIN-2770,MED-3834,48.0
laya-score,PLAIN-2770,MED-3139,48.36
laya-score,PLAIN-2770,MED-3855,46.57
laya-score,PLAIN-2770,MED-3142,49.91
laya-score,PLAIN-2770,MED-4440,48.6
laya-score,PLAIN-2770,MED-1825,46.11
laya-score,PLAIN-2770,MED-3853,47.19
laya-score,PLAIN-2770,MED-3238,65.3
laya-score,PLAIN-2770,MED-5066,58.95
laya-score,PLAIN-2770,MED-3698,47.01
laya-score,PLAIN-2770,MED-1826,44.19
laya-score,PLAIN-2770,MED-4445,45.36
laya-score,PLAIN-2770,MED-14,45.87
laya-score,PLAIN-2780,MED-3896,44.97
laya-score,PLAIN-2780,MED-4292,48.42
laya-score,PLAIN-2780,MED-4291,46.01
laya-score,PLAIN-2780,MED-4707,46.91
laya-score,PLAIN-2780,MED-2595,45.07
laya-score,PLAIN-2780,MED-4286,56.19
laya-score,PLAIN-2780,MED-2594,58.84
laya-score,PLAIN-2780,MED-1381,54.94
laya-score,PLAIN-2780,MED-4289,48.44
laya-score,PLAIN-2780,MED-1305,46.59
laya-score,PLAIN-2780,MED-4284,49.65
laya-score,PLAIN-2780,MED-3900,46.32
laya-score,PLAIN-2780,MED-3208,45.47
laya-score,PLAIN-2780,MED-1387,46.58
laya-score,PLAIN-2780,MED-2529,52.86
laya-score,PLAIN-2780,MED-4290,57.62
laya-score,PLAIN-2780,MED-2597,68.63
laya-score,PLAIN-2780,MED-2592,56.29
laya-score,PLAIN-2780,MED-1262,58.81
laya-score,PLAIN-2780,MED-2593,56.65
laya-score,PLAIN-2790,MED-3970,55.72
laya-score,PLAIN-2790,MED-3969,58.24
laya-score,PLAIN-2790,MED-3963,41.17
laya-score,PLAIN-2790,MED-3964,38.05
laya-score,PLAIN-2790,MED-1576,37.56
laya-score,PLAIN-2790,MED-1188,37.62
laya-score,PLAIN-2790,MED-2811,39.21
laya-score,PLAIN-2790,MED-2359,35.88
laya-score,PLAIN-2790,MED-4342,36.2
laya-score,PLAIN-2790,MED-1184,36.98
laya-score,PLAIN-2790,MED-3508,35.63
laya-score,PLAIN-2790,MED-2788,35.81
laya-score,PLAIN-2790,MED-2037,37.15
laya-score,PLAIN-2790,MED-3507,38.3
laya-score,PLAIN-2790,MED-3496,35.88
laya-score,PLAIN-2790,MED-3106,35.28
laya-score,PLAIN-2790,MED-1582,37.22
laya-score,PLAIN-2790,MED-2809,37.86
laya-score,PLAIN-2790,MED-1028,39.37
laya-score,PLAIN-2790,MED-3501,37.59
laya-score,PLAIN-2800,MED-2068,44.83
laya-score,PLAIN-2800,MED-2235,42.31
laya-score,PLAIN-2800,MED-5075,38.16
laya-score,PLAIN-2800,MED-4454,38.12
laya-score,PLAIN-2800,MED-2074,35.17
laya-score,PLAIN-2800,MED-4456,37.61
laya-score,PLAIN-2800,MED-2070,36.56
laya-score,PLAIN-2800,MED-2232,35.83
laya-score,PLAIN-2800,MED-2071,36.39
laya-score,PLAIN-2800,MED-2231,42.3
laya-score,PLAIN-2800,MED-912,37.92
laya-score,PLAIN-2800,MED-2098,36.96
laya-score,PLAIN-2800,MED-1309,36.67
laya-score,PLAIN-2800,MED-2229,37.32
laya-score,PLAIN-2800,MED-4040,36.27
laya-score,PLAIN-2800,MED-2233,35.3
laya-score,PLAIN-2800,MED-4873,34.72
laya-score,PLAIN-2800,MED-5162,36.16
laya-score,PLAIN-2800,MED-2793,37.2
laya-score,PLAIN-2800,MED-2234,38.09
laya-score,PLAIN-2810,MED-2491,37.02
laya-score,PLAIN-2810,MED-1792,36.55
laya-score,PLAIN-2810,MED-4267,36.06
laya-score,PLAIN-2810,MED-4580,36.92
laya-score,PLAIN-2810,MED-5019,36.28
laya-score,PLAIN-2810,MED-4590,36.38
laya-score,PLAIN-2810,MED-4090,36.67
laya-score,PLAIN-2810,MED-2969,36.03
laya-score,PLAIN-2810,MED-3908,51.22
laya-score,PLAIN-2810,MED-5082,38.31
laya-score,PLAIN-2810,MED-3734,37.19
laya-score,PLAIN-2810,MED-2226,43.04
laya-score,PLAIN-2810,MED-1710,48.08
laya-score,PLAIN-2810,MED-1625,37.31
laya-score,PLAIN-2810,MED-1845,36.82
laya-score,PLAIN-2810,MED-1670,43.8
laya-score,PLAIN-2810,MED-5056,37.73
laya-score,PLAIN-2810,MED-1846,38.81
laya-score,PLAIN-2810,MED-3469,37.57
laya-score,PLAIN-2810,MED-1790,37.92
laya-score,PLAIN-2820,MED-1677,39.18
laya-score,PLAIN-2820,MED-2698,44.17
laya-score,PLAIN-2820,MED-1233,35.45
laya-score,PLAIN-2820,MED-1691,36.15
laya-score,PLAIN-2820,MED-4560,37.94
laya-score,PLAIN-2820,MED-1394,39.68
laya-score,PLAIN-2820,MED-4106,38.3
laya-score,PLAIN-2820,MED-1192,37.11
laya-score,PLAIN-2820,MED-1232,37.21
laya-score,PLAIN-2820,MED-1701,36.51
laya-score,PLAIN-2820,MED-2763,36.83
laya-score,PLAIN-2820,MED-3474,37.32
laya-score,PLAIN-2820,MED-3550,34.46
laya-score,PLAIN-2820,MED-3432,35.48
laya-score,PLAIN-2820,MED-1329,46.94
laya-score,PLAIN-2820,MED-4603,39.95
laya-score,PLAIN-2820,MED-4831,36.04
laya-score,PLAIN-2820,MED-5301,36.62
laya-score,PLAIN-2820,MED-1554,40.25
laya-score,PLAIN-2820,MED-4724,37.87
laya-score,PLAIN-2830,MED-5054,36.45
laya-score,PLAIN-2830,MED-1625,37.15
laya-score,PLAIN-2830,MED-4120,36.66
laya-score,PLAIN-2830,MED-4126,37.93
laya-score,PLAIN-2830,MED-3380,38.6
laya-score,PLAIN-2830,MED-1623,39.49
laya-score,PLAIN-2830,MED-1624,39.32
laya-score,PLAIN-2830,MED-5056,39.22
laya-score,PLAIN-2830,MED-1630,38.48
laya-score,PLAIN-2830,MED-5053,38.23
laya-score,PLAIN-2830,MED-4868,35.44
laya-score,PLAIN-2830,MED-1627,38.74
laya-score,PLAIN-2830,MED-3382,38.81
laya-score,PLAIN-2830,MED-5062,38.71
laya-score,PLAIN-2830,MED-1708,40.3
laya-score,PLAIN-2830,MED-3521,39.56
laya-score,PLAIN-2830,MED-5057,39.03
laya-score,PLAIN-2830,MED-3810,38.0
laya-score,PLAIN-2830,MED-4604,37.77
laya-score,PLAIN-2830,MED-3540,37.38
laya-score,PLAIN-2840,MED-2009,37.62
laya-score,PLAIN-2840,MED-4455,54.15
laya-score,PLAIN-2840,MED-4295,38.72
laya-score,PLAIN-2840,MED-2010,37.72
laya-score,PLAIN-2840,MED-3146,38.6
laya-score,PLAIN-2840,MED-3145,35.78
laya-score,PLAIN-2840,MED-2233,44.04
laya-score,PLAIN-2840,MED-2335,38.14
laya-score,PLAIN-2840,MED-4443,38.25
laya-score,PLAIN-2840,MED-5354,35.78
laya-score,PLAIN-2840,MED-2595,34.68
laya-score,PLAIN-2840,MED-1444,40.07
laya-score,PLAIN-2840,MED-4705,37.58
laya-score,PLAIN-2840,MED-3535,37.08
laya-score,PLAIN-2840,MED-3906,35.2
laya-score,PLAIN-2840,MED-2570,36.53
laya-score,PLAIN-2840,MED-1493,37.33
laya-score,PLAIN-2840,MED-4150,36.08
laya-score,PLAIN-2840,MED-4716,37.2
laya-score,PLAIN-2840,MED-948,37.25
laya-score,PLAIN-2850,MED-1977,36.7
laya-score,PLAIN-2850,MED-3000,36.11
laya-score,PLAIN-2850,MED-5207,38.8
laya-score,PLAIN-2850,MED-5326,35.91
laya-score,PLAIN-2850,MED-2584,37.65
laya-score,PLAIN-2850,MED-3788,36.87
laya-score,PLAIN-2850,MED-3891,37.84
laya-score,PLAIN-2850,MED-2671,37.76
laya-score,PLAIN-2850,MED-4593,49.42
laya-score,PLAIN-2850,MED-4482,36.78
laya-score,PLAIN-2850,MED-4493,38.19
laya-score,PLAIN-2850,MED-4358,36.23
laya-score,PLAIN-2850,MED-4799,39.03
laya-score,PLAIN-2850,MED-4057,37.68
laya-score,PLAIN-2850,MED-2673,37.67
laya-score,PLAIN-2850,MED-5110,35.74
laya-score,PLAIN-2850,MED-4429,35.59
laya-score,PLAIN-2850,MED-1114,36.79
laya-score,PLAIN-2850,MED-2168,41.74
laya-score,PLAIN-2850,MED-4069,37.9
laya-score,PLAIN-2860,MED-4185,36.4
laya-score,PLAIN-2860,MED-4186,37.11
laya-score,PLAIN-2860,MED-3421,37.62
laya-score,PLAIN-2860,MED-3429,37.21
laya-score,PLAIN-2860,MED-3407,36.31
laya-score,PLAIN-2860,MED-3590,36.6
laya-score,PLAIN-2860,MED-828,36.15
laya-score,PLAIN-2860,MED-3431,38.44
laya-score,PLAIN-2860,MED-3440,38.9
laya-score,PLAIN-2860,MED-3425,38.43
laya-score,PLAIN-2860,MED-3430,36.67
laya-score,PLAIN-2860,MED-3424,34.72
laya-score,PLAIN-2860,MED-1010,35.95
laya-score,PLAIN-2860,MED-746,37.24
laya-score,PLAIN-2860,MED-1198,36.18
laya-score,PLAIN-2860,MED-3439,49.17
laya-score,PLAIN-2860,MED-3423,37.95
laya-score,PLAIN-2860,MED-3434,36.83
laya-score,PLAIN-2860,MED-3428,37.37
laya-score,PLAIN-2860,MED-4022,42.57
laya-score,PLAIN-2870,MED-2253,36.06
laya-score,PLAIN-2870,MED-2178,38.24
laya-score,PLAIN-2870,MED-2491,38.07
laya-score,PLAIN-2870,MED-3378,36.89
laya-score,PLAIN-2870,MED-2260,36.98
laya-score,PLAIN-2870,MED-4531,37.06
laya-score,PLAIN-2870,MED-872,37.16
laya-score,PLAIN-2870,MED-4908,37.33
laya-score,PLAIN-2870,MED-3013,37.72
laya-score,PLAIN-2870,MED-2256,36.5
laya-score,PLAIN-2870,MED-3593,35.58
laya-score,PLAIN-2870,MED-3379,37.01
laya-score,PLAIN-2870,MED-4533,36.78
laya-score,PLAIN-2870,MED-3595,37.22
laya-score,PLAIN-2870,MED-4529,36.82
laya-score,PLAIN-2870,MED-3592,36.71
laya-score,PLAIN-2870,MED-1848,35.03
laya-score,PLAIN-2870,MED-3958,35.51
laya-score,PLAIN-2870,MED-3227,37.37
laya-score,PLAIN-2870,MED-910,42.48
laya-score,PLAIN-2880,MED-4890,33.87
laya-score,PLAIN-2880,MED-1780,35.59
laya-score,PLAIN-2880,MED-1437,39.55
laya-score,PLAIN-2880,MED-1031,46.86
laya-score,PLAIN-2880,MED-2522,35.47
laya-score,PLAIN-2880,MED-4792,35.54
laya-score,PLAIN-2880,MED-4654,35.97
laya-score,PLAIN-2880,MED-4914,34.96
laya-score,PLAIN-2880,MED-1352,36.03
laya-score,PLAIN-2880,MED-1914,36.19
laya-score,PLAIN-2880,MED-4463,34.38
laya-score,PLAIN-2880,MED-979,36.07
laya-score,PLAIN-2880,MED-2502,36.85
laya-score,PLAIN-2880,MED-4493,36.02
laya-score,PLAIN-2880,MED-2116,37.37
laya-score,PLAIN-2880,MED-2208,37.7
laya-score,PLAIN-2880,MED-1171,37.9
laya-score,PLAIN-2880,MED-2514,36.04
laya-score,PLAIN-2880,MED-1041,39.41
laya-score,PLAIN-2880,MED-2323,36.87
laya-score,PLAIN-2890,MED-1533,36.83
laya-score,PLAIN-2890,MED-4250,37.47
laya-score,PLAIN-2890,MED-1538,38.75
laya-score,PLAIN-2890,MED-1534,36.65
laya-score,PLAIN-2890,MED-3351,37.06
laya-score,PLAIN-2890,MED-3370,36.39
laya-score,PLAIN-2890,MED-3376,37.11
laya-score,PLAIN-2890,MED-1535,36.91
laya-score,PLAIN-2890,MED-3143,37.14
laya-score,PLAIN-2890,MED-3896,37.29
laya-score,PLAIN-2890,MED-4172,53.72
laya-score,PLAIN-2890,MED-3369,39.88
laya-score,PLAIN-2890,MED-4284,42.56
laya-score,PLAIN-2890,MED-1709,36.92
laya-score,PLAIN-2890,MED-4287,42.27
laya-score,PLAIN-2890,MED-2418,36.29
laya-score,PLAIN-2890,MED-4262,36.86
laya-score,PLAIN-2890,MED-4765,37.73
laya-score,PLAIN-2890,MED-3583,38.73
laya-score,PLAIN-2890,MED-4028,37.27
laya-score,PLAIN-2900,MED-3692,35.26
laya-score,PLAIN-2900,MED-3679,36.41
laya-score,PLAIN-2900,MED-1420,34.86
laya-score,PLAIN-2900,MED-1413,34.82
laya-score,PLAIN-2900,MED-3677,35.68
laya-score,PLAIN-2900,MED-1417,35.53
laya-score,PLAIN-2900,MED-3690,36.41
laya-score,PLAIN-2900,MED-3693,36.67
laya-score,PLAIN-2900,MED-5198,37.65
laya-score,PLAIN-2900,MED-3695,36.21
laya-score,PLAIN-2900,MED-3680,35.1
laya-score,PLAIN-2900,MED-2105,35.59
laya-score,PLAIN-2900,MED-4271,36.64
laya-score,PLAIN-2900,MED-3105,35.54
laya-score,PLAIN-2900,MED-3673,36.4
laya-score,PLAIN-2900,MED-1421,35.44
laya-score,PLAIN-2900,MED-3678,35.27
laya-score,PLAIN-2900,MED-1574,45.02
laya-score,PLAIN-2900,MED-3691,50.23
laya-score,PLAIN-2900,MED-4760,35.15
laya-score,PLAIN-2910,MED-4295,35.28
laya-score,PLAIN-2910,MED-4296,35.96
laya-score,PLAIN-2910,MED-3492,38.57
laya-score,PLAIN-2910,MED-5115,34.68
laya-score,PLAIN-2910,MED-3688,36.65
laya-score,PLAIN-2910,MED-2430,36.38
laya-score,PLAIN-2910,MED-752,35.47
laya-score,PLAIN-2910,MED-3530,35.94
laya-score,PLAIN-2910,MED-2983,35.56
laya-score,PLAIN-2910,MED-3144,36.55
laya-score,PLAIN-2910,MED-5069,34.93
laya-score,PLAIN-2910,MED-1259,37.56
laya-score,PLAIN-2910,MED-3606,36.01
laya-score,PLAIN-2910,MED-2311,37.35
laya-score,PLAIN-2910,MED-2235,35.79
laya-score,PLAIN-2910,MED-4573,36.84
laya-score,PLAIN-2910,MED-4913,37.7
laya-score,PLAIN-2910,MED-836,35.33
laya-score,PLAIN-2910,MED-4456,35.88
laya-score,PLAIN-2910,MED-1586,34.27
laya-score,PLAIN-2920,MED-4309,36.91
laya-score,PLAIN-2920,MED-3532,35.79
laya-score,PLAIN-2920,MED-2333,35.97
laya-score,PLAIN-2920,MED-3522,35.18
laya-score,PLAIN-2920,MED-2331,36.19
laya-score,PLAIN-2920,MED-2070,62.57
laya-score,PLAIN-2920,MED-3607,67.54
laya-score,PLAIN-2920,MED-2335,58.79
laya-score,PLAIN-2920,MED-1623,50.57
laya-score,PLAIN-2920,MED-5365,47.74
laya-score,PLAIN-2920,MED-2327,52.72
laya-score,PLAIN-2920,MED-2332,50.55
laya-score,PLAIN-2920,MED-1352,50.41
laya-score,PLAIN-2920,MED-2204,47.32
laya-score,PLAIN-2920,MED-2066,50.85
laya-score,PLAIN-2920,MED-3279,51.51
laya-score,PLAIN-2920,MED-4915,47.73
laya-score,PLAIN-2920,MED-3518,48.05
laya-score,PLAIN-2920,MED-4203,47.54
laya-score,PLAIN-2920,MED-1293,47.31
laya-score,PLAIN-2930,MED-4325,46.66
laya-score,PLAIN-2930,MED-1007,45.76
laya-score,PLAIN-2930,MED-1017,45.66
laya-score,PLAIN-2930,MED-1006,44.84
laya-score,PLAIN-2930,MED-1005,52.32
laya-score,PLAIN-2930,MED-1013,46.3
laya-score,PLAIN-2930,MED-4832,52.42
laya-score,PLAIN-2930,MED-3512,53.46
laya-score,PLAIN-2930,MED-4875,45.64
laya-score,PLAIN-2930,MED-1686,45.44
laya-score,PLAIN-2930,MED-1014,46.26
laya-score,PLAIN-2930,MED-946,43.87
laya-score,PLAIN-2930,MED-3539,45.92
laya-score,PLAIN-2930,MED-3514,47.12
laya-score,PLAIN-2930,MED-1009,46.11
laya-score,PLAIN-2930,MED-3508,44.34
laya-score,PLAIN-2930,MED-3506,48.13
laya-score,PLAIN-2930,MED-1012,43.03
laya-score,PLAIN-2930,MED-1040,45.07
laya-score,PLAIN-2930,MED-1035,51.1
laya-score,PLAIN-2940,MED-3961,54.1
laya-score,PLAIN-2940,MED-1579,53.84
laya-score,PLAIN-2940,MED-1578,55.35
laya-score,PLAIN-2940,MED-1581,47.04
laya-score,PLAIN-2940,MED-3965,47.59
laya-score,PLAIN-2940,MED-1425,53.55
laya-score,PLAIN-2940,MED-3966,48.4
laya-score,PLAIN-2940,MED-3967,67.26
laya-score,PLAIN-2940,MED-1580,67.37
laya-score,PLAIN-2940,MED-1582,62.75
laya-score,PLAIN-2940,MED-3963,58.38
laya-score,PLAIN-2940,MED-1575,55.3
laya-score,PLAIN-2940,MED-1574,61.1
laya-score,PLAIN-2940,MED-1576,55.3
laya-score,PLAIN-2940,MED-2811,58.75
laya-score,PLAIN-2940,MED-3970,63.73
laya-score,PLAIN-2940,MED-4372,42.82
laya-score,PLAIN-2940,MED-2062,36.19
laya-score,PLAIN-2940,MED-3964,35.65
laya-score,PLAIN-2940,MED-933,36.14
laya-score,PLAIN-2950,MED-2742,35.72
laya-score,PLAIN-2950,MED-4140,34.88
laya-score,PLAIN-2950,MED-5164,37.37
laya-score,PLAIN-2950,MED-4201,35.89
laya-score,PLAIN-2950,MED-4944,37.58
laya-score,PLAIN-2950,MED-4972,37.22
laya-score,PLAIN-2950,MED-4148,35.95
laya-score,PLAIN-2950,MED-5101,37.72
laya-score,PLAIN-2950,MED-1957,36.15
laya-score,PLAIN-2950,MED-2738,39.73
laya-score,PLAIN-2950,MED-1625,35.53
laya-score,PLAIN-2950,MED-913,35.67
laya-score,PLAIN-2950,MED-1144,49.57
laya-score,PLAIN-2950,MED-1147,37.38
laya-score,PLAIN-2950,MED-4429,36.22
laya-score,PLAIN-2950,MED-4443,36.99
laya-score,PLAIN-2950,MED-1956,37.46
laya-score,PLAIN-2950,MED-4805,34.55
laya-score,PLAIN-2950,MED-4205,35.05
laya-score,PLAIN-2950,MED-5347,37.95
laya-score,PLAIN-2960,MED-4371,37.1
laya-score,PLAIN-2960,MED-4372,36.54
laya-score,PLAIN-2960,MED-4374,37.59
laya-score,PLAIN-2960,MED-4370,34.38
laya-score,PLAIN-2960,MED-1553,36.28
laya-score,PLAIN-2960,MED-2750,37.04
laya-score,PLAIN-2960,MED-1051,36.84
laya-score,PLAIN-2960,MED-4366,36.07
laya-score,PLAIN-2960,MED-1549,37.13
laya-score,PLAIN-2960,MED-4969,36.28
laya-score,PLAIN-2960,MED-2016,36.07
laya-score,PLAIN-2960,MED-5123,37.71
laya-score,PLAIN-2960,MED-4598,46.75
laya-score,PLAIN-2960,MED-4673,38.67
laya-score,PLAIN-2960,MED-4246,36.63
laya-score,PLAIN-2960,MED-1055,37.07
laya-score,PLAIN-2960,MED-1143,35.3
laya-score,PLAIN-2960,MED-1394,35.44
laya-score,PLAIN-2960,MED-1058,37.11
laya-score,PLAIN-2960,MED-5229,49.45
laya-score,PLAIN-2970,MED-2888,45.23
laya-score,PLAIN-2970,MED-836,37.65
laya-score,PLAIN-2970,MED-4993,39.23
laya-score,PLAIN-2970,MED-3550,37.87
laya-score,PLAIN-2970,MED-4382,38.6
laya-score,PLAIN-2970,MED-2062,38.1
laya-score,PLAIN-2970,MED-2889,38.03
laya-score,PLAIN-2970,MED-4724,38.9
laya-score,PLAIN-2970,MED-2069,38.51
laya-score,PLAIN-2970,MED-4114,37.12
laya-score,PLAIN-2970,MED-2895,36.24
laya-score,PLAIN-2970,MED-4030,36.24
laya-score,PLAIN-2970,MED-970,36.2
laya-score,PLAIN-2970,MED-1383,36.05
laya-score,PLAIN-2970,MED-1192,35.78
laya-score,PLAIN-2970,MED-5218,37.63
laya-score,PLAIN-2970,MED-1026,52.67
laya-score,PLAIN-2970,MED-2896,44.16
laya-score,PLAIN-2970,MED-3282,40.53
laya-score,PLAIN-2970,MED-4388,39.44
laya-score,PLAIN-2981,MED-4403,36.15
laya-score,PLAIN-2981,MED-2775,38.25
laya-score,PLAIN-2981,MED-5109,36.23
laya-score,PLAIN-2981,MED-3198,36.39
laya-score,PLAIN-2981,MED-1773,43.21
laya-score,PLAIN-2981,MED-1148,39.33
laya-score,PLAIN-2981,MED-3583,47.89
laya-score,PLAIN-2981,MED-4869,37.0
laya-score,PLAIN-2981,MED-2991,37.26
laya-score,PLAIN-2981,MED-4446,37.95
laya-score,PLAIN-2981,MED-4300,36.75
laya-score,PLAIN-2981,MED-2308,36.13
laya-score,PLAIN-2981,MED-1162,37.15
laya-score,PLAIN-2981,MED-3087,43.17
laya-score,PLAIN-2981,MED-3279,38.79
laya-score,PLAIN-2981,MED-1533,37.0
laya-score,PLAIN-2981,MED-4751,37.21
laya-score,PLAIN-2981,MED-1150,37.31
laya-score,PLAIN-2981,MED-4909,41.32
laya-score,PLAIN-2981,MED-335,40.07
laya-score,PLAIN-2991,MED-1663,39.85
laya-score,PLAIN-2991,MED-1667,35.3
laya-score,PLAIN-2991,MED-4424,38.72
laya-score,PLAIN-2991,MED-1657,39.65
laya-score,PLAIN-2991,MED-1656,35.03
laya-score,PLAIN-2991,MED-5329,38.51
laya-score,PLAIN-2991,MED-1258,38.91
laya-score,PLAIN-2991,MED-1249,41.0
laya-score,PLAIN-2991,MED-4833,36.95
laya-score,PLAIN-2991,MED-1664,39.85
laya-score,PLAIN-2991,MED-4827,37.04
laya-score,PLAIN-2991,MED-5266,36.11
laya-score,PLAIN-2991,MED-5016,44.93
laya-score,PLAIN-2991,MED-751,41.56
laya-score,PLAIN-2991,MED-1874,34.31
laya-score,PLAIN-2991,MED-1968,35.79
laya-score,PLAIN-2991,MED-2432,35.45
laya-score,PLAIN-2991,MED-2440,36.96
laya-score,PLAIN-2991,MED-1890,36.72
laya-score,PLAIN-2991,MED-1252,37.44
laya-score,PLAIN-3001,MED-3314,35.72
laya-score,PLAIN-3001,MED-1114,36.59
laya-score,PLAIN-3001,MED-4436,34.4
laya-score,PLAIN-3001,MED-1156,35.23
laya-score,PLAIN-3001,MED-4484,35.74
laya-score,PLAIN-3001,MED-2693,37.65
laya-score,PLAIN-3001,MED-1108,36.77
laya-score,PLAIN-3001,MED-5060,41.52
laya-score,PLAIN-3001,MED-3703,35.36
laya-score,PLAIN-3001,MED-1103,35.74
laya-score,PLAIN-3001,MED-4536,42.79
laya-score,PLAIN-3001,MED-2021,35.92
laya-score,PLAIN-3001,MED-5313,37.75
laya-score,PLAIN-3001,MED-1717,38.22
laya-score,PLAIN-3001,MED-1718,35.61
laya-score,PLAIN-3001,MED-1105,36.44
laya-score,PLAIN-3001,MED-3699,35.23
laya-score,PLAIN-3001,MED-2304,35.51
laya-score,PLAIN-3001,MED-4116,34.38
laya-score,PLAIN-3001,MED-1817,35.12
laya-score,PLAIN-3014,MED-2673,47.12
laya-score,PLAIN-3014,MED-752,35.01
laya-score,PLAIN-3014,MED-4649,36.01
laya-score,PLAIN-3014,MED-4747,36.33
laya-score,PLAIN-3014,MED-1741,35.22
laya-score,PLAIN-3014,MED-3542,38.39
laya-score,PLAIN-3014,MED-4125,37.69
laya-score,PLAIN-3014,MED-5207,39.79
laya-score,PLAIN-3014,MED-2062,35.86
laya-score,PLAIN-3014,MED-5200,35.03
laya-score,PLAIN-3014,MED-4871,35.24
laya-score,PLAIN-3014,MED-5199,34.93
laya-score,PLAIN-3014,MED-1378,34.94
laya-score,PLAIN-3014,MED-4830,35.18
laya-score,PLAIN-3014,MED-3701,35.38
laya-score,PLAIN-3014,MED-1127,34.88
laya-score,PLAIN-3014,MED-2028,36.91
laya-score,PLAIN-3014,MED-4650,44.26
laya-score,PLAIN-3014,MED-5204,35.95
laya-score,PLAIN-3014,MED-3757,35.01
laya-score,PLAIN-3026,MED-3157,37.32
laya-score,PLAIN-3026,MED-4470,36.33
laya-score,PLAIN-3026,MED-5131,38.2
laya-score,PLAIN-3026,MED-4929,37.49
laya-score,PLAIN-3026,MED-1601,38.12
laya-score,PLAIN-3026,MED-3452,36.95
laya-score,PLAIN-3026,MED-3453,36.06
laya-score,PLAIN-3026,MED-5129,39.9
laya-score,PLAIN-3026,MED-936,49.16
laya-score,PLAIN-3026,MED-904,36.23
laya-score,PLAIN-3026,MED-922,36.2
laya-score,PLAIN-3026,MED-3986,36.74
laya-score,PLAIN-3026,MED-1528,37.68
laya-score,PLAIN-3026,MED-2939,36.3
laya-score,PLAIN-3026,MED-4683,37.38
laya-score,PLAIN-3026,MED-2452,35.39
laya-score,PLAIN-3026,MED-5074,34.28
laya-score,PLAIN-3026,MED-917,41.64
laya-score,PLAIN-3026,MED-1788,35.06
laya-score,PLAIN-3026,MED-5209,35.16
laya-score,PLAIN-3037,MED-1983,35.67
laya-score,PLAIN-3037,MED-2745,35.01
laya-score,PLAIN-3037,MED-2787,37.18
laya-score,PLAIN-3037,MED-2781,37.63
laya-score,PLAIN-3037,MED-3458,38.81
laya-score,PLAIN-3037,MED-5069,36.02
laya-score,PLAIN-3037,MED-5215,35.74
laya-score,PLAIN-3037,MED-5307,39.11
laya-score,PLAIN-3037,MED-4980,34.98
laya-score,PLAIN-3037,MED-863,33.99
laya-score,PLAIN-3037,MED-4663,37.89
laya-score,PLAIN-3037,MED-729,36.65
laya-score,PLAIN-3037,MED-4129,36.09
laya-score,PLAIN-3037,MED-917,37.67
laya-score,PLAIN-3037,MED-1936,36.07
laya-score,PLAIN-3037,MED-3454,42.55
laya-score,PLAIN-3037,MED-5202,45.01
laya-score,PLAIN-3037,MED-1617,35.22
laya-score,PLAIN-3037,MED-732,34.94
laya-score,PLAIN-3037,MED-3274,37.87
laya-score,PLAIN-3053,MED-4525,37.09
laya-score,PLAIN-3053,MED-3021,35.97
laya-score,PLAIN-3053,MED-4526,35.34
laya-score,PLAIN-3053,MED-3353,35.38
laya-score,PLAIN-3053,MED-1497,35.19
laya-score,PLAIN-3053,MED-5129,34.46
laya-score,PLAIN-3053,MED-2522,35.28
laya-score,PLAIN-3053,MED-2083,35.99
laya-score,PLAIN-3053,MED-1810,36.1
laya-score,PLAIN-3053,MED-2523,36.41
laya-score,PLAIN-3053,MED-3949,36.65
laya-score,PLAIN-3053,MED-4625,42.79
laya-score,PLAIN-3053,MED-2700,36.62
laya-score,PLAIN-3053,MED-3811,35.85
laya-score,PLAIN-3053,MED-4416,38.44
laya-score,PLAIN-3053,MED-744,36.92
laya-score,PLAIN-3053,MED-1848,37.71
laya-score,PLAIN-3053,MED-5061,36.7
laya-score,PLAIN-3053,MED-1027,35.68
laya-score,PLAIN-3053,MED-4575,36.32
laya-score,PLAIN-3063,MED-4712,35.66
laya-score,PLAIN-3063,MED-2886,36.21
laya-score,PLAIN-3063,MED-1676,37.79
laya-score,PLAIN-3063,MED-2924,49.47
laya-score,PLAIN-3063,MED-4900,40.7
laya-score,PLAIN-3063,MED-3738,38.6
laya-score,PLAIN-3063,MED-2922,52.44
laya-score,PLAIN-3063,MED-2076,38.4
laya-score,PLAIN-3063,MED-5084,36.91
laya-score,PLAIN-3063,MED-1671,36.47
laya-score,PLAIN-3063,MED-2665,35.35
laya-score,PLAIN-3063,MED-3748,35.15
laya-score,PLAIN-3063,MED-4576,35.55
laya-score,PLAIN-3063,MED-3728,36.43
laya-score,PLAIN-3063,MED-4859,37.61
laya-score,PLAIN-3063,MED-2966,36.48
laya-score,PLAIN-3063,MED-5069,38.25
laya-score,PLAIN-3063,MED-2970,43.0
laya-score,PLAIN-3063,MED-1182,37.11
laya-score,PLAIN-3063,MED-4366,37.05
laya-score,PLAIN-3074,MED-4555,35.22
laya-score,PLAIN-3074,MED-4423,37.81
laya-score,PLAIN-3074,MED-1705,38.53
laya-score,PLAIN-3074,MED-3180,37.2
laya-score,PLAIN-3074,MED-4421,36.31
laya-score,PLAIN-3074,MED-4902,36.71
laya-score,PLAIN-3074,MED-1512,38.06
laya-score,PLAIN-3074,MED-330,37.68
laya-score,PLAIN-3074,MED-3253,36.04
laya-score,PLAIN-3074,MED-3427,35.57
laya-score,PLAIN-3074,MED-4424,45.83
laya-score,PLAIN-3074,MED-1948,36.09
laya-score,PLAIN-3074,MED-3106,37.57
laya-score,PLAIN-3074,MED-2110,39.04
laya-score,PLAIN-3074,MED-3436,38.22
laya-score,PLAIN-3074,MED-4560,35.52
laya-score,PLAIN-3074,MED-1643,37.64
laya-score,PLAIN-3074,MED-2718,35.45
laya-score,PLAIN-3074,MED-1516,36.21
laya-score,PLAIN-3074,MED-1467,36.84
laya-score,PLAIN-3085,MED-714,35.95
laya-score,PLAIN-3085,MED-4570,37.84
laya-score,PLAIN-3085,MED-4566,35.0
laya-score,PLAIN-3085,MED-4872,44.64
laya-score,PLAIN-3085,MED-3987,35.12
laya-score,PLAIN-3085,MED-3988,38.4
laya-score,PLAIN-3085,MED-716,35.93
laya-score,PLAIN-3085,MED-4574,38.01
laya-score,PLAIN-3085,MED-919,36.76
laya-score,PLAIN-3085,MED-4575,36.46
laya-score,PLAIN-3085,MED-921,37.26
laya-score,PLAIN-3085,MED-4573,36.22
laya-score,PLAIN-3085,MED-3986,37.31
laya-score,PLAIN-3085,MED-3990,50.69
laya-score,PLAIN-3085,MED-961,45.5
laya-score,PLAIN-3085,MED-862,36.48
laya-score,PLAIN-3085,MED-962,36.99
laya-score,PLAIN-3085,MED-3985,50.31
laya-score,PLAIN-3085,MED-1834,40.06
laya-score,PLAIN-3085,MED-3991,63.69
laya-score,PLAIN-3097,MED-4590,61.98
laya-score,PLAIN-3097,MED-1792,54.08
laya-score,PLAIN-3097,MED-4580,51.18
laya-score,PLAIN-3097,MED-5019,52.72
laya-score,PLAIN-3097,MED-4267,46.77
laya-score,PLAIN-3097,MED-2491,51.15
laya-score,PLAIN-3097,MED-5082,50.92
laya-score,PLAIN-3097,MED-4090,45.7
laya-score,PLAIN-3097,MED-3908,50.6
laya-score,PLAIN-3097,MED-4089,49.56
laya-score,PLAIN-3097,MED-4862,50.48
laya-score,PLAIN-3097,MED-733,50.55
laya-score,PLAIN-3097,MED-5020,48.69
laya-score,PLAIN-3097,MED-3471,47.35
laya-score,PLAIN-3097,MED-2668,46.98
laya-score,PLAIN-3097,MED-2083,47.34
laya-score,PLAIN-3097,MED-2669,46.72
laya-score,PLAIN-3097,MED-2663,57.13
laya-score,PLAIN-3097,MED-3746,59.68
laya-score,PLAIN-3097,MED-1941,45.32
laya-score,PLAIN-3116,MED-2924,44.83
laya-score,PLAIN-3116,MED-3738,46.35
laya-score,PLAIN-3116,MED-1676,44.66
laya-score,PLAIN-3116,MED-2076,46.33
laya-score,PLAIN-3116,MED-2665,44.87
laya-score,PLAIN-3116,MED-2966,45.48
laya-score,PLAIN-3116,MED-1671,53.66
laya-score,PLAIN-3116,MED-2922,46.27
laya-score,PLAIN-3116,MED-3728,46.51
laya-score,PLAIN-3116,MED-5083,47.76
laya-score,PLAIN-3116,MED-4900,45.57
laya-score,PLAIN-3116,MED-3748,47.1
laya-score,PLAIN-3116,MED-2951,52.62
laya-score,PLAIN-3116,MED-4689,53.17
laya-score,PLAIN-3116,MED-3480,51.27
laya-score,PLAIN-3116,MED-4576,53.5
laya-score,PLAIN-3116,MED-1558,47.11
laya-score,PLAIN-3116,MED-4831,46.76
laya-score,PLAIN-3116,MED-4850,54.48
laya-score,PLAIN-3116,MED-5069,53.6
laya-score,PLAIN-3131,MED-2009,48.62
laya-score,PLAIN-3131,MED-5012,47.68
laya-score,PLAIN-3131,MED-830,49.83
laya-score,PLAIN-3131,MED-4249,59.11
laya-score,PLAIN-3131,MED-3109,59.2
laya-score,PLAIN-3131,MED-4620,58.31
laya-score,PLAIN-3131,MED-2291,65.13
laya-score,PLAIN-3131,MED-5010,57.87
laya-score,PLAIN-3131,MED-4695,59.0
laya-score,PLAIN-3131,MED-1234,63.78
laya-score,PLAIN-3131,MED-4236,38.84
laya-score,PLAIN-3131,MED-2595,38.23
laya-score,PLAIN-3131,MED-4619,38.97
laya-score,PLAIN-3131,MED-3359,37.63
laya-score,PLAIN-3131,MED-4298,35.69
laya-score,PLAIN-3131,MED-3386,37.33
laya-score,PLAIN-3131,MED-4314,36.35
laya-score,PLAIN-3131,MED-2010,37.06
laya-score,PLAIN-3131,MED-2762,39.49
laya-score,PLAIN-3131,MED-2970,40.68
laya-score,PLAIN-3141,MED-4160,40.98
laya-score,PLAIN-3141,MED-831,46.73
laya-score,PLAIN-3141,MED-4644,43.97
laya-score,PLAIN-3141,MED-4698,37.63
laya-score,PLAIN-3141,MED-2647,36.97
laya-score,PLAIN-3141,MED-3795,35.4
laya-score,PLAIN-3141,MED-3446,36.0
laya-score,PLAIN-3141,MED-4159,36.95
laya-score,PLAIN-3141,MED-753,38.77
laya-score,PLAIN-3141,MED-5226,39.74
laya-score,PLAIN-3141,MED-4162,38.85
laya-score,PLAIN-3141,MED-5184,38.01
laya-score,PLAIN-3141,MED-4751,38.57
laya-score,PLAIN-3141,MED-4759,36.62
laya-score,PLAIN-3141,MED-1829,35.4
laya-score,PLAIN-3141,MED-1732,35.03
laya-score,PLAIN-3141,MED-1592,37.79
laya-score,PLAIN-3141,MED-4899,36.65
laya-score,PLAIN-3141,MED-4755,37.65
laya-score,PLAIN-3141,MED-4100,37.14
laya-score,PLAIN-3151,MED-4668,35.75
laya-score,PLAIN-3151,MED-4660,36.37
laya-score,PLAIN-3151,MED-4664,36.33
laya-score,PLAIN-3151,MED-4665,35.32
laya-score,PLAIN-3151,MED-3444,37.32
laya-score,PLAIN-3151,MED-3445,37.5
laya-score,PLAIN-3151,MED-4662,37.38
laya-score,PLAIN-3151,MED-3971,37.85
laya-score,PLAIN-3151,MED-4595,42.28
laya-score,PLAIN-3151,MED-4666,46.06
laya-score,PLAIN-3151,MED-4490,36.26
laya-score,PLAIN-3151,MED-3447,36.83
laya-score,PLAIN-3151,MED-4472,35.49
laya-score,PLAIN-3151,MED-4560,35.74
laya-score,PLAIN-3151,MED-2763,35.25
laya-score,PLAIN-3151,MED-1513,41.93
laya-score,PLAIN-3151,MED-1625,37.51
laya-score,PLAIN-3151,MED-4107,35.41
laya-score,PLAIN-3151,MED-3601,35.42
laya-score,PLAIN-3151,MED-1540,36.8
laya-score,PLAIN-3161,MED-4677,37.53
laya-score,PLAIN-3161,MED-1416,36.11
laya-score,PLAIN-3161,MED-899,36.51
laya-score,PLAIN-3161,MED-2063,35.11
laya-score,PLAIN-3161,MED-2055,35.24
laya-score,PLAIN-3161,MED-1223,36.87
laya-score,PLAIN-3161,MED-900,35.62
laya-score,PLAIN-3161,MED-2057,36.41
laya-score,PLAIN-3161,MED-2772,35.74
laya-score,PLAIN-3161,MED-4899,37.01
laya-score,PLAIN-3161,MED-1768,36.27
laya-score,PLAIN-3161,MED-901,36.37
laya-score,PLAIN-3161,MED-4751,35.63
laya-score,PLAIN-3161,MED-4173,35.7
laya-score,PLAIN-3161,MED-904,34.92
laya-score,PLAIN-3161,MED-4396,36.88
laya-score,PLAIN-3161,MED-2771,38.7
laya-score,PLAIN-3161,MED-4662,45.66
laya-score,PLAIN-3161,MED-4897,33.98
laya-score,PLAIN-3161,MED-5189,34.85
laya-score,PLAIN-3171,MED-5123,34.17
laya-score,PLAIN-3171,MED-1498,35.45
laya-score,PLAIN-3171,MED-2716,42.47
laya-score,PLAIN-3171,MED-2429,36.4
laya-score,PLAIN-3171,MED-3953,36.74
laya-score,PLAIN-3171,MED-4369,36.23
laya-score,PLAIN-3171,MED-4050,37.79
laya-score,PLAIN-3171,MED-1777,38.46
laya-score,PLAIN-3171,MED-4602,38.86
laya-score,PLAIN-3171,MED-2428,38.7
laya-score,PLAIN-3171,MED-2333,36.9
laya-score,PLAIN-3171,MED-745,35.0
laya-score,PLAIN-3171,MED-2112,35.73
laya-score,PLAIN-3171,MED-3247,34.62
laya-score,PLAIN-3171,MED-1483,36.29
laya-score,PLAIN-3171,MED-1504,35.72
laya-score,PLAIN-3171,MED-1754,35.98
laya-score,PLAIN-3171,MED-5018,36.57
laya-score,PLAIN-3171,MED-3601,37.39
laya-score,PLAIN-3171,MED-4170,35.8
laya-score,PLAIN-3181,MED-3942,37.4
laya-score,PLAIN-3181,MED-4414,36.33
laya-score,PLAIN-3181,MED-2970,35.78
laya-score,PLAIN-3181,MED-1686,37.28
laya-score,PLAIN-3181,MED-1500,48.37
laya-score,PLAIN-3181,MED-1792,38.89
laya-score,PLAIN-3181,MED-1695,37.35
laya-score,PLAIN-3181,MED-1795,37.94
laya-score,PLAIN-3181,MED-2453,39.74
laya-score,PLAIN-3181,MED-3906,42.56
laya-score,PLAIN-3181,MED-4496,39.56
laya-score,PLAIN-3181,MED-917,39.01
laya-score,PLAIN-3181,MED-4585,43.41
laya-score,PLAIN-3181,MED-4545,43.18
laya-score,PLAIN-3181,MED-4712,41.97
laya-score,PLAIN-3181,MED-3748,40.8
laya-score,PLAIN-3181,MED-3474,37.47
laya-score,PLAIN-3181,MED-5010,41.1
laya-score,PLAIN-3181,MED-4620,40.29
laya-score,PLAIN-3181,MED-3109,42.1
laya-score,PLAIN-3191,MED-928,39.37
laya-score,PLAIN-3191,MED-839,41.25
laya-score,PLAIN-3191,MED-1831,40.49
laya-score,PLAIN-3191,MED-4943,38.31
laya-score,PLAIN-3191,MED-2751,36.2
laya-score,PLAIN-3191,MED-4730,37.35
laya-score,PLAIN-3191,MED-4959,36.59
laya-score,PLAIN-3191,MED-4380,37.13
laya-score,PLAIN-3191,MED-4961,37.51
laya-score,PLAIN-3191,MED-4811,38.56
laya-score,PLAIN-3191,MED-5100,51.65
laya-score,PLAIN-3191,MED-4731,37.77
laya-score,PLAIN-3191,MED-1570,37.73
laya-score,PLAIN-3191,MED-5095,44.55
laya-score,PLAIN-3191,MED-118,38.82
laya-score,PLAIN-3191,MED-838,39.92
laya-score,PLAIN-3191,MED-2651,38.37
laya-score,PLAIN-3191,MED-4936,39.72
laya-score,PLAIN-3191,MED-2412,39.04
laya-score,PLAIN-3191,MED-4958,41.07
laya-score,PLAIN-3201,MED-2117,39.34
laya-score,PLAIN-3201,MED-2120,36.99
laya-score,PLAIN-3201,MED-4394,37.77
laya-score,PLAIN-3201,MED-5107,39.14
laya-score,PLAIN-3201,MED-2116,41.56
laya-score,PLAIN-3201,MED-4896,40.84
laya-score,PLAIN-3201,MED-2124,42.2
laya-score,PLAIN-3201,MED-4398,37.67
laya-score,PLAIN-3201,MED-5106,45.6
laya-score,PLAIN-3201,MED-4897,36.32
laya-score,PLAIN-3201,MED-4752,37.31
laya-score,PLAIN-3201,MED-2121,36.06
laya-score,PLAIN-3201,MED-4396,37.66
laya-score,PLAIN-3201,MED-2114,39.75
laya-score,PLAIN-3201,MED-2815,37.47
laya-score,PLAIN-3201,MED-2122,36.11
laya-score,PLAIN-3201,MED-1314,49.75
laya-score,PLAIN-3201,MED-3856,34.85
laya-score,PLAIN-3201,MED-3703,42.43
laya-score,PLAIN-3201,MED-4391,35.4
laya-score,PLAIN-3211,MED-1645,37.45
laya-score,PLAIN-3211,MED-2064,38.09
laya-score,PLAIN-3211,MED-2098,35.33
laya-score,PLAIN-3211,MED-4365,41.04
laya-score,PLAIN-3211,MED-2900,36.15
laya-score,PLAIN-3211,MED-5063,35.7
laya-score,PLAIN-3211,MED-2677,35.34
laya-score,PLAIN-3211,MED-5234,38.72
laya-score,PLAIN-3211,MED-4353,35.82
laya-score,PLAIN-3211,MED-759,35.91
laya-score,PLAIN-3211,MED-2980,37.17
laya-score,PLAIN-3211,MED-887,37.34
laya-score,PLAIN-3211,MED-1515,41.44
laya-score,PLAIN-3211,MED-3348,34.92
laya-score,PLAIN-3211,MED-2070,37.45
laya-score,PLAIN-3211,MED-3012,38.79
laya-score,PLAIN-3211,MED-2790,38.82
laya-score,PLAIN-3211,MED-5052,37.21
laya-score,PLAIN-3211,MED-1739,36.54
laya-score,PLAIN-3211,MED-898,36.06
laya-score,PLAIN-3221,MED-2212,36.94
laya-score,PLAIN-3221,MED-2216,39.07
laya-score,PLAIN-3221,MED-4580,36.3
laya-score,PLAIN-3221,MED-1705,51.25
laya-score,PLAIN-3221,MED-1499,37.11
laya-score,PLAIN-3221,MED-1506,36.52
laya-score,PLAIN-3221,MED-987,38.61
laya-score,PLAIN-3221,MED-1500,38.7
laya-score,PLAIN-3221,MED-1433,35.14
laya-score,PLAIN-3221,MED-4790,38.89
laya-score,PLAIN-3221,MED-726,37.95
laya-score,PLAIN-3221,MED-1699,37.54
laya-score,PLAIN-3221,MED-4582,37.32
laya-score,PLAIN-3221,MED-980,35.81
laya-score,PLAIN-3221,MED-4553,37.59
laya-score,PLAIN-3221,MED-1851,34.51
laya-score,PLAIN-3221,MED-1498,36.39
laya-score,PLAIN-3221,MED-1703,36.31
laya-score,PLAIN-3221,MED-985,36.76
laya-score,PLAIN-3221,MED-1702,36.43
laya-score,PLAIN-3231,MED-1105,47.76
laya-score,PLAIN-3231,MED-1114,41.96
laya-score,PLAIN-3231,MED-1109,38.3
laya-score,PLAIN-3231,MED-3787,36.78
laya-score,PLAIN-3231,MED-3193,36.1
laya-score,PLAIN-3231,MED-1115,34.84
laya-score,PLAIN-3231,MED-1104,37.02
laya-score,PLAIN-3231,MED-1107,37.55
laya-score,PLAIN-3231,MED-1113,35.53
laya-score,PLAIN-3231,MED-1106,36.19
laya-score,PLAIN-3231,MED-5188,51.58
laya-score,PLAIN-3231,MED-4485,40.36
laya-score,PLAIN-3231,MED-1111,36.31
laya-score,PLAIN-3231,MED-5035,38.36
laya-score,PLAIN-3231,MED-5195,35.82
laya-score,PLAIN-3231,MED-4057,35.86
laya-score,PLAIN-3231,MED-5235,38.19
laya-score,PLAIN-3231,MED-4482,38.3
laya-score,PLAIN-3231,MED-1108,38.03
laya-score,PLAIN-3231,MED-847,36.41
laya-score,PLAIN-3241,MED-2821,35.57
laya-score,PLAIN-3241,MED-735,36.65
laya-score,PLAIN-3241,MED-5256,36.26
laya-score,PLAIN-3241,MED-2270,35.36
laya-score,PLAIN-3241,MED-721,35.94
laya-score,PLAIN-3241,MED-2809,36.4
laya-score,PLAIN-3241,MED-722,34.61
laya-score,PLAIN-3241,MED-2281,36.53
laya-score,PLAIN-3241,MED-2788,34.95
laya-score,PLAIN-3241,MED-2287,34.38
laya-score,PLAIN-3241,MED-720,35.95
laya-score,PLAIN-3241,MED-731,34.98
laya-score,PLAIN-3241,MED-4841,37.77
laya-score,PLAIN-3241,MED-1041,37.09
laya-score,PLAIN-3241,MED-733,37.92
laya-score,PLAIN-3241,MED-1947,34.85
laya-score,PLAIN-3241,MED-3705,34.16
laya-score,PLAIN-3241,MED-2279,36.3
laya-score,PLAIN-3241,MED-1295,52.67
laya-score,PLAIN-3241,MED-4498,36.91
laya-score,PLAIN-3251,MED-5236,39.48
laya-score,PLAIN-3251,MED-4261,34.98
laya-score,PLAIN-3251,MED-3699,35.95
laya-score,PLAIN-3251,MED-4278,36.31
laya-score,PLAIN-3251,MED-1380,35.36
laya-score,PLAIN-3251,MED-3435,34.74
laya-score,PLAIN-3251,MED-4243,36.33
laya-score,PLAIN-3251,MED-4247,36.71
laya-score,PLAIN-3251,MED-5145,36.91
laya-score,PLAIN-3251,MED-4616,36.53
laya-score,PLAIN-3251,MED-1483,35.89
laya-score,PLAIN-3251,MED-3314,35.53
laya-score,PLAIN-3251,MED-3854,35.27
laya-score,PLAIN-3251,MED-1817,35.26
laya-score,PLAIN-3251,MED-3439,36.66
laya-score,PLAIN-3251,MED-3436,34.2
laya-score,PLAIN-3251,MED-1529,35.06
laya-score,PLAIN-3251,MED-745,34.4
laya-score,PLAIN-3251,MED-4255,45.1
laya-score,PLAIN-3251,MED-5268,35.65
laya-score,PLAIN-3261,MED-5158,35.84
laya-score,PLAIN-3261,MED-5157,37.16
laya-score,PLAIN-3261,MED-945,35.78
laya-score,PLAIN-3261,MED-4251,37.4
laya-score,PLAIN-3261,MED-3489,34.53
laya-score,PLAIN-3261,MED-2349,36.18
laya-score,PLAIN-3261,MED-743,49.64
laya-score,PLAIN-3261,MED-3766,36.55
laya-score,PLAIN-3261,MED-949,33.61
laya-score,PLAIN-3261,MED-5138,37.98
laya-score,PLAIN-3261,MED-1126,36.75
laya-score,PLAIN-3261,MED-3750,36.07
laya-score,PLAIN-3261,MED-2891,58.73
laya-score,PLAIN-3261,MED-4873,61.92
laya-score,PLAIN-3261,MED-3102,52.91
laya-score,PLAIN-3261,MED-4157,45.46
laya-score,PLAIN-3261,MED-3618,50.65
laya-score,PLAIN-3261,MED-3832,45.92
laya-score,PLAIN-3261,MED-1240,45.98
laya-score,PLAIN-3261,MED-820,43.74
laya-score,PLAIN-3271,MED-4823,46.19
laya-score,PLAIN-3271,MED-4450,50.15
laya-score,PLAIN-3271,MED-1556,45.68
laya-score,PLAIN-3271,MED-4069,46.1
laya-score,PLAIN-3271,MED-3878,43.45
laya-score,PLAIN-3271,MED-3862,46.17
laya-score,PLAIN-3271,MED-2434,45.9
laya-score,PLAIN-3271,MED-4233,47.05
laya-score,PLAIN-3271,MED-1455,56.47
laya-score,PLAIN-3271,MED-4556,52.86
laya-score,PLAIN-3271,MED-3243,48.54
laya-score,PLAIN-3271,MED-3790,48.92
laya-score,PLAIN-3271,MED-1068,45.89
laya-score,PLAIN-3271,MED-3874,47.39
laya-score,PLAIN-3271,MED-3245,45.18
laya-score,PLAIN-3271,MED-1454,45.77
laya-score,PLAIN-3271,MED-4885,45.35
laya-score,PLAIN-3271,MED-1873,44.55
laya-score,PLAIN-3271,MED-4278,44.07
laya-score,PLAIN-3271,MED-1072,47.63
laya-score,PLAIN-3281,MED-4909,45.16
laya-score,PLAIN-3281,MED-3087,44.26
laya-score,PLAIN-3281,MED-1850,44.94
laya-score,PLAIN-3281,MED-1851,46.13
laya-score,PLAIN-3281,MED-1841,42.68
laya-score,PLAIN-3281,MED-2264,44.48
laya-score,PLAIN-3281,MED-1844,53.73
laya-score,PLAIN-3281,MED-2906,60.9
laya-score,PLAIN-3281,MED-1849,59.69
laya-score,PLAIN-3281,MED-5198,50.22
laya-score,PLAIN-3281,MED-1843,49.09
laya-score,PLAIN-3281,MED-1839,65.81
laya-score,PLAIN-3281,MED-5097,53.38
laya-score,PLAIN-3281,MED-1845,47.15
laya-score,PLAIN-3281,MED-2353,46.66
laya-score,PLAIN-3281,MED-1852,46.69
laya-score,PLAIN-3281,MED-3601,59.23
laya-score,PLAIN-3281,MED-4908,55.82
laya-score,PLAIN-3281,MED-1848,57.04
laya-score,PLAIN-3281,MED-2747,56.78
laya-score,PLAIN-3292,MED-2761,58.67
laya-score,PLAIN-3292,MED-4925,56.22
laya-score,PLAIN-3292,MED-2759,59.35
laya-score,PLAIN-3292,MED-4645,45.69
laya-score,PLAIN-3292,MED-2757,35.07
laya-score,PLAIN-3292,MED-2758,35.09
laya-score,PLAIN-3292,MED-2762,37.26
laya-score,PLAIN-3292,MED-951,41.99
laya-score,PLAIN-3292,MED-950,34.73
laya-score,PLAIN-3292,MED-4924,36.77
laya-score,PLAIN-3292,MED-2760,38.43
laya-score,PLAIN-3292,MED-4600,34.83
laya-score,PLAIN-3292,MED-4366,38.81
laya-score,PLAIN-3292,MED-3109,38.14
laya-score,PLAIN-3292,MED-4647,54.03
laya-score,PLAIN-3292,MED-4087,37.22
laya-score,PLAIN-3292,MED-2291,38.19
laya-score,PLAIN-3292,MED-4695,37.31
laya-score,PLAIN-3292,MED-4236,36.54
laya-score,PLAIN-3292,MED-4872,35.4
laya-score,PLAIN-3302,MED-4959,35.51
laya-score,PLAIN-3302,MED-2907,36.26
laya-score,PLAIN-3302,MED-3029,36.61
laya-score,PLAIN-3302,MED-3592,37.34
laya-score,PLAIN-3302,MED-1572,36.52
laya-score,PLAIN-3302,MED-5100,35.68
laya-score,PLAIN-3302,MED-4735,36.08
laya-score,PLAIN-3302,MED-4934,38.22
laya-score,PLAIN-3302,MED-1573,35.82
laya-score,PLAIN-3302,MED-3783,36.26
laya-score,PLAIN-3302,MED-5099,38.13
laya-score,PLAIN-3302,MED-4944,36.9
laya-score,PLAIN-3302,MED-4966,37.35
laya-score,PLAIN-3302,MED-3012,44.24
laya-score,PLAIN-3302,MED-2410,35.41
laya-score,PLAIN-3302,MED-4733,35.76
laya-score,PLAIN-3302,MED-2397,37.42
laya-score,PLAIN-3302,MED-1568,37.34
laya-score,PLAIN-3302,MED-4961,34.84
laya-score,PLAIN-3302,MED-3034,38.2
laya-score,PLAIN-3312,MED-4360,38.09
laya-score,PLAIN-3312,MED-4961,48.6
laya-score,PLAIN-3312,MED-4966,39.43
laya-score,PLAIN-3312,MED-4959,37.38
laya-score,PLAIN-3312,MED-1570,36.57
laya-score,PLAIN-3312,MED-4380,36.28
laya-score,PLAIN-3312,MED-1572,34.71
laya-score,PLAIN-3312,MED-4968,37.75
laya-score,PLAIN-3312,MED-1569,36.75
laya-score,PLAIN-3312,MED-3717,37.41
laya-score,PLAIN-3312,MED-3783,36.15
laya-score,PLAIN-3312,MED-1573,35.66
laya-score,PLAIN-3312,MED-3561,36.36
laya-score,PLAIN-3312,MED-5097,37.19
laya-score,PLAIN-3312,MED-5100,38.65
laya-score,PLAIN-3312,MED-3592,37.6
laya-score,PLAIN-3312,MED-4791,37.28
laya-score,PLAIN-3312,MED-4958,35.92
laya-score,PLAIN-3312,MED-4376,38.03
laya-score,PLAIN-3312,MED-4807,40.95
laya-score,PLAIN-3322,MED-4714,40.91
laya-score,PLAIN-3322,MED-5111,36.09
laya-score,PLAIN-3322,MED-1151,35.89
laya-score,PLAIN-3322,MED-5066,38.02
laya-score,PLAIN-3322,MED-3862,36.06
laya-score,PLAIN-3322,MED-4486,38.87
laya-score,PLAIN-3322,MED-2696,38.23
laya-score,PLAIN-3322,MED-2577,37.58
laya-score,PLAIN-3322,MED-2584,43.31
laya-score,PLAIN-3322,MED-5191,44.72
laya-score,PLAIN-3322,MED-3782,34.85
laya-score,PLAIN-3322,MED-4741,37.82
laya-score,PLAIN-3322,MED-5349,37.18
laya-score,PLAIN-3322,MED-2174,38.24
laya-score,PLAIN-3322,MED-4861,36.9
laya-score,PLAIN-3322,MED-3557,44.88
laya-score,PLAIN-3322,MED-4823,36.99
laya-score,PLAIN-3322,MED-2139,36.6
laya-score,PLAIN-3322,MED-4070,40.19
laya-score,PLAIN-3322,MED-861,36.95
laya-score,PLAIN-3332,MED-3696,37.92
laya-score,PLAIN-3332,MED-4994,36.59
laya-score,PLAIN-3332,MED-3762,36.31
laya-score,PLAIN-3332,MED-1680,35.47
laya-score,PLAIN-3332,MED-3763,36.76
laya-score,PLAIN-3332,MED-4622,38.94
laya-score,PLAIN-3332,MED-1646,39.37
laya-score,PLAIN-3332,MED-3768,36.02
laya-score,PLAIN-3332,MED-3766,35.46
laya-score,PLAIN-3332,MED-5293,37.42
laya-score,PLAIN-3332,MED-4445,35.33
laya-score,PLAIN-3332,MED-5100,37.63
laya-score,PLAIN-3332,MED-3765,38.15
laya-score,PLAIN-3332,MED-3767,37.45
laya-score,PLAIN-3332,MED-2237,36.08
laya-score,PLAIN-3332,MED-4365,39.58
laya-score,PLAIN-3332,MED-1677,44.91
laya-score,PLAIN-3332,MED-2437,36.43
laya-score,PLAIN-3332,MED-2160,36.05
laya-score,PLAIN-3332,MED-3700,35.9
laya-score,PLAIN-3342,MED-5012,36.36
laya-score,PLAIN-3342,MED-4000,37.82
laya-score,PLAIN-3342,MED-5014,36.04
laya-score,PLAIN-3342,MED-4001,35.93
laya-score,PLAIN-3342,MED-5015,36.52
laya-score,PLAIN-3342,MED-5016,37.1
laya-score,PLAIN-3342,MED-2772,36.34
laya-score,PLAIN-3342,MED-4002,37.49
laya-score,PLAIN-3342,MED-1337,35.89
laya-score,PLAIN-3342,MED-5013,35.21
laya-score,PLAIN-3342,MED-5189,35.85
laya-score,PLAIN-3342,MED-2291,35.95
laya-score,PLAIN-3342,MED-4004,41.84
laya-score,PLAIN-3342,MED-904,35.94
laya-score,PLAIN-3342,MED-4899,35.66
laya-score,PLAIN-3342,MED-4902,36.52
laya-score,PLAIN-3342,MED-4682,37.77
laya-score,PLAIN-3342,MED-2771,36.0
laya-score,PLAIN-3342,MED-1340,36.77
laya-score,PLAIN-3342,MED-2136,36.18
laya-score,PLAIN-3352,MED-3515,35.83
laya-score,PLAIN-3352,MED-3663,34.93
laya-score,PLAIN-3352,MED-4247,37.14
laya-score,PLAIN-3352,MED-4243,44.31
laya-score,PLAIN-3352,MED-4616,41.89
laya-score,PLAIN-3352,MED-4789,36.3
laya-score,PLAIN-3352,MED-2724,37.34
laya-score,PLAIN-3352,MED-4315,38.66
laya-score,PLAIN-3352,MED-2047,37.47
laya-score,PLAIN-3352,MED-4613,35.07
laya-score,PLAIN-3352,MED-4255,35.98
laya-score,PLAIN-3352,MED-5290,37.99
laya-score,PLAIN-3352,MED-2050,36.73
laya-score,PLAIN-3352,MED-1548,42.74
laya-score,PLAIN-3352,MED-5026,52.18
laya-score,PLAIN-3352,MED-5151,35.34
laya-score,PLAIN-3352,MED-3460,34.78
laya-score,PLAIN-3352,MED-3504,36.12
laya-score,PLAIN-3352,MED-3316,35.63
laya-score,PLAIN-3352,MED-5248,34.4
laya-score,PLAIN-3362,MED-5042,35.74
laya-score,PLAIN-3362,MED-2780,35.5
laya-score,PLAIN-3362,MED-4533,36.5
laya-score,PLAIN-3362,MED-2227,35.51
laya-score,PLAIN-3362,MED-4529,38.05
laya-score,PLAIN-3362,MED-5041,45.06
laya-score,PLAIN-3362,MED-4534,37.08
laya-score,PLAIN-3362,MED-4544,35.34
laya-score,PLAIN-3362,MED-3607,35.48
laya-score,PLAIN-3362,MED-712,37.5
laya-score,PLAIN-3362,MED-2468,40.51
laya-score,PLAIN-3362,MED-818,42.95
laya-score,PLAIN-3362,MED-2810,35.63
laya-score,PLAIN-3362,MED-706,36.25
laya-score,PLAIN-3362,MED-820,37.8
laya-score,PLAIN-3362,MED-744,36.96
laya-score,PLAIN-3362,MED-828,35.15
laya-score,PLAIN-3362,MED-4712,36.0
laya-score,PLAIN-3362,MED-2792,34.91
laya-score,PLAIN-3362,MED-711,38.8
laya-score,PLAIN-3372,MED-4868,35.96
laya-score,PLAIN-3372,MED-1625,34.91
laya-score,PLAIN-3372,MED-5054,35.44
laya-score,PLAIN-3372,MED-1627,38.01
laya-score,PLAIN-3372,MED-5053,37.22
laya-score,PLAIN-3372,MED-1108,37.56
laya-score,PLAIN-3372,MED-4126,36.55
laya-score,PLAIN-3372,MED-1624,34.77
laya-score,PLAIN-3372,MED-1630,35.95
laya-score,PLAIN-3372,MED-2490,37.96
laya-score,PLAIN-3372,MED-4120,35.98
laya-score,PLAIN-3372,MED-2191,39.88
laya-score,PLAIN-3372,MED-4994,40.93
laya-score,PLAIN-3372,MED-5056,36.81
laya-score,PLAIN-3372,MED-1743,36.18
laya-score,PLAIN-3372,MED-3535,37.08
laya-score,PLAIN-3372,MED-4822,37.63
laya-score,PLAIN-3372,MED-1708,35.91
laya-score,PLAIN-3372,MED-4028,51.15
laya-score,PLAIN-3372,MED-1626,37.07
laya-score,PLAIN-3382,MED-3381,37.22
laya-score,PLAIN-3382,MED-1625,38.31
laya-score,PLAIN-3382,MED-3380,35.83
laya-score,PLAIN-3382,MED-5054,36.73
laya-score,PLAIN-3382,MED-3359,35.11
laya-score,PLAIN-3382,MED-3382,37.77
laya-score,PLAIN-3382,MED-2924,37.19
laya-score,PLAIN-3382,MED-887,37.01
laya-score,PLAIN-3382,MED-4332,41.56
laya-score,PLAIN-3382,MED-5062,36.88
laya-score,PLAIN-3382,MED-1108,37.73
laya-score,PLAIN-3382,MED-2618,37.81
laya-score,PLAIN-3382,MED-3109,38.95
laya-score,PLAIN-3382,MED-2939,35.5
laya-score,PLAIN-3382,MED-5063,34.56
laya-score,PLAIN-3382,MED-2994,35.76
laya-score,PLAIN-3382,MED-4385,36.7
laya-score,PLAIN-3382,MED-2616,35.95
laya-score,PLAIN-3382,MED-1407,35.85
laya-score,PLAIN-3382,MED-4604,38.09
laya-score,PLAIN-3392,MED-1646,37.68
laya-score,PLAIN-3392,MED-4994,37.97
laya-score,PLAIN-3392,MED-3533,34.61
laya-score,PLAIN-3392,MED-3763,35.3
laya-score,PLAIN-3392,MED-1844,47.55
laya-score,PLAIN-3392,MED-1710,59.02
laya-score,PLAIN-3392,MED-5050,43.96
laya-score,PLAIN-3392,MED-5249,35.87
laya-score,PLAIN-3392,MED-4587,36.65
laya-score,PLAIN-3392,MED-5046,38.26
laya-score,PLAIN-3392,MED-1637,35.6
laya-score,PLAIN-3392,MED-2155,43.18
laya-score,PLAIN-3392,MED-5244,36.06
laya-score,PLAIN-3392,MED-870,37.38
laya-score,PLAIN-3392,MED-5243,35.93
laya-score,PLAIN-3392,MED-4050,35.53
laya-score,PLAIN-3392,MED-3588,35.98
laya-score,PLAIN-3392,MED-1707,35.52
laya-score,PLAIN-3392,MED-5041,34.77
laya-score,PLAIN-3392,MED-1627,38.21
laya-score,PLAIN-3402,MED-2951,36.54
laya-score,PLAIN-3402,MED-4413,37.41
laya-score,PLAIN-3402,MED-4689,37.41
laya-score,PLAIN-3402,MED-4523,38.45
laya-score,PLAIN-3402,MED-887,35.49
laya-score,PLAIN-3402,MED-5056,35.93
laya-score,PLAIN-3402,MED-2696,35.91
laya-score,PLAIN-3402,MED-2285,36.24
laya-score,PLAIN-3402,MED-4149,36.13
laya-score,PLAIN-3402,MED-4516,34.57
laya-score,PLAIN-3402,MED-2223,35.69
laya-score,PLAIN-3402,MED-4047,38.44
laya-score,PLAIN-3402,MED-2693,38.7
laya-score,PLAIN-3402,MED-3744,49.86
laya-score,PLAIN-3402,MED-2695,34.57
laya-score,PLAIN-3402,MED-4165,35.48
laya-score,PLAIN-3402,MED-4686,35.58
laya-score,PLAIN-3402,MED-4901,38.46
laya-score,PLAIN-3402,MED-4522,40.05
laya-score,PLAIN-3402,MED-3451,35.77
laya-score,PLAIN-3412,MED-4682,36.06
laya-score,PLAIN-3412,MED-3227,38.5
laya-score,PLAIN-3412,MED-3233,38.53
laya-score,PLAIN-3412,MED-4894,37.6
laya-score,PLAIN-3412,MED-936,36.8
laya-score,PLAIN-3412,MED-1339,36.52
laya-score,PLAIN-3412,MED-3229,34.87
laya-score,PLAIN-3412,MED-3216,36.26
laya-score,PLAIN-3412,MED-1135,37.48
laya-score,PLAIN-3412,MED-1791,36.0
laya-score,PLAIN-3412,MED-2053,39.04
laya-score,PLAIN-3412,MED-3232,36.9
laya-score,PLAIN-3412,MED-5192,35.46
laya-score,PLAIN-3412,MED-3918,36.32
laya-score,PLAIN-3412,MED-2264,37.99
laya-score,PLAIN-3412,MED-1136,37.73
laya-score,PLAIN-3412,MED-4898,36.5
laya-score,PLAIN-3412,MED-4469,35.17
laya-score,PLAIN-3412,MED-4373,35.21
laya-score,PLAIN-3412,MED-3215,35.97
laya-score,PLAIN-3422,MED-2761,39.99
laya-score,PLAIN-3422,MED-2762,47.46
laya-score,PLAIN-3422,MED-4930,36.73
laya-score,PLAIN-3422,MED-3157,35.7
laya-score,PLAIN-3422,MED-4872,34.41
laya-score,PLAIN-3422,MED-4929,35.34
laya-score,PLAIN-3422,MED-4645,37.3
laya-score,PLAIN-3422,MED-4566,50.29
laya-score,PLAIN-3422,MED-4511,56.07
laya-score,PLAIN-3422,MED-5136,57.15
laya-score,PLAIN-3422,MED-2452,52.27
laya-score,PLAIN-3422,MED-4366,47.14
laya-score,PLAIN-3422,MED-4373,50.58
laya-score,PLAIN-3422,MED-4873,52.32
laya-score,PLAIN-3422,MED-4647,49.87
laya-score,PLAIN-3422,MED-714,46.13
laya-score,PLAIN-3422,MED-4924,51.56
laya-score,PLAIN-3422,MED-3988,46.74
laya-score,PLAIN-3422,MED-5131,46.48
laya-score,PLAIN-3422,MED-2942,45.67
laya-score,PLAIN-3432,MED-2227,45.43
laya-score,PLAIN-3432,MED-4336,47.75
laya-score,PLAIN-3432,MED-5283,48.96
laya-score,PLAIN-3432,MED-5040,53.25
laya-score,PLAIN-3432,MED-4782,48.27
laya-score,PLAIN-3432,MED-5038,49.29
laya-score,PLAIN-3432,MED-2223,55.78
laya-score,PLAIN-3432,MED-5284,50.82
laya-score,PLAIN-3432,MED-2224,50.74
laya-score,PLAIN-3432,MED-3166,47.33
laya-score,PLAIN-3432,MED-2225,52.35
laya-score,PLAIN-3432,MED-5289,46.76
laya-score,PLAIN-3432,MED-4600,46.7
laya-score,PLAIN-3432,MED-2228,50.34
laya-score,PLAIN-3432,MED-5286,48.41
laya-score,PLAIN-3432,MED-4822,46.68
laya-score,PLAIN-3432,MED-5287,44.84
laya-score,PLAIN-3432,MED-5151,46.06
laya-score,PLAIN-3432,MED-4335,46.22
laya-score,PLAIN-3432,MED-1534,48.2
laya-score,PLAIN-3442,MED-2201,46.52
laya-score,PLAIN-3442,MED-3369,53.08
laya-score,PLAIN-3442,MED-3371,56.51
laya-score,PLAIN-3442,MED-5076,52.5
laya-score,PLAIN-3442,MED-2066,56.46
laya-score,PLAIN-3442,MED-4714,58.74
laya-score,PLAIN-3442,MED-4496,50.77
laya-score,PLAIN-3442,MED-4861,48.98
laya-score,PLAIN-3442,MED-759,45.06
laya-score,PLAIN-3442,MED-3474,46.15
laya-score,PLAIN-3442,MED-3480,49.16
laya-score,PLAIN-3442,MED-2098,51.67
laya-score,PLAIN-3442,MED-1604,53.99
laya-score,PLAIN-3442,MED-3620,56.97
laya-score,PLAIN-3442,MED-3485,56.92
laya-score,PLAIN-3442,MED-5026,57.29
laya-score,PLAIN-3442,MED-3370,53.5
laya-score,PLAIN-3442,MED-4393,52.78
laya-score,PLAIN-3442,MED-2064,59.07
laya-score,PLAIN-3442,MED-1686,38.93
laya-score,PLAIN-3452,MED-1049,36.2
laya-score,PLAIN-3452,MED-5175,40.5
laya-score,PLAIN-3452,MED-1035,45.41
laya-score,PLAIN-3452,MED-1048,35.74
laya-score,PLAIN-3452,MED-1031,35.32
laya-score,PLAIN-3452,MED-4810,34.87
laya-score,PLAIN-3452,MED-1034,37.35
laya-score,PLAIN-3452,MED-1029,47.23
laya-score,PLAIN-3452,MED-4638,37.22
laya-score,PLAIN-3452,MED-2055,34.92
laya-score,PLAIN-3452,MED-1040,34.81
laya-score,PLAIN-3452,MED-2100,34.74
laya-score,PLAIN-3452,MED-4641,41.05
laya-score,PLAIN-3452,MED-1007,34.01
laya-score,PLAIN-3452,MED-4325,37.17
laya-score,PLAIN-3452,MED-949,35.54
laya-score,PLAIN-3452,MED-4637,36.63
laya-score,PLAIN-3452,MED-4517,36.15
laya-score,PLAIN-3452,MED-1033,40.48
laya-score,PLAIN-3452,MED-4639,43.16
laya-score,PLAIN-3462,MED-5271,39.15
laya-score,PLAIN-3462,MED-1373,38.97
laya-score,PLAIN-3462,MED-1390,39.2
laya-score,PLAIN-3462,MED-5260,36.22
laya-score,PLAIN-3462,MED-5274,36.07
laya-score,PLAIN-3462,MED-5263,35.22
laya-score,PLAIN-3462,MED-5269,35.2
laya-score,PLAIN-3462,MED-5153,35.85
laya-score,PLAIN-3462,MED-5273,37.38
laya-score,PLAIN-3462,MED-5268,36.17
laya-score,PLAIN-3462,MED-1363,35.59
laya-score,PLAIN-3462,MED-4006,37.14
laya-score,PLAIN-3462,MED-5272,36.86
laya-score,PLAIN-3462,MED-1394,35.13
laya-score,PLAIN-3462,MED-3432,41.37
laya-score,PLAIN-3462,MED-2378,42.72
laya-score,PLAIN-3462,MED-5262,35.65
laya-score,PLAIN-3462,MED-4249,36.82
laya-score,PLAIN-3462,MED-4709,36.77
laya-score,PLAIN-3462,MED-5261,37.09
laya-score,PLAIN-3472,MED-3755,34.75
laya-score,PLAIN-3472,MED-3760,34.91
laya-score,PLAIN-3472,MED-2928,37.16
laya-score,PLAIN-3472,MED-3757,35.56
laya-score,PLAIN-3472,MED-3759,38.51
laya-score,PLAIN-3472,MED-3604,38.02
laya-score,PLAIN-3472,MED-1350,36.46
laya-score,PLAIN-3472,MED-2525,35.55
laya-score,PLAIN-3472,MED-2112,36.37
laya-score,PLAIN-3472,MED-2923,35.75
laya-score,PLAIN-3472,MED-3625,35.68
laya-score,PLAIN-3472,MED-2082,36.74
laya-score,PLAIN-3472,MED-2284,36.42
laya-score,PLAIN-3472,MED-3603,35.64
laya-score,PLAIN-3472,MED-2527,35.88
laya-score,PLAIN-3472,MED-3636,36.84
laya-score,PLAIN-3472,MED-1097,35.34
laya-score,PLAIN-3472,MED-3374,36.16
laya-score,PLAIN-3472,MED-2744,34.64
laya-score,PLAIN-3472,MED-3382,35.43
laya-typed-score,PLAIN-2,MED-14,35.05
laya-typed-score,PLAIN-2,MED-2429,35.71
laya-typed-score,PLAIN-2,MED-10,36.6
laya-typed-score,PLAIN-2,MED-2431,35.73
laya-typed-score,PLAIN-2,MED-4827,48.52
laya-typed-score,PLAIN-2,MED-2427,42.03
laya-typed-score,PLAIN-2,MED-1193,35.32
laya-typed-score,PLAIN-2,MED-2434,36.57
laya-typed-score,PLAIN-2,MED-2428,35.86
laya-typed-score,PLAIN-2,MED-2439,35.73
laya-typed-score,PLAIN-2,MED-2440,36.99
laya-typed-score,PLAIN-2,MED-3832,37.85
laya-typed-score,PLAIN-2,MED-2435,36.23
laya-typed-score,PLAIN-2,MED-5116,36.18
laya-typed-score,PLAIN-2,MED-2525,35.71
laya-typed-score,PLAIN-2,MED-4650,35.59
laya-typed-score,PLAIN-2,MED-3551,35.59
laya-typed-score,PLAIN-2,MED-4559,35.72
laya-typed-score,PLAIN-2,MED-5352,41.33
laya-typed-score,PLAIN-2,MED-2103,34.29
laya-typed-score,PLAIN-12,MED-2501,35.62
laya-typed-score,PLAIN-12,MED-4711,37.61
laya-typed-score,PLAIN-12,MED-2603,35.51
laya-typed-score,PLAIN-12,MED-4698,35.86
laya-typed-score,PLAIN-12,MED-1167,35.9
laya-typed-score,PLAIN-12,MED-2519,35.21
laya-typed-score,PLAIN-12,MED-2502,36.96
laya-typed-score,PLAIN-12,MED-2325,34.39
laya-typed-score,PLAIN-12,MED-2333,35.33
laya-typed-score,PLAIN-12,MED-2514,35.41
laya-typed-score,PLAIN-12,MED-4884,35.91
laya-typed-score,PLAIN-12,MED-2510,34.94
laya-typed-score,PLAIN-12,MED-5042,47.58
laya-typed-score,PLAIN-12,MED-2136,36.0
laya-typed-score,PLAIN-12,MED-2498,37.11
laya-typed-score,PLAIN-12,MED-4156,34.91
laya-typed-score,PLAIN-12,MED-4699,34.88
laya-typed-score,PLAIN-12,MED-1376,36.18
laya-typed-score,PLAIN-12,MED-4115,38.8
laya-typed-score,PLAIN-12,MED-2815,37.43
laya-typed-score,PLAIN-23,MED-2658,34.99
laya-typed-score,PLAIN-23,MED-118,36.66
laya-typed-score,PLAIN-23,MED-2651,36.47
laya-typed-score,PLAIN-23,MED-1174,35.14
laya-typed-score,PLAIN-23,MED-1961,35.56
laya-typed-score,PLAIN-23,MED-1164,33.8
laya-typed-score,PLAIN-23,MED-1169,34.06
laya-typed-score,PLAIN-23,MED-3498,36.39
laya-typed-score,PLAIN-23,MED-2661,38.9
laya-typed-score,PLAIN-23,MED-999,36.33
laya-typed-score,PLAIN-23,MED-3102,35.01
laya-typed-score,PLAIN-23,MED-3925,36.09
laya-typed-score,PLAIN-23,MED-1172,35.44
laya-typed-score,PLAIN-23,MED-2212,35.03
laya-typed-score,PLAIN-23,MED-835,35.71
laya-typed-score,PLAIN-23,MED-1004,36.37
laya-typed-score,PLAIN-23,MED-1831,35.37
laya-typed-score,PLAIN-23,MED-1221,35.56
laya-typed-score,PLAIN-23,MED-2643,36.32
laya-typed-score,PLAIN-23,MED-1845,39.58
laya-typed-score,PLAIN-33,MED-1056,50.03
laya-typed-score,PLAIN-33,MED-2763,35.38
laya-typed-score,PLAIN-33,MED-1448,34.81
laya-typed-score,PLAIN-33,MED-2162,34.51
laya-typed-score,PLAIN-33,MED-1334,34.81
laya-typed-score,PLAIN-33,MED-1468,36.62
laya-typed-score,PLAIN-33,MED-1366,36.96
laya-typed-score,PLAIN-33,MED-2717,36.32
laya-typed-score,PLAIN-33,MED-1994,38.46
laya-typed-score,PLAIN-33,MED-2718,38.07
laya-typed-score,PLAIN-33,MED-5299,38.1
laya-typed-score,PLAIN-33,MED-4699,37.49
laya-typed-score,PLAIN-33,MED-4891,36.59
laya-typed-score,PLAIN-33,MED-1718,36.15
laya-typed-score,PLAIN-33,MED-1506,35.53
laya-typed-score,PLAIN-33,MED-3052,36.92
laya-typed-score,PLAIN-33,MED-5311,37.39
laya-typed-score,PLAIN-33,MED-1230,35.57
laya-typed-score,PLAIN-33,MED-3055,36.37
laya-typed-score,PLAIN-33,MED-1707,35.56
laya-typed-score,PLAIN-44,MED-1811,37.23
laya-typed-score,PLAIN-44,MED-2791,34.92
laya-typed-score,PLAIN-44,MED-2607,35.98
laya-typed-score,PLAIN-44,MED-2810,35.69
laya-typed-score,PLAIN-44,MED-2783,34.35
laya-typed-score,PLAIN-44,MED-2821,35.29
laya-typed-score,PLAIN-44,MED-2817,41.13
laya-typed-score,PLAIN-44,MED-2800,38.74
laya-typed-score,PLAIN-44,MED-2812,49.71
laya-typed-score,PLAIN-44,MED-2818,36.77
laya-typed-score,PLAIN-44,MED-2786,35.75
laya-typed-score,PLAIN-44,MED-2782,36.73
laya-typed-score,PLAIN-44,MED-2785,38.42
laya-typed-score,PLAIN-44,MED-2815,38.21
laya-typed-score,PLAIN-44,MED-2604,35.93
laya-typed-score,PLAIN-44,MED-2823,35.2
laya-typed-score,PLAIN-44,MED-2240,37.26
laya-typed-score,PLAIN-44,MED-1948,34.91
laya-typed-score,PLAIN-44,MED-2814,35.0
laya-typed-score,PLAIN-44,MED-2602,34.34
laya-typed-score,PLAIN-56,MED-2896,35.11
laya-typed-score,PLAIN-56,MED-2901,35.72
laya-typed-score,PLAIN-56,MED-2900,36.51
laya-typed-score,PLAIN-56,MED-4384,35.53
laya-typed-score,PLAIN-56,MED-5247,38.45
laya-typed-score,PLAIN-56,MED-2894,37.32
laya-typed-score,PLAIN-56,MED-5246,36.33
laya-typed-score,PLAIN-56,MED-4028,36.62
laya-typed-score,PLAIN-56,MED-2380,35.31
laya-typed-score,PLAIN-56,MED-4554,35.83
laya-typed-score,PLAIN-56,MED-5134,35.49
laya-typed-score,PLAIN-56,MED-2895,37.4
laya-typed-score,PLAIN-56,MED-2888,38.32
laya-typed-score,PLAIN-56,MED-3356,42.45
laya-typed-score,PLAIN-56,MED-2886,35.14
laya-typed-score,PLAIN-56,MED-3770,40.37
laya-typed-score,PLAIN-56,MED-1178,39.16
laya-typed-score,PLAIN-56,MED-5218,34.49
laya-typed-score,PLAIN-56,MED-3786,34.67
laya-typed-score,PLAIN-56,MED-3397,41.75
laya-typed-score,PLAIN-68,MED-2991,38.48
laya-typed-score,PLAIN-68,MED-2492,39.59
laya-typed-score,PLAIN-68,MED-4800,36.14
laya-typed-score,PLAIN-68,MED-1801,35.75
laya-typed-score,PLAIN-68,MED-4429,34.88
laya-typed-score,PLAIN-68,MED-3086,34.46
laya-typed-score,PLAIN-68,MED-1962,35.41
laya-typed-score,PLAIN-68,MED-3095,35.7
laya-typed-score,PLAIN-68,MED-1956,38.28
laya-typed-score,PLAIN-68,MED-4626,36.63
laya-typed-score,PLAIN-68,MED-2745,34.91
laya-typed-score,PLAIN-68,MED-2339,35.26
laya-typed-score,PLAIN-68,MED-2168,39.34
laya-typed-score,PLAIN-68,MED-2736,36.02
laya-typed-score,PLAIN-68,MED-4978,36.88
laya-typed-score,PLAIN-68,MED-3651,42.77
laya-typed-score,PLAIN-68,MED-4972,42.2
laya-typed-score,PLAIN-68,MED-4428,41.67
laya-typed-score,PLAIN-68,MED-3889,39.33
laya-typed-score,PLAIN-68,MED-733,36.25
laya-typed-score,PLAIN-78,MED-5110,35.96
laya-typed-score,PLAIN-78,MED-4746,36.05
laya-typed-score,PLAIN-78,MED-2671,38.74
laya-typed-score,PLAIN-78,MED-4318,49.76
laya-typed-score,PLAIN-78,MED-1601,37.0
laya-typed-score,PLAIN-78,MED-3499,39.51
laya-typed-score,PLAIN-78,MED-335,38.33
laya-typed-score,PLAIN-78,MED-4145,35.79
laya-typed-score,PLAIN-78,MED-1407,36.58
laya-typed-score,PLAIN-78,MED-4493,38.76
laya-typed-score,PLAIN-78,MED-4182,37.81
laya-typed-score,PLAIN-78,MED-5326,39.78
laya-typed-score,PLAIN-78,MED-4814,52.68
laya-typed-score,PLAIN-78,MED-2219,67.38
laya-typed-score,PLAIN-78,MED-3494,64.32
laya-typed-score,PLAIN-78,MED-1540,51.33
laya-typed-score,PLAIN-78,MED-5235,47.6
laya-typed-score,PLAIN-78,MED-1366,53.85
laya-typed-score,PLAIN-78,MED-4087,47.83
laya-typed-score,PLAIN-78,MED-1600,49.43
laya-typed-score,PLAIN-91,MED-3288,45.13
laya-typed-score,PLAIN-91,MED-4963,60.61
laya-typed-score,PLAIN-91,MED-4818,46.89
laya-typed-score,PLAIN-91,MED-3171,46.46
laya-typed-score,PLAIN-91,MED-1979,51.26
laya-typed-score,PLAIN-91,MED-1977,61.91
laya-typed-score,PLAIN-91,MED-3319,57.14
laya-typed-score,PLAIN-91,MED-3515,46.48
laya-typed-score,PLAIN-91,MED-3169,48.32
laya-typed-score,PLAIN-91,MED-3175,47.05
laya-typed-score,PLAIN-91,MED-3178,48.39
laya-typed-score,PLAIN-91,MED-4138,51.17
laya-typed-score,PLAIN-91,MED-4797,45.89
laya-typed-score,PLAIN-91,MED-3307,47.41
laya-typed-score,PLAIN-91,MED-1983,44.54
laya-typed-score,PLAIN-91,MED-2346,44.75
laya-typed-score,PLAIN-91,MED-4957,43.21
laya-typed-score,PLAIN-91,MED-2352,44.48
laya-typed-score,PLAIN-91,MED-4134,44.97
laya-typed-score,PLAIN-91,MED-4814,45.46
laya-typed-score,PLAIN-102,MED-3954,45.86
laya-typed-score,PLAIN-102,MED-3253,52.05
laya-typed-score,PLAIN-102,MED-1366,52.1
laya-typed-score,PLAIN-102,MED-2590,44.42
laya-typed-score,PLAIN-102,MED-4247,45.51
laya-typed-score,PLAIN-102,MED-4616,52.37
laya-typed-score,PLAIN-102,MED-1548,56.29
laya-typed-score,PLAIN-102,MED-4255,60.46
laya-typed-score,PLAIN-102,MED-4613,58.24
laya-typed-score,PLAIN-102,MED-2476,46.57
laya-typed-score,PLAIN-102,MED-2111,45.93
laya-typed-score,PLAIN-102,MED-1987,51.87
laya-typed-score,PLAIN-102,MED-1409,44.64
laya-typed-score,PLAIN-102,MED-1190,47.35
laya-typed-score,PLAIN-102,MED-1991,45.32
laya-typed-score,PLAIN-102,MED-4680,52.59
laya-typed-score,PLAIN-102,MED-1997,57.65
laya-typed-score,PLAIN-102,MED-1996,53.99
laya-typed-score,PLAIN-102,MED-1381,55.88
laya-typed-score,PLAIN-102,MED-4243,58.26
laya-typed-score,PLAIN-112,MED-3380,57.5
laya-typed-score,PLAIN-112,MED-3382,59.34
laya-typed-score,PLAIN-112,MED-2618,54.22
laya-typed-score,PLAIN-112,MED-1153,36.75
laya-typed-score,PLAIN-112,MED-4655,36.48
laya-typed-score,PLAIN-112,MED-2616,38.62
laya-typed-score,PLAIN-112,MED-4604,37.03
laya-typed-score,PLAIN-112,MED-3381,39.29
laya-typed-score,PLAIN-112,MED-3383,40.07
laya-typed-score,PLAIN-112,MED-3351,48.08
laya-typed-score,PLAIN-112,MED-2059,38.65
laya-typed-score,PLAIN-112,MED-2063,37.05
laya-typed-score,PLAIN-112,MED-3050,41.17
laya-typed-score,PLAIN-112,MED-2036,38.69
laya-typed-score,PLAIN-112,MED-5063,37.19
laya-typed-score,PLAIN-112,MED-5062,39.65
laya-typed-score,PLAIN-112,MED-2619,35.78
laya-typed-score,PLAIN-112,MED-906,35.82
laya-typed-score,PLAIN-112,MED-2643,34.53
laya-typed-score,PLAIN-112,MED-1502,34.23
laya-typed-score,PLAIN-123,MED-4392,40.33
laya-typed-score,PLAIN-123,MED-3483,44.07
laya-typed-score,PLAIN-123,MED-2083,35.96
laya-typed-score,PLAIN-123,MED-2265,36.05
laya-typed-score,PLAIN-123,MED-4804,37.88
laya-typed-score,PLAIN-123,MED-1982,39.23
laya-typed-score,PLAIN-123,MED-2707,37.1
laya-typed-score,PLAIN-123,MED-2711,36.73
laya-typed-score,PLAIN-123,MED-2803,36.72
laya-typed-score,PLAIN-123,MED-2713,36.89
laya-typed-score,PLAIN-123,MED-3474,37.67
laya-typed-score,PLAIN-123,MED-2073,38.7
laya-typed-score,PLAIN-123,MED-4256,44.85
laya-typed-score,PLAIN-123,MED-4969,37.14
laya-typed-score,PLAIN-123,MED-3204,36.12
laya-typed-score,PLAIN-123,MED-3210,44.73
laya-typed-score,PLAIN-123,MED-4429,43.55
laya-typed-score,PLAIN-123,MED-1020,36.59
laya-typed-score,PLAIN-123,MED-3476,37.24
laya-typed-score,PLAIN-123,MED-2336,37.44
laya-typed-score,PLAIN-133,MED-2513,36.78
laya-typed-score,PLAIN-133,MED-4116,38.43
laya-typed-score,PLAIN-133,MED-2357,36.46
laya-typed-score,PLAIN-133,MED-4464,35.96
laya-typed-score,PLAIN-133,MED-5034,37.41
laya-typed-score,PLAIN-133,MED-2993,37.17
laya-typed-score,PLAIN-133,MED-3280,36.14
laya-typed-score,PLAIN-133,MED-2129,35.26
laya-typed-score,PLAIN-133,MED-1666,36.34
laya-typed-score,PLAIN-133,MED-2923,34.91
laya-typed-score,PLAIN-133,MED-4095,35.68
laya-typed-score,PLAIN-133,MED-5292,34.59
laya-typed-score,PLAIN-133,MED-1665,37.62
laya-typed-score,PLAIN-133,MED-3311,36.88
laya-typed-score,PLAIN-133,MED-2751,35.87
laya-typed-score,PLAIN-133,MED-5032,36.8
laya-typed-score,PLAIN-133,MED-4423,34.53
laya-typed-score,PLAIN-133,MED-2577,35.87
laya-typed-score,PLAIN-133,MED-3277,36.37
laya-typed-score,PLAIN-133,MED-1719,38.89
laya-typed-score,PLAIN-143,MED-3621,36.81
laya-typed-score,PLAIN-143,MED-3618,36.32
laya-typed-score,PLAIN-143,MED-2093,37.63
laya-typed-score,PLAIN-143,MED-3619,49.62
laya-typed-score,PLAIN-143,MED-872,38.21
laya-typed-score,PLAIN-143,MED-4036,37.43
laya-typed-score,PLAIN-143,MED-4028,37.56
laya-typed-score,PLAIN-143,MED-1858,37.04
laya-typed-score,PLAIN-143,MED-4026,39.73
laya-typed-score,PLAIN-143,MED-859,36.82
laya-typed-score,PLAIN-143,MED-3639,35.66
laya-typed-score,PLAIN-143,MED-4027,35.6
laya-typed-score,PLAIN-143,MED-3640,36.28
laya-typed-score,PLAIN-143,MED-1857,35.29
laya-typed-score,PLAIN-143,MED-4019,36.05
laya-typed-score,PLAIN-143,MED-2982,36.62
laya-typed-score,PLAIN-143,MED-4034,36.35
laya-typed-score,PLAIN-143,MED-2096,36.47
laya-typed-score,PLAIN-143,MED-2094,38.02
laya-typed-score,PLAIN-143,MED-4373,39.4
laya-typed-score,PLAIN-153,MED-3677,36.68
laya-typed-score,PLAIN-153,MED-3695,36.75
laya-typed-score,PLAIN-153,MED-3692,36.56
laya-typed-score,PLAIN-153,MED-3690,35.07
laya-typed-score,PLAIN-153,MED-3680,35.36
laya-typed-score,PLAIN-153,MED-3679,35.27
laya-typed-score,PLAIN-153,MED-3691,41.41
laya-typed-score,PLAIN-153,MED-3693,34.37
laya-typed-score,PLAIN-153,MED-2105,35.34
laya-typed-score,PLAIN-153,MED-4266,36.41
laya-typed-score,PLAIN-153,MED-3673,38.11
laya-typed-score,PLAIN-153,MED-4762,45.88
laya-typed-score,PLAIN-153,MED-4760,34.62
laya-typed-score,PLAIN-153,MED-3683,36.4
laya-typed-score,PLAIN-153,MED-1413,36.64
laya-typed-score,PLAIN-153,MED-4442,37.5
laya-typed-score,PLAIN-153,MED-1981,35.44
laya-typed-score,PLAIN-153,MED-3967,36.7
laya-typed-score,PLAIN-153,MED-3688,36.45
laya-typed-score,PLAIN-153,MED-1248,36.53
laya-typed-score,PLAIN-165,MED-4445,34.99
laya-typed-score,PLAIN-165,MED-3766,36.52
laya-typed-score,PLAIN-165,MED-3767,35.47
laya-typed-score,PLAIN-165,MED-3696,35.2
laya-typed-score,PLAIN-165,MED-3762,35.3
laya-typed-score,PLAIN-165,MED-2437,39.45
laya-typed-score,PLAIN-165,MED-3768,41.88
laya-typed-score,PLAIN-165,MED-1564,35.43
laya-typed-score,PLAIN-165,MED-4450,37.71
laya-typed-score,PLAIN-165,MED-3855,36.54
laya-typed-score,PLAIN-165,MED-3765,37.78
laya-typed-score,PLAIN-165,MED-4096,36.56
laya-typed-score,PLAIN-165,MED-3205,36.58
laya-typed-score,PLAIN-165,MED-3697,39.13
laya-typed-score,PLAIN-165,MED-3844,36.09
laya-typed-score,PLAIN-165,MED-3832,38.09
laya-typed-score,PLAIN-165,MED-2258,39.1
laya-typed-score,PLAIN-165,MED-3447,37.92
laya-typed-score,PLAIN-165,MED-2237,52.78
laya-typed-score,PLAIN-165,MED-3701,36.76
laya-typed-score,PLAIN-175,MED-3818,35.74
laya-typed-score,PLAIN-175,MED-3822,38.12
laya-typed-score,PLAIN-175,MED-3816,36.52
laya-typed-score,PLAIN-175,MED-4515,37.92
laya-typed-score,PLAIN-175,MED-2459,36.81
laya-typed-score,PLAIN-175,MED-2529,38.05
laya-typed-score,PLAIN-175,MED-4985,36.45
laya-typed-score,PLAIN-175,MED-1445,35.48
laya-typed-score,PLAIN-175,MED-4239,36.55
laya-typed-score,PLAIN-175,MED-836,36.14
laya-typed-score,PLAIN-175,MED-5262,36.87
laya-typed-score,PLAIN-175,MED-825,35.8
laya-typed-score,PLAIN-175,MED-4710,36.1
laya-typed-score,PLAIN-175,MED-2148,37.48
laya-typed-score,PLAIN-175,MED-2008,37.63
laya-typed-score,PLAIN-175,MED-1450,37.68
laya-typed-score,PLAIN-175,MED-4299,34.99
laya-typed-score,PLAIN-175,MED-1258,37.76
laya-typed-score,PLAIN-175,MED-5200,35.39
laya-typed-score,PLAIN-175,MED-4154,38.58
laya-typed-score,PLAIN-186,MED-2054,36.47
laya-typed-score,PLAIN-186,MED-3904,36.82
laya-typed-score,PLAIN-186,MED-949,35.7
laya-typed-score,PLAIN-186,MED-2057,36.46
laya-typed-score,PLAIN-186,MED-2059,34.52
laya-typed-score,PLAIN-186,MED-2203,37.21
laya-typed-score,PLAIN-186,MED-2053,44.38
laya-typed-score,PLAIN-186,MED-1031,36.52
laya-typed-score,PLAIN-186,MED-2055,36.11
laya-typed-score,PLAIN-186,MED-1017,36.29
laya-typed-score,PLAIN-186,MED-2058,36.03
laya-typed-score,PLAIN-186,MED-2062,37.03
laya-typed-score,PLAIN-186,MED-2060,37.12
laya-typed-score,PLAIN-186,MED-4325,37.27
laya-typed-score,PLAIN-186,MED-1006,34.84
laya-typed-score,PLAIN-186,MED-5005,36.49
laya-typed-score,PLAIN-186,MED-2061,36.31
laya-typed-score,PLAIN-186,MED-4638,36.98
laya-typed-score,PLAIN-186,MED-3933,40.11
laya-typed-score,PLAIN-186,MED-1016,35.98
laya-typed-score,PLAIN-196,MED-3969,36.59
laya-typed-score,PLAIN-196,MED-3970,35.95
laya-typed-score,PLAIN-196,MED-3963,35.06
laya-typed-score,PLAIN-196,MED-895,35.4
laya-typed-score,PLAIN-196,MED-1185,36.91
laya-typed-score,PLAIN-196,MED-4602,38.69
laya-typed-score,PLAIN-196,MED-855,41.82
laya-typed-score,PLAIN-196,MED-2994,36.94
laya-typed-score,PLAIN-196,MED-3619,37.94
laya-typed-score,PLAIN-196,MED-3606,38.18
laya-typed-score,PLAIN-196,MED-3964,37.82
laya-typed-score,PLAIN-196,MED-2643,36.98
laya-typed-score,PLAIN-196,MED-3960,36.11
laya-typed-score,PLAIN-196,MED-4949,50.87
laya-typed-score,PLAIN-196,MED-5059,38.66
laya-typed-score,PLAIN-196,MED-859,35.6
laya-typed-score,PLAIN-196,MED-4391,35.94
laya-typed-score,PLAIN-196,MED-3022,35.02
laya-typed-score,PLAIN-196,MED-4479,36.01
laya-typed-score,PLAIN-196,MED-5133,36.44
laya-typed-score,PLAIN-207,MED-5197,35.44
laya-typed-score,PLAIN-207,MED-3000,35.96
laya-typed-score,PLAIN-207,MED-4057,36.36
laya-typed-score,PLAIN-207,MED-4482,37.04
laya-typed-score,PLAIN-207,MED-4053,41.73
laya-typed-score,PLAIN-207,MED-4040,41.63
laya-typed-score,PLAIN-207,MED-5326,37.26
laya-typed-score,PLAIN-207,MED-4976,36.66
laya-typed-score,PLAIN-207,MED-2168,42.07
laya-typed-score,PLAIN-207,MED-847,36.4
laya-typed-score,PLAIN-207,MED-4972,36.08
laya-typed-score,PLAIN-207,MED-4485,36.6
laya-typed-score,PLAIN-207,MED-4060,41.2
laya-typed-score,PLAIN-207,MED-4451,36.72
laya-typed-score,PLAIN-207,MED-5188,36.68
laya-typed-score,PLAIN-207,MED-4493,37.08
laya-typed-score,PLAIN-207,MED-2492,37.9
laya-typed-score,PLAIN-207,MED-4492,36.3
laya-typed-score,PLAIN-207,MED-1165,37.41
laya-typed-score,PLAIN-207,MED-3311,38.21
laya-typed-score,PLAIN-217,MED-4831,53.94
laya-typed-score,PLAIN-217,MED-1991,36.16
laya-typed-score,PLAIN-217,MED-4389,35.19
laya-typed-score,PLAIN-217,MED-4206,35.37
laya-typed-score,PLAIN-217,MED-1386,35.27
laya-typed-score,PLAIN-217,MED-1319,37.18
laya-typed-score,PLAIN-217,MED-4687,38.47
laya-typed-score,PLAIN-217,MED-1258,37.38
laya-typed-score,PLAIN-217,MED-4349,36.48
laya-typed-score,PLAIN-217,MED-4515,37.79
laya-typed-score,PLAIN-217,MED-2444,36.94
laya-typed-score,PLAIN-217,MED-2951,43.1
laya-typed-score,PLAIN-217,MED-4689,34.95
laya-typed-score,PLAIN-217,MED-5069,36.36
laya-typed-score,PLAIN-217,MED-1445,36.81
laya-typed-score,PLAIN-217,MED-4255,35.77
laya-typed-score,PLAIN-217,MED-4613,35.64
laya-typed-score,PLAIN-217,MED-2578,42.72
laya-typed-score,PLAIN-217,MED-2439,37.5
laya-typed-score,PLAIN-217,MED-4846,40.01
laya-typed-score,PLAIN-227,MED-3534,39.87
laya-typed-score,PLAIN-227,MED-4830,38.54
laya-typed-score,PLAIN-227,MED-3459,39.03
laya-typed-score,PLAIN-227,MED-4829,38.75
laya-typed-score,PLAIN-227,MED-1491,38.63
laya-typed-score,PLAIN-227,MED-3466,37.92
laya-typed-score,PLAIN-227,MED-3462,38.77
laya-typed-score,PLAIN-227,MED-4405,49.92
laya-typed-score,PLAIN-227,MED-3460,36.29
laya-typed-score,PLAIN-227,MED-3499,37.05
laya-typed-score,PLAIN-227,MED-2271,36.94
laya-typed-score,PLAIN-227,MED-3453,36.13
laya-typed-score,PLAIN-227,MED-1466,35.45
laya-typed-score,PLAIN-227,MED-1474,35.45
laya-typed-score,PLAIN-227,MED-4828,35.38
laya-typed-score,PLAIN-227,MED-3165,37.14
laya-typed-score,PLAIN-227,MED-923,36.26
laya-typed-score,PLAIN-227,MED-1460,37.17
laya-typed-score,PLAIN-227,MED-4145,37.49
laya-typed-score,PLAIN-227,MED-4508,37.31
laya-typed-score,PLAIN-238,MED-5104,35.99
laya-typed-score,PLAIN-238,MED-3630,36.94
laya-typed-score,PLAIN-238,MED-2105,35.19
laya-typed-score,PLAIN-238,MED-4976,38.39
laya-typed-score,PLAIN-238,MED-4739,35.57
laya-typed-score,PLAIN-238,MED-4381,39.94
laya-typed-score,PLAIN-238,MED-2994,35.84
laya-typed-score,PLAIN-238,MED-2627,37.76
laya-typed-score,PLAIN-238,MED-4949,37.23
laya-typed-score,PLAIN-238,MED-4451,36.7
laya-typed-score,PLAIN-238,MED-999,39.62
laya-typed-score,PLAIN-238,MED-4181,38.56
laya-typed-score,PLAIN-238,MED-2746,37.61
laya-typed-score,PLAIN-238,MED-4911,39.08
laya-typed-score,PLAIN-238,MED-2391,50.65
laya-typed-score,PLAIN-238,MED-4465,38.35
laya-typed-score,PLAIN-238,MED-5224,37.68
laya-typed-score,PLAIN-238,MED-3880,35.88
laya-typed-score,PLAIN-238,MED-956,35.53
laya-typed-score,PLAIN-238,MED-2643,35.17
laya-typed-score,PLAIN-248,MED-4233,35.89
laya-typed-score,PLAIN-248,MED-3874,37.88
laya-typed-score,PLAIN-248,MED-3790,37.67
laya-typed-score,PLAIN-248,MED-4885,43.93
laya-typed-score,PLAIN-248,MED-4886,36.22
laya-typed-score,PLAIN-248,MED-3243,38.98
laya-typed-score,PLAIN-248,MED-3789,59.73
laya-typed-score,PLAIN-248,MED-5337,62.98
laya-typed-score,PLAIN-248,MED-5356,55.61
laya-typed-score,PLAIN-248,MED-3877,52.21
laya-typed-score,PLAIN-248,MED-5355,54.92
laya-typed-score,PLAIN-248,MED-861,50.37
laya-typed-score,PLAIN-248,MED-4888,52.84
laya-typed-score,PLAIN-248,MED-3245,47.16
laya-typed-score,PLAIN-248,MED-3878,49.34
laya-typed-score,PLAIN-248,MED-3782,49.67
laya-typed-score,PLAIN-248,MED-865,50.67
laya-typed-score,PLAIN-248,MED-5192,58.11
laya-typed-score,PLAIN-248,MED-2769,52.77
laya-typed-score,PLAIN-248,MED-4898,48.31
laya-typed-score,PLAIN-259,MED-4295,46.79
laya-typed-score,PLAIN-259,MED-4296,48.09
laya-typed-score,PLAIN-259,MED-4913,53.89
laya-typed-score,PLAIN-259,MED-752,52.11
laya-typed-score,PLAIN-259,MED-3492,59.28
laya-typed-score,PLAIN-259,MED-2430,46.28
laya-typed-score,PLAIN-259,MED-3530,46.88
laya-typed-score,PLAIN-259,MED-5165,48.09
laya-typed-score,PLAIN-259,MED-5115,44.81
laya-typed-score,PLAIN-259,MED-5069,52.52
laya-typed-score,PLAIN-259,MED-3521,46.55
laya-typed-score,PLAIN-259,MED-3606,45.92
laya-typed-score,PLAIN-259,MED-1444,47.39
laya-typed-score,PLAIN-259,MED-3688,46.74
laya-typed-score,PLAIN-259,MED-3144,44.64
laya-typed-score,PLAIN-259,MED-2235,45.14
laya-typed-score,PLAIN-259,MED-4739,43.8
laya-typed-score,PLAIN-259,MED-3854,45.66
laya-typed-score,PLAIN-259,MED-862,45.83
laya-typed-score,PLAIN-259,MED-2233,64.79
laya-typed-score,PLAIN-270,MED-4331,58.92
laya-typed-score,PLAIN-270,MED-1640,51.96
laya-typed-score,PLAIN-270,MED-1645,51.43
laya-typed-score,PLAIN-270,MED-4776,46.01
laya-typed-score,PLAIN-270,MED-5245,48.45
laya-typed-score,PLAIN-270,MED-1648,53.7
laya-typed-score,PLAIN-270,MED-898,47.19
laya-typed-score,PLAIN-270,MED-1635,44.69
laya-typed-score,PLAIN-270,MED-5123,46.53
laya-typed-score,PLAIN-270,MED-5047,57.12
laya-typed-score,PLAIN-270,MED-5050,64.9
laya-typed-score,PLAIN-270,MED-4713,55.6
laya-typed-score,PLAIN-270,MED-1631,60.35
laya-typed-score,PLAIN-270,MED-1647,56.09
laya-typed-score,PLAIN-270,MED-4365,53.46
laya-typed-score,PLAIN-270,MED-1637,54.08
laya-typed-score,PLAIN-270,MED-5247,55.31
laya-typed-score,PLAIN-270,MED-4902,34.53
laya-typed-score,PLAIN-270,MED-4097,35.15
laya-typed-score,PLAIN-270,MED-878,37.71
laya-typed-score,PLAIN-280,MED-4376,46.73
laya-typed-score,PLAIN-280,MED-5097,34.99
laya-typed-score,PLAIN-280,MED-3023,35.47
laya-typed-score,PLAIN-280,MED-3595,35.43
laya-typed-score,PLAIN-280,MED-4739,38.07
laya-typed-score,PLAIN-280,MED-2906,54.27
laya-typed-score,PLAIN-280,MED-3020,43.31
laya-typed-score,PLAIN-280,MED-3013,36.04
laya-typed-score,PLAIN-280,MED-4949,36.18
laya-typed-score,PLAIN-280,MED-3025,35.76
laya-typed-score,PLAIN-280,MED-3034,35.68
laya-typed-score,PLAIN-280,MED-4733,37.16
laya-typed-score,PLAIN-280,MED-3026,37.93
laya-typed-score,PLAIN-280,MED-2904,34.36
laya-typed-score,PLAIN-280,MED-2905,35.55
laya-typed-score,PLAIN-280,MED-4948,35.49
laya-typed-score,PLAIN-280,MED-3032,40.95
laya-typed-score,PLAIN-280,MED-2386,35.43
laya-typed-score,PLAIN-280,MED-4947,35.03
laya-typed-score,PLAIN-280,MED-4370,35.7
laya-typed-score,PLAIN-291,MED-4517,36.87
laya-typed-score,PLAIN-291,MED-4639,37.79
laya-typed-score,PLAIN-291,MED-3860,36.18
laya-typed-score,PLAIN-291,MED-2437,36.02
laya-typed-score,PLAIN-291,MED-3858,34.63
laya-typed-score,PLAIN-291,MED-1038,35.41
laya-typed-score,PLAIN-291,MED-2424,34.74
laya-typed-score,PLAIN-291,MED-2423,48.75
laya-typed-score,PLAIN-291,MED-3696,34.94
laya-typed-score,PLAIN-291,MED-5182,35.72
laya-typed-score,PLAIN-291,MED-1826,35.08
laya-typed-score,PLAIN-291,MED-4050,35.31
laya-typed-score,PLAIN-291,MED-3862,34.79
laya-typed-score,PLAIN-291,MED-1048,36.39
laya-typed-score,PLAIN-291,MED-3845,36.23
laya-typed-score,PLAIN-291,MED-4643,36.6
laya-typed-score,PLAIN-291,MED-5352,36.24
laya-typed-score,PLAIN-291,MED-2417,35.13
laya-typed-score,PLAIN-291,MED-5066,38.57
laya-typed-score,PLAIN-291,MED-3848,38.02
laya-typed-score,PLAIN-307,MED-714,37.15
laya-typed-score,PLAIN-307,MED-3990,37.46
laya-typed-score,PLAIN-307,MED-919,37.52
laya-typed-score,PLAIN-307,MED-3987,36.79
laya-typed-score,PLAIN-307,MED-4872,35.76
laya-typed-score,PLAIN-307,MED-921,35.86
laya-typed-score,PLAIN-307,MED-4566,37.39
laya-typed-score,PLAIN-307,MED-3988,36.68
laya-typed-score,PLAIN-307,MED-4574,35.08
laya-typed-score,PLAIN-307,MED-3991,38.35
laya-typed-score,PLAIN-307,MED-920,35.89
laya-typed-score,PLAIN-307,MED-4573,35.28
laya-typed-score,PLAIN-307,MED-716,35.03
laya-typed-score,PLAIN-307,MED-2765,35.21
laya-typed-score,PLAIN-307,MED-962,37.31
laya-typed-score,PLAIN-307,MED-4575,49.18
laya-typed-score,PLAIN-307,MED-4570,42.61
laya-typed-score,PLAIN-307,MED-862,37.09
laya-typed-score,PLAIN-307,MED-3986,37.28
laya-typed-score,PLAIN-307,MED-3985,37.15
laya-typed-score,PLAIN-320,MED-2437,36.1
laya-typed-score,PLAIN-320,MED-4450,37.4
laya-typed-score,PLAIN-320,MED-5066,37.97
laya-typed-score,PLAIN-320,MED-2417,37.69
laya-typed-score,PLAIN-320,MED-2424,35.69
laya-typed-score,PLAIN-320,MED-3123,36.85
laya-typed-score,PLAIN-320,MED-3834,38.64
laya-typed-score,PLAIN-320,MED-3830,35.69
laya-typed-score,PLAIN-320,MED-1564,36.57
laya-typed-score,PLAIN-320,MED-3862,35.67
laya-typed-score,PLAIN-320,MED-5352,35.43
laya-typed-score,PLAIN-320,MED-3698,36.95
laya-typed-score,PLAIN-320,MED-3799,38.21
laya-typed-score,PLAIN-320,MED-3791,38.16
laya-typed-score,PLAIN-320,MED-1826,36.38
laya-typed-score,PLAIN-320,MED-2423,35.04
laya-typed-score,PLAIN-320,MED-5111,34.83
laya-typed-score,PLAIN-320,MED-4787,36.02
laya-typed-score,PLAIN-320,MED-3551,36.12
laya-typed-score,PLAIN-320,MED-3832,36.63
laya-typed-score,PLAIN-332,MED-760,37.29
laya-typed-score,PLAIN-332,MED-2951,37.63
laya-typed-score,PLAIN-332,MED-4689,48.17
laya-typed-score,PLAIN-332,MED-5265,44.81
laya-typed-score,PLAIN-332,MED-5263,37.1
laya-typed-score,PLAIN-332,MED-2697,37.16
laya-typed-score,PLAIN-332,MED-5271,37.36
laya-typed-score,PLAIN-332,MED-2830,38.54
laya-typed-score,PLAIN-332,MED-2459,35.05
laya-typed-score,PLAIN-332,MED-2970,36.4
laya-typed-score,PLAIN-332,MED-5137,36.11
laya-typed-score,PLAIN-332,MED-2458,37.13
laya-typed-score,PLAIN-332,MED-2972,35.96
laya-typed-score,PLAIN-332,MED-5277,39.26
laya-typed-score,PLAIN-332,MED-4320,36.1
laya-typed-score,PLAIN-332,MED-4006,37.55
laya-typed-score,PLAIN-332,MED-3925,43.55
laya-typed-score,PLAIN-332,MED-5013,36.98
laya-typed-score,PLAIN-332,MED-3942,36.23
laya-typed-score,PLAIN-332,MED-4005,37.15
laya-typed-score,PLAIN-344,MED-1961,37.02
laya-typed-score,PLAIN-344,MED-2388,36.24
laya-typed-score,PLAIN-344,MED-1962,35.13
laya-typed-score,PLAIN-344,MED-5238,35.56
laya-typed-score,PLAIN-344,MED-1062,35.9
laya-typed-score,PLAIN-344,MED-1468,35.28
laya-typed-score,PLAIN-344,MED-4735,37.59
laya-typed-score,PLAIN-344,MED-1681,36.28
laya-typed-score,PLAIN-344,MED-1063,37.11
laya-typed-score,PLAIN-344,MED-4333,46.0
laya-typed-score,PLAIN-344,MED-1611,41.14
laya-typed-score,PLAIN-344,MED-5102,37.78
laya-typed-score,PLAIN-344,MED-1238,36.55
laya-typed-score,PLAIN-344,MED-4559,35.91
laya-typed-score,PLAIN-344,MED-2850,36.26
laya-typed-score,PLAIN-344,MED-1457,37.92
laya-typed-score,PLAIN-344,MED-2146,36.94
laya-typed-score,PLAIN-344,MED-5105,38.9
laya-typed-score,PLAIN-344,MED-4984,36.47
laya-typed-score,PLAIN-344,MED-4299,37.84
laya-typed-score,PLAIN-358,MED-3788,35.84
laya-typed-score,PLAIN-358,MED-2762,36.35
laya-typed-score,PLAIN-358,MED-1366,35.17
laya-typed-score,PLAIN-358,MED-2163,36.89
laya-typed-score,PLAIN-358,MED-5161,35.89
laya-typed-score,PLAIN-358,MED-4578,38.31
laya-typed-score,PLAIN-358,MED-2753,36.54
laya-typed-score,PLAIN-358,MED-4956,37.75
laya-typed-score,PLAIN-358,MED-2228,38.19
laya-typed-score,PLAIN-358,MED-5253,35.67
laya-typed-score,PLAIN-358,MED-3155,43.11
laya-typed-score,PLAIN-358,MED-1261,39.07
laya-typed-score,PLAIN-358,MED-5217,39.19
laya-typed-score,PLAIN-358,MED-5136,36.26
laya-typed-score,PLAIN-358,MED-5333,35.83
laya-typed-score,PLAIN-358,MED-4878,36.36
laya-typed-score,PLAIN-358,MED-5151,47.93
laya-typed-score,PLAIN-358,MED-5283,42.61
laya-typed-score,PLAIN-358,MED-2047,37.18
laya-typed-score,PLAIN-358,MED-5148,37.76
laya-typed-score,PLAIN-371,MED-4620,36.79
laya-typed-score,PLAIN-371,MED-5010,36.62
laya-typed-score,PLAIN-371,MED-5011,36.79
laya-typed-score,PLAIN-371,MED-4618,36.32
laya-typed-score,PLAIN-371,MED-5009,38.9
laya-typed-score,PLAIN-371,MED-5082,39.54
laya-typed-score,PLAIN-371,MED-2570,39.02
laya-typed-score,PLAIN-371,MED-3946,39.89
laya-typed-score,PLAIN-371,MED-5115,38.7
laya-typed-score,PLAIN-371,MED-913,38.93
laya-typed-score,PLAIN-371,MED-1291,40.07
laya-typed-score,PLAIN-371,MED-3766,40.78
laya-typed-score,PLAIN-371,MED-4716,39.36
laya-typed-score,PLAIN-371,MED-1655,36.81
laya-typed-score,PLAIN-371,MED-1182,38.71
laya-typed-score,PLAIN-371,MED-4369,41.42
laya-typed-score,PLAIN-371,MED-2816,39.79
laya-typed-score,PLAIN-371,MED-4452,39.73
laya-typed-score,PLAIN-371,MED-3906,38.75
laya-typed-score,PLAIN-371,MED-4619,39.4
laya-typed-score,PLAIN-383,MED-1479,38.18
laya-typed-score,PLAIN-383,MED-4469,45.74
laya-typed-score,PLAIN-383,MED-4299,44.5
laya-typed-score,PLAIN-383,MED-1540,44.48
laya-typed-score,PLAIN-383,MED-1478,36.39
laya-typed-score,PLAIN-383,MED-1366,37.81
laya-typed-score,PLAIN-383,MED-2510,38.99
laya-typed-score,PLAIN-383,MED-2572,38.4
laya-typed-score,PLAIN-383,MED-4831,36.03
laya-typed-score,PLAIN-383,MED-4389,39.57
laya-typed-score,PLAIN-383,MED-2432,39.1
laya-typed-score,PLAIN-383,MED-1874,37.67
laya-typed-score,PLAIN-383,MED-4292,37.82
laya-typed-score,PLAIN-383,MED-2763,37.52
laya-typed-score,PLAIN-383,MED-3776,36.16
laya-typed-score,PLAIN-383,MED-2112,36.62
laya-typed-score,PLAIN-383,MED-3109,37.69
laya-typed-score,PLAIN-383,MED-3149,36.42
laya-typed-score,PLAIN-383,MED-1655,37.22
laya-typed-score,PLAIN-383,MED-4087,36.07
laya-typed-score,PLAIN-395,MED-2783,35.73
laya-typed-score,PLAIN-395,MED-3511,36.3
laya-typed-score,PLAIN-395,MED-2794,37.02
laya-typed-score,PLAIN-395,MED-2271,37.28
laya-typed-score,PLAIN-395,MED-3476,36.42
laya-typed-score,PLAIN-395,MED-5137,38.13
laya-typed-score,PLAIN-395,MED-3512,40.26
laya-typed-score,PLAIN-395,MED-4576,43.84
laya-typed-score,PLAIN-395,MED-2825,37.69
laya-typed-score,PLAIN-395,MED-2816,44.66
laya-typed-score,PLAIN-395,MED-2786,41.65
laya-typed-score,PLAIN-395,MED-2926,37.86
laya-typed-score,PLAIN-395,MED-3482,37.26
laya-typed-score,PLAIN-395,MED-2817,43.71
laya-typed-score,PLAIN-395,MED-2824,37.0
laya-typed-score,PLAIN-395,MED-957,38.45
laya-typed-score,PLAIN-395,MED-5000,38.56
laya-typed-score,PLAIN-395,MED-2606,37.25
laya-typed-score,PLAIN-395,MED-2811,37.49
laya-typed-score,PLAIN-395,MED-2285,36.48
laya-typed-score,PLAIN-407,MED-906,35.88
laya-typed-score,PLAIN-407,MED-2994,37.38
laya-typed-score,PLAIN-407,MED-4205,37.72
laya-typed-score,PLAIN-407,MED-2618,35.75
laya-typed-score,PLAIN-407,MED-1140,35.29
laya-typed-score,PLAIN-407,MED-4972,35.87
laya-typed-score,PLAIN-407,MED-914,36.38
laya-typed-score,PLAIN-407,MED-2742,37.21
laya-typed-score,PLAIN-407,MED-2738,36.45
laya-typed-score,PLAIN-407,MED-957,37.76
laya-typed-score,PLAIN-407,MED-2346,36.1
laya-typed-score,PLAIN-407,MED-2817,35.7
laya-typed-score,PLAIN-407,MED-2202,37.29
laya-typed-score,PLAIN-407,MED-5063,37.82
laya-typed-score,PLAIN-407,MED-2619,37.75
laya-typed-score,PLAIN-407,MED-2616,35.8
laya-typed-score,PLAIN-407,MED-3381,38.58
laya-typed-score,PLAIN-407,MED-5139,46.84
laya-typed-score,PLAIN-407,MED-4187,37.16
laya-typed-score,PLAIN-407,MED-3146,48.05
laya-typed-score,PLAIN-418,MED-917,42.22
laya-typed-score,PLAIN-418,MED-3714,38.68
laya-typed-score,PLAIN-418,MED-2453,38.05
laya-typed-score,PLAIN-418,MED-2074,39.71
laya-typed-score,PLAIN-418,MED-2285,37.82
laya-typed-score,PLAIN-418,MED-3469,37.5
laya-typed-score,PLAIN-418,MED-3738,36.42
laya-typed-score,PLAIN-418,MED-3734,35.76
laya-typed-score,PLAIN-418,MED-3528,38.07
laya-typed-score,PLAIN-418,MED-4414,35.22
laya-typed-score,PLAIN-418,MED-2068,36.99
laya-typed-score,PLAIN-418,MED-1790,35.37
laya-typed-score,PLAIN-418,MED-5170,44.82
laya-typed-score,PLAIN-418,MED-1262,38.9
laya-typed-score,PLAIN-418,MED-1182,36.64
laya-typed-score,PLAIN-418,MED-3942,34.63
laya-typed-score,PLAIN-418,MED-1792,36.38
laya-typed-score,PLAIN-418,MED-4411,36.85
laya-typed-score,PLAIN-418,MED-4859,35.57
laya-typed-score,PLAIN-418,MED-1500,35.04
laya-typed-score,PLAIN-430,MED-928,36.95
laya-typed-score,PLAIN-430,MED-927,37.32
laya-typed-score,PLAIN-430,MED-4936,35.44
laya-typed-score,PLAIN-430,MED-1620,41.54
laya-typed-score,PLAIN-430,MED-5095,42.49
laya-typed-score,PLAIN-430,MED-4731,35.26
laya-typed-score,PLAIN-430,MED-4631,36.16
laya-typed-score,PLAIN-430,MED-2750,36.51
laya-typed-score,PLAIN-430,MED-2412,37.73
laya-typed-score,PLAIN-430,MED-2753,37.72
laya-typed-score,PLAIN-430,MED-2751,37.91
laya-typed-score,PLAIN-430,MED-1831,36.91
laya-typed-score,PLAIN-430,MED-118,38.62
laya-typed-score,PLAIN-430,MED-839,35.86
laya-typed-score,PLAIN-430,MED-2651,38.36
laya-typed-score,PLAIN-430,MED-4366,41.74
laya-typed-score,PLAIN-430,MED-4943,36.34
laya-typed-score,PLAIN-430,MED-2754,34.88
laya-typed-score,PLAIN-430,MED-5100,38.1
laya-typed-score,PLAIN-430,MED-5271,59.21
laya-typed-score,PLAIN-441,MED-942,57.97
laya-typed-score,PLAIN-441,MED-4701,50.02
laya-typed-score,PLAIN-441,MED-4703,45.53
laya-typed-score,PLAIN-441,MED-1792,55.47
laya-typed-score,PLAIN-441,MED-4702,46.25
laya-typed-score,PLAIN-441,MED-5019,51.2
laya-typed-score,PLAIN-441,MED-4590,44.2
laya-typed-score,PLAIN-441,MED-4580,53.74
laya-typed-score,PLAIN-441,MED-5082,52.56
laya-typed-score,PLAIN-441,MED-941,45.55
laya-typed-score,PLAIN-441,MED-3908,47.13
laya-typed-score,PLAIN-441,MED-2491,49.28
laya-typed-score,PLAIN-441,MED-4862,46.1
laya-typed-score,PLAIN-441,MED-4414,45.51
laya-typed-score,PLAIN-441,MED-3109,47.36
laya-typed-score,PLAIN-441,MED-1841,48.39
laya-typed-score,PLAIN-441,MED-2291,46.55
laya-typed-score,PLAIN-441,MED-3452,51.69
laya-typed-score,PLAIN-441,MED-4695,45.7
laya-typed-score,PLAIN-441,MED-3157,44.74
laya-typed-score,PLAIN-457,MED-2112,45.34
laya-typed-score,PLAIN-457,MED-745,43.55
laya-typed-score,PLAIN-457,MED-1754,45.02
laya-typed-score,PLAIN-457,MED-4922,46.25
laya-typed-score,PLAIN-457,MED-4354,48.94
laya-typed-score,PLAIN-457,MED-4695,44.46
laya-typed-score,PLAIN-457,MED-2716,48.04
laya-typed-score,PLAIN-457,MED-3754,45.58
laya-typed-score,PLAIN-457,MED-2291,46.19
laya-typed-score,PLAIN-457,MED-3109,45.38
laya-typed-score,PLAIN-457,MED-1407,56.61
laya-typed-score,PLAIN-457,MED-748,55.53
laya-typed-score,PLAIN-457,MED-3604,58.1
laya-typed-score,PLAIN-457,MED-3776,62.75
laya-typed-score,PLAIN-457,MED-1496,58.84
laya-typed-score,PLAIN-457,MED-3749,48.42
laya-typed-score,PLAIN-457,MED-2765,46.57
laya-typed-score,PLAIN-457,MED-5219,51.53
laya-typed-score,PLAIN-457,MED-3601,45.87
laya-typed-score,PLAIN-457,MED-5288,46.49
laya-typed-score,PLAIN-468,MED-3988,45.84
laya-typed-score,PLAIN-468,MED-961,55.02
laya-typed-score,PLAIN-468,MED-3990,57.61
laya-typed-score,PLAIN-468,MED-4573,57.54
laya-typed-score,PLAIN-468,MED-3991,61.57
laya-typed-score,PLAIN-468,MED-3987,58.82
laya-typed-score,PLAIN-468,MED-4566,55.29
laya-typed-score,PLAIN-468,MED-962,57.92
laya-typed-score,PLAIN-468,MED-3989,56.84
laya-typed-score,PLAIN-468,MED-4575,35.32
laya-typed-score,PLAIN-468,MED-921,51.36
laya-typed-score,PLAIN-468,MED-716,38.98
laya-typed-score,PLAIN-468,MED-714,38.27
laya-typed-score,PLAIN-468,MED-981,36.51
laya-typed-score,PLAIN-468,MED-919,35.52
laya-typed-score,PLAIN-468,MED-4574,36.16
laya-typed-score,PLAIN-468,MED-3985,38.38
laya-typed-score,PLAIN-468,MED-4866,36.96
laya-typed-score,PLAIN-468,MED-4570,37.23
laya-typed-score,PLAIN-468,MED-994,38.47
laya-typed-score,PLAIN-478,MED-3636,36.06
laya-typed-score,PLAIN-478,MED-1144,36.16
laya-typed-score,PLAIN-478,MED-2082,35.75
laya-typed-score,PLAIN-478,MED-2309,35.48
laya-typed-score,PLAIN-478,MED-3567,36.88
laya-typed-score,PLAIN-478,MED-2350,37.04
laya-typed-score,PLAIN-478,MED-5343,35.74
laya-typed-score,PLAIN-478,MED-1451,42.2
laya-typed-score,PLAIN-478,MED-4983,38.21
laya-typed-score,PLAIN-478,MED-2944,35.83
laya-typed-score,PLAIN-478,MED-5258,35.47
laya-typed-score,PLAIN-478,MED-4617,36.67
laya-typed-score,PLAIN-478,MED-2738,37.39
laya-typed-score,PLAIN-478,MED-5299,38.66
laya-typed-score,PLAIN-478,MED-10,36.61
laya-typed-score,PLAIN-478,MED-2238,35.37
laya-typed-score,PLAIN-478,MED-14,37.7
laya-typed-score,PLAIN-478,MED-4960,47.83
laya-typed-score,PLAIN-478,MED-118,41.22
laya-typed-score,PLAIN-478,MED-5347,35.87
laya-typed-score,PLAIN-488,MED-1808,36.94
laya-typed-score,PLAIN-488,MED-1798,35.27
laya-typed-score,PLAIN-488,MED-1800,37.14
laya-typed-score,PLAIN-488,MED-1804,35.02
laya-typed-score,PLAIN-488,MED-1799,36.37
laya-typed-score,PLAIN-488,MED-4769,35.52
laya-typed-score,PLAIN-488,MED-1796,35.54
laya-typed-score,PLAIN-488,MED-1810,36.54
laya-typed-score,PLAIN-488,MED-1806,35.6
laya-typed-score,PLAIN-488,MED-1803,34.64
laya-typed-score,PLAIN-488,MED-4766,34.3
laya-typed-score,PLAIN-488,MED-4767,36.66
laya-typed-score,PLAIN-488,MED-3556,36.69
laya-typed-score,PLAIN-488,MED-2045,39.29
laya-typed-score,PLAIN-488,MED-3294,38.95
laya-typed-score,PLAIN-488,MED-3591,38.57
laya-typed-score,PLAIN-488,MED-1458,35.51
laya-typed-score,PLAIN-488,MED-2748,35.83
laya-typed-score,PLAIN-488,MED-3292,35.7
laya-typed-score,PLAIN-488,MED-5025,38.3
laya-typed-score,PLAIN-499,MED-1747,39.27
laya-typed-score,PLAIN-499,MED-2900,36.67
laya-typed-score,PLAIN-499,MED-4095,36.16
laya-typed-score,PLAIN-499,MED-1417,38.91
laya-typed-score,PLAIN-499,MED-2213,45.57
laya-typed-score,PLAIN-499,MED-5201,54.45
laya-typed-score,PLAIN-499,MED-5198,38.37
laya-typed-score,PLAIN-499,MED-1115,37.21
laya-typed-score,PLAIN-499,MED-4893,39.61
laya-typed-score,PLAIN-499,MED-1993,42.53
laya-typed-score,PLAIN-499,MED-5208,36.79
laya-typed-score,PLAIN-499,MED-1190,34.87
laya-typed-score,PLAIN-499,MED-4950,35.89
laya-typed-score,PLAIN-499,MED-3865,36.53
laya-typed-score,PLAIN-499,MED-2184,35.65
laya-typed-score,PLAIN-499,MED-1872,35.51
laya-typed-score,PLAIN-499,MED-3657,35.33
laya-typed-score,PLAIN-499,MED-1546,36.61
laya-typed-score,PLAIN-499,MED-757,35.93
laya-typed-score,PLAIN-499,MED-1994,41.57
laya-typed-score,PLAIN-510,MED-762,35.8
laya-typed-score,PLAIN-510,MED-10,35.23
laya-typed-score,PLAIN-510,MED-958,36.98
laya-typed-score,PLAIN-510,MED-14,36.86
laya-typed-score,PLAIN-510,MED-3618,42.07
laya-typed-score,PLAIN-510,MED-118,37.87
laya-typed-score,PLAIN-510,MED-4980,37.54
laya-typed-score,PLAIN-510,MED-2940,40.3
laya-typed-score,PLAIN-510,MED-301,37.37
laya-typed-score,PLAIN-510,MED-1307,39.55
laya-typed-score,PLAIN-510,MED-306,38.5
laya-typed-score,PLAIN-510,MED-3278,50.62
laya-typed-score,PLAIN-510,MED-329,41.12
laya-typed-score,PLAIN-510,MED-330,37.5
laya-typed-score,PLAIN-510,MED-995,39.16
laya-typed-score,PLAIN-510,MED-332,51.78
laya-typed-score,PLAIN-510,MED-3636,40.87
laya-typed-score,PLAIN-510,MED-334,38.3
laya-typed-score,PLAIN-510,MED-3627,39.21
laya-typed-score,PLAIN-510,MED-335,37.7
laya-typed-score,PLAIN-520,MED-818,37.21
laya-typed-score,PLAIN-520,MED-828,36.53
laya-typed-score,PLAIN-520,MED-734,38.8
laya-typed-score,PLAIN-520,MED-762,35.55
laya-typed-score,PLAIN-520,MED-744,38.85
laya-typed-score,PLAIN-520,MED-10,36.68
laya-typed-score,PLAIN-520,MED-1953,36.4
laya-typed-score,PLAIN-520,MED-14,37.51
laya-typed-score,PLAIN-520,MED-2340,36.67
laya-typed-score,PLAIN-520,MED-118,38.8
laya-typed-score,PLAIN-520,MED-3702,39.07
laya-typed-score,PLAIN-520,MED-301,38.33
laya-typed-score,PLAIN-520,MED-4956,37.97
laya-typed-score,PLAIN-520,MED-306,36.63
laya-typed-score,PLAIN-520,MED-329,38.59
laya-typed-score,PLAIN-520,MED-2344,38.4
laya-typed-score,PLAIN-520,MED-330,38.63
laya-typed-score,PLAIN-520,MED-332,40.09
laya-typed-score,PLAIN-520,MED-3703,47.4
laya-typed-score,PLAIN-520,MED-334,37.53
laya-typed-score,PLAIN-531,MED-3113,38.23
laya-typed-score,PLAIN-531,MED-2112,37.32
laya-typed-score,PLAIN-531,MED-3001,37.12
laya-typed-score,PLAIN-531,MED-1017,35.29
laya-typed-score,PLAIN-531,MED-4358,36.3
laya-typed-score,PLAIN-531,MED-2298,36.44
laya-typed-score,PLAIN-531,MED-1097,36.28
laya-typed-score,PLAIN-531,MED-4374,35.82
laya-typed-score,PLAIN-531,MED-1037,36.12
laya-typed-score,PLAIN-531,MED-3607,37.33
laya-typed-score,PLAIN-531,MED-2472,36.68
laya-typed-score,PLAIN-531,MED-4371,40.5
laya-typed-score,PLAIN-531,MED-1981,34.86
laya-typed-score,PLAIN-531,MED-4157,36.73
laya-typed-score,PLAIN-531,MED-4629,36.49
laya-typed-score,PLAIN-531,MED-4372,36.51
laya-typed-score,PLAIN-531,MED-4533,38.66
laya-typed-score,PLAIN-531,MED-5172,38.37
laya-typed-score,PLAIN-531,MED-2831,38.34
laya-typed-score,PLAIN-531,MED-2322,36.52
laya-typed-score,PLAIN-541,MED-4036,38.04
laya-typed-score,PLAIN-541,MED-4019,37.09
laya-typed-score,PLAIN-541,MED-3618,37.68
laya-typed-score,PLAIN-541,MED-4028,37.91
laya-typed-score,PLAIN-541,MED-4034,37.95
laya-typed-score,PLAIN-541,MED-4027,50.53
laya-typed-score,PLAIN-541,MED-4026,39.8
laya-typed-score,PLAIN-541,MED-1857,36.22
laya-typed-score,PLAIN-541,MED-1858,37.12
laya-typed-score,PLAIN-541,MED-1988,34.93
laya-typed-score,PLAIN-541,MED-3640,35.36
laya-typed-score,PLAIN-541,MED-3639,35.87
laya-typed-score,PLAIN-541,MED-872,36.24
laya-typed-score,PLAIN-541,MED-2096,36.79
laya-typed-score,PLAIN-541,MED-2093,35.9
laya-typed-score,PLAIN-541,MED-2707,34.94
laya-typed-score,PLAIN-541,MED-3718,34.63
laya-typed-score,PLAIN-541,MED-2094,40.97
laya-typed-score,PLAIN-541,MED-2900,34.16
laya-typed-score,PLAIN-541,MED-4032,35.91
laya-typed-score,PLAIN-551,MED-306,36.01
laya-typed-score,PLAIN-551,MED-745,35.75
laya-typed-score,PLAIN-551,MED-10,35.62
laya-typed-score,PLAIN-551,MED-4860,35.21
laya-typed-score,PLAIN-551,MED-14,36.56
laya-typed-score,PLAIN-551,MED-2669,36.08
laya-typed-score,PLAIN-551,MED-118,36.64
laya-typed-score,PLAIN-551,MED-2668,38.22
laya-typed-score,PLAIN-551,MED-1506,35.88
laya-typed-score,PLAIN-551,MED-301,49.07
laya-typed-score,PLAIN-551,MED-4161,41.07
laya-typed-score,PLAIN-551,MED-329,37.45
laya-typed-score,PLAIN-551,MED-5343,51.03
laya-typed-score,PLAIN-551,MED-1501,37.22
laya-typed-score,PLAIN-551,MED-330,35.48
laya-typed-score,PLAIN-551,MED-1704,35.49
laya-typed-score,PLAIN-551,MED-332,39.0
laya-typed-score,PLAIN-551,MED-334,37.32
laya-typed-score,PLAIN-551,MED-5002,36.69
laya-typed-score,PLAIN-551,MED-335,37.05
laya-typed-score,PLAIN-561,MED-3180,37.03
laya-typed-score,PLAIN-561,MED-4555,38.0
laya-typed-score,PLAIN-561,MED-854,39.96
laya-typed-score,PLAIN-561,MED-557,40.11
laya-typed-score,PLAIN-561,MED-722,39.99
laya-typed-score,PLAIN-561,MED-731,35.49
laya-typed-score,PLAIN-561,MED-10,36.76
laya-typed-score,PLAIN-561,MED-4423,35.39
laya-typed-score,PLAIN-561,MED-14,35.67
laya-typed-score,PLAIN-561,MED-118,37.36
laya-typed-score,PLAIN-561,MED-4883,35.34
laya-typed-score,PLAIN-561,MED-301,36.96
laya-typed-score,PLAIN-561,MED-4427,36.23
laya-typed-score,PLAIN-561,MED-306,38.66
laya-typed-score,PLAIN-561,MED-911,37.3
laya-typed-score,PLAIN-561,MED-1657,38.44
laya-typed-score,PLAIN-561,MED-329,47.23
laya-typed-score,PLAIN-561,MED-330,38.37
laya-typed-score,PLAIN-561,MED-926,38.19
laya-typed-score,PLAIN-561,MED-3308,51.99
laya-typed-score,PLAIN-571,MED-2346,37.51
laya-typed-score,PLAIN-571,MED-2345,35.74
laya-typed-score,PLAIN-571,MED-2339,34.95
laya-typed-score,PLAIN-571,MED-4742,36.71
laya-typed-score,PLAIN-571,MED-2338,35.91
laya-typed-score,PLAIN-571,MED-731,36.66
laya-typed-score,PLAIN-571,MED-744,36.79
laya-typed-score,PLAIN-571,MED-691,37.53
laya-typed-score,PLAIN-571,MED-4883,37.8
laya-typed-score,PLAIN-571,MED-10,37.44
laya-typed-score,PLAIN-571,MED-4963,36.87
laya-typed-score,PLAIN-571,MED-1097,36.58
laya-typed-score,PLAIN-571,MED-14,36.0
laya-typed-score,PLAIN-571,MED-118,37.61
laya-typed-score,PLAIN-571,MED-1041,37.17
laya-typed-score,PLAIN-571,MED-301,37.01
laya-typed-score,PLAIN-571,MED-2116,36.62
laya-typed-score,PLAIN-571,MED-306,36.54
laya-typed-score,PLAIN-571,MED-1314,35.83
laya-typed-score,PLAIN-571,MED-329,40.11
laya-typed-score,PLAIN-583,MED-706,36.68
laya-typed-score,PLAIN-583,MED-10,36.94
laya-typed-score,PLAIN-583,MED-2022,37.88
laya-typed-score,PLAIN-583,MED-14,36.55
laya-typed-score,PLAIN-583,MED-3452,36.88
laya-typed-score,PLAIN-583,MED-118,38.31
laya-typed-score,PLAIN-583,MED-4393,44.36
laya-typed-score,PLAIN-583,MED-301,40.22
laya-typed-score,PLAIN-583,MED-3485,34.65
laya-typed-score,PLAIN-583,MED-306,36.35
laya-typed-score,PLAIN-583,MED-4686,36.32
laya-typed-score,PLAIN-583,MED-329,35.51
laya-typed-score,PLAIN-583,MED-4391,37.07
laya-typed-score,PLAIN-583,MED-330,37.99
laya-typed-score,PLAIN-583,MED-5083,38.16
laya-typed-score,PLAIN-583,MED-1397,39.16
laya-typed-score,PLAIN-583,MED-332,38.79
laya-typed-score,PLAIN-583,MED-334,37.99
laya-typed-score,PLAIN-583,MED-3531,37.4
laya-typed-score,PLAIN-583,MED-335,36.8
laya-typed-score,PLAIN-593,MED-4402,38.34
laya-typed-score,PLAIN-593,MED-329,38.01
laya-typed-score,PLAIN-593,MED-854,37.99
laya-typed-score,PLAIN-593,MED-718,37.7
laya-typed-score,PLAIN-593,MED-831,36.83
laya-typed-score,PLAIN-593,MED-2110,36.5
laya-typed-score,PLAIN-593,MED-957,37.86
laya-typed-score,PLAIN-593,MED-10,36.2
laya-typed-score,PLAIN-593,MED-2109,38.55
laya-typed-score,PLAIN-593,MED-14,35.91
laya-typed-score,PLAIN-593,MED-4677,37.04
laya-typed-score,PLAIN-593,MED-118,39.02
laya-typed-score,PLAIN-593,MED-1526,37.74
laya-typed-score,PLAIN-593,MED-2890,48.12
laya-typed-score,PLAIN-593,MED-301,40.46
laya-typed-score,PLAIN-593,MED-306,36.55
laya-typed-score,PLAIN-593,MED-4883,36.67
laya-typed-score,PLAIN-593,MED-1241,36.77
laya-typed-score,PLAIN-593,MED-330,35.88
laya-typed-score,PLAIN-593,MED-5324,35.96
laya-typed-score,PLAIN-603,MED-3769,35.27
laya-typed-score,PLAIN-603,MED-727,37.76
laya-typed-score,PLAIN-603,MED-762,42.02
laya-typed-score,PLAIN-603,MED-1957,36.39
laya-typed-score,PLAIN-603,MED-3379,38.73
laya-typed-score,PLAIN-603,MED-1960,41.12
laya-typed-score,PLAIN-603,MED-2645,36.42
laya-typed-score,PLAIN-603,MED-10,38.2
laya-typed-score,PLAIN-603,MED-2361,37.09
laya-typed-score,PLAIN-603,MED-14,41.04
laya-typed-score,PLAIN-603,MED-2215,63.98
laya-typed-score,PLAIN-603,MED-118,62.53
laya-typed-score,PLAIN-603,MED-1747,56.03
laya-typed-score,PLAIN-603,MED-301,47.98
laya-typed-score,PLAIN-603,MED-306,56.58
laya-typed-score,PLAIN-603,MED-4427,47.87
laya-typed-score,PLAIN-603,MED-329,51.69
laya-typed-score,PLAIN-603,MED-4363,53.73
laya-typed-score,PLAIN-603,MED-1560,50.9
laya-typed-score,PLAIN-603,MED-330,50.21
laya-typed-score,PLAIN-613,MED-909,46.51
laya-typed-score,PLAIN-613,MED-2983,47.3
laya-typed-score,PLAIN-613,MED-1846,49.14
laya-typed-score,PLAIN-613,MED-3476,49.7
laya-typed-score,PLAIN-613,MED-1198,47.95
laya-typed-score,PLAIN-613,MED-860,48.9
laya-typed-score,PLAIN-613,MED-4468,47.89
laya-typed-score,PLAIN-613,MED-4901,47.38
laya-typed-score,PLAIN-613,MED-4206,50.98
laya-typed-score,PLAIN-613,MED-4687,46.48
laya-typed-score,PLAIN-613,MED-3921,46.06
laya-typed-score,PLAIN-613,MED-4995,46.24
laya-typed-score,PLAIN-613,MED-846,45.9
laya-typed-score,PLAIN-613,MED-1784,52.19
laya-typed-score,PLAIN-613,MED-843,46.75
laya-typed-score,PLAIN-613,MED-4091,47.18
laya-typed-score,PLAIN-613,MED-4381,44.97
laya-typed-score,PLAIN-613,MED-1841,46.1
laya-typed-score,PLAIN-613,MED-4703,43.99
laya-typed-score,PLAIN-613,MED-2664,51.62
laya-typed-score,PLAIN-623,MED-1674,52.01
laya-typed-score,PLAIN-623,MED-4515,45.66
laya-typed-score,PLAIN-623,MED-4880,45.27
laya-typed-score,PLAIN-623,MED-1374,50.12
laya-typed-score,PLAIN-623,MED-1394,56.52
laya-typed-score,PLAIN-623,MED-4985,55.37
laya-typed-score,PLAIN-623,MED-825,55.06
laya-typed-score,PLAIN-623,MED-5267,48.42
laya-typed-score,PLAIN-623,MED-1366,48.59
laya-typed-score,PLAIN-623,MED-1669,49.54
laya-typed-score,PLAIN-623,MED-1398,47.22
laya-typed-score,PLAIN-623,MED-2294,47.23
laya-typed-score,PLAIN-623,MED-2459,45.64
laya-typed-score,PLAIN-623,MED-1383,56.14
laya-typed-score,PLAIN-623,MED-5271,59.65
laya-typed-score,PLAIN-623,MED-1502,57.72
laya-typed-score,PLAIN-623,MED-2008,60.64
laya-typed-score,PLAIN-623,MED-3422,57.02
laya-typed-score,PLAIN-623,MED-4104,56.08
laya-typed-score,PLAIN-623,MED-5272,58.9
laya-typed-score,PLAIN-634,MED-719,61.42
laya-typed-score,PLAIN-634,MED-724,35.68
laya-typed-score,PLAIN-634,MED-830,41.51
laya-typed-score,PLAIN-634,MED-1378,37.88
laya-typed-score,PLAIN-634,MED-5010,36.7
laya-typed-score,PLAIN-634,MED-4619,37.96
laya-typed-score,PLAIN-634,MED-4620,35.89
laya-typed-score,PLAIN-634,MED-10,36.6
laya-typed-score,PLAIN-634,MED-3370,36.23
laya-typed-score,PLAIN-634,MED-14,34.89
laya-typed-score,PLAIN-634,MED-2009,36.77
laya-typed-score,PLAIN-634,MED-118,36.96
laya-typed-score,PLAIN-634,MED-4295,38.3
laya-typed-score,PLAIN-634,MED-301,36.95
laya-typed-score,PLAIN-634,MED-4863,36.81
laya-typed-score,PLAIN-634,MED-306,37.75
laya-typed-score,PLAIN-634,MED-3374,40.81
laya-typed-score,PLAIN-634,MED-2206,37.67
laya-typed-score,PLAIN-634,MED-329,37.66
laya-typed-score,PLAIN-634,MED-1182,35.42
laya-typed-score,PLAIN-645,MED-719,35.63
laya-typed-score,PLAIN-645,MED-724,35.46
laya-typed-score,PLAIN-645,MED-722,35.22
laya-typed-score,PLAIN-645,MED-10,35.44
laya-typed-score,PLAIN-645,MED-14,34.77
laya-typed-score,PLAIN-645,MED-1047,35.25
laya-typed-score,PLAIN-645,MED-118,36.29
laya-typed-score,PLAIN-645,MED-301,47.31
laya-typed-score,PLAIN-645,MED-3136,35.74
laya-typed-score,PLAIN-645,MED-306,39.36
laya-typed-score,PLAIN-645,MED-3138,34.63
laya-typed-score,PLAIN-645,MED-329,34.19
laya-typed-score,PLAIN-645,MED-4991,35.59
laya-typed-score,PLAIN-645,MED-1365,34.59
laya-typed-score,PLAIN-645,MED-330,34.25
laya-typed-score,PLAIN-645,MED-2180,35.88
laya-typed-score,PLAIN-645,MED-332,35.47
laya-typed-score,PLAIN-645,MED-334,35.9
laya-typed-score,PLAIN-645,MED-3370,36.94
laya-typed-score,PLAIN-645,MED-3132,36.13
laya-typed-score,PLAIN-660,MED-3138,38.01
laya-typed-score,PLAIN-660,MED-3136,36.88
laya-typed-score,PLAIN-660,MED-4991,37.06
laya-typed-score,PLAIN-660,MED-1880,39.63
laya-typed-score,PLAIN-660,MED-3584,35.49
laya-typed-score,PLAIN-660,MED-2147,37.92
laya-typed-score,PLAIN-660,MED-2144,35.89
laya-typed-score,PLAIN-660,MED-5079,36.22
laya-typed-score,PLAIN-660,MED-2140,36.09
laya-typed-score,PLAIN-660,MED-2010,35.99
laya-typed-score,PLAIN-660,MED-2141,35.92
laya-typed-score,PLAIN-660,MED-3141,34.85
laya-typed-score,PLAIN-660,MED-2570,37.73
laya-typed-score,PLAIN-660,MED-3132,36.68
laya-typed-score,PLAIN-660,MED-724,36.1
laya-typed-score,PLAIN-660,MED-719,53.35
laya-typed-score,PLAIN-660,MED-4510,38.14
laya-typed-score,PLAIN-660,MED-2145,36.9
laya-typed-score,PLAIN-660,MED-720,36.61
laya-typed-score,PLAIN-660,MED-5069,36.88
laya-typed-score,PLAIN-671,MED-4857,36.46
laya-typed-score,PLAIN-671,MED-4602,37.87
laya-typed-score,PLAIN-671,MED-691,37.53
laya-typed-score,PLAIN-671,MED-708,41.27
laya-typed-score,PLAIN-671,MED-2677,38.87
laya-typed-score,PLAIN-671,MED-4037,39.28
laya-typed-score,PLAIN-671,MED-2678,39.17
laya-typed-score,PLAIN-671,MED-5122,40.43
laya-typed-score,PLAIN-671,MED-957,37.02
laya-typed-score,PLAIN-671,MED-10,39.6
laya-typed-score,PLAIN-671,MED-4973,36.82
laya-typed-score,PLAIN-671,MED-14,37.55
laya-typed-score,PLAIN-671,MED-999,34.0
laya-typed-score,PLAIN-671,MED-1165,36.7
laya-typed-score,PLAIN-671,MED-118,38.18
laya-typed-score,PLAIN-671,MED-2652,43.01
laya-typed-score,PLAIN-671,MED-301,35.69
laya-typed-score,PLAIN-671,MED-306,34.97
laya-typed-score,PLAIN-671,MED-996,36.49
laya-typed-score,PLAIN-671,MED-2172,36.8
laya-typed-score,PLAIN-681,MED-5017,35.72
laya-typed-score,PLAIN-681,MED-2383,35.8
laya-typed-score,PLAIN-681,MED-4300,49.07
laya-typed-score,PLAIN-681,MED-4314,35.01
laya-typed-score,PLAIN-681,MED-4286,35.01
laya-typed-score,PLAIN-681,MED-2595,35.05
laya-typed-score,PLAIN-681,MED-2597,35.37
laya-typed-score,PLAIN-681,MED-4292,36.92
laya-typed-score,PLAIN-681,MED-4295,36.94
laya-typed-score,PLAIN-681,MED-2381,36.46
laya-typed-score,PLAIN-681,MED-4707,35.01
laya-typed-score,PLAIN-681,MED-4291,34.5
laya-typed-score,PLAIN-681,MED-2380,37.24
laya-typed-score,PLAIN-681,MED-1381,39.03
laya-typed-score,PLAIN-681,MED-4706,35.66
laya-typed-score,PLAIN-681,MED-4287,37.07
laya-typed-score,PLAIN-681,MED-3896,38.12
laya-typed-score,PLAIN-681,MED-4249,36.06
laya-typed-score,PLAIN-681,MED-4298,36.98
laya-typed-score,PLAIN-681,MED-3399,45.31
laya-typed-score,PLAIN-691,MED-4909,43.08
laya-typed-score,PLAIN-691,MED-2265,34.06
laya-typed-score,PLAIN-691,MED-885,35.25
laya-typed-score,PLAIN-691,MED-5131,35.63
laya-typed-score,PLAIN-691,MED-4454,36.61
laya-typed-score,PLAIN-691,MED-3209,34.99
laya-typed-score,PLAIN-691,MED-2791,35.67
laya-typed-score,PLAIN-691,MED-3479,38.11
laya-typed-score,PLAIN-691,MED-3986,41.32
laya-typed-score,PLAIN-691,MED-5095,50.28
laya-typed-score,PLAIN-691,MED-1793,35.16
laya-typed-score,PLAIN-691,MED-2830,34.36
laya-typed-score,PLAIN-691,MED-2235,35.65
laya-typed-score,PLAIN-691,MED-4658,36.11
laya-typed-score,PLAIN-691,MED-4903,35.44
laya-typed-score,PLAIN-691,MED-953,35.83
laya-typed-score,PLAIN-691,MED-3922,35.82
laya-typed-score,PLAIN-691,MED-4318,36.18
laya-typed-score,PLAIN-691,MED-4317,36.4
laya-typed-score,PLAIN-691,MED-1693,37.96
laya-typed-score,PLAIN-701,MED-3720,37.35
laya-typed-score,PLAIN-701,MED-917,36.79
laya-typed-score,PLAIN-701,MED-3721,37.36
laya-typed-score,PLAIN-701,MED-2922,40.66
laya-typed-score,PLAIN-701,MED-2280,46.02
laya-typed-score,PLAIN-701,MED-1676,36.91
laya-typed-score,PLAIN-701,MED-1844,36.94
laya-typed-score,PLAIN-701,MED-4907,35.84
laya-typed-score,PLAIN-701,MED-5137,34.95
laya-typed-score,PLAIN-701,MED-4331,35.05
laya-typed-score,PLAIN-701,MED-5080,36.2
laya-typed-score,PLAIN-701,MED-3719,38.22
laya-typed-score,PLAIN-701,MED-3716,34.53
laya-typed-score,PLAIN-701,MED-2677,37.42
laya-typed-score,PLAIN-701,MED-1671,37.4
laya-typed-score,PLAIN-701,MED-3942,40.91
laya-typed-score,PLAIN-701,MED-2924,39.69
laya-typed-score,PLAIN-701,MED-3748,45.93
laya-typed-score,PLAIN-701,MED-2085,34.53
laya-typed-score,PLAIN-701,MED-3738,34.82
laya-typed-score,PLAIN-711,MED-2077,36.42
laya-typed-score,PLAIN-711,MED-2095,36.28
laya-typed-score,PLAIN-711,MED-2005,34.58
laya-typed-score,PLAIN-711,MED-2938,35.32
laya-typed-score,PLAIN-711,MED-1027,35.99
laya-typed-score,PLAIN-711,MED-1492,36.53
laya-typed-score,PLAIN-711,MED-2523,37.67
laya-typed-score,PLAIN-711,MED-4497,36.31
laya-typed-score,PLAIN-711,MED-5295,36.07
laya-typed-score,PLAIN-711,MED-854,38.33
laya-typed-score,PLAIN-711,MED-3520,35.61
laya-typed-score,PLAIN-711,MED-4427,38.51
laya-typed-score,PLAIN-711,MED-1691,51.51
laya-typed-score,PLAIN-711,MED-2522,42.88
laya-typed-score,PLAIN-711,MED-1192,35.81
laya-typed-score,PLAIN-711,MED-2080,39.07
laya-typed-score,PLAIN-711,MED-3353,36.05
laya-typed-score,PLAIN-711,MED-4031,34.65
laya-typed-score,PLAIN-711,MED-3021,36.88
laya-typed-score,PLAIN-711,MED-3603,35.56
laya-typed-score,PLAIN-721,MED-4876,36.34
laya-typed-score,PLAIN-721,MED-1267,41.59
laya-typed-score,PLAIN-721,MED-1282,36.79
laya-typed-score,PLAIN-721,MED-1278,38.56
laya-typed-score,PLAIN-721,MED-1287,45.29
laya-typed-score,PLAIN-721,MED-1289,36.91
laya-typed-score,PLAIN-721,MED-1290,35.58
laya-typed-score,PLAIN-721,MED-1284,35.7
laya-typed-score,PLAIN-721,MED-1266,34.68
laya-typed-score,PLAIN-721,MED-1271,35.26
laya-typed-score,PLAIN-721,MED-1274,36.56
laya-typed-score,PLAIN-721,MED-1268,35.2
laya-typed-score,PLAIN-721,MED-1265,36.1
laya-typed-score,PLAIN-721,MED-1288,36.81
laya-typed-score,PLAIN-721,MED-1279,43.71
laya-typed-score,PLAIN-721,MED-828,37.48
laya-typed-score,PLAIN-721,MED-818,37.35
laya-typed-score,PLAIN-721,MED-4544,38.5
laya-typed-score,PLAIN-721,MED-3354,36.71
laya-typed-score,PLAIN-721,MED-4659,35.25
laya-typed-score,PLAIN-731,MED-1337,35.87
laya-typed-score,PLAIN-731,MED-5243,36.18
laya-typed-score,PLAIN-731,MED-5253,37.26
laya-typed-score,PLAIN-731,MED-1340,36.03
laya-typed-score,PLAIN-731,MED-3229,35.78
laya-typed-score,PLAIN-731,MED-5145,37.13
laya-typed-score,PLAIN-731,MED-4722,36.25
laya-typed-score,PLAIN-731,MED-1339,35.58
laya-typed-score,PLAIN-731,MED-1341,35.65
laya-typed-score,PLAIN-731,MED-5241,35.62
laya-typed-score,PLAIN-731,MED-4226,36.58
laya-typed-score,PLAIN-731,MED-2987,47.8
laya-typed-score,PLAIN-731,MED-3193,39.47
laya-typed-score,PLAIN-731,MED-3787,37.86
laya-typed-score,PLAIN-731,MED-3228,36.11
laya-typed-score,PLAIN-731,MED-1338,36.6
laya-typed-score,PLAIN-731,MED-3216,35.09
laya-typed-score,PLAIN-731,MED-2985,34.72
laya-typed-score,PLAIN-731,MED-2990,35.19
laya-typed-score,PLAIN-731,MED-1791,37.51
laya-typed-score,PLAIN-741,MED-4236,35.52
laya-typed-score,PLAIN-741,MED-4237,38.11
laya-typed-score,PLAIN-741,MED-4232,38.28
laya-typed-score,PLAIN-741,MED-4234,37.49
laya-typed-score,PLAIN-741,MED-4231,37.34
laya-typed-score,PLAIN-741,MED-4235,36.92
laya-typed-score,PLAIN-741,MED-4230,35.9
laya-typed-score,PLAIN-741,MED-301,35.43
laya-typed-score,PLAIN-741,MED-4185,35.19
laya-typed-score,PLAIN-741,MED-4186,35.99
laya-typed-score,PLAIN-741,MED-1872,35.19
laya-typed-score,PLAIN-741,MED-4890,35.8
laya-typed-score,PLAIN-741,MED-2913,36.82
laya-typed-score,PLAIN-741,MED-5176,37.71
laya-typed-score,PLAIN-741,MED-1869,38.73
laya-typed-score,PLAIN-741,MED-3924,37.15
laya-typed-score,PLAIN-741,MED-4439,35.68
laya-typed-score,PLAIN-741,MED-1409,38.4
laya-typed-score,PLAIN-741,MED-2831,36.37
laya-typed-score,PLAIN-741,MED-10,50.31
laya-typed-score,PLAIN-751,MED-3130,37.33
laya-typed-score,PLAIN-751,MED-3129,37.53
laya-typed-score,PLAIN-751,MED-3135,37.68
laya-typed-score,PLAIN-751,MED-5037,37.11
laya-typed-score,PLAIN-751,MED-2247,36.97
laya-typed-score,PLAIN-751,MED-1457,37.62
laya-typed-score,PLAIN-751,MED-4451,36.49
laya-typed-score,PLAIN-751,MED-2848,36.43
laya-typed-score,PLAIN-751,MED-5333,36.53
laya-typed-score,PLAIN-751,MED-1797,38.36
laya-typed-score,PLAIN-751,MED-1101,37.1
laya-typed-score,PLAIN-751,MED-3882,35.56
laya-typed-score,PLAIN-751,MED-3709,36.21
laya-typed-score,PLAIN-751,MED-1750,33.86
laya-typed-score,PLAIN-751,MED-2328,36.26
laya-typed-score,PLAIN-751,MED-2106,35.44
laya-typed-score,PLAIN-751,MED-1442,35.41
laya-typed-score,PLAIN-751,MED-1924,35.26
laya-typed-score,PLAIN-751,MED-1748,35.46
laya-typed-score,PLAIN-751,MED-2332,35.87
laya-typed-score,PLAIN-761,MED-3800,35.39
laya-typed-score,PLAIN-761,MED-3797,41.77
laya-typed-score,PLAIN-761,MED-3795,34.83
laya-typed-score,PLAIN-761,MED-666,34.78
laya-typed-score,PLAIN-761,MED-4127,34.95
laya-typed-score,PLAIN-761,MED-4651,34.49
laya-typed-score,PLAIN-761,MED-5184,34.45
laya-typed-score,PLAIN-761,MED-4162,49.6
laya-typed-score,PLAIN-761,MED-4445,36.71
laya-typed-score,PLAIN-761,MED-4117,36.11
laya-typed-score,PLAIN-761,MED-1667,39.1
laya-typed-score,PLAIN-761,MED-958,36.13
laya-typed-score,PLAIN-761,MED-5352,34.27
laya-typed-score,PLAIN-761,MED-3766,39.52
laya-typed-score,PLAIN-761,MED-3696,36.61
laya-typed-score,PLAIN-761,MED-2437,35.1
laya-typed-score,PLAIN-761,MED-4694,38.8
laya-typed-score,PLAIN-761,MED-3832,40.13
laya-typed-score,PLAIN-761,MED-1829,34.86
laya-typed-score,PLAIN-761,MED-2424,34.46
laya-typed-score,PLAIN-771,MED-3386,36.02
laya-typed-score,PLAIN-771,MED-3387,35.75
laya-typed-score,PLAIN-771,MED-3385,36.18
laya-typed-score,PLAIN-771,MED-731,35.36
laya-typed-score,PLAIN-771,MED-854,35.21
laya-typed-score,PLAIN-771,MED-844,35.36
laya-typed-score,PLAIN-771,MED-722,34.39
laya-typed-score,PLAIN-771,MED-4704,59.75
laya-typed-score,PLAIN-771,MED-4839,62.5
laya-typed-score,PLAIN-771,MED-734,52.12
laya-typed-score,PLAIN-771,MED-10,43.97
laya-typed-score,PLAIN-771,MED-3979,52.86
laya-typed-score,PLAIN-771,MED-14,55.61
laya-typed-score,PLAIN-771,MED-3704,54.54
laya-typed-score,PLAIN-771,MED-118,44.77
laya-typed-score,PLAIN-771,MED-3310,45.85
laya-typed-score,PLAIN-771,MED-301,48.69
laya-typed-score,PLAIN-771,MED-306,44.98
laya-typed-score,PLAIN-771,MED-4564,46.08
laya-typed-score,PLAIN-771,MED-329,50.4
laya-typed-score,PLAIN-782,MED-1055,47.33
laya-typed-score,PLAIN-782,MED-5139,46.79
laya-typed-score,PLAIN-782,MED-1519,48.57
laya-typed-score,PLAIN-782,MED-3486,49.05
laya-typed-score,PLAIN-782,MED-1058,47.39
laya-typed-score,PLAIN-782,MED-1248,49.97
laya-typed-score,PLAIN-782,MED-1753,46.14
laya-typed-score,PLAIN-782,MED-2208,45.47
laya-typed-score,PLAIN-782,MED-3056,41.96
laya-typed-score,PLAIN-782,MED-3385,46.22
laya-typed-score,PLAIN-782,MED-1811,45.48
laya-typed-score,PLAIN-782,MED-2489,45.18
laya-typed-score,PLAIN-782,MED-2726,47.06
laya-typed-score,PLAIN-782,MED-880,46.21
laya-typed-score,PLAIN-782,MED-1751,49.91
laya-typed-score,PLAIN-782,MED-713,60.56
laya-typed-score,PLAIN-782,MED-2725,49.56
laya-typed-score,PLAIN-782,MED-3209,47.71
laya-typed-score,PLAIN-782,MED-1754,45.43
laya-typed-score,PLAIN-782,MED-3987,51.39
laya-typed-score,PLAIN-792,MED-4958,56.88
laya-typed-score,PLAIN-792,MED-4546,53.13
laya-typed-score,PLAIN-792,MED-729,55.24
laya-typed-score,PLAIN-792,MED-732,45.48
laya-typed-score,PLAIN-792,MED-744,45.57
laya-typed-score,PLAIN-792,MED-748,48.11
laya-typed-score,PLAIN-792,MED-854,44.02
laya-typed-score,PLAIN-792,MED-3601,48.81
laya-typed-score,PLAIN-792,MED-4547,57.11
laya-typed-score,PLAIN-792,MED-10,56.52
laya-typed-score,PLAIN-792,MED-4423,57.54
laya-typed-score,PLAIN-792,MED-1037,54.93
laya-typed-score,PLAIN-792,MED-14,62.34
laya-typed-score,PLAIN-792,MED-118,60.42
laya-typed-score,PLAIN-792,MED-1977,55.68
laya-typed-score,PLAIN-792,MED-1584,66.54
laya-typed-score,PLAIN-792,MED-301,63.13
laya-typed-score,PLAIN-792,MED-1041,38.69
laya-typed-score,PLAIN-792,MED-306,40.72
laya-typed-score,PLAIN-792,MED-329,39.06
laya-typed-score,PLAIN-806,MED-2519,39.06
laya-typed-score,PLAIN-806,MED-2138,41.61
laya-typed-score,PLAIN-806,MED-4996,38.08
laya-typed-score,PLAIN-806,MED-2513,39.38
laya-typed-score,PLAIN-806,MED-2506,36.22
laya-typed-score,PLAIN-806,MED-3201,36.28
laya-typed-score,PLAIN-806,MED-2717,35.31
laya-typed-score,PLAIN-806,MED-3273,35.46
laya-typed-score,PLAIN-806,MED-2325,35.74
laya-typed-score,PLAIN-806,MED-2502,42.32
laya-typed-score,PLAIN-806,MED-825,36.29
laya-typed-score,PLAIN-806,MED-4121,37.77
laya-typed-score,PLAIN-806,MED-2510,38.73
laya-typed-score,PLAIN-806,MED-4100,36.49
laya-typed-score,PLAIN-806,MED-1712,35.52
laya-typed-score,PLAIN-806,MED-2718,36.9
laya-typed-score,PLAIN-806,MED-1715,37.12
laya-typed-score,PLAIN-806,MED-1617,36.51
laya-typed-score,PLAIN-806,MED-3375,34.8
laya-typed-score,PLAIN-806,MED-1646,35.33
laya-typed-score,PLAIN-817,MED-731,36.43
laya-typed-score,PLAIN-817,MED-10,38.15
laya-typed-score,PLAIN-817,MED-3462,50.25
laya-typed-score,PLAIN-817,MED-14,36.44
laya-typed-score,PLAIN-817,MED-3461,36.19
laya-typed-score,PLAIN-817,MED-118,39.88
laya-typed-score,PLAIN-817,MED-4811,36.14
laya-typed-score,PLAIN-817,MED-301,36.01
laya-typed-score,PLAIN-817,MED-941,36.28
laya-typed-score,PLAIN-817,MED-306,38.01
laya-typed-score,PLAIN-817,MED-863,42.09
laya-typed-score,PLAIN-817,MED-1443,39.15
laya-typed-score,PLAIN-817,MED-329,50.99
laya-typed-score,PLAIN-817,MED-2056,42.42
laya-typed-score,PLAIN-817,MED-330,37.34
laya-typed-score,PLAIN-817,MED-853,42.95
laya-typed-score,PLAIN-817,MED-2672,35.7
laya-typed-score,PLAIN-817,MED-332,34.64
laya-typed-score,PLAIN-817,MED-334,36.51
laya-typed-score,PLAIN-817,MED-4312,37.29
laya-typed-score,PLAIN-827,MED-4391,38.09
laya-typed-score,PLAIN-827,MED-4451,40.43
laya-typed-score,PLAIN-827,MED-1605,37.03
laya-typed-score,PLAIN-827,MED-2106,34.62
laya-typed-score,PLAIN-827,MED-3000,34.36
laya-typed-score,PLAIN-827,MED-2618,37.92
laya-typed-score,PLAIN-827,MED-4049,36.48
laya-typed-score,PLAIN-827,MED-4057,38.09
laya-typed-score,PLAIN-827,MED-3311,38.69
laya-typed-score,PLAIN-827,MED-4194,46.55
laya-typed-score,PLAIN-827,MED-4040,38.06
laya-typed-score,PLAIN-827,MED-4483,35.59
laya-typed-score,PLAIN-827,MED-5197,35.6
laya-typed-score,PLAIN-827,MED-4470,36.66
laya-typed-score,PLAIN-827,MED-1602,37.49
laya-typed-score,PLAIN-827,MED-4492,34.76
laya-typed-score,PLAIN-827,MED-5122,34.51
laya-typed-score,PLAIN-827,MED-5188,34.68
laya-typed-score,PLAIN-827,MED-4482,36.24
laya-typed-score,PLAIN-827,MED-4060,34.65
laya-typed-score,PLAIN-838,MED-3502,34.37
laya-typed-score,PLAIN-838,MED-3495,37.67
laya-typed-score,PLAIN-838,MED-3501,35.64
laya-typed-score,PLAIN-838,MED-3499,35.13
laya-typed-score,PLAIN-838,MED-3500,36.98
laya-typed-score,PLAIN-838,MED-3496,36.49
laya-typed-score,PLAIN-838,MED-719,35.02
laya-typed-score,PLAIN-838,MED-724,36.5
laya-typed-score,PLAIN-838,MED-713,35.51
laya-typed-score,PLAIN-838,MED-2244,34.63
laya-typed-score,PLAIN-838,MED-3494,35.39
laya-typed-score,PLAIN-838,MED-3549,38.11
laya-typed-score,PLAIN-838,MED-10,35.26
laya-typed-score,PLAIN-838,MED-3548,35.05
laya-typed-score,PLAIN-838,MED-14,37.62
laya-typed-score,PLAIN-838,MED-3637,36.41
laya-typed-score,PLAIN-838,MED-118,37.57
laya-typed-score,PLAIN-838,MED-4782,48.67
laya-typed-score,PLAIN-838,MED-301,36.6
laya-typed-score,PLAIN-838,MED-4371,34.54
laya-typed-score,PLAIN-850,MED-2064,35.68
laya-typed-score,PLAIN-850,MED-2075,34.98
laya-typed-score,PLAIN-850,MED-2070,35.17
laya-typed-score,PLAIN-850,MED-4455,36.0
laya-typed-score,PLAIN-850,MED-2066,36.01
laya-typed-score,PLAIN-850,MED-759,34.56
laya-typed-score,PLAIN-850,MED-3370,33.91
laya-typed-score,PLAIN-850,MED-1407,35.34
laya-typed-score,PLAIN-850,MED-2206,35.18
laya-typed-score,PLAIN-850,MED-5074,38.94
laya-typed-score,PLAIN-850,MED-3199,33.99
laya-typed-score,PLAIN-850,MED-3750,33.94
laya-typed-score,PLAIN-850,MED-2204,34.09
laya-typed-score,PLAIN-850,MED-3377,34.03
laya-typed-score,PLAIN-850,MED-10,35.49
laya-typed-score,PLAIN-850,MED-842,37.3
laya-typed-score,PLAIN-850,MED-14,35.21
laya-typed-score,PLAIN-850,MED-3748,34.29
laya-typed-score,PLAIN-850,MED-118,36.39
laya-typed-score,PLAIN-850,MED-1293,35.1
laya-typed-score,PLAIN-872,MED-3989,43.52
laya-typed-score,PLAIN-872,MED-1291,34.97
laya-typed-score,PLAIN-872,MED-4098,35.67
laya-typed-score,PLAIN-872,MED-3712,36.36
laya-typed-score,PLAIN-872,MED-1292,35.62
laya-typed-score,PLAIN-872,MED-4916,55.16
laya-typed-score,PLAIN-872,MED-3991,37.77
laya-typed-score,PLAIN-872,MED-3985,36.76
laya-typed-score,PLAIN-872,MED-3986,34.45
laya-typed-score,PLAIN-872,MED-719,34.29
laya-typed-score,PLAIN-872,MED-724,35.93
laya-typed-score,PLAIN-872,MED-707,37.75
laya-typed-score,PLAIN-872,MED-709,36.42
laya-typed-score,PLAIN-872,MED-734,37.22
laya-typed-score,PLAIN-872,MED-864,34.0
laya-typed-score,PLAIN-872,MED-4583,34.34
laya-typed-score,PLAIN-872,MED-4869,39.42
laya-typed-score,PLAIN-872,MED-2521,35.5
laya-typed-score,PLAIN-872,MED-4165,33.99
laya-typed-score,PLAIN-872,MED-2169,37.01
laya-typed-score,PLAIN-882,MED-3632,36.56
laya-typed-score,PLAIN-882,MED-3622,36.59
laya-typed-score,PLAIN-882,MED-3636,37.33
laya-typed-score,PLAIN-882,MED-10,36.32
laya-typed-score,PLAIN-882,MED-3630,37.01
laya-typed-score,PLAIN-882,MED-14,35.09
laya-typed-score,PLAIN-882,MED-118,38.72
laya-typed-score,PLAIN-882,MED-3620,35.48
laya-typed-score,PLAIN-882,MED-301,36.74
laya-typed-score,PLAIN-882,MED-3635,34.68
laya-typed-score,PLAIN-882,MED-306,35.12
laya-typed-score,PLAIN-882,MED-3629,38.67
laya-typed-score,PLAIN-882,MED-329,36.52
laya-typed-score,PLAIN-882,MED-859,51.82
laya-typed-score,PLAIN-882,MED-2274,35.61
laya-typed-score,PLAIN-882,MED-330,33.8
laya-typed-score,PLAIN-882,MED-332,34.37
laya-typed-score,PLAIN-882,MED-3626,34.63
laya-typed-score,PLAIN-882,MED-334,35.66
laya-typed-score,PLAIN-882,MED-3628,35.01
laya-typed-score,PLAIN-892,MED-3132,34.9
laya-typed-score,PLAIN-892,MED-2010,35.12
laya-typed-score,PLAIN-892,MED-4347,35.81
laya-typed-score,PLAIN-892,MED-2148,42.93
laya-typed-score,PLAIN-892,MED-2145,35.99
laya-typed-score,PLAIN-892,MED-734,37.21
laya-typed-score,PLAIN-892,MED-733,36.34
laya-typed-score,PLAIN-892,MED-719,35.36
laya-typed-score,PLAIN-892,MED-724,36.01
laya-typed-score,PLAIN-892,MED-2009,37.1
laya-typed-score,PLAIN-892,MED-2991,35.55
laya-typed-score,PLAIN-892,MED-2008,36.49
laya-typed-score,PLAIN-892,MED-4201,35.1
laya-typed-score,PLAIN-892,MED-3095,35.29
laya-typed-score,PLAIN-892,MED-10,35.87
laya-typed-score,PLAIN-892,MED-5164,37.09
laya-typed-score,PLAIN-892,MED-828,40.03
laya-typed-score,PLAIN-892,MED-14,37.87
laya-typed-score,PLAIN-892,MED-4972,36.23
laya-typed-score,PLAIN-892,MED-118,39.75
laya-typed-score,PLAIN-902,MED-4197,41.72
laya-typed-score,PLAIN-902,MED-4195,47.17
laya-typed-score,PLAIN-902,MED-3555,35.38
laya-typed-score,PLAIN-902,MED-301,34.84
laya-typed-score,PLAIN-902,MED-5024,35.29
laya-typed-score,PLAIN-902,MED-1160,35.16
laya-typed-score,PLAIN-902,MED-2093,34.64
laya-typed-score,PLAIN-902,MED-4849,35.38
laya-typed-score,PLAIN-902,MED-930,39.63
laya-typed-score,PLAIN-902,MED-10,41.22
laya-typed-score,PLAIN-902,MED-4187,42.86
laya-typed-score,PLAIN-902,MED-14,41.3
laya-typed-score,PLAIN-902,MED-842,43.31
laya-typed-score,PLAIN-902,MED-118,38.91
laya-typed-score,PLAIN-902,MED-2070,34.62
laya-typed-score,PLAIN-902,MED-1746,35.37
laya-typed-score,PLAIN-902,MED-306,37.88
laya-typed-score,PLAIN-902,MED-329,41.88
laya-typed-score,PLAIN-902,MED-4660,41.61
laya-typed-score,PLAIN-902,MED-1142,40.76
laya-typed-score,PLAIN-913,MED-4415,41.22
laya-typed-score,PLAIN-913,MED-3811,42.63
laya-typed-score,PLAIN-913,MED-4416,40.7
laya-typed-score,PLAIN-913,MED-3812,41.04
laya-typed-score,PLAIN-913,MED-3813,43.17
laya-typed-score,PLAIN-913,MED-5000,43.62
laya-typed-score,PLAIN-913,MED-4417,47.36
laya-typed-score,PLAIN-913,MED-3810,41.21
laya-typed-score,PLAIN-913,MED-2780,37.07
laya-typed-score,PLAIN-913,MED-894,35.44
laya-typed-score,PLAIN-913,MED-5084,34.7
laya-typed-score,PLAIN-913,MED-691,35.18
laya-typed-score,PLAIN-913,MED-760,35.8
laya-typed-score,PLAIN-913,MED-712,36.7
laya-typed-score,PLAIN-913,MED-692,38.18
laya-typed-score,PLAIN-913,MED-4418,36.45
laya-typed-score,PLAIN-913,MED-2783,35.14
laya-typed-score,PLAIN-913,MED-1442,37.73
laya-typed-score,PLAIN-913,MED-1444,37.62
laya-typed-score,PLAIN-913,MED-1293,35.5
laya-typed-score,PLAIN-924,MED-3044,33.81
laya-typed-score,PLAIN-924,MED-10,34.81
laya-typed-score,PLAIN-924,MED-3054,35.0
laya-typed-score,PLAIN-924,MED-14,34.82
laya-typed-score,PLAIN-924,MED-3052,34.4
laya-typed-score,PLAIN-924,MED-118,37.52
laya-typed-score,PLAIN-924,MED-3055,34.55
laya-typed-score,PLAIN-924,MED-301,35.58
laya-typed-score,PLAIN-924,MED-4790,34.24
laya-typed-score,PLAIN-924,MED-306,34.98
laya-typed-score,PLAIN-924,MED-3544,36.06
laya-typed-score,PLAIN-924,MED-329,35.65
laya-typed-score,PLAIN-924,MED-4720,36.25
laya-typed-score,PLAIN-924,MED-3046,33.62
laya-typed-score,PLAIN-924,MED-330,33.67
laya-typed-score,PLAIN-924,MED-3058,46.08
laya-typed-score,PLAIN-924,MED-332,34.65
laya-typed-score,PLAIN-924,MED-2178,33.66
laya-typed-score,PLAIN-924,MED-334,34.9
laya-typed-score,PLAIN-924,MED-2177,32.35
laya-typed-score,PLAIN-934,MED-1640,34.25
laya-typed-score,PLAIN-934,MED-5244,34.24
laya-typed-score,PLAIN-934,MED-2155,39.45
laya-typed-score,PLAIN-934,MED-5249,33.49
laya-typed-score,PLAIN-934,MED-1621,35.71
laya-typed-score,PLAIN-934,MED-1648,34.79
laya-typed-score,PLAIN-934,MED-1649,35.86
laya-typed-score,PLAIN-934,MED-5245,36.35
laya-typed-score,PLAIN-934,MED-1628,34.58
laya-typed-score,PLAIN-934,MED-2161,34.58
laya-typed-score,PLAIN-934,MED-5258,35.3
laya-typed-score,PLAIN-934,MED-878,38.44
laya-typed-score,PLAIN-934,MED-1622,35.58
laya-typed-score,PLAIN-934,MED-5251,34.03
laya-typed-score,PLAIN-934,MED-1636,33.74
laya-typed-score,PLAIN-934,MED-5250,36.29
laya-typed-score,PLAIN-934,MED-5259,33.84
laya-typed-score,PLAIN-934,MED-2156,36.37
laya-typed-score,PLAIN-934,MED-2160,34.82
laya-typed-score,PLAIN-934,MED-1642,38.38
laya-typed-score,PLAIN-946,MED-4380,35.95
laya-typed-score,PLAIN-946,MED-4381,33.45
laya-typed-score,PLAIN-946,MED-722,33.82
laya-typed-score,PLAIN-946,MED-926,34.98
laya-typed-score,PLAIN-946,MED-4960,43.94
laya-typed-score,PLAIN-946,MED-866,33.94
laya-typed-score,PLAIN-946,MED-3937,35.42
laya-typed-score,PLAIN-946,MED-855,34.63
laya-typed-score,PLAIN-946,MED-4668,35.66
laya-typed-score,PLAIN-946,MED-1570,36.19
laya-typed-score,PLAIN-946,MED-3939,41.39
laya-typed-score,PLAIN-946,MED-10,33.69
laya-typed-score,PLAIN-946,MED-4439,34.09
laya-typed-score,PLAIN-946,MED-14,34.75
laya-typed-score,PLAIN-946,MED-4356,35.96
laya-typed-score,PLAIN-946,MED-118,36.46
laya-typed-score,PLAIN-946,MED-3772,34.6
laya-typed-score,PLAIN-946,MED-301,41.39
laya-typed-score,PLAIN-946,MED-925,35.34
laya-typed-score,PLAIN-946,MED-306,34.81
laya-typed-score,PLAIN-956,MED-2182,34.76
laya-typed-score,PLAIN-956,MED-5074,33.93
laya-typed-score,PLAIN-956,MED-2572,35.0
laya-typed-score,PLAIN-956,MED-2183,36.01
laya-typed-score,PLAIN-956,MED-5076,42.27
laya-typed-score,PLAIN-956,MED-5191,59.41
laya-typed-score,PLAIN-956,MED-884,58.98
laya-typed-score,PLAIN-956,MED-2179,49.46
laya-typed-score,PLAIN-956,MED-4554,46.11
laya-typed-score,PLAIN-956,MED-2184,62.88
laya-typed-score,PLAIN-956,MED-4053,50.72
laya-typed-score,PLAIN-956,MED-4972,51.67
laya-typed-score,PLAIN-956,MED-3651,45.65
laya-typed-score,PLAIN-956,MED-1165,52.15
laya-typed-score,PLAIN-956,MED-2098,48.1
laya-typed-score,PLAIN-956,MED-2209,48.79
laya-typed-score,PLAIN-956,MED-4482,47.33
laya-typed-score,PLAIN-956,MED-909,47.66
laya-typed-score,PLAIN-956,MED-910,61.39
laya-typed-score,PLAIN-956,MED-1441,45.91
laya-typed-score,PLAIN-966,MED-3671,46.85
laya-typed-score,PLAIN-966,MED-4323,46.67
laya-typed-score,PLAIN-966,MED-4192,52.06
laya-typed-score,PLAIN-966,MED-831,47.11
laya-typed-score,PLAIN-966,MED-3919,47.13
laya-typed-score,PLAIN-966,MED-2039,48.4
laya-typed-score,PLAIN-966,MED-3465,50.36
laya-typed-score,PLAIN-966,MED-2324,46.31
laya-typed-score,PLAIN-966,MED-3316,44.91
laya-typed-score,PLAIN-966,MED-1299,46.37
laya-typed-score,PLAIN-966,MED-4789,50.85
laya-typed-score,PLAIN-966,MED-1358,48.58
laya-typed-score,PLAIN-966,MED-4152,46.27
laya-typed-score,PLAIN-966,MED-743,44.03
laya-typed-score,PLAIN-966,MED-1613,48.83
laya-typed-score,PLAIN-966,MED-4103,51.28
laya-typed-score,PLAIN-966,MED-5365,52.1
laya-typed-score,PLAIN-966,MED-3317,56.5
laya-typed-score,PLAIN-966,MED-3676,56.24
laya-typed-score,PLAIN-966,MED-1198,55.18
laya-typed-score,PLAIN-977,MED-2603,52.44
laya-typed-score,PLAIN-977,MED-2598,47.05
laya-typed-score,PLAIN-977,MED-4402,51.61
laya-typed-score,PLAIN-977,MED-2082,54.39
laya-typed-score,PLAIN-977,MED-4427,46.3
laya-typed-score,PLAIN-977,MED-4891,49.26
laya-typed-score,PLAIN-977,MED-2944,50.8
laya-typed-score,PLAIN-977,MED-4617,56.69
laya-typed-score,PLAIN-977,MED-2602,59.63
laya-typed-score,PLAIN-977,MED-2770,57.11
laya-typed-score,PLAIN-977,MED-1410,60.06
laya-typed-score,PLAIN-977,MED-2179,65.69
laya-typed-score,PLAIN-977,MED-1586,57.0
laya-typed-score,PLAIN-977,MED-3394,59.21
laya-typed-score,PLAIN-977,MED-1986,43.24
laya-typed-score,PLAIN-977,MED-1786,36.24
laya-typed-score,PLAIN-977,MED-2773,34.82
laya-typed-score,PLAIN-977,MED-3306,38.55
laya-typed-score,PLAIN-977,MED-3717,36.5
laya-typed-score,PLAIN-977,MED-4960,37.7
laya-typed-score,PLAIN-987,MED-557,36.66
laya-typed-score,PLAIN-987,MED-746,36.67
laya-typed-score,PLAIN-987,MED-828,36.39
laya-typed-score,PLAIN-987,MED-732,36.79
laya-typed-score,PLAIN-987,MED-1787,38.36
laya-typed-score,PLAIN-987,MED-2780,37.16
laya-typed-score,PLAIN-987,MED-1293,37.25
laya-typed-score,PLAIN-987,MED-4954,38.69
laya-typed-score,PLAIN-987,MED-1781,36.61
laya-typed-score,PLAIN-987,MED-2830,37.76
laya-typed-score,PLAIN-987,MED-10,36.47
laya-typed-score,PLAIN-987,MED-3589,37.49
laya-typed-score,PLAIN-987,MED-843,37.03
laya-typed-score,PLAIN-987,MED-14,35.27
laya-typed-score,PLAIN-987,MED-1762,36.09
laya-typed-score,PLAIN-987,MED-118,37.17
laya-typed-score,PLAIN-987,MED-1778,36.71
laya-typed-score,PLAIN-987,MED-301,50.58
laya-typed-score,PLAIN-987,MED-3591,41.6
laya-typed-score,PLAIN-987,MED-1773,36.36
laya-typed-score,PLAIN-997,MED-691,37.06
laya-typed-score,PLAIN-997,MED-748,36.17
laya-typed-score,PLAIN-997,MED-744,36.81
laya-typed-score,PLAIN-997,MED-10,36.96
laya-typed-score,PLAIN-997,MED-5331,37.45
laya-typed-score,PLAIN-997,MED-14,36.9
laya-typed-score,PLAIN-997,MED-4300,38.48
laya-typed-score,PLAIN-997,MED-745,35.98
laya-typed-score,PLAIN-997,MED-118,36.08
laya-typed-score,PLAIN-997,MED-2082,37.71
laya-typed-score,PLAIN-997,MED-1276,37.52
laya-typed-score,PLAIN-997,MED-301,36.9
laya-typed-score,PLAIN-997,MED-1376,37.06
laya-typed-score,PLAIN-997,MED-306,40.31
laya-typed-score,PLAIN-997,MED-822,36.68
laya-typed-score,PLAIN-997,MED-2202,38.37
laya-typed-score,PLAIN-997,MED-329,35.03
laya-typed-score,PLAIN-997,MED-330,44.0
laya-typed-score,PLAIN-997,MED-5369,36.72
laya-typed-score,PLAIN-997,MED-1055,34.82
laya-typed-score,PLAIN-1008,MED-306,35.17
laya-typed-score,PLAIN-1008,MED-666,34.64
laya-typed-score,PLAIN-1008,MED-10,35.51
laya-typed-score,PLAIN-1008,MED-4668,37.7
laya-typed-score,PLAIN-1008,MED-14,47.92
laya-typed-score,PLAIN-1008,MED-901,38.17
laya-typed-score,PLAIN-1008,MED-745,35.21
laya-typed-score,PLAIN-1008,MED-118,38.08
laya-typed-score,PLAIN-1008,MED-3863,35.57
laya-typed-score,PLAIN-1008,MED-1519,38.83
laya-typed-score,PLAIN-1008,MED-301,37.25
laya-typed-score,PLAIN-1008,MED-4694,36.41
laya-typed-score,PLAIN-1008,MED-329,36.4
laya-typed-score,PLAIN-1008,MED-5216,34.92
laya-typed-score,PLAIN-1008,MED-2036,35.66
laya-typed-score,PLAIN-1008,MED-330,35.91
laya-typed-score,PLAIN-1008,MED-3319,36.14
laya-typed-score,PLAIN-1008,MED-332,37.07
laya-typed-score,PLAIN-1008,MED-334,36.48
laya-typed-score,PLAIN-1008,MED-900,37.04
laya-typed-score,PLAIN-1018,MED-839,37.25
laya-typed-score,PLAIN-1018,MED-5091,36.83
laya-typed-score,PLAIN-1018,MED-5095,39.19
laya-typed-score,PLAIN-1018,MED-5093,35.76
laya-typed-score,PLAIN-1018,MED-3012,37.3
laya-typed-score,PLAIN-1018,MED-838,38.87
laya-typed-score,PLAIN-1018,MED-928,37.65
laya-typed-score,PLAIN-1018,MED-1832,36.56
laya-typed-score,PLAIN-1018,MED-5364,35.82
laya-typed-score,PLAIN-1018,MED-5092,36.85
laya-typed-score,PLAIN-1018,MED-4936,40.27
laya-typed-score,PLAIN-1018,MED-557,43.23
laya-typed-score,PLAIN-1018,MED-5361,46.09
laya-typed-score,PLAIN-1018,MED-828,35.69
laya-typed-score,PLAIN-1018,MED-818,35.97
laya-typed-score,PLAIN-1018,MED-820,35.46
laya-typed-score,PLAIN-1018,MED-4323,37.2
laya-typed-score,PLAIN-1018,MED-4322,37.59
laya-typed-score,PLAIN-1018,MED-762,36.62
laya-typed-score,PLAIN-1018,MED-831,36.14
laya-typed-score,PLAIN-1028,MED-2290,35.6
laya-typed-score,PLAIN-1028,MED-4102,36.44
laya-typed-score,PLAIN-1028,MED-1558,36.36
laya-typed-score,PLAIN-1028,MED-4627,37.49
laya-typed-score,PLAIN-1028,MED-2984,36.12
laya-typed-score,PLAIN-1028,MED-5363,36.93
laya-typed-score,PLAIN-1028,MED-1553,39.26
laya-typed-score,PLAIN-1028,MED-5181,38.02
laya-typed-score,PLAIN-1028,MED-3722,37.95
laya-typed-score,PLAIN-1028,MED-3654,36.54
laya-typed-score,PLAIN-1028,MED-4178,36.33
laya-typed-score,PLAIN-1028,MED-2180,36.96
laya-typed-score,PLAIN-1028,MED-3248,36.25
laya-typed-score,PLAIN-1028,MED-2412,35.48
laya-typed-score,PLAIN-1028,MED-3900,35.89
laya-typed-score,PLAIN-1028,MED-1861,36.82
laya-typed-score,PLAIN-1028,MED-2220,36.57
laya-typed-score,PLAIN-1028,MED-4555,43.16
laya-typed-score,PLAIN-1028,MED-2294,37.09
laya-typed-score,PLAIN-1028,MED-4131,51.35
laya-typed-score,PLAIN-1039,MED-4380,36.85
laya-typed-score,PLAIN-1039,MED-4381,36.43
laya-typed-score,PLAIN-1039,MED-4995,36.96
laya-typed-score,PLAIN-1039,MED-3867,38.13
laya-typed-score,PLAIN-1039,MED-909,38.0
laya-typed-score,PLAIN-1039,MED-1841,36.72
laya-typed-score,PLAIN-1039,MED-4634,37.42
laya-typed-score,PLAIN-1039,MED-1839,35.94
laya-typed-score,PLAIN-1039,MED-4625,38.63
laya-typed-score,PLAIN-1039,MED-3215,38.55
laya-typed-score,PLAIN-1039,MED-1395,37.3
laya-typed-score,PLAIN-1039,MED-2544,36.5
laya-typed-score,PLAIN-1039,MED-4626,41.61
laya-typed-score,PLAIN-1039,MED-4092,41.85
laya-typed-score,PLAIN-1039,MED-4176,38.77
laya-typed-score,PLAIN-1039,MED-1832,38.05
laya-typed-score,PLAIN-1039,MED-3846,37.1
laya-typed-score,PLAIN-1039,MED-2983,35.47
laya-typed-score,PLAIN-1039,MED-2578,35.67
laya-typed-score,PLAIN-1039,MED-3236,37.78
laya-typed-score,PLAIN-1050,MED-2510,35.11
laya-typed-score,PLAIN-1050,MED-728,36.36
laya-typed-score,PLAIN-1050,MED-761,34.47
laya-typed-score,PLAIN-1050,MED-1021,41.52
laya-typed-score,PLAIN-1050,MED-749,35.84
laya-typed-score,PLAIN-1050,MED-731,34.93
laya-typed-score,PLAIN-1050,MED-748,50.08
laya-typed-score,PLAIN-1050,MED-727,34.75
laya-typed-score,PLAIN-1050,MED-1097,35.84
laya-typed-score,PLAIN-1050,MED-1712,35.49
laya-typed-score,PLAIN-1050,MED-1655,35.35
laya-typed-score,PLAIN-1050,MED-2498,35.58
laya-typed-score,PLAIN-1050,MED-843,37.19
laya-typed-score,PLAIN-1050,MED-2112,35.18
laya-typed-score,PLAIN-1050,MED-2324,35.51
laya-typed-score,PLAIN-1050,MED-1543,35.45
laya-typed-score,PLAIN-1050,MED-3283,41.92
laya-typed-score,PLAIN-1050,MED-2509,36.03
laya-typed-score,PLAIN-1050,MED-4842,35.1
laya-typed-score,PLAIN-1050,MED-2502,37.94
laya-typed-score,PLAIN-1066,MED-727,37.78
laya-typed-score,PLAIN-1066,MED-728,39.7
laya-typed-score,PLAIN-1066,MED-2763,36.9
laya-typed-score,PLAIN-1066,MED-749,36.76
laya-typed-score,PLAIN-1066,MED-761,36.49
laya-typed-score,PLAIN-1066,MED-1097,35.08
laya-typed-score,PLAIN-1066,MED-1712,34.8
laya-typed-score,PLAIN-1066,MED-2510,34.95
laya-typed-score,PLAIN-1066,MED-3759,36.23
laya-typed-score,PLAIN-1066,MED-748,34.37
laya-typed-score,PLAIN-1066,MED-2112,36.67
laya-typed-score,PLAIN-1066,MED-2498,36.2
laya-typed-score,PLAIN-1066,MED-1021,36.55
laya-typed-score,PLAIN-1066,MED-3604,36.32
laya-typed-score,PLAIN-1066,MED-2324,49.67
laya-typed-score,PLAIN-1066,MED-2525,35.02
laya-typed-score,PLAIN-1066,MED-3283,35.23
laya-typed-score,PLAIN-1066,MED-743,34.05
laya-typed-score,PLAIN-1066,MED-762,35.19
laya-typed-score,PLAIN-1066,MED-2509,35.49
laya-typed-score,PLAIN-1088,MED-2109,36.34
laya-typed-score,PLAIN-1088,MED-2110,36.52
laya-typed-score,PLAIN-1088,MED-301,37.15
laya-typed-score,PLAIN-1088,MED-762,36.15
laya-typed-score,PLAIN-1088,MED-557,37.06
laya-typed-score,PLAIN-1088,MED-10,35.39
laya-typed-score,PLAIN-1088,MED-1314,36.76
laya-typed-score,PLAIN-1088,MED-14,35.8
laya-typed-score,PLAIN-1088,MED-118,38.94
laya-typed-score,PLAIN-1088,MED-3630,36.77
laya-typed-score,PLAIN-1088,MED-5345,36.9
laya-typed-score,PLAIN-1088,MED-3056,35.85
laya-typed-score,PLAIN-1088,MED-306,35.95
laya-typed-score,PLAIN-1088,MED-1311,35.07
laya-typed-score,PLAIN-1088,MED-329,34.88
laya-typed-score,PLAIN-1088,MED-1594,35.51
laya-typed-score,PLAIN-1088,MED-330,35.08
laya-typed-score,PLAIN-1088,MED-332,40.76
laya-typed-score,PLAIN-1088,MED-4602,36.14
laya-typed-score,PLAIN-1088,MED-334,35.31
laya-typed-score,PLAIN-1098,MED-734,38.23
laya-typed-score,PLAIN-1098,MED-692,38.18
laya-typed-score,PLAIN-1098,MED-733,47.96
laya-typed-score,PLAIN-1098,MED-719,39.21
laya-typed-score,PLAIN-1098,MED-724,36.59
laya-typed-score,PLAIN-1098,MED-10,35.46
laya-typed-score,PLAIN-1098,MED-2371,35.96
laya-typed-score,PLAIN-1098,MED-14,36.42
laya-typed-score,PLAIN-1098,MED-963,36.34
laya-typed-score,PLAIN-1098,MED-118,36.97
laya-typed-score,PLAIN-1098,MED-5124,37.62
laya-typed-score,PLAIN-1098,MED-301,36.19
laya-typed-score,PLAIN-1098,MED-4676,37.09
laya-typed-score,PLAIN-1098,MED-2977,36.9
laya-typed-score,PLAIN-1098,MED-306,37.48
laya-typed-score,PLAIN-1098,MED-329,38.22
laya-typed-score,PLAIN-1098,MED-4892,35.18
laya-typed-score,PLAIN-1098,MED-2884,37.95
laya-typed-score,PLAIN-1098,MED-330,37.11
laya-typed-score,PLAIN-1098,MED-332,35.99
laya-typed-score,PLAIN-1109,MED-2643,37.37
laya-typed-score,PLAIN-1109,MED-2650,37.14
laya-typed-score,PLAIN-1109,MED-5323,36.42
laya-typed-score,PLAIN-1109,MED-1099,43.47
laya-typed-score,PLAIN-1109,MED-2087,34.44
laya-typed-score,PLAIN-1109,MED-1777,36.72
laya-typed-score,PLAIN-1109,MED-5167,36.01
laya-typed-score,PLAIN-1109,MED-1763,37.36
laya-typed-score,PLAIN-1109,MED-4728,39.74
laya-typed-score,PLAIN-1109,MED-2627,53.96
laya-typed-score,PLAIN-1109,MED-2658,37.1
laya-typed-score,PLAIN-1109,MED-1100,36.73
laya-typed-score,PLAIN-1109,MED-2654,37.97
laya-typed-score,PLAIN-1109,MED-4941,36.78
laya-typed-score,PLAIN-1109,MED-1594,36.75
laya-typed-score,PLAIN-1109,MED-3955,36.12
laya-typed-score,PLAIN-1109,MED-1736,41.82
laya-typed-score,PLAIN-1109,MED-1167,33.87
laya-typed-score,PLAIN-1109,MED-1003,35.78
laya-typed-score,PLAIN-1109,MED-1741,37.46
laya-typed-score,PLAIN-1119,MED-1708,39.76
laya-typed-score,PLAIN-1119,MED-1627,40.13
laya-typed-score,PLAIN-1119,MED-877,35.82
laya-typed-score,PLAIN-1119,MED-3371,36.41
laya-typed-score,PLAIN-1119,MED-2718,34.79
laya-typed-score,PLAIN-1119,MED-5310,38.48
laya-typed-score,PLAIN-1119,MED-1710,36.96
laya-typed-score,PLAIN-1119,MED-4438,35.72
laya-typed-score,PLAIN-1119,MED-4774,36.61
laya-typed-score,PLAIN-1119,MED-1534,38.63
laya-typed-score,PLAIN-1119,MED-1646,38.02
laya-typed-score,PLAIN-1119,MED-3768,36.22
laya-typed-score,PLAIN-1119,MED-4331,37.06
laya-typed-score,PLAIN-1119,MED-3588,36.43
laya-typed-score,PLAIN-1119,MED-2721,36.71
laya-typed-score,PLAIN-1119,MED-3208,38.31
laya-typed-score,PLAIN-1119,MED-2148,58.55
laya-typed-score,PLAIN-1119,MED-2181,35.78
laya-typed-score,PLAIN-1119,MED-3201,50.37
laya-typed-score,PLAIN-1119,MED-2715,36.9
laya-typed-score,PLAIN-1130,MED-4165,38.07
laya-typed-score,PLAIN-1130,MED-691,37.79
laya-typed-score,PLAIN-1130,MED-692,37.76
laya-typed-score,PLAIN-1130,MED-557,36.91
laya-typed-score,PLAIN-1130,MED-10,39.83
laya-typed-score,PLAIN-1130,MED-14,37.57
laya-typed-score,PLAIN-1130,MED-1732,39.04
laya-typed-score,PLAIN-1130,MED-118,39.95
laya-typed-score,PLAIN-1130,MED-2619,39.38
laya-typed-score,PLAIN-1130,MED-301,36.27
laya-typed-score,PLAIN-1130,MED-3971,35.46
laya-typed-score,PLAIN-1130,MED-306,36.56
laya-typed-score,PLAIN-1130,MED-5050,35.87
laya-typed-score,PLAIN-1130,MED-1240,37.69
laya-typed-score,PLAIN-1130,MED-329,35.47
laya-typed-score,PLAIN-1130,MED-1243,35.83
laya-typed-score,PLAIN-1130,MED-330,37.67
laya-typed-score,PLAIN-1130,MED-332,34.96
laya-typed-score,PLAIN-1130,MED-3670,61.39
laya-typed-score,PLAIN-1130,MED-1733,61.01
laya-typed-score,PLAIN-1141,MED-2112,54.77
laya-typed-score,PLAIN-1141,MED-2428,55.03
laya-typed-score,PLAIN-1141,MED-1343,53.56
laya-typed-score,PLAIN-1141,MED-3953,53.85
laya-typed-score,PLAIN-1141,MED-1037,49.55
laya-typed-score,PLAIN-1141,MED-3001,51.22
laya-typed-score,PLAIN-1141,MED-1051,49.21
laya-typed-score,PLAIN-1141,MED-5343,49.82
laya-typed-score,PLAIN-1141,MED-745,51.52
laya-typed-score,PLAIN-1141,MED-3113,52.38
laya-typed-score,PLAIN-1141,MED-4153,51.04
laya-typed-score,PLAIN-1141,MED-3625,49.78
laya-typed-score,PLAIN-1141,MED-3680,46.8
laya-typed-score,PLAIN-1141,MED-4531,71.05
laya-typed-score,PLAIN-1141,MED-1097,67.51
laya-typed-score,PLAIN-1141,MED-2298,65.12
laya-typed-score,PLAIN-1141,MED-4533,47.37
laya-typed-score,PLAIN-1141,MED-4366,45.39
laya-typed-score,PLAIN-1141,MED-2086,44.42
laya-typed-score,PLAIN-1141,MED-3758,48.17
laya-typed-score,PLAIN-1151,MED-3306,47.38
laya-typed-score,PLAIN-1151,MED-2182,52.12
laya-typed-score,PLAIN-1151,MED-2742,53.21
laya-typed-score,PLAIN-1151,MED-1759,48.06
laya-typed-score,PLAIN-1151,MED-2738,48.41
laya-typed-score,PLAIN-1151,MED-1147,47.5
laya-typed-score,PLAIN-1151,MED-1144,50.24
laya-typed-score,PLAIN-1151,MED-3314,49.85
laya-typed-score,PLAIN-1151,MED-2221,49.06
laya-typed-score,PLAIN-1151,MED-1725,48.62
laya-typed-score,PLAIN-1151,MED-4139,55.65
laya-typed-score,PLAIN-1151,MED-1179,56.28
laya-typed-score,PLAIN-1151,MED-3307,52.63
laya-typed-score,PLAIN-1151,MED-4489,50.63
laya-typed-score,PLAIN-1151,MED-1157,47.29
laya-typed-score,PLAIN-1151,MED-2489,50.13
laya-typed-score,PLAIN-1151,MED-1181,47.0
laya-typed-score,PLAIN-1151,MED-1753,47.9
laya-typed-score,PLAIN-1151,MED-2299,48.74
laya-typed-score,PLAIN-1151,MED-2572,50.75
laya-typed-score,PLAIN-1161,MED-3136,60.72
laya-typed-score,PLAIN-1161,MED-3138,54.26
laya-typed-score,PLAIN-1161,MED-4991,63.07
laya-typed-score,PLAIN-1161,MED-2144,63.95
laya-typed-score,PLAIN-1161,MED-2570,61.74
laya-typed-score,PLAIN-1161,MED-2147,54.49
laya-typed-score,PLAIN-1161,MED-3584,58.35
laya-typed-score,PLAIN-1161,MED-1880,51.08
laya-typed-score,PLAIN-1161,MED-2010,36.85
laya-typed-score,PLAIN-1161,MED-3141,37.01
laya-typed-score,PLAIN-1161,MED-3132,37.63
laya-typed-score,PLAIN-1161,MED-5079,37.44
laya-typed-score,PLAIN-1161,MED-724,37.96
laya-typed-score,PLAIN-1161,MED-719,43.12
laya-typed-score,PLAIN-1161,MED-2140,38.82
laya-typed-score,PLAIN-1161,MED-4510,35.71
laya-typed-score,PLAIN-1161,MED-2141,38.51
laya-typed-score,PLAIN-1161,MED-2145,37.23
laya-typed-score,PLAIN-1161,MED-2148,40.18
laya-typed-score,PLAIN-1161,MED-2085,38.75
laya-typed-score,PLAIN-1172,MED-4150,42.51
laya-typed-score,PLAIN-1172,MED-691,39.31
laya-typed-score,PLAIN-1172,MED-702,37.62
laya-typed-score,PLAIN-1172,MED-719,38.01
laya-typed-score,PLAIN-1172,MED-724,37.61
laya-typed-score,PLAIN-1172,MED-10,40.66
laya-typed-score,PLAIN-1172,MED-3146,42.74
laya-typed-score,PLAIN-1172,MED-14,45.17
laya-typed-score,PLAIN-1172,MED-4720,38.25
laya-typed-score,PLAIN-1172,MED-118,37.09
laya-typed-score,PLAIN-1172,MED-3145,37.04
laya-typed-score,PLAIN-1172,MED-301,38.02
laya-typed-score,PLAIN-1172,MED-3144,45.42
laya-typed-score,PLAIN-1172,MED-306,36.64
laya-typed-score,PLAIN-1172,MED-3810,36.68
laya-typed-score,PLAIN-1172,MED-329,37.3
laya-typed-score,PLAIN-1172,MED-3606,36.98
laya-typed-score,PLAIN-1172,MED-330,37.17
laya-typed-score,PLAIN-1172,MED-3816,38.17
laya-typed-score,PLAIN-1172,MED-2521,38.35
laya-typed-score,PLAIN-1183,MED-1276,38.3
laya-typed-score,PLAIN-1183,MED-5331,37.24
laya-typed-score,PLAIN-1183,MED-4727,36.83
laya-typed-score,PLAIN-1183,MED-5369,36.13
laya-typed-score,PLAIN-1183,MED-5351,36.91
laya-typed-score,PLAIN-1183,MED-10,37.65
laya-typed-score,PLAIN-1183,MED-4070,37.05
laya-typed-score,PLAIN-1183,MED-1201,36.92
laya-typed-score,PLAIN-1183,MED-748,37.38
laya-typed-score,PLAIN-1183,MED-2582,37.29
laya-typed-score,PLAIN-1183,MED-5353,36.46
laya-typed-score,PLAIN-1183,MED-1376,36.98
laya-typed-score,PLAIN-1183,MED-3856,36.62
laya-typed-score,PLAIN-1183,MED-2202,45.38
laya-typed-score,PLAIN-1183,MED-3980,48.44
laya-typed-score,PLAIN-1183,MED-3981,39.25
laya-typed-score,PLAIN-1183,MED-2082,43.38
laya-typed-score,PLAIN-1183,MED-3976,42.92
laya-typed-score,PLAIN-1183,MED-2769,42.28
laya-typed-score,PLAIN-1183,MED-5192,36.89
laya-typed-score,PLAIN-1193,MED-3868,37.65
laya-typed-score,PLAIN-1193,MED-3869,35.81
laya-typed-score,PLAIN-1193,MED-1825,36.27
laya-typed-score,PLAIN-1193,MED-3864,35.99
laya-typed-score,PLAIN-1193,MED-1826,42.99
laya-typed-score,PLAIN-1193,MED-3796,37.05
laya-typed-score,PLAIN-1193,MED-4303,36.48
laya-typed-score,PLAIN-1193,MED-2378,36.02
laya-typed-score,PLAIN-1193,MED-839,36.19
laya-typed-score,PLAIN-1193,MED-4443,36.12
laya-typed-score,PLAIN-1193,MED-1443,36.6
laya-typed-score,PLAIN-1193,MED-3662,37.05
laya-typed-score,PLAIN-1193,MED-3867,37.38
laya-typed-score,PLAIN-1193,MED-5179,36.85
laya-typed-score,PLAIN-1193,MED-1493,35.9
laya-typed-score,PLAIN-1193,MED-3659,37.4
laya-typed-score,PLAIN-1193,MED-5016,36.95
laya-typed-score,PLAIN-1193,MED-1523,37.15
laya-typed-score,PLAIN-1193,MED-1859,37.73
laya-typed-score,PLAIN-1193,MED-886,37.79
laya-typed-score,PLAIN-1203,MED-4771,52.92
laya-typed-score,PLAIN-1203,MED-1203,37.61
laya-typed-score,PLAIN-1203,MED-986,38.3
laya-typed-score,PLAIN-1203,MED-980,38.2
laya-typed-score,PLAIN-1203,MED-922,40.24
laya-typed-score,PLAIN-1203,MED-4872,35.35
laya-typed-score,PLAIN-1203,MED-994,35.73
laya-typed-score,PLAIN-1203,MED-3867,37.37
laya-typed-score,PLAIN-1203,MED-2983,36.15
laya-typed-score,PLAIN-1203,MED-1846,37.24
laya-typed-score,PLAIN-1203,MED-1528,40.87
laya-typed-score,PLAIN-1203,MED-2103,38.0
laya-typed-score,PLAIN-1203,MED-1395,36.66
laya-typed-score,PLAIN-1203,MED-1202,36.13
laya-typed-score,PLAIN-1203,MED-3275,34.96
laya-typed-score,PLAIN-1203,MED-2102,36.17
laya-typed-score,PLAIN-1203,MED-1201,36.49
laya-typed-score,PLAIN-1203,MED-4764,37.25
laya-typed-score,PLAIN-1203,MED-993,37.72
laya-typed-score,PLAIN-1203,MED-4600,36.23
laya-typed-score,PLAIN-1214,MED-734,35.91
laya-typed-score,PLAIN-1214,MED-10,36.01
laya-typed-score,PLAIN-1214,MED-5318,37.27
laya-typed-score,PLAIN-1214,MED-14,38.87
laya-typed-score,PLAIN-1214,MED-1733,38.84
laya-typed-score,PLAIN-1214,MED-118,41.85
laya-typed-score,PLAIN-1214,MED-5177,42.04
laya-typed-score,PLAIN-1214,MED-828,52.65
laya-typed-score,PLAIN-1214,MED-1731,36.86
laya-typed-score,PLAIN-1214,MED-301,36.08
laya-typed-score,PLAIN-1214,MED-2992,39.07
laya-typed-score,PLAIN-1214,MED-306,34.95
laya-typed-score,PLAIN-1214,MED-329,34.59
laya-typed-score,PLAIN-1214,MED-5317,35.81
laya-typed-score,PLAIN-1214,MED-1491,39.05
laya-typed-score,PLAIN-1214,MED-330,41.03
laya-typed-score,PLAIN-1214,MED-2362,48.86
laya-typed-score,PLAIN-1214,MED-332,40.77
laya-typed-score,PLAIN-1214,MED-850,41.9
laya-typed-score,PLAIN-1214,MED-1738,40.04
laya-typed-score,PLAIN-1225,MED-1674,39.61
laya-typed-score,PLAIN-1225,MED-717,38.46
laya-typed-score,PLAIN-1225,MED-918,37.01
laya-typed-score,PLAIN-1225,MED-1669,36.33
laya-typed-score,PLAIN-1225,MED-1672,38.04
laya-typed-score,PLAIN-1225,MED-1710,37.46
laya-typed-score,PLAIN-1225,MED-5057,37.38
laya-typed-score,PLAIN-1225,MED-1675,36.24
laya-typed-score,PLAIN-1225,MED-3059,36.58
laya-typed-score,PLAIN-1225,MED-3734,36.15
laya-typed-score,PLAIN-1225,MED-2969,38.67
laya-typed-score,PLAIN-1225,MED-1261,36.9
laya-typed-score,PLAIN-1225,MED-1707,36.83
laya-typed-score,PLAIN-1225,MED-2420,48.7
laya-typed-score,PLAIN-1225,MED-2490,37.3
laya-typed-score,PLAIN-1225,MED-719,43.12
laya-typed-score,PLAIN-1225,MED-724,36.02
laya-typed-score,PLAIN-1225,MED-5240,34.97
laya-typed-score,PLAIN-1225,MED-720,36.28
laya-typed-score,PLAIN-1225,MED-830,35.56
laya-typed-score,PLAIN-1236,MED-1341,35.59
laya-typed-score,PLAIN-1236,MED-719,35.07
laya-typed-score,PLAIN-1236,MED-724,36.18
laya-typed-score,PLAIN-1236,MED-720,36.63
laya-typed-score,PLAIN-1236,MED-398,36.38
laya-typed-score,PLAIN-1236,MED-717,37.25
laya-typed-score,PLAIN-1236,MED-10,34.84
laya-typed-score,PLAIN-1236,MED-14,34.41
laya-typed-score,PLAIN-1236,MED-118,37.45
laya-typed-score,PLAIN-1236,MED-2354,36.13
laya-typed-score,PLAIN-1236,MED-830,36.46
laya-typed-score,PLAIN-1236,MED-301,34.09
laya-typed-score,PLAIN-1236,MED-1674,35.52
laya-typed-score,PLAIN-1236,MED-306,35.6
laya-typed-score,PLAIN-1236,MED-329,36.1
laya-typed-score,PLAIN-1236,MED-4595,36.18
laya-typed-score,PLAIN-1236,MED-330,35.55
laya-typed-score,PLAIN-1236,MED-5058,37.55
laya-typed-score,PLAIN-1236,MED-2348,36.07
laya-typed-score,PLAIN-1236,MED-332,36.22
laya-typed-score,PLAIN-1249,MED-2303,36.39
laya-typed-score,PLAIN-1249,MED-2674,49.43
laya-typed-score,PLAIN-1249,MED-1780,36.79
laya-typed-score,PLAIN-1249,MED-2247,39.75
laya-typed-score,PLAIN-1249,MED-1744,36.07
laya-typed-score,PLAIN-1249,MED-3706,36.89
laya-typed-score,PLAIN-1249,MED-5055,36.39
laya-typed-score,PLAIN-1249,MED-2518,36.52
laya-typed-score,PLAIN-1249,MED-2848,36.21
laya-typed-score,PLAIN-1249,MED-3884,42.91
laya-typed-score,PLAIN-1249,MED-4939,36.85
laya-typed-score,PLAIN-1249,MED-3886,36.75
laya-typed-score,PLAIN-1249,MED-1874,35.33
laya-typed-score,PLAIN-1249,MED-2432,35.25
laya-typed-score,PLAIN-1249,MED-1442,36.81
laya-typed-score,PLAIN-1249,MED-3885,35.93
laya-typed-score,PLAIN-1249,MED-4867,37.09
laya-typed-score,PLAIN-1249,MED-1229,35.27
laya-typed-score,PLAIN-1249,MED-2123,35.51
laya-typed-score,PLAIN-1249,MED-1664,36.18
laya-typed-score,PLAIN-1262,MED-5293,35.38
laya-typed-score,PLAIN-1262,MED-983,38.57
laya-typed-score,PLAIN-1262,MED-5303,37.12
laya-typed-score,PLAIN-1262,MED-4096,34.62
laya-typed-score,PLAIN-1262,MED-2082,51.14
laya-typed-score,PLAIN-1262,MED-1054,38.51
laya-typed-score,PLAIN-1262,MED-5331,38.3
laya-typed-score,PLAIN-1262,MED-2723,37.06
laya-typed-score,PLAIN-1262,MED-1680,47.63
laya-typed-score,PLAIN-1262,MED-5220,38.83
laya-typed-score,PLAIN-1262,MED-4132,35.2
laya-typed-score,PLAIN-1262,MED-2211,35.9
laya-typed-score,PLAIN-1262,MED-1055,35.77
laya-typed-score,PLAIN-1262,MED-1123,35.99
laya-typed-score,PLAIN-1262,MED-2000,36.34
laya-typed-score,PLAIN-1262,MED-2740,42.53
laya-typed-score,PLAIN-1262,MED-3974,36.82
laya-typed-score,PLAIN-1262,MED-2214,36.63
laya-typed-score,PLAIN-1262,MED-1056,36.93
laya-typed-score,PLAIN-1262,MED-1328,36.61
laya-typed-score,PLAIN-1275,MED-4712,36.97
laya-typed-score,PLAIN-1275,MED-2886,36.76
laya-typed-score,PLAIN-1275,MED-2924,38.82
laya-typed-score,PLAIN-1275,MED-1676,40.6
laya-typed-score,PLAIN-1275,MED-4900,41.12
laya-typed-score,PLAIN-1275,MED-2922,39.32
laya-typed-score,PLAIN-1275,MED-2076,39.6
laya-typed-score,PLAIN-1275,MED-2665,40.48
laya-typed-score,PLAIN-1275,MED-3738,39.35
laya-typed-score,PLAIN-1275,MED-1671,40.08
laya-typed-score,PLAIN-1275,MED-3748,36.8
laya-typed-score,PLAIN-1275,MED-4576,38.63
laya-typed-score,PLAIN-1275,MED-3728,39.64
laya-typed-score,PLAIN-1275,MED-2970,38.41
laya-typed-score,PLAIN-1275,MED-5084,39.74
laya-typed-score,PLAIN-1275,MED-5069,54.88
laya-typed-score,PLAIN-1275,MED-5083,37.71
laya-typed-score,PLAIN-1275,MED-3480,36.65
laya-typed-score,PLAIN-1275,MED-5070,37.15
laya-typed-score,PLAIN-1275,MED-5166,36.39
laya-typed-score,PLAIN-1288,MED-2083,39.26
laya-typed-score,PLAIN-1288,MED-3701,38.86
laya-typed-score,PLAIN-1288,MED-398,37.77
laya-typed-score,PLAIN-1288,MED-1538,38.0
laya-typed-score,PLAIN-1288,MED-4585,37.23
laya-typed-score,PLAIN-1288,MED-2663,38.75
laya-typed-score,PLAIN-1288,MED-3700,36.37
laya-typed-score,PLAIN-1288,MED-5065,35.94
laya-typed-score,PLAIN-1288,MED-3728,36.91
laya-typed-score,PLAIN-1288,MED-1795,35.69
laya-typed-score,PLAIN-1288,MED-2450,37.9
laya-typed-score,PLAIN-1288,MED-4029,36.47
laya-typed-score,PLAIN-1288,MED-1533,35.52
laya-typed-score,PLAIN-1288,MED-2085,35.93
laya-typed-score,PLAIN-1288,MED-3207,42.33
laya-typed-score,PLAIN-1288,MED-3200,38.41
laya-typed-score,PLAIN-1288,MED-3206,36.5
laya-typed-score,PLAIN-1288,MED-3210,36.58
laya-typed-score,PLAIN-1288,MED-3205,37.31
laya-typed-score,PLAIN-1288,MED-3382,35.77
laya-typed-score,PLAIN-1299,MED-4747,35.49
laya-typed-score,PLAIN-1299,MED-3135,39.18
laya-typed-score,PLAIN-1299,MED-1223,49.72
laya-typed-score,PLAIN-1299,MED-2498,34.25
laya-typed-score,PLAIN-1299,MED-1229,37.1
laya-typed-score,PLAIN-1299,MED-2123,35.41
laya-typed-score,PLAIN-1299,MED-1752,35.1
laya-typed-score,PLAIN-1299,MED-2774,36.49
laya-typed-score,PLAIN-1299,MED-4897,35.81
laya-typed-score,PLAIN-1299,MED-4224,36.31
laya-typed-score,PLAIN-1299,MED-4394,35.53
laya-typed-score,PLAIN-1299,MED-4222,36.27
laya-typed-score,PLAIN-1299,MED-1587,36.77
laya-typed-score,PLAIN-1299,MED-2114,37.62
laya-typed-score,PLAIN-1299,MED-4752,35.07
laya-typed-score,PLAIN-1299,MED-4211,35.91
laya-typed-score,PLAIN-1299,MED-1750,34.58
laya-typed-score,PLAIN-1299,MED-1716,34.93
laya-typed-score,PLAIN-1299,MED-1723,37.4
laya-typed-score,PLAIN-1299,MED-5107,35.73
laya-typed-score,PLAIN-1309,MED-702,37.15
laya-typed-score,PLAIN-1309,MED-736,35.45
laya-typed-score,PLAIN-1309,MED-721,38.78
laya-typed-score,PLAIN-1309,MED-714,38.62
laya-typed-score,PLAIN-1309,MED-10,37.01
laya-typed-score,PLAIN-1309,MED-4660,37.23
laya-typed-score,PLAIN-1309,MED-14,37.18
laya-typed-score,PLAIN-1309,MED-4603,37.91
laya-typed-score,PLAIN-1309,MED-118,68.49
laya-typed-score,PLAIN-1309,MED-5301,64.55
laya-typed-score,PLAIN-1309,MED-301,51.52
laya-typed-score,PLAIN-1309,MED-4942,51.42
laya-typed-score,PLAIN-1309,MED-306,54.31
laya-typed-score,PLAIN-1309,MED-3985,47.03
laya-typed-score,PLAIN-1309,MED-2046,48.05
laya-typed-score,PLAIN-1309,MED-329,45.52
laya-typed-score,PLAIN-1309,MED-2116,45.58
laya-typed-score,PLAIN-1309,MED-330,49.59
laya-typed-score,PLAIN-1309,MED-2121,46.61
laya-typed-score,PLAIN-1309,MED-332,45.84
laya-typed-score,PLAIN-1320,MED-1543,46.04
laya-typed-score,PLAIN-1320,MED-2112,47.01
laya-typed-score,PLAIN-1320,MED-761,46.52
laya-typed-score,PLAIN-1320,MED-1549,48.56
laya-typed-score,PLAIN-1320,MED-2758,48.99
laya-typed-score,PLAIN-1320,MED-1545,45.07
laya-typed-score,PLAIN-1320,MED-728,51.87
laya-typed-score,PLAIN-1320,MED-3759,45.66
laya-typed-score,PLAIN-1320,MED-4929,49.49
laya-typed-score,PLAIN-1320,MED-2525,43.11
laya-typed-score,PLAIN-1320,MED-1986,50.11
laya-typed-score,PLAIN-1320,MED-749,50.43
laya-typed-score,PLAIN-1320,MED-727,46.42
laya-typed-score,PLAIN-1320,MED-1053,44.99
laya-typed-score,PLAIN-1320,MED-1097,42.28
laya-typed-score,PLAIN-1320,MED-2298,43.69
laya-typed-score,PLAIN-1320,MED-2760,45.73
laya-typed-score,PLAIN-1320,MED-3749,46.01
laya-typed-score,PLAIN-1320,MED-5346,48.47
laya-typed-score,PLAIN-1320,MED-2761,45.91
laya-typed-score,PLAIN-1331,MED-306,45.21
laya-typed-score,PLAIN-1331,MED-745,59.41
laya-typed-score,PLAIN-1331,MED-727,60.72
laya-typed-score,PLAIN-1331,MED-1049,54.12
laya-typed-score,PLAIN-1331,MED-3626,54.38
laya-typed-score,PLAIN-1331,MED-3381,45.95
laya-typed-score,PLAIN-1331,MED-4883,47.07
laya-typed-score,PLAIN-1331,MED-3391,50.1
laya-typed-score,PLAIN-1331,MED-3625,49.73
laya-typed-score,PLAIN-1331,MED-10,47.85
laya-typed-score,PLAIN-1331,MED-5036,46.44
laya-typed-score,PLAIN-1331,MED-14,54.7
laya-typed-score,PLAIN-1331,MED-5288,75.94
laya-typed-score,PLAIN-1331,MED-118,54.3
laya-typed-score,PLAIN-1331,MED-1519,58.92
laya-typed-score,PLAIN-1331,MED-301,68.57
laya-typed-score,PLAIN-1331,MED-901,57.54
laya-typed-score,PLAIN-1331,MED-3278,56.85
laya-typed-score,PLAIN-1331,MED-329,44.28
laya-typed-score,PLAIN-1331,MED-5345,37.11
laya-typed-score,PLAIN-1342,MED-4317,36.13
laya-typed-score,PLAIN-1342,MED-1403,37.23
laya-typed-score,PLAIN-1342,MED-2851,37.17
laya-typed-score,PLAIN-1342,MED-2845,36.63
laya-typed-score,PLAIN-1342,MED-1401,38.7
laya-typed-score,PLAIN-1342,MED-4773,40.56
laya-typed-score,PLAIN-1342,MED-4926,38.73
laya-typed-score,PLAIN-1342,MED-4316,42.9
laya-typed-score,PLAIN-1342,MED-5326,40.7
laya-typed-score,PLAIN-1342,MED-4318,42.84
laya-typed-score,PLAIN-1342,MED-898,40.48
laya-typed-score,PLAIN-1342,MED-4772,38.04
laya-typed-score,PLAIN-1342,MED-2844,38.46
laya-typed-score,PLAIN-1342,MED-2979,36.88
laya-typed-score,PLAIN-1342,MED-2983,46.23
laya-typed-score,PLAIN-1342,MED-3918,51.79
laya-typed-score,PLAIN-1342,MED-4320,38.77
laya-typed-score,PLAIN-1342,MED-1846,36.66
laya-typed-score,PLAIN-1342,MED-897,37.82
laya-typed-score,PLAIN-1342,MED-2901,39.47
laya-typed-score,PLAIN-1353,MED-976,40.17
laya-typed-score,PLAIN-1353,MED-2110,38.0
laya-typed-score,PLAIN-1353,MED-722,39.25
laya-typed-score,PLAIN-1353,MED-719,38.3
laya-typed-score,PLAIN-1353,MED-724,38.6
laya-typed-score,PLAIN-1353,MED-718,42.97
laya-typed-score,PLAIN-1353,MED-666,43.18
laya-typed-score,PLAIN-1353,MED-720,40.52
laya-typed-score,PLAIN-1353,MED-736,43.21
laya-typed-score,PLAIN-1353,MED-1041,42.94
laya-typed-score,PLAIN-1353,MED-744,39.14
laya-typed-score,PLAIN-1353,MED-10,41.02
laya-typed-score,PLAIN-1353,MED-14,39.91
laya-typed-score,PLAIN-1353,MED-4883,41.4
laya-typed-score,PLAIN-1353,MED-118,42.67
laya-typed-score,PLAIN-1353,MED-4359,36.95
laya-typed-score,PLAIN-1353,MED-301,40.15
laya-typed-score,PLAIN-1353,MED-979,38.09
laya-typed-score,PLAIN-1353,MED-306,37.7
laya-typed-score,PLAIN-1353,MED-4497,44.5
laya-typed-score,PLAIN-1363,MED-3620,59.14
laya-typed-score,PLAIN-1363,MED-3632,41.83
laya-typed-score,PLAIN-1363,MED-10,37.65
laya-typed-score,PLAIN-1363,MED-3630,39.08
laya-typed-score,PLAIN-1363,MED-14,39.02
laya-typed-score,PLAIN-1363,MED-3635,39.11
laya-typed-score,PLAIN-1363,MED-118,38.7
laya-typed-score,PLAIN-1363,MED-3636,37.92
laya-typed-score,PLAIN-1363,MED-301,36.89
laya-typed-score,PLAIN-1363,MED-306,41.14
laya-typed-score,PLAIN-1363,MED-3626,38.22
laya-typed-score,PLAIN-1363,MED-329,36.89
laya-typed-score,PLAIN-1363,MED-3629,38.54
laya-typed-score,PLAIN-1363,MED-330,42.49
laya-typed-score,PLAIN-1363,MED-3622,38.17
laya-typed-score,PLAIN-1363,MED-1166,39.85
laya-typed-score,PLAIN-1363,MED-332,40.08
laya-typed-score,PLAIN-1363,MED-2940,39.17
laya-typed-score,PLAIN-1363,MED-334,43.31
laya-typed-score,PLAIN-1363,MED-335,44.52
laya-typed-score,PLAIN-1374,MED-3429,41.45
laya-typed-score,PLAIN-1374,MED-820,39.18
laya-typed-score,PLAIN-1374,MED-1010,40.41
laya-typed-score,PLAIN-1374,MED-828,48.45
laya-typed-score,PLAIN-1374,MED-557,40.94
laya-typed-score,PLAIN-1374,MED-3919,45.56
laya-typed-score,PLAIN-1374,MED-1763,47.39
laya-typed-score,PLAIN-1374,MED-3795,39.93
laya-typed-score,PLAIN-1374,MED-3398,37.6
laya-typed-score,PLAIN-1374,MED-4698,38.09
laya-typed-score,PLAIN-1374,MED-3434,39.8
laya-typed-score,PLAIN-1374,MED-4757,37.9
laya-typed-score,PLAIN-1374,MED-835,38.05
laya-typed-score,PLAIN-1374,MED-3439,37.49
laya-typed-score,PLAIN-1374,MED-4157,37.58
laya-typed-score,PLAIN-1374,MED-832,38.14
laya-typed-score,PLAIN-1374,MED-1736,37.21
laya-typed-score,PLAIN-1374,MED-746,39.51
laya-typed-score,PLAIN-1374,MED-826,39.52
laya-typed-score,PLAIN-1374,MED-2122,38.61
laya-typed-score,PLAIN-1387,MED-3380,38.35
laya-typed-score,PLAIN-1387,MED-3383,38.1
laya-typed-score,PLAIN-1387,MED-5063,36.46
laya-typed-score,PLAIN-1387,MED-5062,38.38
laya-typed-score,PLAIN-1387,MED-3381,41.23
laya-typed-score,PLAIN-1387,MED-4655,38.99
laya-typed-score,PLAIN-1387,MED-3382,37.52
laya-typed-score,PLAIN-1387,MED-1153,36.22
laya-typed-score,PLAIN-1387,MED-306,44.51
laya-typed-score,PLAIN-1387,MED-1686,41.43
laya-typed-score,PLAIN-1387,MED-2724,42.06
laya-typed-score,PLAIN-1387,MED-2078,46.5
laya-typed-score,PLAIN-1387,MED-2298,47.6
laya-typed-score,PLAIN-1387,MED-3384,38.78
laya-typed-score,PLAIN-1387,MED-1358,40.46
laya-typed-score,PLAIN-1387,MED-1053,39.43
laya-typed-score,PLAIN-1387,MED-3013,38.06
laya-typed-score,PLAIN-1387,MED-3054,40.27
laya-typed-score,PLAIN-1387,MED-4840,39.63
laya-typed-score,PLAIN-1387,MED-5288,40.45
laya-typed-score,PLAIN-1398,MED-1715,38.93
laya-typed-score,PLAIN-1398,MED-4228,38.3
laya-typed-score,PLAIN-1398,MED-1719,43.55
laya-typed-score,PLAIN-1398,MED-4897,40.03
laya-typed-score,PLAIN-1398,MED-1722,39.59
laya-typed-score,PLAIN-1398,MED-1720,41.37
laya-typed-score,PLAIN-1398,MED-1724,49.89
laya-typed-score,PLAIN-1398,MED-1723,41.28
laya-typed-score,PLAIN-1398,MED-4212,42.48
laya-typed-score,PLAIN-1398,MED-4220,40.98
laya-typed-score,PLAIN-1398,MED-4216,40.33
laya-typed-score,PLAIN-1398,MED-3959,42.49
laya-typed-score,PLAIN-1398,MED-1711,41.69
laya-typed-score,PLAIN-1398,MED-2114,35.84
laya-typed-score,PLAIN-1398,MED-1712,37.3
laya-typed-score,PLAIN-1398,MED-1587,36.61
laya-typed-score,PLAIN-1398,MED-4225,40.35
laya-typed-score,PLAIN-1398,MED-4223,47.77
laya-typed-score,PLAIN-1398,MED-4211,37.45
laya-typed-score,PLAIN-1398,MED-1716,38.05
laya-typed-score,PLAIN-1409,MED-3385,36.96
laya-typed-score,PLAIN-1409,MED-1144,36.26
laya-typed-score,PLAIN-1409,MED-944,37.68
laya-typed-score,PLAIN-1409,MED-5101,37.93
laya-typed-score,PLAIN-1409,MED-1598,37.34
laya-typed-score,PLAIN-1409,MED-2327,36.48
laya-typed-score,PLAIN-1409,MED-2650,36.09
laya-typed-score,PLAIN-1409,MED-1958,40.2
laya-typed-score,PLAIN-1409,MED-1570,36.18
laya-typed-score,PLAIN-1409,MED-4602,37.23
laya-typed-score,PLAIN-1409,MED-1675,37.29
laya-typed-score,PLAIN-1409,MED-4799,37.41
laya-typed-score,PLAIN-1409,MED-1572,36.59
laya-typed-score,PLAIN-1409,MED-4976,37.0
laya-typed-score,PLAIN-1409,MED-1697,39.8
laya-typed-score,PLAIN-1409,MED-1272,37.2
laya-typed-score,PLAIN-1409,MED-4870,36.45
laya-typed-score,PLAIN-1409,MED-1689,38.35
laya-typed-score,PLAIN-1409,MED-4807,42.54
laya-typed-score,PLAIN-1409,MED-4205,37.15
laya-typed-score,PLAIN-1419,MED-4198,36.88
laya-typed-score,PLAIN-1419,MED-2344,35.99
laya-typed-score,PLAIN-1419,MED-2327,35.59
laya-typed-score,PLAIN-1419,MED-734,40.44
laya-typed-score,PLAIN-1419,MED-1150,46.93
laya-typed-score,PLAIN-1419,MED-3710,38.91
laya-typed-score,PLAIN-1419,MED-5156,36.1
laya-typed-score,PLAIN-1419,MED-3279,35.77
laya-typed-score,PLAIN-1419,MED-10,37.25
laya-typed-score,PLAIN-1419,MED-5094,37.17
laya-typed-score,PLAIN-1419,MED-14,36.81
laya-typed-score,PLAIN-1419,MED-2089,40.17
laya-typed-score,PLAIN-1419,MED-118,37.18
laya-typed-score,PLAIN-1419,MED-4915,40.62
laya-typed-score,PLAIN-1419,MED-301,35.09
laya-typed-score,PLAIN-1419,MED-3923,36.48
laya-typed-score,PLAIN-1419,MED-2333,36.6
laya-typed-score,PLAIN-1419,MED-306,36.83
laya-typed-score,PLAIN-1419,MED-329,37.18
laya-typed-score,PLAIN-1419,MED-3522,39.12
laya-typed-score,PLAIN-1429,MED-5125,39.02
laya-typed-score,PLAIN-1429,MED-1210,37.47
laya-typed-score,PLAIN-1429,MED-1559,37.38
laya-typed-score,PLAIN-1429,MED-2428,39.6
laya-typed-score,PLAIN-1429,MED-4651,41.48
laya-typed-score,PLAIN-1429,MED-3696,37.96
laya-typed-score,PLAIN-1429,MED-5090,37.23
laya-typed-score,PLAIN-1429,MED-5352,36.68
laya-typed-score,PLAIN-1429,MED-2304,36.38
laya-typed-score,PLAIN-1429,MED-4160,39.02
laya-typed-score,PLAIN-1429,MED-2977,48.96
laya-typed-score,PLAIN-1429,MED-4892,39.36
laya-typed-score,PLAIN-1429,MED-4925,36.61
laya-typed-score,PLAIN-1429,MED-4786,36.84
laya-typed-score,PLAIN-1429,MED-1677,37.74
laya-typed-score,PLAIN-1429,MED-3793,36.72
laya-typed-score,PLAIN-1429,MED-5112,37.35
laya-typed-score,PLAIN-1429,MED-4514,38.02
laya-typed-score,PLAIN-1429,MED-5182,37.42
laya-typed-score,PLAIN-1429,MED-4783,40.38
laya-typed-score,PLAIN-1441,MED-2770,36.88
laya-typed-score,PLAIN-1441,MED-1332,38.0
laya-typed-score,PLAIN-1441,MED-2216,37.51
laya-typed-score,PLAIN-1441,MED-2773,37.08
laya-typed-score,PLAIN-1441,MED-2299,42.93
laya-typed-score,PLAIN-1441,MED-2218,41.31
laya-typed-score,PLAIN-1441,MED-4963,41.78
laya-typed-score,PLAIN-1441,MED-4817,40.65
laya-typed-score,PLAIN-1441,MED-1532,39.25
laya-typed-score,PLAIN-1441,MED-3629,47.74
laya-typed-score,PLAIN-1441,MED-5117,37.33
laya-typed-score,PLAIN-1441,MED-2657,37.9
laya-typed-score,PLAIN-1441,MED-2511,39.78
laya-typed-score,PLAIN-1441,MED-5094,38.3
laya-typed-score,PLAIN-1441,MED-2660,38.08
laya-typed-score,PLAIN-1441,MED-1376,40.11
laya-typed-score,PLAIN-1441,MED-3000,52.45
laya-typed-score,PLAIN-1441,MED-3632,37.53
laya-typed-score,PLAIN-1441,MED-1425,39.48
laya-typed-score,PLAIN-1441,MED-3033,39.49
laya-typed-score,PLAIN-1453,MED-1534,38.16
laya-typed-score,PLAIN-1453,MED-3376,39.53
laya-typed-score,PLAIN-1453,MED-1150,39.91
laya-typed-score,PLAIN-1453,MED-3769,38.79
laya-typed-score,PLAIN-1453,MED-2308,36.11
laya-typed-score,PLAIN-1453,MED-1144,36.96
laya-typed-score,PLAIN-1453,MED-2181,37.76
laya-typed-score,PLAIN-1453,MED-3372,40.31
laya-typed-score,PLAIN-1453,MED-4635,39.98
laya-typed-score,PLAIN-1453,MED-2220,38.15
laya-typed-score,PLAIN-1453,MED-2182,38.29
laya-typed-score,PLAIN-1453,MED-3380,38.43
laya-typed-score,PLAIN-1453,MED-4374,38.97
laya-typed-score,PLAIN-1453,MED-3381,37.77
laya-typed-score,PLAIN-1453,MED-1151,44.5
laya-typed-score,PLAIN-1453,MED-4172,36.22
laya-typed-score,PLAIN-1453,MED-2654,37.03
laya-typed-score,PLAIN-1453,MED-1208,36.55
laya-typed-score,PLAIN-1453,MED-2221,35.67
laya-typed-score,PLAIN-1453,MED-1149,37.5
laya-typed-score,PLAIN-1463,MED-2147,39.98
laya-typed-score,PLAIN-1463,MED-3136,36.98
laya-typed-score,PLAIN-1463,MED-2140,42.42
laya-typed-score,PLAIN-1463,MED-3132,44.25
laya-typed-score,PLAIN-1463,MED-3138,37.13
laya-typed-score,PLAIN-1463,MED-4991,37.86
laya-typed-score,PLAIN-1463,MED-1880,39.11
laya-typed-score,PLAIN-1463,MED-2144,39.9
laya-typed-score,PLAIN-1463,MED-3584,39.07
laya-typed-score,PLAIN-1463,MED-2010,41.44
laya-typed-score,PLAIN-1463,MED-3237,37.12
laya-typed-score,PLAIN-1463,MED-5079,37.34
laya-typed-score,PLAIN-1463,MED-4502,38.26
laya-typed-score,PLAIN-1463,MED-1133,37.44
laya-typed-score,PLAIN-1463,MED-5017,38.21
laya-typed-score,PLAIN-1463,MED-3141,38.34
laya-typed-score,PLAIN-1463,MED-2570,39.01
laya-typed-score,PLAIN-1463,MED-1137,40.7
laya-typed-score,PLAIN-1463,MED-2141,42.81
laya-typed-score,PLAIN-1463,MED-884,43.92
laya-typed-score,PLAIN-1473,MED-713,37.04
laya-typed-score,PLAIN-1473,MED-744,36.08
laya-typed-score,PLAIN-1473,MED-709,36.79
laya-typed-score,PLAIN-1473,MED-4455,36.31
laya-typed-score,PLAIN-1473,MED-712,38.45
laya-typed-score,PLAIN-1473,MED-828,37.34
laya-typed-score,PLAIN-1473,MED-719,36.87
laya-typed-score,PLAIN-1473,MED-724,37.17
laya-typed-score,PLAIN-1473,MED-3947,43.06
laya-typed-score,PLAIN-1473,MED-10,60.94
laya-typed-score,PLAIN-1473,MED-4660,59.35
laya-typed-score,PLAIN-1473,MED-14,55.05
laya-typed-score,PLAIN-1473,MED-3441,51.45
laya-typed-score,PLAIN-1473,MED-118,54.06
laya-typed-score,PLAIN-1473,MED-5024,49.97
laya-typed-score,PLAIN-1473,MED-301,50.12
laya-typed-score,PLAIN-1473,MED-3447,46.3
laya-typed-score,PLAIN-1473,MED-306,44.84
laya-typed-score,PLAIN-1473,MED-4385,50.73
laya-typed-score,PLAIN-1473,MED-329,46.28
laya-typed-score,PLAIN-1485,MED-722,47.56
laya-typed-score,PLAIN-1485,MED-719,51.85
laya-typed-score,PLAIN-1485,MED-724,44.94
laya-typed-score,PLAIN-1485,MED-720,45.58
laya-typed-score,PLAIN-1485,MED-2099,44.63
laya-typed-score,PLAIN-1485,MED-718,45.62
laya-typed-score,PLAIN-1485,MED-1041,46.2
laya-typed-score,PLAIN-1485,MED-10,49.61
laya-typed-score,PLAIN-1485,MED-5256,43.43
laya-typed-score,PLAIN-1485,MED-14,43.62
laya-typed-score,PLAIN-1485,MED-5350,56.58
laya-typed-score,PLAIN-1485,MED-118,49.64
laya-typed-score,PLAIN-1485,MED-301,42.85
laya-typed-score,PLAIN-1485,MED-4262,42.99
laya-typed-score,PLAIN-1485,MED-306,47.61
laya-typed-score,PLAIN-1485,MED-329,44.12
laya-typed-score,PLAIN-1485,MED-330,44.68
laya-typed-score,PLAIN-1485,MED-3730,45.85
laya-typed-score,PLAIN-1485,MED-332,44.52
laya-typed-score,PLAIN-1485,MED-3499,45.57
laya-typed-score,PLAIN-1496,MED-746,48.43
laya-typed-score,PLAIN-1496,MED-828,45.24
laya-typed-score,PLAIN-1496,MED-759,55.35
laya-typed-score,PLAIN-1496,MED-10,53.22
laya-typed-score,PLAIN-1496,MED-3374,49.97
laya-typed-score,PLAIN-1496,MED-14,52.44
laya-typed-score,PLAIN-1496,MED-3370,47.04
laya-typed-score,PLAIN-1496,MED-842,46.96
laya-typed-score,PLAIN-1496,MED-118,47.09
laya-typed-score,PLAIN-1496,MED-4714,42.99
laya-typed-score,PLAIN-1496,MED-1268,42.92
laya-typed-score,PLAIN-1496,MED-301,42.73
laya-typed-score,PLAIN-1496,MED-2991,50.28
laya-typed-score,PLAIN-1496,MED-306,63.76
laya-typed-score,PLAIN-1496,MED-1315,54.17
laya-typed-score,PLAIN-1496,MED-329,58.83
laya-typed-score,PLAIN-1496,MED-330,54.72
laya-typed-score,PLAIN-1496,MED-4187,58.95
laya-typed-score,PLAIN-1496,MED-332,54.3
laya-typed-score,PLAIN-1496,MED-3353,59.02
laya-typed-score,PLAIN-1506,MED-5239,36.81
laya-typed-score,PLAIN-1506,MED-2126,36.75
laya-typed-score,PLAIN-1506,MED-2121,42.0
laya-typed-score,PLAIN-1506,MED-702,34.58
laya-typed-score,PLAIN-1506,MED-2117,34.12
laya-typed-score,PLAIN-1506,MED-719,38.01
laya-typed-score,PLAIN-1506,MED-724,35.36
laya-typed-score,PLAIN-1506,MED-713,35.5
laya-typed-score,PLAIN-1506,MED-4306,37.5
laya-typed-score,PLAIN-1506,MED-5202,35.05
laya-typed-score,PLAIN-1506,MED-1953,34.31
laya-typed-score,PLAIN-1506,MED-2509,33.31
laya-typed-score,PLAIN-1506,MED-4916,34.75
laya-typed-score,PLAIN-1506,MED-3953,34.0
laya-typed-score,PLAIN-1506,MED-5025,35.23
laya-typed-score,PLAIN-1506,MED-10,34.11
laya-typed-score,PLAIN-1506,MED-3487,43.65
laya-typed-score,PLAIN-1506,MED-14,44.47
laya-typed-score,PLAIN-1506,MED-3492,42.93
laya-typed-score,PLAIN-1506,MED-118,35.75
laya-typed-score,PLAIN-1516,MED-930,34.08
laya-typed-score,PLAIN-1516,MED-4181,35.06
laya-typed-score,PLAIN-1516,MED-828,36.11
laya-typed-score,PLAIN-1516,MED-761,36.16
laya-typed-score,PLAIN-1516,MED-5086,34.93
laya-typed-score,PLAIN-1516,MED-1149,34.49
laya-typed-score,PLAIN-1516,MED-10,37.42
laya-typed-score,PLAIN-1516,MED-2644,41.34
laya-typed-score,PLAIN-1516,MED-14,37.69
laya-typed-score,PLAIN-1516,MED-4159,37.62
laya-typed-score,PLAIN-1516,MED-118,36.52
laya-typed-score,PLAIN-1516,MED-2215,34.28
laya-typed-score,PLAIN-1516,MED-2087,35.81
laya-typed-score,PLAIN-1516,MED-301,35.05
laya-typed-score,PLAIN-1516,MED-306,35.31
laya-typed-score,PLAIN-1516,MED-5323,35.35
laya-typed-score,PLAIN-1516,MED-2116,35.61
laya-typed-score,PLAIN-1516,MED-329,35.08
laya-typed-score,PLAIN-1516,MED-2093,34.52
laya-typed-score,PLAIN-1516,MED-330,33.32
laya-typed-score,PLAIN-1527,MED-1304,35.0
laya-typed-score,PLAIN-1527,MED-4101,35.0
laya-typed-score,PLAIN-1527,MED-1307,34.2
laya-typed-score,PLAIN-1527,MED-1302,34.48
laya-typed-score,PLAIN-1527,MED-5158,34.99
laya-typed-score,PLAIN-1527,MED-2154,35.43
laya-typed-score,PLAIN-1527,MED-4873,50.29
laya-typed-score,PLAIN-1527,MED-4817,36.04
laya-typed-score,PLAIN-1527,MED-2160,35.53
laya-typed-score,PLAIN-1527,MED-5163,34.69
laya-typed-score,PLAIN-1527,MED-1301,38.07
laya-typed-score,PLAIN-1527,MED-1675,37.09
laya-typed-score,PLAIN-1527,MED-3491,36.59
laya-typed-score,PLAIN-1527,MED-5157,36.27
laya-typed-score,PLAIN-1527,MED-2045,38.98
laya-typed-score,PLAIN-1527,MED-1868,52.09
laya-typed-score,PLAIN-1527,MED-2158,44.38
laya-typed-score,PLAIN-1527,MED-1309,36.23
laya-typed-score,PLAIN-1527,MED-5233,36.11
laya-typed-score,PLAIN-1527,MED-912,38.21
laya-typed-score,PLAIN-1537,MED-4880,38.0
laya-typed-score,PLAIN-1537,MED-1257,35.81
laya-typed-score,PLAIN-1537,MED-2588,39.82
laya-typed-score,PLAIN-1537,MED-4515,36.0
laya-typed-score,PLAIN-1537,MED-4514,36.52
laya-typed-score,PLAIN-1537,MED-1669,35.12
laya-typed-score,PLAIN-1537,MED-4831,35.66
laya-typed-score,PLAIN-1537,MED-4985,35.99
laya-typed-score,PLAIN-1537,MED-5113,35.06
laya-typed-score,PLAIN-1537,MED-2529,37.2
laya-typed-score,PLAIN-1537,MED-1258,38.7
laya-typed-score,PLAIN-1537,MED-4984,35.53
laya-typed-score,PLAIN-1537,MED-1323,42.83
laya-typed-score,PLAIN-1537,MED-4389,44.26
laya-typed-score,PLAIN-1537,MED-5267,35.82
laya-typed-score,PLAIN-1537,MED-2943,35.73
laya-typed-score,PLAIN-1537,MED-3197,37.08
laya-typed-score,PLAIN-1537,MED-2145,36.56
laya-typed-score,PLAIN-1537,MED-4353,35.72
laya-typed-score,PLAIN-1537,MED-1616,37.88
laya-typed-score,PLAIN-1547,MED-2360,38.15
laya-typed-score,PLAIN-1547,MED-2361,36.03
laya-typed-score,PLAIN-1547,MED-1121,35.75
laya-typed-score,PLAIN-1547,MED-2997,36.69
laya-typed-score,PLAIN-1547,MED-5196,35.66
laya-typed-score,PLAIN-1547,MED-4150,35.34
laya-typed-score,PLAIN-1547,MED-3966,34.52
laya-typed-score,PLAIN-1547,MED-2024,34.55
laya-typed-score,PLAIN-1547,MED-3936,35.51
laya-typed-score,PLAIN-1547,MED-911,36.19
laya-typed-score,PLAIN-1547,MED-4849,34.3
laya-typed-score,PLAIN-1547,MED-2035,51.71
laya-typed-score,PLAIN-1547,MED-4921,46.42
laya-typed-score,PLAIN-1547,MED-733,35.14
laya-typed-score,PLAIN-1547,MED-983,35.95
laya-typed-score,PLAIN-1547,MED-2356,34.78
laya-typed-score,PLAIN-1547,MED-975,34.58
laya-typed-score,PLAIN-1547,MED-2365,34.63
laya-typed-score,PLAIN-1547,MED-5030,35.57
laya-typed-score,PLAIN-1547,MED-1116,37.84
laya-typed-score,PLAIN-1557,MED-1406,49.23
laya-typed-score,PLAIN-1557,MED-4315,35.33
laya-typed-score,PLAIN-1557,MED-3918,43.48
laya-typed-score,PLAIN-1557,MED-2248,37.6
laya-typed-score,PLAIN-1557,MED-2380,37.0
laya-typed-score,PLAIN-1557,MED-2917,36.46
laya-typed-score,PLAIN-1557,MED-329,38.03
laya-typed-score,PLAIN-1557,MED-1110,39.02
laya-typed-score,PLAIN-1557,MED-1447,37.99
laya-typed-score,PLAIN-1557,MED-1844,35.61
laya-typed-score,PLAIN-1557,MED-5005,38.37
laya-typed-score,PLAIN-1557,MED-1843,35.14
laya-typed-score,PLAIN-1557,MED-4313,34.62
laya-typed-score,PLAIN-1557,MED-1528,36.12
laya-typed-score,PLAIN-1557,MED-5138,36.98
laya-typed-score,PLAIN-1557,MED-2261,44.62
laya-typed-score,PLAIN-1557,MED-1113,36.96
laya-typed-score,PLAIN-1557,MED-4298,34.65
laya-typed-score,PLAIN-1557,MED-1836,34.46
laya-typed-score,PLAIN-1557,MED-2455,34.4
laya-typed-score,PLAIN-1568,MED-4150,36.42
laya-typed-score,PLAIN-1568,MED-5056,34.22
laya-typed-score,PLAIN-1568,MED-1710,34.86
laya-typed-score,PLAIN-1568,MED-5057,35.66
laya-typed-score,PLAIN-1568,MED-1674,35.45
laya-typed-score,PLAIN-1568,MED-3734,39.9
laya-typed-score,PLAIN-1568,MED-2490,36.5
laya-typed-score,PLAIN-1568,MED-2054,43.63
laya-typed-score,PLAIN-1568,MED-717,39.51
laya-typed-score,PLAIN-1568,MED-1672,35.52
laya-typed-score,PLAIN-1568,MED-830,35.53
laya-typed-score,PLAIN-1568,MED-4782,34.47
laya-typed-score,PLAIN-1568,MED-1794,34.82
laya-typed-score,PLAIN-1568,MED-2029,36.36
laya-typed-score,PLAIN-1568,MED-2677,37.97
laya-typed-score,PLAIN-1568,MED-5054,36.4
laya-typed-score,PLAIN-1568,MED-5059,36.12
laya-typed-score,PLAIN-1568,MED-5192,35.0
laya-typed-score,PLAIN-1568,MED-10,36.58
laya-typed-score,PLAIN-1568,MED-4868,40.34
laya-typed-score,PLAIN-1579,MED-4667,37.61
laya-typed-score,PLAIN-1579,MED-4801,34.55
laya-typed-score,PLAIN-1579,MED-666,37.59
laya-typed-score,PLAIN-1579,MED-731,34.74
laya-typed-score,PLAIN-1579,MED-3795,35.96
laya-typed-score,PLAIN-1579,MED-10,35.88
laya-typed-score,PLAIN-1579,MED-14,35.64
laya-typed-score,PLAIN-1579,MED-901,34.64
laya-typed-score,PLAIN-1579,MED-118,37.23
laya-typed-score,PLAIN-1579,MED-900,36.52
laya-typed-score,PLAIN-1579,MED-301,35.58
laya-typed-score,PLAIN-1579,MED-3801,35.72
laya-typed-score,PLAIN-1579,MED-306,36.1
laya-typed-score,PLAIN-1579,MED-3800,36.62
laya-typed-score,PLAIN-1579,MED-329,35.97
laya-typed-score,PLAIN-1579,MED-2360,41.05
laya-typed-score,PLAIN-1579,MED-330,44.15
laya-typed-score,PLAIN-1579,MED-332,37.2
laya-typed-score,PLAIN-1579,MED-4565,37.68
laya-typed-score,PLAIN-1579,MED-334,37.51
laya-typed-score,PLAIN-1590,MED-748,40.49
laya-typed-score,PLAIN-1590,MED-3604,37.88
laya-typed-score,PLAIN-1590,MED-1344,44.09
laya-typed-score,PLAIN-1590,MED-3757,36.48
laya-typed-score,PLAIN-1590,MED-1350,35.42
laya-typed-score,PLAIN-1590,MED-3001,35.82
laya-typed-score,PLAIN-1590,MED-2086,34.69
laya-typed-score,PLAIN-1590,MED-1037,36.24
laya-typed-score,PLAIN-1590,MED-5346,36.24
laya-typed-score,PLAIN-1590,MED-3601,37.51
laya-typed-score,PLAIN-1590,MED-1041,37.19
laya-typed-score,PLAIN-1590,MED-749,37.12
laya-typed-score,PLAIN-1590,MED-3626,36.6
laya-typed-score,PLAIN-1590,MED-3636,36.92
laya-typed-score,PLAIN-1590,MED-5347,36.54
laya-typed-score,PLAIN-1590,MED-2112,37.96
laya-typed-score,PLAIN-1590,MED-1097,36.27
laya-typed-score,PLAIN-1590,MED-5343,35.66
laya-typed-score,PLAIN-1590,MED-3754,38.17
laya-typed-score,PLAIN-1590,MED-3760,37.6
laya-typed-score,PLAIN-1601,MED-4860,36.58
laya-typed-score,PLAIN-1601,MED-5002,35.27
laya-typed-score,PLAIN-1601,MED-2669,37.04
laya-typed-score,PLAIN-1601,MED-2668,45.17
laya-typed-score,PLAIN-1601,MED-1506,34.98
laya-typed-score,PLAIN-1601,MED-4996,34.53
laya-typed-score,PLAIN-1601,MED-3537,35.36
laya-typed-score,PLAIN-1601,MED-3774,37.8
laya-typed-score,PLAIN-1601,MED-1700,34.58
laya-typed-score,PLAIN-1601,MED-4581,41.1
laya-typed-score,PLAIN-1601,MED-2670,34.94
laya-typed-score,PLAIN-1601,MED-3772,34.16
laya-typed-score,PLAIN-1601,MED-3776,34.41
laya-typed-score,PLAIN-1601,MED-4900,34.86
laya-typed-score,PLAIN-1601,MED-306,34.56
laya-typed-score,PLAIN-1601,MED-1502,34.81
laya-typed-score,PLAIN-1601,MED-2257,36.08
laya-typed-score,PLAIN-1601,MED-1630,34.48
laya-typed-score,PLAIN-1601,MED-5093,35.4
laya-typed-score,PLAIN-1601,MED-2367,35.64
laya-typed-score,PLAIN-1611,MED-301,33.98
laya-typed-score,PLAIN-1611,MED-10,34.38
laya-typed-score,PLAIN-1611,MED-4115,34.56
laya-typed-score,PLAIN-1611,MED-14,34.18
laya-typed-score,PLAIN-1611,MED-5163,35.07
laya-typed-score,PLAIN-1611,MED-1026,32.82
laya-typed-score,PLAIN-1611,MED-118,35.56
laya-typed-score,PLAIN-1611,MED-1023,38.02
laya-typed-score,PLAIN-1611,MED-1042,34.28
laya-typed-score,PLAIN-1611,MED-306,34.09
laya-typed-score,PLAIN-1611,MED-1754,34.56
laya-typed-score,PLAIN-1611,MED-329,41.63
laya-typed-score,PLAIN-1611,MED-1787,40.21
laya-typed-score,PLAIN-1611,MED-330,33.83
laya-typed-score,PLAIN-1611,MED-3251,34.47
laya-typed-score,PLAIN-1611,MED-332,37.27
laya-typed-score,PLAIN-1611,MED-2110,35.77
laya-typed-score,PLAIN-1611,MED-334,42.75
laya-typed-score,PLAIN-1611,MED-2700,35.41
laya-typed-score,PLAIN-1611,MED-335,34.28
laya-typed-score,PLAIN-1621,MED-723,36.89
laya-typed-score,PLAIN-1621,MED-844,34.76
laya-typed-score,PLAIN-1621,MED-731,35.3
laya-typed-score,PLAIN-1621,MED-818,37.06
laya-typed-score,PLAIN-1621,MED-10,36.02
laya-typed-score,PLAIN-1621,MED-2177,36.68
laya-typed-score,PLAIN-1621,MED-14,36.71
laya-typed-score,PLAIN-1621,MED-118,39.84
laya-typed-score,PLAIN-1621,MED-3294,37.43
laya-typed-score,PLAIN-1621,MED-761,37.19
laya-typed-score,PLAIN-1621,MED-301,36.05
laya-typed-score,PLAIN-1621,MED-1296,36.09
laya-typed-score,PLAIN-1621,MED-306,35.86
laya-typed-score,PLAIN-1621,MED-329,35.69
laya-typed-score,PLAIN-1621,MED-3974,37.44
laya-typed-score,PLAIN-1621,MED-330,36.21
laya-typed-score,PLAIN-1621,MED-4564,36.0
laya-typed-score,PLAIN-1621,MED-1023,37.32
laya-typed-score,PLAIN-1621,MED-332,37.37
laya-typed-score,PLAIN-1621,MED-2345,51.38
laya-typed-score,PLAIN-1635,MED-2774,36.39
laya-typed-score,PLAIN-1635,MED-4751,34.98
laya-typed-score,PLAIN-1635,MED-2123,36.51
laya-typed-score,PLAIN-1635,MED-1229,41.11
laya-typed-score,PLAIN-1635,MED-1223,36.48
laya-typed-score,PLAIN-1635,MED-4899,35.54
laya-typed-score,PLAIN-1635,MED-1768,35.24
laya-typed-score,PLAIN-1635,MED-3087,35.08
laya-typed-score,PLAIN-1635,MED-5189,35.79
laya-typed-score,PLAIN-1635,MED-904,36.75
laya-typed-score,PLAIN-1635,MED-4753,38.42
laya-typed-score,PLAIN-1635,MED-2136,35.7
laya-typed-score,PLAIN-1635,MED-2055,36.2
laya-typed-score,PLAIN-1635,MED-2772,36.38
laya-typed-score,PLAIN-1635,MED-1337,35.72
laya-typed-score,PLAIN-1635,MED-900,36.54
laya-typed-score,PLAIN-1635,MED-4897,35.99
laya-typed-score,PLAIN-1635,MED-1226,38.11
laya-typed-score,PLAIN-1635,MED-1340,36.18
laya-typed-score,PLAIN-1635,MED-1224,35.46
laya-typed-score,PLAIN-1645,MED-723,36.5
laya-typed-score,PLAIN-1645,MED-719,36.98
laya-typed-score,PLAIN-1645,MED-724,35.81
laya-typed-score,PLAIN-1645,MED-732,35.06
laya-typed-score,PLAIN-1645,MED-4403,34.97
laya-typed-score,PLAIN-1645,MED-5056,34.72
laya-typed-score,PLAIN-1645,MED-10,35.34
laya-typed-score,PLAIN-1645,MED-3385,48.86
laya-typed-score,PLAIN-1645,MED-14,56.15
laya-typed-score,PLAIN-1645,MED-118,65.03
laya-typed-score,PLAIN-1645,MED-4963,59.66
laya-typed-score,PLAIN-1645,MED-843,51.08
laya-typed-score,PLAIN-1645,MED-2994,54.0
laya-typed-score,PLAIN-1645,MED-301,49.55
laya-typed-score,PLAIN-1645,MED-306,51.98
laya-typed-score,PLAIN-1645,MED-4361,45.23
laya-typed-score,PLAIN-1645,MED-329,43.69
laya-typed-score,PLAIN-1645,MED-4201,46.27
laya-typed-score,PLAIN-1645,MED-3144,45.26
laya-typed-score,PLAIN-1645,MED-330,45.59
laya-typed-score,PLAIN-1656,MED-3764,45.95
laya-typed-score,PLAIN-1656,MED-4036,45.96
laya-typed-score,PLAIN-1656,MED-4819,45.86
laya-typed-score,PLAIN-1656,MED-2092,47.82
laya-typed-score,PLAIN-1656,MED-1857,45.45
laya-typed-score,PLAIN-1656,MED-4033,46.43
laya-typed-score,PLAIN-1656,MED-3621,50.17
laya-typed-score,PLAIN-1656,MED-3767,45.96
laya-typed-score,PLAIN-1656,MED-4035,52.5
laya-typed-score,PLAIN-1656,MED-2091,50.99
laya-typed-score,PLAIN-1656,MED-852,48.62
laya-typed-score,PLAIN-1656,MED-5194,44.76
laya-typed-score,PLAIN-1656,MED-3703,44.58
laya-typed-score,PLAIN-1656,MED-4050,44.71
laya-typed-score,PLAIN-1656,MED-4070,44.91
laya-typed-score,PLAIN-1656,MED-2424,46.79
laya-typed-score,PLAIN-1656,MED-1531,43.56
laya-typed-score,PLAIN-1656,MED-3557,44.02
laya-typed-score,PLAIN-1656,MED-1817,44.2
laya-typed-score,PLAIN-1656,MED-1146,44.84
laya-typed-score,PLAIN-1667,MED-4828,43.84
laya-typed-score,PLAIN-1667,MED-4830,47.62
laya-typed-score,PLAIN-1667,MED-4829,54.22
laya-typed-score,PLAIN-1667,MED-3460,52.12
laya-typed-score,PLAIN-1667,MED-3459,59.4
laya-typed-score,PLAIN-1667,MED-1466,46.03
laya-typed-score,PLAIN-1667,MED-4405,45.89
laya-typed-score,PLAIN-1667,MED-3462,50.53
laya-typed-score,PLAIN-1667,MED-4315,45.74
laya-typed-score,PLAIN-1667,MED-3231,44.94
laya-typed-score,PLAIN-1667,MED-3157,58.44
laya-typed-score,PLAIN-1667,MED-3453,68.6
laya-typed-score,PLAIN-1667,MED-1460,59.63
laya-typed-score,PLAIN-1667,MED-3163,60.14
laya-typed-score,PLAIN-1667,MED-1474,61.11
laya-typed-score,PLAIN-1667,MED-3534,57.96
laya-typed-score,PLAIN-1667,MED-2300,57.95
laya-typed-score,PLAIN-1667,MED-3466,55.53
laya-typed-score,PLAIN-1667,MED-3461,57.98
laya-typed-score,PLAIN-1667,MED-1750,42.62
laya-typed-score,PLAIN-1679,MED-329,34.65
laya-typed-score,PLAIN-1679,MED-716,36.35
laya-typed-score,PLAIN-1679,MED-10,36.02
laya-typed-score,PLAIN-1679,MED-5133,35.92
laya-typed-score,PLAIN-1679,MED-14,34.33
laya-typed-score,PLAIN-1679,MED-3317,34.96
laya-typed-score,PLAIN-1679,MED-1113,35.62
laya-typed-score,PLAIN-1679,MED-118,36.55
laya-typed-score,PLAIN-1679,MED-1107,34.54
laya-typed-score,PLAIN-1679,MED-301,36.01
laya-typed-score,PLAIN-1679,MED-306,36.59
laya-typed-score,PLAIN-1679,MED-3787,37.84
laya-typed-score,PLAIN-1679,MED-3193,37.87
laya-typed-score,PLAIN-1679,MED-330,37.37
laya-typed-score,PLAIN-1679,MED-5142,47.34
laya-typed-score,PLAIN-1679,MED-1115,39.84
laya-typed-score,PLAIN-1679,MED-332,36.25
laya-typed-score,PLAIN-1679,MED-3302,34.8
laya-typed-score,PLAIN-1679,MED-334,36.05
laya-typed-score,PLAIN-1679,MED-335,35.84
laya-typed-score,PLAIN-1690,MED-2220,35.04
laya-typed-score,PLAIN-1690,MED-4599,35.06
laya-typed-score,PLAIN-1690,MED-4674,34.12
laya-typed-score,PLAIN-1690,MED-1037,35.18
laya-typed-score,PLAIN-1690,MED-5345,34.21
laya-typed-score,PLAIN-1690,MED-3692,35.24
laya-typed-score,PLAIN-1690,MED-3577,34.73
laya-typed-score,PLAIN-1690,MED-5331,35.52
laya-typed-score,PLAIN-1690,MED-1753,35.79
laya-typed-score,PLAIN-1690,MED-1230,36.42
laya-typed-score,PLAIN-1690,MED-2726,38.64
laya-typed-score,PLAIN-1690,MED-3001,35.77
laya-typed-score,PLAIN-1690,MED-762,34.26
laya-typed-score,PLAIN-1690,MED-1878,35.3
laya-typed-score,PLAIN-1690,MED-3604,35.52
laya-typed-score,PLAIN-1690,MED-2327,36.08
laya-typed-score,PLAIN-1690,MED-1055,34.9
laya-typed-score,PLAIN-1690,MED-3726,34.99
laya-typed-score,PLAIN-1690,MED-2295,36.33
laya-typed-score,PLAIN-1690,MED-3547,41.18
laya-typed-score,PLAIN-1700,MED-1747,37.7
laya-typed-score,PLAIN-1700,MED-5198,36.19
laya-typed-score,PLAIN-1700,MED-5201,41.34
laya-typed-score,PLAIN-1700,MED-1417,43.26
laya-typed-score,PLAIN-1700,MED-4095,36.01
laya-typed-score,PLAIN-1700,MED-5353,35.19
laya-typed-score,PLAIN-1700,MED-1100,37.28
laya-typed-score,PLAIN-1700,MED-976,35.94
laya-typed-score,PLAIN-1700,MED-2250,35.65
laya-typed-score,PLAIN-1700,MED-4448,35.95
laya-typed-score,PLAIN-1700,MED-757,35.96
laya-typed-score,PLAIN-1700,MED-3137,35.82
laya-typed-score,PLAIN-1700,MED-1511,35.79
laya-typed-score,PLAIN-1700,MED-5006,36.44
laya-typed-score,PLAIN-1700,MED-2309,36.41
laya-typed-score,PLAIN-1700,MED-2572,36.12
laya-typed-score,PLAIN-1700,MED-5292,35.75
laya-typed-score,PLAIN-1700,MED-4555,36.95
laya-typed-score,PLAIN-1700,MED-4783,36.53
laya-typed-score,PLAIN-1700,MED-5296,38.35
laya-typed-score,PLAIN-1710,MED-3181,37.7
laya-typed-score,PLAIN-1710,MED-3178,36.13
laya-typed-score,PLAIN-1710,MED-3169,35.47
laya-typed-score,PLAIN-1710,MED-3180,34.96
laya-typed-score,PLAIN-1710,MED-3175,34.63
laya-typed-score,PLAIN-1710,MED-3177,37.64
laya-typed-score,PLAIN-1710,MED-3170,42.61
laya-typed-score,PLAIN-1710,MED-3182,36.97
laya-typed-score,PLAIN-1710,MED-3179,35.97
laya-typed-score,PLAIN-1710,MED-3174,37.89
laya-typed-score,PLAIN-1710,MED-3172,48.35
laya-typed-score,PLAIN-1710,MED-4672,36.78
laya-typed-score,PLAIN-1710,MED-3176,35.82
laya-typed-score,PLAIN-1710,MED-731,42.69
laya-typed-score,PLAIN-1710,MED-721,41.96
laya-typed-score,PLAIN-1710,MED-736,42.09
laya-typed-score,PLAIN-1710,MED-10,39.7
laya-typed-score,PLAIN-1710,MED-3288,38.11
laya-typed-score,PLAIN-1710,MED-14,39.84
laya-typed-score,PLAIN-1710,MED-4356,39.11
laya-typed-score,PLAIN-1721,MED-1602,37.76
laya-typed-score,PLAIN-1721,MED-4823,38.62
laya-typed-score,PLAIN-1721,MED-4821,37.23
laya-typed-score,PLAIN-1721,MED-4983,38.34
laya-typed-score,PLAIN-1721,MED-4485,35.83
laya-typed-score,PLAIN-1721,MED-1627,38.64
laya-typed-score,PLAIN-1721,MED-1230,39.15
laya-typed-score,PLAIN-1721,MED-4787,39.11
laya-typed-score,PLAIN-1721,MED-1606,36.46
laya-typed-score,PLAIN-1721,MED-4479,35.42
laya-typed-score,PLAIN-1721,MED-1498,35.4
laya-typed-score,PLAIN-1721,MED-2771,34.94
laya-typed-score,PLAIN-1721,MED-3577,44.31
laya-typed-score,PLAIN-1721,MED-1887,36.8
laya-typed-score,PLAIN-1721,MED-4474,37.68
laya-typed-score,PLAIN-1721,MED-3230,37.71
laya-typed-score,PLAIN-1721,MED-1377,41.94
laya-typed-score,PLAIN-1721,MED-5345,45.13
laya-typed-score,PLAIN-1721,MED-873,45.75
laya-typed-score,PLAIN-1721,MED-2250,38.61
laya-typed-score,PLAIN-1731,MED-2749,36.58
laya-typed-score,PLAIN-1731,MED-2748,35.8
laya-typed-score,PLAIN-1731,MED-3509,36.29
laya-typed-score,PLAIN-1731,MED-4131,36.59
laya-typed-score,PLAIN-1731,MED-4132,35.13
laya-typed-score,PLAIN-1731,MED-731,35.37
laya-typed-score,PLAIN-1731,MED-3294,38.03
laya-typed-score,PLAIN-1731,MED-4815,38.68
laya-typed-score,PLAIN-1731,MED-10,36.51
laya-typed-score,PLAIN-1731,MED-4364,38.11
laya-typed-score,PLAIN-1731,MED-14,34.72
laya-typed-score,PLAIN-1731,MED-1798,34.66
laya-typed-score,PLAIN-1731,MED-118,37.34
laya-typed-score,PLAIN-1731,MED-911,36.34
laya-typed-score,PLAIN-1731,MED-1804,34.47
laya-typed-score,PLAIN-1731,MED-301,34.57
laya-typed-score,PLAIN-1731,MED-1808,37.85
laya-typed-score,PLAIN-1731,MED-306,35.88
laya-typed-score,PLAIN-1731,MED-1803,39.55
laya-typed-score,PLAIN-1731,MED-329,37.84
laya-typed-score,PLAIN-1741,MED-2383,37.46
laya-typed-score,PLAIN-1741,MED-2595,38.1
laya-typed-score,PLAIN-1741,MED-4300,38.14
laya-typed-score,PLAIN-1741,MED-4314,36.65
laya-typed-score,PLAIN-1741,MED-2597,49.39
laya-typed-score,PLAIN-1741,MED-4286,37.46
laya-typed-score,PLAIN-1741,MED-4292,37.41
laya-typed-score,PLAIN-1741,MED-4707,37.83
laya-typed-score,PLAIN-1741,MED-2381,37.17
laya-typed-score,PLAIN-1741,MED-1381,36.12
laya-typed-score,PLAIN-1741,MED-2380,34.85
laya-typed-score,PLAIN-1741,MED-4706,35.84
laya-typed-score,PLAIN-1741,MED-4291,35.71
laya-typed-score,PLAIN-1741,MED-4295,37.93
laya-typed-score,PLAIN-1741,MED-1499,37.18
laya-typed-score,PLAIN-1741,MED-4345,35.91
laya-typed-score,PLAIN-1741,MED-4298,38.02
laya-typed-score,PLAIN-1741,MED-2153,36.26
laya-typed-score,PLAIN-1741,MED-4287,38.05
laya-typed-score,PLAIN-1741,MED-3896,36.17
laya-typed-score,PLAIN-1752,MED-762,36.64
laya-typed-score,PLAIN-1752,MED-744,37.15
laya-typed-score,PLAIN-1752,MED-828,35.48
laya-typed-score,PLAIN-1752,MED-818,36.98
laya-typed-score,PLAIN-1752,MED-839,38.27
laya-typed-score,PLAIN-1752,MED-10,41.31
laya-typed-score,PLAIN-1752,MED-3953,36.7
laya-typed-score,PLAIN-1752,MED-14,36.67
laya-typed-score,PLAIN-1752,MED-118,36.36
laya-typed-score,PLAIN-1752,MED-4660,36.19
laya-typed-score,PLAIN-1752,MED-2804,36.95
laya-typed-score,PLAIN-1752,MED-301,48.64
laya-typed-score,PLAIN-1752,MED-306,36.86
laya-typed-score,PLAIN-1752,MED-4545,36.37
laya-typed-score,PLAIN-1752,MED-329,36.44
laya-typed-score,PLAIN-1752,MED-4544,37.38
laya-typed-score,PLAIN-1752,MED-330,37.32
laya-typed-score,PLAIN-1752,MED-332,38.29
laya-typed-score,PLAIN-1752,MED-2790,37.76
laya-typed-score,PLAIN-1752,MED-334,40.8
laya-typed-score,PLAIN-1762,MED-3716,40.16
laya-typed-score,PLAIN-1762,MED-3721,35.93
laya-typed-score,PLAIN-1762,MED-4030,36.43
laya-typed-score,PLAIN-1762,MED-3715,34.84
laya-typed-score,PLAIN-1762,MED-3717,35.68
laya-typed-score,PLAIN-1762,MED-759,36.16
laya-typed-score,PLAIN-1762,MED-852,36.46
laya-typed-score,PLAIN-1762,MED-4024,36.16
laya-typed-score,PLAIN-1762,MED-4032,35.47
laya-typed-score,PLAIN-1762,MED-3764,37.93
laya-typed-score,PLAIN-1762,MED-4035,37.62
laya-typed-score,PLAIN-1762,MED-2091,44.77
laya-typed-score,PLAIN-1762,MED-3763,36.97
laya-typed-score,PLAIN-1762,MED-3561,37.38
laya-typed-score,PLAIN-1762,MED-4036,36.05
laya-typed-score,PLAIN-1762,MED-4619,36.73
laya-typed-score,PLAIN-1762,MED-3720,37.39
laya-typed-score,PLAIN-1762,MED-3558,37.56
laya-typed-score,PLAIN-1762,MED-3767,50.44
laya-typed-score,PLAIN-1762,MED-2208,37.96
laya-typed-score,PLAIN-1772,MED-4727,36.6
laya-typed-score,PLAIN-1772,MED-4728,35.61
laya-typed-score,PLAIN-1772,MED-732,36.85
laya-typed-score,PLAIN-1772,MED-10,37.43
laya-typed-score,PLAIN-1772,MED-5316,35.88
laya-typed-score,PLAIN-1772,MED-14,37.12
laya-typed-score,PLAIN-1772,MED-5071,40.25
laya-typed-score,PLAIN-1772,MED-118,34.99
laya-typed-score,PLAIN-1772,MED-3100,37.7
laya-typed-score,PLAIN-1772,MED-301,36.04
laya-typed-score,PLAIN-1772,MED-4437,36.22
laya-typed-score,PLAIN-1772,MED-306,35.32
laya-typed-score,PLAIN-1772,MED-4442,34.78
laya-typed-score,PLAIN-1772,MED-1101,35.43
laya-typed-score,PLAIN-1772,MED-329,35.53
laya-typed-score,PLAIN-1772,MED-330,34.54
laya-typed-score,PLAIN-1772,MED-4059,36.27
laya-typed-score,PLAIN-1772,MED-332,41.96
laya-typed-score,PLAIN-1772,MED-3818,35.4
laya-typed-score,PLAIN-1772,MED-334,35.27
laya-typed-score,PLAIN-1784,MED-5326,36.45
laya-typed-score,PLAIN-1784,MED-2671,35.7
laya-typed-score,PLAIN-1784,MED-4493,35.54
laya-typed-score,PLAIN-1784,MED-5195,37.82
laya-typed-score,PLAIN-1784,MED-4072,37.24
laya-typed-score,PLAIN-1784,MED-5110,35.72
laya-typed-score,PLAIN-1784,MED-4057,49.32
laya-typed-score,PLAIN-1784,MED-4485,34.59
laya-typed-score,PLAIN-1784,MED-1802,35.21
laya-typed-score,PLAIN-1784,MED-4261,35.26
laya-typed-score,PLAIN-1784,MED-5235,37.27
laya-typed-score,PLAIN-1784,MED-1762,34.92
laya-typed-score,PLAIN-1784,MED-4205,34.07
laya-typed-score,PLAIN-1784,MED-3499,35.49
laya-typed-score,PLAIN-1784,MED-4069,36.16
laya-typed-score,PLAIN-1784,MED-4145,37.0
laya-typed-score,PLAIN-1784,MED-4482,36.35
laya-typed-score,PLAIN-1784,MED-2704,35.37
laya-typed-score,PLAIN-1784,MED-2170,37.02
laya-typed-score,PLAIN-1784,MED-4844,37.81
laya-typed-score,PLAIN-1794,MED-5042,34.85
laya-typed-score,PLAIN-1794,MED-5041,35.75
laya-typed-score,PLAIN-1794,MED-828,35.05
laya-typed-score,PLAIN-1794,MED-818,36.09
laya-typed-score,PLAIN-1794,MED-4896,38.35
laya-typed-score,PLAIN-1794,MED-1571,36.82
laya-typed-score,PLAIN-1794,MED-10,36.96
laya-typed-score,PLAIN-1794,MED-2726,37.81
laya-typed-score,PLAIN-1794,MED-1289,38.1
laya-typed-score,PLAIN-1794,MED-14,36.18
laya-typed-score,PLAIN-1794,MED-118,36.37
laya-typed-score,PLAIN-1794,MED-1282,37.22
laya-typed-score,PLAIN-1794,MED-2659,36.19
laya-typed-score,PLAIN-1794,MED-301,38.47
laya-typed-score,PLAIN-1794,MED-1570,48.94
laya-typed-score,PLAIN-1794,MED-306,36.05
laya-typed-score,PLAIN-1794,MED-1055,39.48
laya-typed-score,PLAIN-1794,MED-329,36.93
laya-typed-score,PLAIN-1794,MED-330,36.21
laya-typed-score,PLAIN-1794,MED-4966,34.78
laya-typed-score,PLAIN-1805,MED-3935,34.76
laya-typed-score,PLAIN-1805,MED-3931,37.3
laya-typed-score,PLAIN-1805,MED-5196,36.66
laya-typed-score,PLAIN-1805,MED-3925,35.57
laya-typed-score,PLAIN-1805,MED-4939,33.68
laya-typed-score,PLAIN-1805,MED-3938,34.79
laya-typed-score,PLAIN-1805,MED-3933,34.96
laya-typed-score,PLAIN-1805,MED-3940,34.35
laya-typed-score,PLAIN-1805,MED-5335,34.69
laya-typed-score,PLAIN-1805,MED-3927,35.14
laya-typed-score,PLAIN-1805,MED-2173,38.29
laya-typed-score,PLAIN-1805,MED-3930,41.28
laya-typed-score,PLAIN-1805,MED-3932,36.0
laya-typed-score,PLAIN-1805,MED-3928,36.36
laya-typed-score,PLAIN-1805,MED-3936,35.98
laya-typed-score,PLAIN-1805,MED-2979,36.88
laya-typed-score,PLAIN-1805,MED-3929,35.77
laya-typed-score,PLAIN-1805,MED-1278,37.25
laya-typed-score,PLAIN-1805,MED-1499,34.91
laya-typed-score,PLAIN-1805,MED-2165,35.7
laya-typed-score,PLAIN-1817,MED-4284,36.03
laya-typed-score,PLAIN-1817,MED-2382,37.88
laya-typed-score,PLAIN-1817,MED-4706,55.73
laya-typed-score,PLAIN-1817,MED-4287,38.11
laya-typed-score,PLAIN-1817,MED-2792,41.31
laya-typed-score,PLAIN-1817,MED-1534,58.1
laya-typed-score,PLAIN-1817,MED-5016,59.2
laya-typed-score,PLAIN-1817,MED-2381,51.71
laya-typed-score,PLAIN-1817,MED-3387,45.34
laya-typed-score,PLAIN-1817,MED-3198,58.79
laya-typed-score,PLAIN-1817,MED-4709,47.07
laya-typed-score,PLAIN-1817,MED-3385,48.53
laya-typed-score,PLAIN-1817,MED-711,46.41
laya-typed-score,PLAIN-1817,MED-2150,51.17
laya-typed-score,PLAIN-1817,MED-4314,49.48
laya-typed-score,PLAIN-1817,MED-2383,48.04
laya-typed-score,PLAIN-1817,MED-719,47.7
laya-typed-score,PLAIN-1817,MED-3869,47.78
laya-typed-score,PLAIN-1817,MED-2595,46.29
laya-typed-score,PLAIN-1817,MED-973,45.25
laya-typed-score,PLAIN-1827,MED-762,45.42
laya-typed-score,PLAIN-1827,MED-727,44.2
laya-typed-score,PLAIN-1827,MED-10,48.71
laya-typed-score,PLAIN-1827,MED-1376,57.6
laya-typed-score,PLAIN-1827,MED-14,51.62
laya-typed-score,PLAIN-1827,MED-2004,44.69
laya-typed-score,PLAIN-1827,MED-118,48.1
laya-typed-score,PLAIN-1827,MED-1747,45.73
laya-typed-score,PLAIN-1827,MED-301,47.45
laya-typed-score,PLAIN-1827,MED-3945,45.52
laya-typed-score,PLAIN-1827,MED-2243,47.09
laya-typed-score,PLAIN-1827,MED-306,45.17
laya-typed-score,PLAIN-1827,MED-2743,47.1
laya-typed-score,PLAIN-1827,MED-329,48.08
laya-typed-score,PLAIN-1827,MED-330,49.8
laya-typed-score,PLAIN-1827,MED-4300,49.14
laya-typed-score,PLAIN-1827,MED-1313,45.98
laya-typed-score,PLAIN-1827,MED-332,56.61
laya-typed-score,PLAIN-1827,MED-334,60.55
laya-typed-score,PLAIN-1827,MED-4883,56.03
laya-typed-score,PLAIN-1837,MED-1725,47.51
laya-typed-score,PLAIN-1837,MED-1726,45.33
laya-typed-score,PLAIN-1837,MED-4178,50.36
laya-typed-score,PLAIN-1837,MED-1161,45.75
laya-typed-score,PLAIN-1837,MED-1167,50.35
laya-typed-score,PLAIN-1837,MED-4179,56.39
laya-typed-score,PLAIN-1837,MED-1158,52.09
laya-typed-score,PLAIN-1837,MED-1174,57.5
laya-typed-score,PLAIN-1837,MED-1157,59.91
laya-typed-score,PLAIN-1837,MED-4187,56.7
laya-typed-score,PLAIN-1837,MED-3936,56.09
laya-typed-score,PLAIN-1837,MED-1172,53.07
laya-typed-score,PLAIN-1837,MED-1176,54.99
laya-typed-score,PLAIN-1837,MED-2748,59.95
laya-typed-score,PLAIN-1837,MED-1166,40.36
laya-typed-score,PLAIN-1837,MED-4535,36.0
laya-typed-score,PLAIN-1837,MED-1139,34.45
laya-typed-score,PLAIN-1837,MED-4181,36.08
laya-typed-score,PLAIN-1837,MED-1162,37.18
laya-typed-score,PLAIN-1837,MED-4177,38.76
laya-typed-score,PLAIN-1847,MED-4000,37.24
laya-typed-score,PLAIN-1847,MED-3603,37.76
laya-typed-score,PLAIN-1847,MED-818,37.54
laya-typed-score,PLAIN-1847,MED-5014,36.02
laya-typed-score,PLAIN-1847,MED-3983,34.45
laya-typed-score,PLAIN-1847,MED-5216,34.57
laya-typed-score,PLAIN-1847,MED-10,36.59
laya-typed-score,PLAIN-1847,MED-14,36.32
laya-typed-score,PLAIN-1847,MED-2322,36.06
laya-typed-score,PLAIN-1847,MED-118,47.86
laya-typed-score,PLAIN-1847,MED-4783,35.81
laya-typed-score,PLAIN-1847,MED-301,37.54
laya-typed-score,PLAIN-1847,MED-5015,35.43
laya-typed-score,PLAIN-1847,MED-306,36.85
laya-typed-score,PLAIN-1847,MED-4896,35.76
laya-typed-score,PLAIN-1847,MED-828,38.32
laya-typed-score,PLAIN-1847,MED-329,36.86
laya-typed-score,PLAIN-1847,MED-3743,41.72
laya-typed-score,PLAIN-1847,MED-330,37.3
laya-typed-score,PLAIN-1847,MED-867,41.99
laya-typed-score,PLAIN-1857,MED-4319,38.28
laya-typed-score,PLAIN-1857,MED-2988,35.94
laya-typed-score,PLAIN-1857,MED-2544,35.56
laya-typed-score,PLAIN-1857,MED-2578,35.24
laya-typed-score,PLAIN-1857,MED-3221,35.68
laya-typed-score,PLAIN-1857,MED-2986,35.79
laya-typed-score,PLAIN-1857,MED-4995,36.41
laya-typed-score,PLAIN-1857,MED-909,36.82
laya-typed-score,PLAIN-1857,MED-3215,36.72
laya-typed-score,PLAIN-1857,MED-1841,35.9
laya-typed-score,PLAIN-1857,MED-846,35.22
laya-typed-score,PLAIN-1857,MED-1412,34.6
laya-typed-score,PLAIN-1857,MED-3236,38.12
laya-typed-score,PLAIN-1857,MED-1846,36.95
laya-typed-score,PLAIN-1857,MED-3237,35.76
laya-typed-score,PLAIN-1857,MED-2102,35.76
laya-typed-score,PLAIN-1857,MED-3230,53.32
laya-typed-score,PLAIN-1857,MED-843,36.63
laya-typed-score,PLAIN-1857,MED-2098,37.72
laya-typed-score,PLAIN-1857,MED-2983,35.54
laya-typed-score,PLAIN-1867,MED-719,36.29
laya-typed-score,PLAIN-1867,MED-724,36.76
laya-typed-score,PLAIN-1867,MED-10,35.52
laya-typed-score,PLAIN-1867,MED-3499,35.79
laya-typed-score,PLAIN-1867,MED-14,36.21
laya-typed-score,PLAIN-1867,MED-3245,34.57
laya-typed-score,PLAIN-1867,MED-118,40.81
laya-typed-score,PLAIN-1867,MED-3535,35.77
laya-typed-score,PLAIN-1867,MED-301,34.82
laya-typed-score,PLAIN-1867,MED-4860,34.27
laya-typed-score,PLAIN-1867,MED-1500,34.14
laya-typed-score,PLAIN-1867,MED-306,35.61
laya-typed-score,PLAIN-1867,MED-1686,35.57
laya-typed-score,PLAIN-1867,MED-329,35.24
laya-typed-score,PLAIN-1867,MED-330,34.77
laya-typed-score,PLAIN-1867,MED-3738,34.04
laya-typed-score,PLAIN-1867,MED-1671,38.16
laya-typed-score,PLAIN-1867,MED-332,34.49
laya-typed-score,PLAIN-1867,MED-334,34.75
laya-typed-score,PLAIN-1867,MED-3521,35.01
laya-typed-score,PLAIN-1877,MED-4831,35.08
laya-typed-score,PLAIN-1877,MED-1991,34.66
laya-typed-score,PLAIN-1877,MED-4255,34.64
laya-typed-score,PLAIN-1877,MED-4613,37.36
laya-typed-score,PLAIN-1877,MED-1489,41.32
laya-typed-score,PLAIN-1877,MED-1445,46.16
laya-typed-score,PLAIN-1877,MED-1874,38.98
laya-typed-score,PLAIN-1877,MED-2432,37.14
laya-typed-score,PLAIN-1877,MED-1450,36.54
laya-typed-score,PLAIN-1877,MED-4515,37.54
laya-typed-score,PLAIN-1877,MED-4349,34.34
laya-typed-score,PLAIN-1877,MED-4389,35.45
laya-typed-score,PLAIN-1877,MED-1249,35.7
laya-typed-score,PLAIN-1877,MED-1319,40.98
laya-typed-score,PLAIN-1877,MED-5113,34.67
laya-typed-score,PLAIN-1877,MED-2951,35.83
laya-typed-score,PLAIN-1877,MED-4689,35.09
laya-typed-score,PLAIN-1877,MED-3931,36.23
laya-typed-score,PLAIN-1877,MED-3480,35.09
laya-typed-score,PLAIN-1877,MED-1250,35.66
laya-typed-score,PLAIN-1887,MED-3607,35.78
laya-typed-score,PLAIN-1887,MED-4915,34.19
laya-typed-score,PLAIN-1887,MED-2070,35.46
laya-typed-score,PLAIN-1887,MED-913,35.51
laya-typed-score,PLAIN-1887,MED-4535,34.14
laya-typed-score,PLAIN-1887,MED-2333,34.84
laya-typed-score,PLAIN-1887,MED-2335,35.77
laya-typed-score,PLAIN-1887,MED-4391,35.85
laya-typed-score,PLAIN-1887,MED-2327,35.67
laya-typed-score,PLAIN-1887,MED-2331,36.25
laya-typed-score,PLAIN-1887,MED-915,35.94
laya-typed-score,PLAIN-1887,MED-2066,34.7
laya-typed-score,PLAIN-1887,MED-903,41.56
laya-typed-score,PLAIN-1887,MED-3849,45.46
laya-typed-score,PLAIN-1887,MED-1741,35.81
laya-typed-score,PLAIN-1887,MED-3606,34.8
laya-typed-score,PLAIN-1887,MED-4544,36.2
laya-typed-score,PLAIN-1887,MED-2176,35.01
laya-typed-score,PLAIN-1887,MED-4712,35.63
laya-typed-score,PLAIN-1887,MED-1738,35.33
laya-typed-score,PLAIN-1897,MED-4186,36.39
laya-typed-score,PLAIN-1897,MED-2644,40.69
laya-typed-score,PLAIN-1897,MED-301,38.29
laya-typed-score,PLAIN-1897,MED-335,37.09
laya-typed-score,PLAIN-1897,MED-729,35.47
laya-typed-score,PLAIN-1897,MED-4602,35.34
laya-typed-score,PLAIN-1897,MED-1312,36.59
laya-typed-score,PLAIN-1897,MED-2559,39.02
laya-typed-score,PLAIN-1897,MED-891,37.42
laya-typed-score,PLAIN-1897,MED-4426,38.47
laya-typed-score,PLAIN-1897,MED-996,36.67
laya-typed-score,PLAIN-1897,MED-10,35.34
laya-typed-score,PLAIN-1897,MED-2652,34.99
laya-typed-score,PLAIN-1897,MED-14,35.82
laya-typed-score,PLAIN-1897,MED-4992,37.88
laya-typed-score,PLAIN-1897,MED-118,36.26
laya-typed-score,PLAIN-1897,MED-4881,37.26
laya-typed-score,PLAIN-1897,MED-3938,37.39
laya-typed-score,PLAIN-1897,MED-2391,36.71
laya-typed-score,PLAIN-1897,MED-306,34.69
laya-typed-score,PLAIN-1909,MED-4818,48.56
laya-typed-score,PLAIN-1909,MED-1979,36.59
laya-typed-score,PLAIN-1909,MED-1983,36.17
laya-typed-score,PLAIN-1909,MED-3288,36.24
laya-typed-score,PLAIN-1909,MED-1491,37.12
laya-typed-score,PLAIN-1909,MED-1859,35.91
laya-typed-score,PLAIN-1909,MED-3307,34.97
laya-typed-score,PLAIN-1909,MED-1610,40.39
laya-typed-score,PLAIN-1909,MED-4803,36.32
laya-typed-score,PLAIN-1909,MED-4593,36.79
laya-typed-score,PLAIN-1909,MED-1977,34.88
laya-typed-score,PLAIN-1909,MED-4134,35.05
laya-typed-score,PLAIN-1909,MED-3171,35.75
laya-typed-score,PLAIN-1909,MED-3000,37.86
laya-typed-score,PLAIN-1909,MED-2678,42.69
laya-typed-score,PLAIN-1909,MED-4138,36.23
laya-typed-score,PLAIN-1909,MED-3891,37.31
laya-typed-score,PLAIN-1909,MED-3319,36.54
laya-typed-score,PLAIN-1909,MED-4139,38.3
laya-typed-score,PLAIN-1909,MED-2341,36.9
laya-typed-score,PLAIN-1919,MED-3321,36.21
laya-typed-score,PLAIN-1919,MED-4431,35.78
laya-typed-score,PLAIN-1919,MED-3320,35.19
laya-typed-score,PLAIN-1919,MED-4819,35.97
laya-typed-score,PLAIN-1919,MED-3315,36.87
laya-typed-score,PLAIN-1919,MED-4433,34.55
laya-typed-score,PLAIN-1919,MED-4429,36.86
laya-typed-score,PLAIN-1919,MED-3307,40.03
laya-typed-score,PLAIN-1919,MED-3311,47.55
laya-typed-score,PLAIN-1919,MED-2746,35.94
laya-typed-score,PLAIN-1919,MED-4805,36.95
laya-typed-score,PLAIN-1919,MED-3319,36.13
laya-typed-score,PLAIN-1919,MED-1755,36.09
laya-typed-score,PLAIN-1919,MED-4354,35.06
laya-typed-score,PLAIN-1919,MED-4182,34.86
laya-typed-score,PLAIN-1919,MED-4428,34.8
laya-typed-score,PLAIN-1919,MED-4802,37.4
laya-typed-score,PLAIN-1919,MED-2088,35.0
laya-typed-score,PLAIN-1919,MED-4980,34.83
laya-typed-score,PLAIN-1919,MED-2741,35.06
laya-typed-score,PLAIN-1929,MED-3452,37.42
laya-typed-score,PLAIN-1929,MED-4872,37.0
laya-typed-score,PLAIN-1929,MED-2905,36.24
laya-typed-score,PLAIN-1929,MED-3032,38.1
laya-typed-score,PLAIN-1929,MED-2497,40.78
laya-typed-score,PLAIN-1929,MED-5099,36.08
laya-typed-score,PLAIN-1929,MED-5097,38.8
laya-typed-score,PLAIN-1929,MED-2421,37.48
laya-typed-score,PLAIN-1929,MED-2495,36.15
laya-typed-score,PLAIN-1929,MED-951,35.49
laya-typed-score,PLAIN-1929,MED-4470,40.25
laya-typed-score,PLAIN-1929,MED-3012,34.5
laya-typed-score,PLAIN-1929,MED-3617,35.23
laya-typed-score,PLAIN-1929,MED-1782,36.2
laya-typed-score,PLAIN-1929,MED-980,42.92
laya-typed-score,PLAIN-1929,MED-3785,46.45
laya-typed-score,PLAIN-1929,MED-904,39.54
laya-typed-score,PLAIN-1929,MED-4930,35.9
laya-typed-score,PLAIN-1929,MED-4929,34.59
laya-typed-score,PLAIN-1929,MED-1586,35.31
laya-typed-score,PLAIN-1940,MED-3792,33.65
laya-typed-score,PLAIN-1940,MED-3797,34.9
laya-typed-score,PLAIN-1940,MED-4114,35.4
laya-typed-score,PLAIN-1940,MED-720,38.11
laya-typed-score,PLAIN-1940,MED-4544,35.59
laya-typed-score,PLAIN-1940,MED-4946,35.38
laya-typed-score,PLAIN-1940,MED-828,36.01
laya-typed-score,PLAIN-1940,MED-1121,36.29
laya-typed-score,PLAIN-1940,MED-1198,36.28
laya-typed-score,PLAIN-1940,MED-3503,35.86
laya-typed-score,PLAIN-1940,MED-2006,36.25
laya-typed-score,PLAIN-1940,MED-1116,38.12
laya-typed-score,PLAIN-1940,MED-829,34.26
laya-typed-score,PLAIN-1940,MED-10,35.85
laya-typed-score,PLAIN-1940,MED-1125,35.61
laya-typed-score,PLAIN-1940,MED-1041,36.49
laya-typed-score,PLAIN-1940,MED-14,33.85
laya-typed-score,PLAIN-1940,MED-1127,36.64
laya-typed-score,PLAIN-1940,MED-118,35.75
laya-typed-score,PLAIN-1940,MED-1947,34.59
laya-typed-score,PLAIN-1950,MED-912,38.0
laya-typed-score,PLAIN-1950,MED-3904,37.43
laya-typed-score,PLAIN-1950,MED-4250,34.6
laya-typed-score,PLAIN-1950,MED-1950,40.46
laya-typed-score,PLAIN-1950,MED-736,42.45
laya-typed-score,PLAIN-1950,MED-1047,35.46
laya-typed-score,PLAIN-1950,MED-1795,35.1
laya-typed-score,PLAIN-1950,MED-4090,35.43
laya-typed-score,PLAIN-1950,MED-10,42.01
laya-typed-score,PLAIN-1950,MED-1031,35.71
laya-typed-score,PLAIN-1950,MED-14,36.31
laya-typed-score,PLAIN-1950,MED-4637,33.99
laya-typed-score,PLAIN-1950,MED-118,36.61
laya-typed-score,PLAIN-1950,MED-5005,38.32
laya-typed-score,PLAIN-1950,MED-1038,36.26
laya-typed-score,PLAIN-1950,MED-301,36.23
laya-typed-score,PLAIN-1950,MED-306,36.07
laya-typed-score,PLAIN-1950,MED-975,36.84
laya-typed-score,PLAIN-1950,MED-329,37.24
laya-typed-score,PLAIN-1950,MED-972,36.5
laya-typed-score,PLAIN-1962,MED-4295,35.81
laya-typed-score,PLAIN-1962,MED-759,34.72
laya-typed-score,PLAIN-1962,MED-2206,34.85
laya-typed-score,PLAIN-1962,MED-2438,35.37
laya-typed-score,PLAIN-1962,MED-3348,35.8
laya-typed-score,PLAIN-1962,MED-10,34.95
laya-typed-score,PLAIN-1962,MED-3370,34.32
laya-typed-score,PLAIN-1962,MED-14,34.96
laya-typed-score,PLAIN-1962,MED-3359,35.99
laya-typed-score,PLAIN-1962,MED-118,36.7
laya-typed-score,PLAIN-1962,MED-3374,35.62
laya-typed-score,PLAIN-1962,MED-301,39.42
laya-typed-score,PLAIN-1962,MED-4915,44.99
laya-typed-score,PLAIN-1962,MED-2202,52.54
laya-typed-score,PLAIN-1962,MED-306,54.73
laya-typed-score,PLAIN-1962,MED-329,36.73
laya-typed-score,PLAIN-1962,MED-5070,37.94
laya-typed-score,PLAIN-1962,MED-330,36.89
laya-typed-score,PLAIN-1962,MED-868,36.85
laya-typed-score,PLAIN-1962,MED-332,36.33
laya-typed-score,PLAIN-1972,MED-1442,39.66
laya-typed-score,PLAIN-1972,MED-691,45.15
laya-typed-score,PLAIN-1972,MED-398,36.68
laya-typed-score,PLAIN-1972,MED-708,40.8
laya-typed-score,PLAIN-1972,MED-1568,35.9
laya-typed-score,PLAIN-1972,MED-1572,34.63
laya-typed-score,PLAIN-1972,MED-2143,36.59
laya-typed-score,PLAIN-1972,MED-10,37.26
laya-typed-score,PLAIN-1972,MED-4332,42.1
laya-typed-score,PLAIN-1972,MED-14,36.4
laya-typed-score,PLAIN-1972,MED-4075,43.29
laya-typed-score,PLAIN-1972,MED-118,38.23
laya-typed-score,PLAIN-1972,MED-2677,38.32
laya-typed-score,PLAIN-1972,MED-301,35.94
laya-typed-score,PLAIN-1972,MED-4360,36.74
laya-typed-score,PLAIN-1972,MED-306,35.62
laya-typed-score,PLAIN-1972,MED-4604,35.97
laya-typed-score,PLAIN-1972,MED-1570,39.16
laya-typed-score,PLAIN-1972,MED-329,44.52
laya-typed-score,PLAIN-1972,MED-330,33.87
laya-typed-score,PLAIN-1983,MED-2134,35.15
laya-typed-score,PLAIN-1983,MED-2521,50.13
laya-typed-score,PLAIN-1983,MED-2137,57.03
laya-typed-score,PLAIN-1983,MED-2132,53.73
laya-typed-score,PLAIN-1983,MED-2517,50.18
laya-typed-score,PLAIN-1983,MED-5237,56.31
laya-typed-score,PLAIN-1983,MED-2520,48.54
laya-typed-score,PLAIN-1983,MED-2127,50.4
laya-typed-score,PLAIN-1983,MED-2504,44.09
laya-typed-score,PLAIN-1983,MED-2507,44.27
laya-typed-score,PLAIN-1983,MED-2139,49.23
laya-typed-score,PLAIN-1983,MED-2135,49.92
laya-typed-score,PLAIN-1983,MED-5239,48.9
laya-typed-score,PLAIN-1983,MED-2124,45.72
laya-typed-score,PLAIN-1983,MED-1229,45.03
laya-typed-score,PLAIN-1983,MED-2126,48.91
laya-typed-score,PLAIN-1983,MED-2121,46.09
laya-typed-score,PLAIN-1983,MED-2123,44.87
laya-typed-score,PLAIN-1983,MED-2117,45.44
laya-typed-score,PLAIN-1983,MED-2514,58.2
laya-typed-score,PLAIN-1995,MED-898,58.43
laya-typed-score,PLAIN-1995,MED-1645,45.83
laya-typed-score,PLAIN-1995,MED-4776,48.35
laya-typed-score,PLAIN-1995,MED-4365,44.56
laya-typed-score,PLAIN-1995,MED-1647,43.19
laya-typed-score,PLAIN-1995,MED-4902,44.35
laya-typed-score,PLAIN-1995,MED-4713,46.38
laya-typed-score,PLAIN-1995,MED-5047,45.18
laya-typed-score,PLAIN-1995,MED-4331,45.28
laya-typed-score,PLAIN-1995,MED-4330,44.42
laya-typed-score,PLAIN-1995,MED-1844,45.23
laya-typed-score,PLAIN-1995,MED-5257,45.66
laya-typed-score,PLAIN-1995,MED-1867,45.36
laya-typed-score,PLAIN-1995,MED-5052,48.77
laya-typed-score,PLAIN-1995,MED-4779,55.21
laya-typed-score,PLAIN-1995,MED-2094,55.69
laya-typed-score,PLAIN-1995,MED-4332,54.33
laya-typed-score,PLAIN-1995,MED-1635,53.24
laya-typed-score,PLAIN-1995,MED-1637,44.35
laya-typed-score,PLAIN-1995,MED-5156,43.16
laya-typed-score,PLAIN-2009,MED-3951,47.32
laya-typed-score,PLAIN-2009,MED-5173,58.03
laya-typed-score,PLAIN-2009,MED-4961,55.8
laya-typed-score,PLAIN-2009,MED-1733,47.29
laya-typed-score,PLAIN-2009,MED-4439,54.85
laya-typed-score,PLAIN-2009,MED-721,56.17
laya-typed-score,PLAIN-2009,MED-731,57.63
laya-typed-score,PLAIN-2009,MED-4839,60.42
laya-typed-score,PLAIN-2009,MED-10,56.37
laya-typed-score,PLAIN-2009,MED-4830,56.99
laya-typed-score,PLAIN-2009,MED-14,57.23
laya-typed-score,PLAIN-2009,MED-4595,47.52
laya-typed-score,PLAIN-2009,MED-118,38.5
laya-typed-score,PLAIN-2009,MED-4713,35.33
laya-typed-score,PLAIN-2009,MED-1125,36.2
laya-typed-score,PLAIN-2009,MED-301,35.37
laya-typed-score,PLAIN-2009,MED-306,35.39
laya-typed-score,PLAIN-2009,MED-329,35.05
laya-typed-score,PLAIN-2009,MED-330,34.64
laya-typed-score,PLAIN-2009,MED-332,35.0
laya-typed-score,PLAIN-2019,MED-732,34.06
laya-typed-score,PLAIN-2019,MED-4300,35.11
laya-typed-score,PLAIN-2019,MED-4573,35.42
laya-typed-score,PLAIN-2019,MED-10,42.82
laya-typed-score,PLAIN-2019,MED-4654,36.06
laya-typed-score,PLAIN-2019,MED-14,48.39
laya-typed-score,PLAIN-2019,MED-2991,36.56
laya-typed-score,PLAIN-2019,MED-118,36.5
laya-typed-score,PLAIN-2019,MED-1750,36.32
laya-typed-score,PLAIN-2019,MED-301,36.27
laya-typed-score,PLAIN-2019,MED-4812,36.54
laya-typed-score,PLAIN-2019,MED-1407,38.22
laya-typed-score,PLAIN-2019,MED-306,35.81
laya-typed-score,PLAIN-2019,MED-329,36.0
laya-typed-score,PLAIN-2019,MED-5130,35.01
laya-typed-score,PLAIN-2019,MED-330,34.12
laya-typed-score,PLAIN-2019,MED-4960,34.87
laya-typed-score,PLAIN-2019,MED-2116,35.2
laya-typed-score,PLAIN-2019,MED-332,35.06
laya-typed-score,PLAIN-2019,MED-334,37.14
laya-typed-score,PLAIN-2030,MED-4051,36.8
laya-typed-score,PLAIN-2030,MED-691,36.41
laya-typed-score,PLAIN-2030,MED-692,34.28
laya-typed-score,PLAIN-2030,MED-746,36.85
laya-typed-score,PLAIN-2030,MED-743,35.2
laya-typed-score,PLAIN-2030,MED-735,35.32
laya-typed-score,PLAIN-2030,MED-2208,36.21
laya-typed-score,PLAIN-2030,MED-2816,34.39
laya-typed-score,PLAIN-2030,MED-3743,42.07
laya-typed-score,PLAIN-2030,MED-10,35.51
laya-typed-score,PLAIN-2030,MED-14,44.39
laya-typed-score,PLAIN-2030,MED-3549,36.38
laya-typed-score,PLAIN-2030,MED-118,41.8
laya-typed-score,PLAIN-2030,MED-301,45.05
laya-typed-score,PLAIN-2030,MED-3810,35.05
laya-typed-score,PLAIN-2030,MED-1820,35.27
laya-typed-score,PLAIN-2030,MED-306,36.47
laya-typed-score,PLAIN-2030,MED-329,36.46
laya-typed-score,PLAIN-2030,MED-3606,36.96
laya-typed-score,PLAIN-2030,MED-2882,34.59
laya-typed-score,PLAIN-2040,MED-4961,36.69
laya-typed-score,PLAIN-2040,MED-4933,37.73
laya-typed-score,PLAIN-2040,MED-5094,37.52
laya-typed-score,PLAIN-2040,MED-3024,36.61
laya-typed-score,PLAIN-2040,MED-4934,35.8
laya-typed-score,PLAIN-2040,MED-4964,37.63
laya-typed-score,PLAIN-2040,MED-4936,38.33
laya-typed-score,PLAIN-2040,MED-4943,40.91
laya-typed-score,PLAIN-2040,MED-3029,36.62
laya-typed-score,PLAIN-2040,MED-2907,38.53
laya-typed-score,PLAIN-2040,MED-4791,36.78
laya-typed-score,PLAIN-2040,MED-4735,35.38
laya-typed-score,PLAIN-2040,MED-2678,35.39
laya-typed-score,PLAIN-2040,MED-3592,35.26
laya-typed-score,PLAIN-2040,MED-2402,36.05
laya-typed-score,PLAIN-2040,MED-2396,34.77
laya-typed-score,PLAIN-2040,MED-4963,39.45
laya-typed-score,PLAIN-2040,MED-4944,38.44
laya-typed-score,PLAIN-2040,MED-5271,38.61
laya-typed-score,PLAIN-2040,MED-2406,36.64
laya-typed-score,PLAIN-2051,MED-1556,51.73
laya-typed-score,PLAIN-2051,MED-1454,35.65
laya-typed-score,PLAIN-2051,MED-4556,36.5
laya-typed-score,PLAIN-2051,MED-4005,36.31
laya-typed-score,PLAIN-2051,MED-1072,35.83
laya-typed-score,PLAIN-2051,MED-1873,35.77
laya-typed-score,PLAIN-2051,MED-5267,35.65
laya-typed-score,PLAIN-2051,MED-3198,34.93
laya-typed-score,PLAIN-2051,MED-1781,34.34
laya-typed-score,PLAIN-2051,MED-1061,36.91
laya-typed-score,PLAIN-2051,MED-3586,35.08
laya-typed-score,PLAIN-2051,MED-5261,37.28
laya-typed-score,PLAIN-2051,MED-1558,36.66
laya-typed-score,PLAIN-2051,MED-1063,35.52
laya-typed-score,PLAIN-2051,MED-1238,35.22
laya-typed-score,PLAIN-2051,MED-1921,35.05
laya-typed-score,PLAIN-2051,MED-1258,36.58
laya-typed-score,PLAIN-2051,MED-5272,37.23
laya-typed-score,PLAIN-2051,MED-5013,36.56
laya-typed-score,PLAIN-2051,MED-1455,35.71
laya-typed-score,PLAIN-2061,MED-3031,34.93
laya-typed-score,PLAIN-2061,MED-3295,37.22
laya-typed-score,PLAIN-2061,MED-4960,35.86
laya-typed-score,PLAIN-2061,MED-2344,42.51
laya-typed-score,PLAIN-2061,MED-2406,37.31
laya-typed-score,PLAIN-2061,MED-4736,36.42
laya-typed-score,PLAIN-2061,MED-4359,34.98
laya-typed-score,PLAIN-2061,MED-3030,37.65
laya-typed-score,PLAIN-2061,MED-5101,47.85
laya-typed-score,PLAIN-2061,MED-3027,36.26
laya-typed-score,PLAIN-2061,MED-4376,35.17
laya-typed-score,PLAIN-2061,MED-4932,36.83
laya-typed-score,PLAIN-2061,MED-4968,38.12
laya-typed-score,PLAIN-2061,MED-4742,39.06
laya-typed-score,PLAIN-2061,MED-5102,40.15
laya-typed-score,PLAIN-2061,MED-2411,40.02
laya-typed-score,PLAIN-2061,MED-2398,35.43
laya-typed-score,PLAIN-2061,MED-4739,36.85
laya-typed-score,PLAIN-2061,MED-4962,40.63
laya-typed-score,PLAIN-2061,MED-4380,54.97
laya-typed-score,PLAIN-2071,MED-1349,40.78
laya-typed-score,PLAIN-2071,MED-4306,38.67
laya-typed-score,PLAIN-2071,MED-1352,38.41
laya-typed-score,PLAIN-2071,MED-4309,37.69
laya-typed-score,PLAIN-2071,MED-3540,36.67
laya-typed-score,PLAIN-2071,MED-3532,39.31
laya-typed-score,PLAIN-2071,MED-3546,36.3
laya-typed-score,PLAIN-2071,MED-1342,35.93
laya-typed-score,PLAIN-2071,MED-5365,34.15
laya-typed-score,PLAIN-2071,MED-3661,42.93
laya-typed-score,PLAIN-2071,MED-1006,36.61
laya-typed-score,PLAIN-2071,MED-1245,36.78
laya-typed-score,PLAIN-2071,MED-3658,36.04
laya-typed-score,PLAIN-2071,MED-3530,38.15
laya-typed-score,PLAIN-2071,MED-4308,48.75
laya-typed-score,PLAIN-2071,MED-1348,36.67
laya-typed-score,PLAIN-2071,MED-946,35.21
laya-typed-score,PLAIN-2071,MED-3539,37.73
laya-typed-score,PLAIN-2071,MED-1353,37.0
laya-typed-score,PLAIN-2071,MED-3526,36.34
laya-typed-score,PLAIN-2081,MED-4180,35.17
laya-typed-score,PLAIN-2081,MED-2510,35.31
laya-typed-score,PLAIN-2081,MED-2671,34.56
laya-typed-score,PLAIN-2081,MED-2505,35.53
laya-typed-score,PLAIN-2081,MED-2074,35.36
laya-typed-score,PLAIN-2081,MED-1378,37.47
laya-typed-score,PLAIN-2081,MED-4303,37.7
laya-typed-score,PLAIN-2081,MED-2512,36.27
laya-typed-score,PLAIN-2081,MED-2422,35.17
laya-typed-score,PLAIN-2081,MED-5349,37.75
laya-typed-score,PLAIN-2081,MED-2506,35.39
laya-typed-score,PLAIN-2081,MED-3140,36.74
laya-typed-score,PLAIN-2081,MED-2519,36.16
laya-typed-score,PLAIN-2081,MED-3270,35.0
laya-typed-score,PLAIN-2081,MED-2514,36.79
laya-typed-score,PLAIN-2081,MED-1182,37.91
laya-typed-score,PLAIN-2081,MED-2700,39.63
laya-typed-score,PLAIN-2081,MED-4715,35.6
laya-typed-score,PLAIN-2081,MED-2325,34.83
laya-typed-score,PLAIN-2081,MED-859,36.6
laya-typed-score,PLAIN-2092,MED-1434,36.74
laya-typed-score,PLAIN-2092,MED-1437,34.88
laya-typed-score,PLAIN-2092,MED-1436,49.71
laya-typed-score,PLAIN-2092,MED-1432,36.69
laya-typed-score,PLAIN-2092,MED-1440,37.75
laya-typed-score,PLAIN-2092,MED-10,37.56
laya-typed-score,PLAIN-2092,MED-3475,42.41
laya-typed-score,PLAIN-2092,MED-14,36.17
laya-typed-score,PLAIN-2092,MED-957,36.96
laya-typed-score,PLAIN-2092,MED-118,36.48
laya-typed-score,PLAIN-2092,MED-2066,36.34
laya-typed-score,PLAIN-2092,MED-301,36.06
laya-typed-score,PLAIN-2092,MED-3490,36.0
laya-typed-score,PLAIN-2092,MED-306,36.36
laya-typed-score,PLAIN-2092,MED-5070,34.5
laya-typed-score,PLAIN-2092,MED-329,41.53
laya-typed-score,PLAIN-2092,MED-4544,36.45
laya-typed-score,PLAIN-2092,MED-3279,35.33
laya-typed-score,PLAIN-2092,MED-330,35.71
laya-typed-score,PLAIN-2092,MED-3100,33.12
laya-typed-score,PLAIN-2102,MED-1545,34.45
laya-typed-score,PLAIN-2102,MED-2237,34.98
laya-typed-score,PLAIN-2102,MED-5159,36.06
laya-typed-score,PLAIN-2102,MED-3318,36.42
laya-typed-score,PLAIN-2102,MED-3544,36.0
laya-typed-score,PLAIN-2102,MED-1603,35.66
laya-typed-score,PLAIN-2102,MED-3046,35.32
laya-typed-score,PLAIN-2102,MED-3033,37.07
laya-typed-score,PLAIN-2102,MED-5033,34.74
laya-typed-score,PLAIN-2102,MED-3394,35.33
laya-typed-score,PLAIN-2102,MED-1598,49.77
laya-typed-score,PLAIN-2102,MED-1051,37.64
laya-typed-score,PLAIN-2102,MED-759,35.98
laya-typed-score,PLAIN-2102,MED-2176,35.99
laya-typed-score,PLAIN-2102,MED-1211,36.37
laya-typed-score,PLAIN-2102,MED-4555,35.65
laya-typed-score,PLAIN-2102,MED-952,35.55
laya-typed-score,PLAIN-2102,MED-4824,36.27
laya-typed-score,PLAIN-2102,MED-4673,35.06
laya-typed-score,PLAIN-2102,MED-4598,36.03
laya-typed-score,PLAIN-2113,MED-3890,36.24
laya-typed-score,PLAIN-2113,MED-1182,34.03
laya-typed-score,PLAIN-2113,MED-1147,34.82
laya-typed-score,PLAIN-2113,MED-915,36.1
laya-typed-score,PLAIN-2113,MED-1157,35.02
laya-typed-score,PLAIN-2113,MED-1757,36.23
laya-typed-score,PLAIN-2113,MED-1755,35.58
laya-typed-score,PLAIN-2113,MED-2264,36.15
laya-typed-score,PLAIN-2113,MED-3231,36.25
laya-typed-score,PLAIN-2113,MED-4911,37.55
laya-typed-score,PLAIN-2113,MED-3306,40.89
laya-typed-score,PLAIN-2113,MED-1594,36.66
laya-typed-score,PLAIN-2113,MED-2521,35.68
laya-typed-score,PLAIN-2113,MED-4178,34.92
laya-typed-score,PLAIN-2113,MED-3635,37.39
laya-typed-score,PLAIN-2113,MED-1047,35.06
laya-typed-score,PLAIN-2113,MED-4135,35.9
laya-typed-score,PLAIN-2113,MED-1319,34.99
laya-typed-score,PLAIN-2113,MED-2572,47.87
laya-typed-score,PLAIN-2113,MED-3966,36.3
laya-typed-score,PLAIN-2124,MED-1525,36.93
laya-typed-score,PLAIN-2124,MED-1522,42.17
laya-typed-score,PLAIN-2124,MED-666,40.93
laya-typed-score,PLAIN-2124,MED-746,35.36
laya-typed-score,PLAIN-2124,MED-557,35.51
laya-typed-score,PLAIN-2124,MED-744,37.57
laya-typed-score,PLAIN-2124,MED-732,36.44
laya-typed-score,PLAIN-2124,MED-828,36.23
laya-typed-score,PLAIN-2124,MED-745,34.88
laya-typed-score,PLAIN-2124,MED-1519,40.8
laya-typed-score,PLAIN-2124,MED-10,35.11
laya-typed-score,PLAIN-2124,MED-743,33.28
laya-typed-score,PLAIN-2124,MED-1009,35.36
laya-typed-score,PLAIN-2124,MED-14,35.66
laya-typed-score,PLAIN-2124,MED-118,37.31
laya-typed-score,PLAIN-2124,MED-1523,34.21
laya-typed-score,PLAIN-2124,MED-301,33.86
laya-typed-score,PLAIN-2124,MED-4564,36.74
laya-typed-score,PLAIN-2124,MED-306,35.4
laya-typed-score,PLAIN-2124,MED-4856,36.23
laya-typed-score,PLAIN-2134,MED-691,34.93
laya-typed-score,PLAIN-2134,MED-10,37.46
laya-typed-score,PLAIN-2134,MED-3486,36.08
laya-typed-score,PLAIN-2134,MED-14,37.47
laya-typed-score,PLAIN-2134,MED-2204,35.86
laya-typed-score,PLAIN-2134,MED-118,37.47
laya-typed-score,PLAIN-2134,MED-4456,45.47
laya-typed-score,PLAIN-2134,MED-301,37.84
laya-typed-score,PLAIN-2134,MED-5064,40.88
laya-typed-score,PLAIN-2134,MED-306,38.73
laya-typed-score,PLAIN-2134,MED-5173,39.46
laya-typed-score,PLAIN-2134,MED-329,37.67
laya-typed-score,PLAIN-2134,MED-5172,37.73
laya-typed-score,PLAIN-2134,MED-2210,36.15
laya-typed-score,PLAIN-2134,MED-330,35.05
laya-typed-score,PLAIN-2134,MED-332,37.14
laya-typed-score,PLAIN-2134,MED-4870,42.86
laya-typed-score,PLAIN-2134,MED-1247,42.37
laya-typed-score,PLAIN-2134,MED-334,37.48
laya-typed-score,PLAIN-2134,MED-2229,40.08
laya-typed-score,PLAIN-2145,MED-743,37.13
laya-typed-score,PLAIN-2145,MED-3918,37.19
laya-typed-score,PLAIN-2145,MED-2891,46.57
laya-typed-score,PLAIN-2145,MED-1293,43.27
laya-typed-score,PLAIN-2145,MED-2094,41.02
laya-typed-score,PLAIN-2145,MED-3145,44.77
laya-typed-score,PLAIN-2145,MED-1444,45.31
laya-typed-score,PLAIN-2145,MED-5090,39.74
laya-typed-score,PLAIN-2145,MED-2572,37.6
laya-typed-score,PLAIN-2145,MED-1860,40.51
laya-typed-score,PLAIN-2145,MED-3475,41.54
laya-typed-score,PLAIN-2145,MED-1867,54.37
laya-typed-score,PLAIN-2145,MED-4384,38.28
laya-typed-score,PLAIN-2145,MED-2182,37.33
laya-typed-score,PLAIN-2145,MED-3882,44.69
laya-typed-score,PLAIN-2145,MED-1359,40.18
laya-typed-score,PLAIN-2145,MED-4150,62.87
laya-typed-score,PLAIN-2145,MED-2032,61.61
laya-typed-score,PLAIN-2145,MED-3967,58.14
laya-typed-score,PLAIN-2145,MED-4525,50.64
laya-typed-score,PLAIN-2156,MED-4868,55.21
laya-typed-score,PLAIN-2156,MED-5055,49.44
laya-typed-score,PLAIN-2156,MED-4867,52.4
laya-typed-score,PLAIN-2156,MED-719,52.69
laya-typed-score,PLAIN-2156,MED-724,48.79
laya-typed-score,PLAIN-2156,MED-2439,55.46
laya-typed-score,PLAIN-2156,MED-10,51.74
laya-typed-score,PLAIN-2156,MED-1303,52.31
laya-typed-score,PLAIN-2156,MED-14,51.28
laya-typed-score,PLAIN-2156,MED-3144,50.56
laya-typed-score,PLAIN-2156,MED-118,50.31
laya-typed-score,PLAIN-2156,MED-4295,58.15
laya-typed-score,PLAIN-2156,MED-301,59.97
laya-typed-score,PLAIN-2156,MED-4833,52.13
laya-typed-score,PLAIN-2156,MED-306,52.58
laya-typed-score,PLAIN-2156,MED-3989,53.96
laya-typed-score,PLAIN-2156,MED-329,48.26
laya-typed-score,PLAIN-2156,MED-5054,50.57
laya-typed-score,PLAIN-2156,MED-330,50.52
laya-typed-score,PLAIN-2156,MED-939,50.65
laya-typed-score,PLAIN-2167,MED-2488,49.66
laya-typed-score,PLAIN-2167,MED-3001,48.2
laya-typed-score,PLAIN-2167,MED-728,49.3
laya-typed-score,PLAIN-2167,MED-749,50.79
laya-typed-score,PLAIN-2167,MED-745,47.71
laya-typed-score,PLAIN-2167,MED-2726,45.87
laya-typed-score,PLAIN-2167,MED-10,51.21
laya-typed-score,PLAIN-2167,MED-1744,48.72
laya-typed-score,PLAIN-2167,MED-14,49.76
laya-typed-score,PLAIN-2167,MED-1058,48.69
laya-typed-score,PLAIN-2167,MED-118,58.25
laya-typed-score,PLAIN-2167,MED-1194,57.84
laya-typed-score,PLAIN-2167,MED-301,65.52
laya-typed-score,PLAIN-2167,MED-1230,53.92
laya-typed-score,PLAIN-2167,MED-306,46.84
laya-typed-score,PLAIN-2167,MED-2489,49.34
laya-typed-score,PLAIN-2167,MED-329,44.77
laya-typed-score,PLAIN-2167,MED-1055,45.03
laya-typed-score,PLAIN-2167,MED-330,45.13
laya-typed-score,PLAIN-2167,MED-1753,49.65
laya-typed-score,PLAIN-2177,MED-1185,52.68
laya-typed-score,PLAIN-2177,MED-3282,55.32
laya-typed-score,PLAIN-2177,MED-1421,57.1
laya-typed-score,PLAIN-2177,MED-4320,54.8
laya-typed-score,PLAIN-2177,MED-1953,55.18
laya-typed-score,PLAIN-2177,MED-4499,56.29
laya-typed-score,PLAIN-2177,MED-723,60.96
laya-typed-score,PLAIN-2177,MED-3228,37.74
laya-typed-score,PLAIN-2177,MED-1418,36.66
laya-typed-score,PLAIN-2177,MED-2067,35.28
laya-typed-score,PLAIN-2177,MED-4206,35.75
laya-typed-score,PLAIN-2177,MED-4687,37.51
laya-typed-score,PLAIN-2177,MED-1420,38.15
laya-typed-score,PLAIN-2177,MED-4733,37.29
laya-typed-score,PLAIN-2177,MED-10,38.22
laya-typed-score,PLAIN-2177,MED-4055,41.99
laya-typed-score,PLAIN-2177,MED-1184,45.7
laya-typed-score,PLAIN-2177,MED-14,34.8
laya-typed-score,PLAIN-2177,MED-118,36.85
laya-typed-score,PLAIN-2177,MED-2068,35.54
laya-typed-score,PLAIN-2187,MED-1248,37.51
laya-typed-score,PLAIN-2187,MED-1244,34.19
laya-typed-score,PLAIN-2187,MED-720,34.64
laya-typed-score,PLAIN-2187,MED-557,35.89
laya-typed-score,PLAIN-2187,MED-713,35.66
laya-typed-score,PLAIN-2187,MED-843,36.67
laya-typed-score,PLAIN-2187,MED-721,42.85
laya-typed-score,PLAIN-2187,MED-2203,37.42
laya-typed-score,PLAIN-2187,MED-10,37.17
laya-typed-score,PLAIN-2187,MED-1009,35.24
laya-typed-score,PLAIN-2187,MED-1041,36.68
laya-typed-score,PLAIN-2187,MED-14,37.08
laya-typed-score,PLAIN-2187,MED-118,38.58
laya-typed-score,PLAIN-2187,MED-4544,37.7
laya-typed-score,PLAIN-2187,MED-301,36.45
laya-typed-score,PLAIN-2187,MED-949,35.97
laya-typed-score,PLAIN-2187,MED-306,35.91
laya-typed-score,PLAIN-2187,MED-329,36.09
laya-typed-score,PLAIN-2187,MED-4156,35.4
laya-typed-score,PLAIN-2187,MED-330,37.21
laya-typed-score,PLAIN-2197,MED-5054,35.24
laya-typed-score,PLAIN-2197,MED-1625,34.91
laya-typed-score,PLAIN-2197,MED-5056,37.61
laya-typed-score,PLAIN-2197,MED-4868,46.23
laya-typed-score,PLAIN-2197,MED-5053,36.01
laya-typed-score,PLAIN-2197,MED-1627,36.04
laya-typed-score,PLAIN-2197,MED-4120,36.32
laya-typed-score,PLAIN-2197,MED-5057,39.54
laya-typed-score,PLAIN-2197,MED-719,35.3
laya-typed-score,PLAIN-2197,MED-724,35.34
laya-typed-score,PLAIN-2197,MED-3535,34.28
laya-typed-score,PLAIN-2197,MED-3810,35.98
laya-typed-score,PLAIN-2197,MED-4604,41.74
laya-typed-score,PLAIN-2197,MED-4028,39.81
laya-typed-score,PLAIN-2197,MED-4822,38.84
laya-typed-score,PLAIN-2197,MED-1708,38.02
laya-typed-score,PLAIN-2197,MED-1531,36.35
laya-typed-score,PLAIN-2197,MED-1707,35.46
laya-typed-score,PLAIN-2197,MED-1620,37.86
laya-typed-score,PLAIN-2197,MED-866,42.91
laya-typed-score,PLAIN-2209,MED-733,35.68
laya-typed-score,PLAIN-2209,MED-748,36.61
laya-typed-score,PLAIN-2209,MED-828,36.22
laya-typed-score,PLAIN-2209,MED-744,36.62
laya-typed-score,PLAIN-2209,MED-10,36.41
laya-typed-score,PLAIN-2209,MED-4236,36.52
laya-typed-score,PLAIN-2209,MED-14,35.03
laya-typed-score,PLAIN-2209,MED-3519,35.16
laya-typed-score,PLAIN-2209,MED-118,37.76
laya-typed-score,PLAIN-2209,MED-3808,36.72
laya-typed-score,PLAIN-2209,MED-301,38.89
laya-typed-score,PLAIN-2209,MED-3533,44.15
laya-typed-score,PLAIN-2209,MED-826,34.73
laya-typed-score,PLAIN-2209,MED-306,35.89
laya-typed-score,PLAIN-2209,MED-4792,35.36
laya-typed-score,PLAIN-2209,MED-2520,36.29
laya-typed-score,PLAIN-2209,MED-329,34.88
laya-typed-score,PLAIN-2209,MED-330,32.97
laya-typed-score,PLAIN-2209,MED-5237,34.31
laya-typed-score,PLAIN-2209,MED-2130,34.22
laya-typed-score,PLAIN-2220,MED-4976,37.22
laya-typed-score,PLAIN-2220,MED-4816,34.92
laya-typed-score,PLAIN-2220,MED-10,33.9
laya-typed-score,PLAIN-2220,MED-4959,33.98
laya-typed-score,PLAIN-2220,MED-14,34.36
laya-typed-score,PLAIN-2220,MED-1568,37.64
laya-typed-score,PLAIN-2220,MED-118,35.57
laya-typed-score,PLAIN-2220,MED-2422,34.11
laya-typed-score,PLAIN-2220,MED-301,33.98
laya-typed-score,PLAIN-2220,MED-5002,37.23
laya-typed-score,PLAIN-2220,MED-306,35.34
laya-typed-score,PLAIN-2220,MED-4264,34.2
laya-typed-score,PLAIN-2220,MED-329,34.99
laya-typed-score,PLAIN-2220,MED-4972,35.2
laya-typed-score,PLAIN-2220,MED-330,34.76
laya-typed-score,PLAIN-2220,MED-3973,35.46
laya-typed-score,PLAIN-2220,MED-332,35.18
laya-typed-score,PLAIN-2220,MED-4663,37.82
laya-typed-score,PLAIN-2220,MED-334,42.29
laya-typed-score,PLAIN-2220,MED-958,53.17
laya-typed-score,PLAIN-2230,MED-4872,38.49
laya-typed-score,PLAIN-2230,MED-713,40.01
laya-typed-score,PLAIN-2230,MED-5165,40.54
laya-typed-score,PLAIN-2230,MED-557,36.87
laya-typed-score,PLAIN-2230,MED-3951,36.49
laya-typed-score,PLAIN-2230,MED-3493,38.4
laya-typed-score,PLAIN-2230,MED-4716,47.93
laya-typed-score,PLAIN-2230,MED-10,37.41
laya-typed-score,PLAIN-2230,MED-3821,38.62
laya-typed-score,PLAIN-2230,MED-14,37.65
laya-typed-score,PLAIN-2230,MED-2992,38.88
laya-typed-score,PLAIN-2230,MED-118,39.71
laya-typed-score,PLAIN-2230,MED-4546,38.84
laya-typed-score,PLAIN-2230,MED-301,36.84
laya-typed-score,PLAIN-2230,MED-4958,36.18
laya-typed-score,PLAIN-2230,MED-2172,36.43
laya-typed-score,PLAIN-2230,MED-306,35.3
laya-typed-score,PLAIN-2230,MED-329,35.6
laya-typed-score,PLAIN-2230,MED-862,37.3
laya-typed-score,PLAIN-2230,MED-330,35.08
laya-typed-score,PLAIN-2240,MED-3969,34.55
laya-typed-score,PLAIN-2240,MED-3970,35.28
laya-typed-score,PLAIN-2240,MED-895,37.84
laya-typed-score,PLAIN-2240,MED-3963,35.02
laya-typed-score,PLAIN-2240,MED-723,36.13
laya-typed-score,PLAIN-2240,MED-1844,36.14
laya-typed-score,PLAIN-2240,MED-5059,48.1
laya-typed-score,PLAIN-2240,MED-2643,37.59
laya-typed-score,PLAIN-2240,MED-3960,34.71
laya-typed-score,PLAIN-2240,MED-3964,35.94
laya-typed-score,PLAIN-2240,MED-4025,37.87
laya-typed-score,PLAIN-2240,MED-944,35.13
laya-typed-score,PLAIN-2240,MED-1185,38.89
laya-typed-score,PLAIN-2240,MED-859,37.15
laya-typed-score,PLAIN-2240,MED-1161,34.79
laya-typed-score,PLAIN-2240,MED-1850,34.73
laya-typed-score,PLAIN-2240,MED-10,36.3
laya-typed-score,PLAIN-2240,MED-3606,35.03
laya-typed-score,PLAIN-2240,MED-14,34.87
laya-typed-score,PLAIN-2240,MED-4315,40.26
laya-typed-score,PLAIN-2250,MED-2346,37.78
laya-typed-score,PLAIN-2250,MED-5024,37.94
laya-typed-score,PLAIN-2250,MED-2210,36.19
laya-typed-score,PLAIN-2250,MED-731,34.8
laya-typed-score,PLAIN-2250,MED-5094,35.45
laya-typed-score,PLAIN-2250,MED-3175,36.92
laya-typed-score,PLAIN-2250,MED-2345,38.48
laya-typed-score,PLAIN-2250,MED-4819,37.4
laya-typed-score,PLAIN-2250,MED-3311,35.16
laya-typed-score,PLAIN-2250,MED-4959,38.23
laya-typed-score,PLAIN-2250,MED-4437,50.21
laya-typed-score,PLAIN-2250,MED-4963,36.53
laya-typed-score,PLAIN-2250,MED-957,34.68
laya-typed-score,PLAIN-2250,MED-10,45.62
laya-typed-score,PLAIN-2250,MED-4811,41.48
laya-typed-score,PLAIN-2250,MED-14,38.06
laya-typed-score,PLAIN-2250,MED-4360,37.81
laya-typed-score,PLAIN-2250,MED-118,36.78
laya-typed-score,PLAIN-2250,MED-1568,40.44
laya-typed-score,PLAIN-2250,MED-301,40.89
laya-typed-score,PLAIN-2261,MED-3599,35.66
laya-typed-score,PLAIN-2261,MED-3352,36.37
laya-typed-score,PLAIN-2261,MED-1558,35.64
laya-typed-score,PLAIN-2261,MED-4556,35.45
laya-typed-score,PLAIN-2261,MED-3597,36.83
laya-typed-score,PLAIN-2261,MED-3598,39.97
laya-typed-score,PLAIN-2261,MED-1552,36.83
laya-typed-score,PLAIN-2261,MED-2850,37.87
laya-typed-score,PLAIN-2261,MED-5286,36.25
laya-typed-score,PLAIN-2261,MED-861,37.75
laya-typed-score,PLAIN-2261,MED-1921,36.1
laya-typed-score,PLAIN-2261,MED-1930,37.07
laya-typed-score,PLAIN-2261,MED-5193,37.06
laya-typed-score,PLAIN-2261,MED-1874,37.63
laya-typed-score,PLAIN-2261,MED-2432,36.41
laya-typed-score,PLAIN-2261,MED-4154,44.97
laya-typed-score,PLAIN-2261,MED-5267,36.73
laya-typed-score,PLAIN-2261,MED-4600,35.68
laya-typed-score,PLAIN-2261,MED-1062,35.03
laya-typed-score,PLAIN-2261,MED-5312,34.87
laya-typed-score,PLAIN-2271,MED-727,42.46
laya-typed-score,PLAIN-2271,MED-731,42.83
laya-typed-score,PLAIN-2271,MED-761,35.42
laya-typed-score,PLAIN-2271,MED-762,34.68
laya-typed-score,PLAIN-2271,MED-749,36.18
laya-typed-score,PLAIN-2271,MED-734,41.36
laya-typed-score,PLAIN-2271,MED-10,35.45
laya-typed-score,PLAIN-2271,MED-2743,34.3
laya-typed-score,PLAIN-2271,MED-14,34.85
laya-typed-score,PLAIN-2271,MED-2360,34.55
laya-typed-score,PLAIN-2271,MED-118,35.56
laya-typed-score,PLAIN-2271,MED-301,36.45
laya-typed-score,PLAIN-2271,MED-3636,35.2
laya-typed-score,PLAIN-2271,MED-1276,37.31
laya-typed-score,PLAIN-2271,MED-306,36.77
laya-typed-score,PLAIN-2271,MED-1016,35.63
laya-typed-score,PLAIN-2271,MED-329,34.86
laya-typed-score,PLAIN-2271,MED-330,35.7
laya-typed-score,PLAIN-2271,MED-3623,34.86
laya-typed-score,PLAIN-2271,MED-3288,36.11
laya-typed-score,PLAIN-2281,MED-719,36.04
laya-typed-score,PLAIN-2281,MED-724,35.7
laya-typed-score,PLAIN-2281,MED-754,37.14
laya-typed-score,PLAIN-2281,MED-10,36.02
laya-typed-score,PLAIN-2281,MED-2274,35.4
laya-typed-score,PLAIN-2281,MED-14,35.15
laya-typed-score,PLAIN-2281,MED-4654,35.29
laya-typed-score,PLAIN-2281,MED-118,37.54
laya-typed-score,PLAIN-2281,MED-3370,35.48
laya-typed-score,PLAIN-2281,MED-2206,45.69
laya-typed-score,PLAIN-2281,MED-301,37.29
laya-typed-score,PLAIN-2281,MED-306,37.11
laya-typed-score,PLAIN-2281,MED-4972,41.42
laya-typed-score,PLAIN-2281,MED-329,34.82
laya-typed-score,PLAIN-2281,MED-4201,34.82
laya-typed-score,PLAIN-2281,MED-2135,35.91
laya-typed-score,PLAIN-2281,MED-330,33.22
laya-typed-score,PLAIN-2281,MED-2323,33.76
laya-typed-score,PLAIN-2281,MED-332,34.13
laya-typed-score,PLAIN-2281,MED-334,37.11
laya-typed-score,PLAIN-2291,MED-4554,34.17
laya-typed-score,PLAIN-2291,MED-2285,35.22
laya-typed-score,PLAIN-2291,MED-1600,35.82
laya-typed-score,PLAIN-2291,MED-3085,34.49
laya-typed-score,PLAIN-2291,MED-4493,34.44
laya-typed-score,PLAIN-2291,MED-2185,35.79
laya-typed-score,PLAIN-2291,MED-1650,36.99
laya-typed-score,PLAIN-2291,MED-3738,35.62
laya-typed-score,PLAIN-2291,MED-4523,36.27
laya-typed-score,PLAIN-2291,MED-4144,36.86
laya-typed-score,PLAIN-2291,MED-1693,34.84
laya-typed-score,PLAIN-2291,MED-2572,36.15
laya-typed-score,PLAIN-2291,MED-2726,34.26
laya-typed-score,PLAIN-2291,MED-5063,34.69
laya-typed-score,PLAIN-2291,MED-2991,34.84
laya-typed-score,PLAIN-2291,MED-2206,36.21
laya-typed-score,PLAIN-2291,MED-4878,34.95
laya-typed-score,PLAIN-2291,MED-2020,48.06
laya-typed-score,PLAIN-2291,MED-4149,34.07
laya-typed-score,PLAIN-2291,MED-335,34.92
laya-typed-score,PLAIN-2301,MED-2122,40.69
laya-typed-score,PLAIN-2301,MED-4160,34.44
laya-typed-score,PLAIN-2301,MED-3703,35.25
laya-typed-score,PLAIN-2301,MED-4941,33.6
laya-typed-score,PLAIN-2301,MED-2208,33.48
laya-typed-score,PLAIN-2301,MED-557,35.01
laya-typed-score,PLAIN-2301,MED-1546,39.18
laya-typed-score,PLAIN-2301,MED-1586,36.5
laya-typed-score,PLAIN-2301,MED-1721,35.6
laya-typed-score,PLAIN-2301,MED-762,35.35
laya-typed-score,PLAIN-2301,MED-1213,35.34
laya-typed-score,PLAIN-2301,MED-3504,35.6
laya-typed-score,PLAIN-2301,MED-1451,35.35
laya-typed-score,PLAIN-2301,MED-3798,37.47
laya-typed-score,PLAIN-2301,MED-716,39.34
laya-typed-score,PLAIN-2301,MED-1542,34.63
laya-typed-score,PLAIN-2301,MED-4157,35.69
laya-typed-score,PLAIN-2301,MED-4598,35.78
laya-typed-score,PLAIN-2301,MED-5186,34.65
laya-typed-score,PLAIN-2301,MED-4486,36.37
laya-typed-score,PLAIN-2311,MED-722,34.82
laya-typed-score,PLAIN-2311,MED-744,35.54
laya-typed-score,PLAIN-2311,MED-1016,36.75
laya-typed-score,PLAIN-2311,MED-4801,34.49
laya-typed-score,PLAIN-2311,MED-743,34.65
laya-typed-score,PLAIN-2311,MED-1165,42.78
laya-typed-score,PLAIN-2311,MED-4544,40.0
laya-typed-score,PLAIN-2311,MED-1303,36.65
laya-typed-score,PLAIN-2311,MED-1978,35.65
laya-typed-score,PLAIN-2311,MED-10,34.97
laya-typed-score,PLAIN-2311,MED-746,38.28
laya-typed-score,PLAIN-2311,MED-14,34.73
laya-typed-score,PLAIN-2311,MED-2116,34.62
laya-typed-score,PLAIN-2311,MED-118,35.35
laya-typed-score,PLAIN-2311,MED-941,38.51
laya-typed-score,PLAIN-2311,MED-301,49.12
laya-typed-score,PLAIN-2311,MED-3552,56.26
laya-typed-score,PLAIN-2311,MED-306,52.44
laya-typed-score,PLAIN-2311,MED-4300,48.53
laya-typed-score,PLAIN-2311,MED-329,51.03
laya-typed-score,PLAIN-2321,MED-2991,48.53
laya-typed-score,PLAIN-2321,MED-4800,50.02
laya-typed-score,PLAIN-2321,MED-2492,45.71
laya-typed-score,PLAIN-2321,MED-1801,45.98
laya-typed-score,PLAIN-2321,MED-3086,50.26
laya-typed-score,PLAIN-2321,MED-1797,49.38
laya-typed-score,PLAIN-2321,MED-2745,49.31
laya-typed-score,PLAIN-2321,MED-4428,46.95
laya-typed-score,PLAIN-2321,MED-1610,50.6
laya-typed-score,PLAIN-2321,MED-2736,56.94
laya-typed-score,PLAIN-2321,MED-4626,46.4
laya-typed-score,PLAIN-2321,MED-4427,46.23
laya-typed-score,PLAIN-2321,MED-3889,45.03
laya-typed-score,PLAIN-2321,MED-3651,47.5
laya-typed-score,PLAIN-2321,MED-4429,53.47
laya-typed-score,PLAIN-2321,MED-1962,44.25
laya-typed-score,PLAIN-2321,MED-5101,45.47
laya-typed-score,PLAIN-2321,MED-1956,44.8
laya-typed-score,PLAIN-2321,MED-4769,42.65
laya-typed-score,PLAIN-2321,MED-3891,44.6
laya-typed-score,PLAIN-2332,MED-4766,46.33
laya-typed-score,PLAIN-2332,MED-1798,46.17
laya-typed-score,PLAIN-2332,MED-3509,48.46
laya-typed-score,PLAIN-2332,MED-5281,45.19
laya-typed-score,PLAIN-2332,MED-4564,44.94
laya-typed-score,PLAIN-2332,MED-4815,44.35
laya-typed-score,PLAIN-2332,MED-3292,44.45
laya-typed-score,PLAIN-2332,MED-3309,45.55
laya-typed-score,PLAIN-2332,MED-4118,45.62
laya-typed-score,PLAIN-2332,MED-1803,54.5
laya-typed-score,PLAIN-2332,MED-1808,54.05
laya-typed-score,PLAIN-2332,MED-4962,70.22
laya-typed-score,PLAIN-2332,MED-3974,45.22
laya-typed-score,PLAIN-2332,MED-3559,44.97
laya-typed-score,PLAIN-2332,MED-3683,48.7
laya-typed-score,PLAIN-2332,MED-3558,47.44
laya-typed-score,PLAIN-2332,MED-4136,43.47
laya-typed-score,PLAIN-2332,MED-3760,42.44
laya-typed-score,PLAIN-2332,MED-1484,50.71
laya-typed-score,PLAIN-2332,MED-3655,50.8
laya-typed-score,PLAIN-2343,MED-4872,51.75
laya-typed-score,PLAIN-2343,MED-5131,58.08
laya-typed-score,PLAIN-2343,MED-4724,57.13
laya-typed-score,PLAIN-2343,MED-3986,56.33
laya-typed-score,PLAIN-2343,MED-922,53.3
laya-typed-score,PLAIN-2343,MED-714,57.69
laya-typed-score,PLAIN-2343,MED-3988,37.47
laya-typed-score,PLAIN-2343,MED-716,35.74
laya-typed-score,PLAIN-2343,MED-859,37.12
laya-typed-score,PLAIN-2343,MED-3157,34.76
laya-typed-score,PLAIN-2343,MED-4573,34.77
laya-typed-score,PLAIN-2343,MED-5209,41.46
laya-typed-score,PLAIN-2343,MED-4566,36.19
laya-typed-score,PLAIN-2343,MED-3985,47.38
laya-typed-score,PLAIN-2343,MED-3990,33.78
laya-typed-score,PLAIN-2343,MED-5129,34.19
laya-typed-score,PLAIN-2343,MED-921,35.69
laya-typed-score,PLAIN-2343,MED-5216,36.14
laya-typed-score,PLAIN-2343,MED-4866,36.23
laya-typed-score,PLAIN-2343,MED-962,36.21
laya-typed-score,PLAIN-2354,MED-4303,36.44
laya-typed-score,PLAIN-2354,MED-2152,35.89
laya-typed-score,PLAIN-2354,MED-4302,36.41
laya-typed-score,PLAIN-2354,MED-5153,35.32
laya-typed-score,PLAIN-2354,MED-4705,35.53
laya-typed-score,PLAIN-2354,MED-4708,38.12
laya-typed-score,PLAIN-2354,MED-2379,35.4
laya-typed-score,PLAIN-2354,MED-2378,37.36
laya-typed-score,PLAIN-2354,MED-4249,35.92
laya-typed-score,PLAIN-2354,MED-4709,36.2
laya-typed-score,PLAIN-2354,MED-1499,36.07
laya-typed-score,PLAIN-2354,MED-1386,34.95
laya-typed-score,PLAIN-2354,MED-2711,36.81
laya-typed-score,PLAIN-2354,MED-1785,38.46
laya-typed-score,PLAIN-2354,MED-3662,34.17
laya-typed-score,PLAIN-2354,MED-1443,36.7
laya-typed-score,PLAIN-2354,MED-1390,35.32
laya-typed-score,PLAIN-2354,MED-2597,36.69
laya-typed-score,PLAIN-2354,MED-5016,42.79
laya-typed-score,PLAIN-2354,MED-4443,35.59
laya-typed-score,PLAIN-2364,MED-5004,35.28
laya-typed-score,PLAIN-2364,MED-4261,47.48
laya-typed-score,PLAIN-2364,MED-2721,34.65
laya-typed-score,PLAIN-2364,MED-4707,36.28
laya-typed-score,PLAIN-2364,MED-1807,37.08
laya-typed-score,PLAIN-2364,MED-4152,38.23
laya-typed-score,PLAIN-2364,MED-4764,34.74
laya-typed-score,PLAIN-2364,MED-4291,34.66
laya-typed-score,PLAIN-2364,MED-1365,34.68
laya-typed-score,PLAIN-2364,MED-939,35.51
laya-typed-score,PLAIN-2364,MED-2717,35.83
laya-typed-score,PLAIN-2364,MED-2718,35.08
laya-typed-score,PLAIN-2364,MED-1305,50.65
laya-typed-score,PLAIN-2364,MED-3751,42.88
laya-typed-score,PLAIN-2364,MED-5323,35.78
laya-typed-score,PLAIN-2364,MED-1873,34.53
laya-typed-score,PLAIN-2364,MED-4286,34.33
laya-typed-score,PLAIN-2364,MED-3050,35.2
laya-typed-score,PLAIN-2364,MED-3492,37.3
laya-typed-score,PLAIN-2364,MED-1445,34.72
laya-typed-score,PLAIN-2375,MED-743,36.39
laya-typed-score,PLAIN-2375,MED-10,34.4
laya-typed-score,PLAIN-2375,MED-862,37.3
laya-typed-score,PLAIN-2375,MED-14,35.77
laya-typed-score,PLAIN-2375,MED-2572,36.26
laya-typed-score,PLAIN-2375,MED-118,39.75
laya-typed-score,PLAIN-2375,MED-5130,35.68
laya-typed-score,PLAIN-2375,MED-301,34.54
laya-typed-score,PLAIN-2375,MED-3153,41.09
laya-typed-score,PLAIN-2375,MED-2999,39.32
laya-typed-score,PLAIN-2375,MED-306,34.32
laya-typed-score,PLAIN-2375,MED-1047,35.81
laya-typed-score,PLAIN-2375,MED-329,36.6
laya-typed-score,PLAIN-2375,MED-330,35.53
laya-typed-score,PLAIN-2375,MED-976,35.64
laya-typed-score,PLAIN-2375,MED-2093,33.74
laya-typed-score,PLAIN-2375,MED-332,34.53
laya-typed-score,PLAIN-2375,MED-334,37.86
laya-typed-score,PLAIN-2375,MED-3601,35.73
laya-typed-score,PLAIN-2375,MED-2094,34.48
laya-typed-score,PLAIN-2386,MED-2346,35.25
laya-typed-score,PLAIN-2386,MED-2510,36.61
laya-typed-score,PLAIN-2386,MED-731,35.61
laya-typed-score,PLAIN-2386,MED-5094,37.09
laya-typed-score,PLAIN-2386,MED-1724,34.41
laya-typed-score,PLAIN-2386,MED-4963,36.47
laya-typed-score,PLAIN-2386,MED-10,35.17
laya-typed-score,PLAIN-2386,MED-3175,34.67
laya-typed-score,PLAIN-2386,MED-14,46.13
laya-typed-score,PLAIN-2386,MED-4198,38.65
laya-typed-score,PLAIN-2386,MED-118,35.98
laya-typed-score,PLAIN-2386,MED-4742,35.5
laya-typed-score,PLAIN-2386,MED-301,42.32
laya-typed-score,PLAIN-2386,MED-4812,34.51
laya-typed-score,PLAIN-2386,MED-2345,34.65
laya-typed-score,PLAIN-2386,MED-306,35.08
laya-typed-score,PLAIN-2386,MED-329,41.09
laya-typed-score,PLAIN-2386,MED-330,39.84
laya-typed-score,PLAIN-2386,MED-332,41.1
laya-typed-score,PLAIN-2386,MED-4959,36.97
laya-typed-score,PLAIN-2396,MED-761,34.14
laya-typed-score,PLAIN-2396,MED-762,34.3
laya-typed-score,PLAIN-2396,MED-749,33.95
laya-typed-score,PLAIN-2396,MED-727,36.77
laya-typed-score,PLAIN-2396,MED-10,34.98
laya-typed-score,PLAIN-2396,MED-743,35.27
laya-typed-score,PLAIN-2396,MED-14,35.75
laya-typed-score,PLAIN-2396,MED-1544,33.64
laya-typed-score,PLAIN-2396,MED-118,41.8
laya-typed-score,PLAIN-2396,MED-1351,36.94
laya-typed-score,PLAIN-2396,MED-301,34.95
laya-typed-score,PLAIN-2396,MED-3604,34.56
laya-typed-score,PLAIN-2396,MED-306,34.57
laya-typed-score,PLAIN-2396,MED-5343,34.37
laya-typed-score,PLAIN-2396,MED-329,35.12
laya-typed-score,PLAIN-2396,MED-4674,35.36
laya-typed-score,PLAIN-2396,MED-846,34.73
laya-typed-score,PLAIN-2396,MED-330,33.77
laya-typed-score,PLAIN-2396,MED-4599,35.24
laya-typed-score,PLAIN-2396,MED-3001,35.04
laya-typed-score,PLAIN-2408,MED-691,35.38
laya-typed-score,PLAIN-2408,MED-702,36.99
laya-typed-score,PLAIN-2408,MED-743,36.15
laya-typed-score,PLAIN-2408,MED-10,35.92
laya-typed-score,PLAIN-2408,MED-3540,35.75
laya-typed-score,PLAIN-2408,MED-1353,49.48
laya-typed-score,PLAIN-2408,MED-14,36.6
laya-typed-score,PLAIN-2408,MED-118,37.72
laya-typed-score,PLAIN-2408,MED-1577,35.42
laya-typed-score,PLAIN-2408,MED-1345,38.46
laya-typed-score,PLAIN-2408,MED-301,39.78
laya-typed-score,PLAIN-2408,MED-1344,42.37
laya-typed-score,PLAIN-2408,MED-306,41.23
laya-typed-score,PLAIN-2408,MED-329,39.32
laya-typed-score,PLAIN-2408,MED-1010,36.64
laya-typed-score,PLAIN-2408,MED-330,36.28
laya-typed-score,PLAIN-2408,MED-332,36.43
laya-typed-score,PLAIN-2408,MED-4987,35.99
laya-typed-score,PLAIN-2408,MED-1347,35.9
laya-typed-score,PLAIN-2408,MED-334,41.63
laya-typed-score,PLAIN-2430,MED-994,33.8
laya-typed-score,PLAIN-2430,MED-980,36.29
laya-typed-score,PLAIN-2430,MED-986,36.57
laya-typed-score,PLAIN-2430,MED-1505,34.21
laya-typed-score,PLAIN-2430,MED-3452,35.09
laya-typed-score,PLAIN-2430,MED-2664,35.58
laya-typed-score,PLAIN-2430,MED-4872,35.68
laya-typed-score,PLAIN-2430,MED-990,36.13
laya-typed-score,PLAIN-2430,MED-5128,35.85
laya-typed-score,PLAIN-2430,MED-988,35.34
laya-typed-score,PLAIN-2430,MED-3785,36.43
laya-typed-score,PLAIN-2430,MED-5135,36.2
laya-typed-score,PLAIN-2430,MED-951,48.61
laya-typed-score,PLAIN-2430,MED-3173,38.1
laya-typed-score,PLAIN-2430,MED-2888,36.7
laya-typed-score,PLAIN-2430,MED-2946,35.8
laya-typed-score,PLAIN-2430,MED-5131,34.46
laya-typed-score,PLAIN-2430,MED-5071,37.36
laya-typed-score,PLAIN-2430,MED-4926,35.83
laya-typed-score,PLAIN-2430,MED-3617,35.23
laya-typed-score,PLAIN-2440,MED-1792,34.85
laya-typed-score,PLAIN-2440,MED-5019,35.8
laya-typed-score,PLAIN-2440,MED-5082,36.61
laya-typed-score,PLAIN-2440,MED-3908,36.91
laya-typed-score,PLAIN-2440,MED-4590,35.99
laya-typed-score,PLAIN-2440,MED-4089,36.01
laya-typed-score,PLAIN-2440,MED-4580,35.64
laya-typed-score,PLAIN-2440,MED-4267,35.96
laya-typed-score,PLAIN-2440,MED-4862,36.55
laya-typed-score,PLAIN-2440,MED-2448,36.66
laya-typed-score,PLAIN-2440,MED-4414,36.32
laya-typed-score,PLAIN-2440,MED-2997,37.47
laya-typed-score,PLAIN-2440,MED-4136,35.84
laya-typed-score,PLAIN-2440,MED-2491,40.51
laya-typed-score,PLAIN-2440,MED-1053,35.87
laya-typed-score,PLAIN-2440,MED-2476,35.67
laya-typed-score,PLAIN-2440,MED-5041,35.13
laya-typed-score,PLAIN-2440,MED-2305,35.55
laya-typed-score,PLAIN-2440,MED-2999,36.57
laya-typed-score,PLAIN-2440,MED-2450,37.59
laya-typed-score,PLAIN-2450,MED-1179,52.01
laya-typed-score,PLAIN-2450,MED-1178,37.01
laya-typed-score,PLAIN-2450,MED-1140,35.29
laya-typed-score,PLAIN-2450,MED-1144,35.65
laya-typed-score,PLAIN-2450,MED-1151,34.19
laya-typed-score,PLAIN-2450,MED-1181,34.94
laya-typed-score,PLAIN-2450,MED-1173,35.8
laya-typed-score,PLAIN-2450,MED-1162,35.29
laya-typed-score,PLAIN-2450,MED-1149,34.47
laya-typed-score,PLAIN-2450,MED-1150,36.72
laya-typed-score,PLAIN-2450,MED-1182,35.19
laya-typed-score,PLAIN-2450,MED-1148,35.17
laya-typed-score,PLAIN-2450,MED-1143,33.91
laya-typed-score,PLAIN-2450,MED-1169,34.42
laya-typed-score,PLAIN-2450,MED-2407,34.88
laya-typed-score,PLAIN-2450,MED-1164,34.17
laya-typed-score,PLAIN-2450,MED-1174,36.79
laya-typed-score,PLAIN-2450,MED-2738,34.57
laya-typed-score,PLAIN-2450,MED-1743,36.07
laya-typed-score,PLAIN-2450,MED-2494,35.57
laya-typed-score,PLAIN-2460,MED-1062,41.51
laya-typed-score,PLAIN-2460,MED-1063,35.92
laya-typed-score,PLAIN-2460,MED-5228,33.99
laya-typed-score,PLAIN-2460,MED-1236,34.72
laya-typed-score,PLAIN-2460,MED-1468,34.06
laya-typed-score,PLAIN-2460,MED-1681,34.72
laya-typed-score,PLAIN-2460,MED-4333,43.27
laya-typed-score,PLAIN-2460,MED-1672,36.91
laya-typed-score,PLAIN-2460,MED-5286,47.06
laya-typed-score,PLAIN-2460,MED-1237,38.47
laya-typed-score,PLAIN-2460,MED-2396,34.76
laya-typed-score,PLAIN-2460,MED-4985,36.52
laya-typed-score,PLAIN-2460,MED-1999,35.08
laya-typed-score,PLAIN-2460,MED-4984,34.47
laya-typed-score,PLAIN-2460,MED-5261,37.73
laya-typed-score,PLAIN-2460,MED-4101,35.31
laya-typed-score,PLAIN-2460,MED-1323,38.35
laya-typed-score,PLAIN-2460,MED-4292,35.87
laya-typed-score,PLAIN-2460,MED-2002,35.49
laya-typed-score,PLAIN-2460,MED-1541,34.21
laya-typed-score,PLAIN-2470,MED-1337,35.75
laya-typed-score,PLAIN-2470,MED-2917,36.74
laya-typed-score,PLAIN-2470,MED-4682,35.07
laya-typed-score,PLAIN-2470,MED-1768,35.88
laya-typed-score,PLAIN-2470,MED-2772,35.22
laya-typed-score,PLAIN-2470,MED-4751,35.31
laya-typed-score,PLAIN-2470,MED-5189,36.62
laya-typed-score,PLAIN-2470,MED-1338,42.0
laya-typed-score,PLAIN-2470,MED-2771,36.79
laya-typed-score,PLAIN-2470,MED-4897,36.57
laya-typed-score,PLAIN-2470,MED-1340,34.15
laya-typed-score,PLAIN-2470,MED-1229,35.73
laya-typed-score,PLAIN-2470,MED-2123,35.43
laya-typed-score,PLAIN-2470,MED-1223,35.57
laya-typed-score,PLAIN-2470,MED-904,41.78
laya-typed-score,PLAIN-2470,MED-4899,35.46
laya-typed-score,PLAIN-2470,MED-2136,49.71
laya-typed-score,PLAIN-2470,MED-4902,35.59
laya-typed-score,PLAIN-2470,MED-1224,34.9
laya-typed-score,PLAIN-2470,MED-2653,37.44
laya-typed-score,PLAIN-2480,MED-3964,35.88
laya-typed-score,PLAIN-2480,MED-1187,34.64
laya-typed-score,PLAIN-2480,MED-2811,34.66
laya-typed-score,PLAIN-2480,MED-2782,42.93
laya-typed-score,PLAIN-2480,MED-1582,38.16
laya-typed-score,PLAIN-2480,MED-1576,36.42
laya-typed-score,PLAIN-2480,MED-4628,35.58
laya-typed-score,PLAIN-2480,MED-1184,36.68
laya-typed-score,PLAIN-2480,MED-3496,35.03
laya-typed-score,PLAIN-2480,MED-3970,35.04
laya-typed-score,PLAIN-2480,MED-1039,35.93
laya-typed-score,PLAIN-2480,MED-1421,34.45
laya-typed-score,PLAIN-2480,MED-5204,34.35
laya-typed-score,PLAIN-2480,MED-2021,34.93
laya-typed-score,PLAIN-2480,MED-3501,35.94
laya-typed-score,PLAIN-2480,MED-736,35.66
laya-typed-score,PLAIN-2480,MED-3106,35.54
laya-typed-score,PLAIN-2480,MED-1118,34.97
laya-typed-score,PLAIN-2480,MED-3961,35.41
laya-typed-score,PLAIN-2480,MED-4084,35.89
laya-typed-score,PLAIN-2490,MED-3055,35.2
laya-typed-score,PLAIN-2490,MED-3249,35.8
laya-typed-score,PLAIN-2490,MED-2717,34.83
laya-typed-score,PLAIN-2490,MED-3931,37.81
laya-typed-score,PLAIN-2490,MED-2529,41.04
laya-typed-score,PLAIN-2490,MED-2527,38.85
laya-typed-score,PLAIN-2490,MED-1617,34.61
laya-typed-score,PLAIN-2490,MED-1490,34.59
laya-typed-score,PLAIN-2490,MED-2112,36.17
laya-typed-score,PLAIN-2490,MED-1374,35.78
laya-typed-score,PLAIN-2490,MED-1488,36.56
laya-typed-score,PLAIN-2490,MED-1354,36.36
laya-typed-score,PLAIN-2490,MED-1709,36.12
laya-typed-score,PLAIN-2490,MED-2586,37.79
laya-typed-score,PLAIN-2490,MED-3089,35.53
laya-typed-score,PLAIN-2490,MED-1486,36.19
laya-typed-score,PLAIN-2490,MED-2594,53.42
laya-typed-score,PLAIN-2490,MED-5287,56.54
laya-typed-score,PLAIN-2490,MED-1192,52.01
laya-typed-score,PLAIN-2490,MED-4301,50.06
laya-typed-score,PLAIN-2500,MED-1556,51.34
laya-typed-score,PLAIN-2500,MED-1366,46.16
laya-typed-score,PLAIN-2500,MED-1558,46.43
laya-typed-score,PLAIN-2500,MED-1454,46.99
laya-typed-score,PLAIN-2500,MED-1063,43.19
laya-typed-score,PLAIN-2500,MED-4556,54.93
laya-typed-score,PLAIN-2500,MED-5267,49.64
laya-typed-score,PLAIN-2500,MED-1873,44.24
laya-typed-score,PLAIN-2500,MED-3198,56.4
laya-typed-score,PLAIN-2500,MED-1557,52.21
laya-typed-score,PLAIN-2500,MED-1072,45.85
laya-typed-score,PLAIN-2500,MED-4005,45.0
laya-typed-score,PLAIN-2500,MED-1238,47.34
laya-typed-score,PLAIN-2500,MED-1801,46.84
laya-typed-score,PLAIN-2500,MED-3791,44.34
laya-typed-score,PLAIN-2500,MED-5013,50.09
laya-typed-score,PLAIN-2500,MED-4709,44.75
laya-typed-score,PLAIN-2500,MED-5272,46.07
laya-typed-score,PLAIN-2500,MED-2765,42.48
laya-typed-score,PLAIN-2500,MED-1554,44.12
laya-typed-score,PLAIN-2510,MED-1640,45.32
laya-typed-score,PLAIN-2510,MED-878,48.55
laya-typed-score,PLAIN-2510,MED-1648,46.32
laya-typed-score,PLAIN-2510,MED-1642,46.72
laya-typed-score,PLAIN-2510,MED-1649,46.3
laya-typed-score,PLAIN-2510,MED-1639,45.92
laya-typed-score,PLAIN-2510,MED-1638,45.8
laya-typed-score,PLAIN-2510,MED-1645,49.91
laya-typed-score,PLAIN-2510,MED-2155,47.53
laya-typed-score,PLAIN-2510,MED-5244,51.24
laya-typed-score,PLAIN-2510,MED-5249,56.24
laya-typed-score,PLAIN-2510,MED-1647,62.29
laya-typed-score,PLAIN-2510,MED-1641,55.62
laya-typed-score,PLAIN-2510,MED-5013,46.95
laya-typed-score,PLAIN-2510,MED-1636,46.01
laya-typed-score,PLAIN-2510,MED-5259,51.39
laya-typed-score,PLAIN-2510,MED-1621,47.17
laya-typed-score,PLAIN-2510,MED-1643,46.17
laya-typed-score,PLAIN-2510,MED-5256,47.95
laya-typed-score,PLAIN-2510,MED-5279,52.34
laya-typed-score,PLAIN-2520,MED-3273,60.59
laya-typed-score,PLAIN-2520,MED-2519,54.98
laya-typed-score,PLAIN-2520,MED-1991,58.7
laya-typed-score,PLAIN-2520,MED-4831,59.53
laya-typed-score,PLAIN-2520,MED-3201,53.57
laya-typed-score,PLAIN-2520,MED-4389,57.42
laya-typed-score,PLAIN-2520,MED-2506,44.87
laya-typed-score,PLAIN-2520,MED-5113,34.37
laya-typed-score,PLAIN-2520,MED-2325,34.57
laya-typed-score,PLAIN-2520,MED-2513,35.46
laya-typed-score,PLAIN-2520,MED-4515,38.06
laya-typed-score,PLAIN-2520,MED-2138,40.9
laya-typed-score,PLAIN-2520,MED-4984,34.79
laya-typed-score,PLAIN-2520,MED-4996,49.35
laya-typed-score,PLAIN-2520,MED-1445,37.24
laya-typed-score,PLAIN-2520,MED-1319,35.55
laya-typed-score,PLAIN-2520,MED-825,34.98
laya-typed-score,PLAIN-2520,MED-1450,37.33
laya-typed-score,PLAIN-2520,MED-4255,36.21
laya-typed-score,PLAIN-2520,MED-2510,36.5
laya-typed-score,PLAIN-2530,MED-1804,36.66
laya-typed-score,PLAIN-2530,MED-1798,34.35
laya-typed-score,PLAIN-2530,MED-1808,37.05
laya-typed-score,PLAIN-2530,MED-1803,35.02
laya-typed-score,PLAIN-2530,MED-1800,35.53
laya-typed-score,PLAIN-2530,MED-1796,39.84
laya-typed-score,PLAIN-2530,MED-1799,43.58
laya-typed-score,PLAIN-2530,MED-4766,38.45
laya-typed-score,PLAIN-2530,MED-4768,36.37
laya-typed-score,PLAIN-2530,MED-4769,34.3
laya-typed-score,PLAIN-2530,MED-4767,36.51
laya-typed-score,PLAIN-2530,MED-1810,37.44
laya-typed-score,PLAIN-2530,MED-1806,35.82
laya-typed-score,PLAIN-2530,MED-1997,36.51
laya-typed-score,PLAIN-2530,MED-1328,33.86
laya-typed-score,PLAIN-2530,MED-2716,34.44
laya-typed-score,PLAIN-2530,MED-1994,35.08
laya-typed-score,PLAIN-2530,MED-1718,39.35
laya-typed-score,PLAIN-2530,MED-1446,35.54
laya-typed-score,PLAIN-2530,MED-3956,33.74
laya-typed-score,PLAIN-2540,MED-1884,39.57
laya-typed-score,PLAIN-2540,MED-2525,44.86
laya-typed-score,PLAIN-2540,MED-1886,35.98
laya-typed-score,PLAIN-2540,MED-3198,34.9
laya-typed-score,PLAIN-2540,MED-1890,36.1
laya-typed-score,PLAIN-2540,MED-1885,34.55
laya-typed-score,PLAIN-2540,MED-1966,34.77
laya-typed-score,PLAIN-2540,MED-4560,36.19
laya-typed-score,PLAIN-2540,MED-4831,35.46
laya-typed-score,PLAIN-2540,MED-1882,34.74
laya-typed-score,PLAIN-2540,MED-2020,34.46
laya-typed-score,PLAIN-2540,MED-1968,35.6
laya-typed-score,PLAIN-2540,MED-1552,35.77
laya-typed-score,PLAIN-2540,MED-927,36.65
laya-typed-score,PLAIN-2540,MED-5329,35.41
laya-typed-score,PLAIN-2540,MED-1205,36.8
laya-typed-score,PLAIN-2540,MED-2372,36.24
laya-typed-score,PLAIN-2540,MED-4510,35.9
laya-typed-score,PLAIN-2540,MED-4827,35.53
laya-typed-score,PLAIN-2540,MED-5294,36.67
laya-typed-score,PLAIN-2550,MED-5331,36.03
laya-typed-score,PLAIN-2550,MED-4613,36.39
laya-typed-score,PLAIN-2550,MED-1679,35.5
laya-typed-score,PLAIN-2550,MED-4255,36.36
laya-typed-score,PLAIN-2550,MED-1548,40.35
laya-typed-score,PLAIN-2550,MED-1398,41.7
laya-typed-score,PLAIN-2550,MED-2525,38.17
laya-typed-score,PLAIN-2550,MED-4891,35.09
laya-typed-score,PLAIN-2550,MED-728,37.47
laya-typed-score,PLAIN-2550,MED-1429,44.82
laya-typed-score,PLAIN-2550,MED-2590,33.58
laya-typed-score,PLAIN-2550,MED-1394,36.43
laya-typed-score,PLAIN-2550,MED-2303,35.35
laya-typed-score,PLAIN-2550,MED-4243,34.68
laya-typed-score,PLAIN-2550,MED-1486,35.67
laya-typed-score,PLAIN-2550,MED-2755,35.62
laya-typed-score,PLAIN-2550,MED-1366,35.18
laya-typed-score,PLAIN-2550,MED-1192,34.3
laya-typed-score,PLAIN-2550,MED-1409,41.22
laya-typed-score,PLAIN-2550,MED-2763,35.99
laya-typed-score,PLAIN-2560,MED-2057,36.24
laya-typed-score,PLAIN-2560,MED-2055,36.13
laya-typed-score,PLAIN-2560,MED-2053,35.63
laya-typed-score,PLAIN-2560,MED-2060,36.7
laya-typed-score,PLAIN-2560,MED-2061,35.63
laya-typed-score,PLAIN-2560,MED-2059,36.27
laya-typed-score,PLAIN-2560,MED-1223,35.51
laya-typed-score,PLAIN-2560,MED-2058,35.66
laya-typed-score,PLAIN-2560,MED-900,36.97
laya-typed-score,PLAIN-2560,MED-2062,37.7
laya-typed-score,PLAIN-2560,MED-2054,37.98
laya-typed-score,PLAIN-2560,MED-5005,37.43
laya-typed-score,PLAIN-2560,MED-4753,35.48
laya-typed-score,PLAIN-2560,MED-2063,35.82
laya-typed-score,PLAIN-2560,MED-901,36.62
laya-typed-score,PLAIN-2560,MED-899,37.74
laya-typed-score,PLAIN-2560,MED-1226,42.67
laya-typed-score,PLAIN-2560,MED-4682,41.88
laya-typed-score,PLAIN-2560,MED-5194,37.71
laya-typed-score,PLAIN-2560,MED-2056,35.44
laya-typed-score,PLAIN-2570,MED-2148,37.05
laya-typed-score,PLAIN-2570,MED-2145,38.38
laya-typed-score,PLAIN-2570,MED-3583,36.68
laya-typed-score,PLAIN-2570,MED-3733,38.42
laya-typed-score,PLAIN-2570,MED-5054,34.91
laya-typed-score,PLAIN-2570,MED-3897,42.21
laya-typed-score,PLAIN-2570,MED-3907,35.75
laya-typed-score,PLAIN-2570,MED-2144,37.57
laya-typed-score,PLAIN-2570,MED-3869,35.84
laya-typed-score,PLAIN-2570,MED-867,37.19
laya-typed-score,PLAIN-2570,MED-1248,37.29
laya-typed-score,PLAIN-2570,MED-1403,36.43
laya-typed-score,PLAIN-2570,MED-1999,36.66
laya-typed-score,PLAIN-2570,MED-2005,36.57
laya-typed-score,PLAIN-2570,MED-2009,38.78
laya-typed-score,PLAIN-2570,MED-1998,36.25
laya-typed-score,PLAIN-2570,MED-4320,35.0
laya-typed-score,PLAIN-2570,MED-1615,37.41
laya-typed-score,PLAIN-2570,MED-2146,43.74
laya-typed-score,PLAIN-2570,MED-2742,34.7
laya-typed-score,PLAIN-2580,MED-2220,35.47
laya-typed-score,PLAIN-2580,MED-2725,37.44
laya-typed-score,PLAIN-2580,MED-3487,36.17
laya-typed-score,PLAIN-2580,MED-4599,36.01
laya-typed-score,PLAIN-2580,MED-4674,48.36
laya-typed-score,PLAIN-2580,MED-2112,35.34
laya-typed-score,PLAIN-2580,MED-1351,36.42
laya-typed-score,PLAIN-2580,MED-749,35.63
laya-typed-score,PLAIN-2580,MED-728,37.73
laya-typed-score,PLAIN-2580,MED-1489,36.67
laya-typed-score,PLAIN-2580,MED-3896,36.08
laya-typed-score,PLAIN-2580,MED-1058,34.97
laya-typed-score,PLAIN-2580,MED-2201,37.15
laya-typed-score,PLAIN-2580,MED-714,36.69
laya-typed-score,PLAIN-2580,MED-823,35.38
laya-typed-score,PLAIN-2580,MED-5123,34.98
laya-typed-score,PLAIN-2580,MED-2295,35.6
laya-typed-score,PLAIN-2580,MED-1553,35.54
laya-typed-score,PLAIN-2580,MED-3769,35.08
laya-typed-score,PLAIN-2580,MED-1055,35.67
laya-typed-score,PLAIN-2590,MED-4163,36.45
laya-typed-score,PLAIN-2590,MED-2294,37.05
laya-typed-score,PLAIN-2590,MED-934,37.0
laya-typed-score,PLAIN-2590,MED-1540,34.71
laya-typed-score,PLAIN-2590,MED-5340,35.41
laya-typed-score,PLAIN-2590,MED-2939,35.33
laya-typed-score,PLAIN-2590,MED-3148,37.24
laya-typed-score,PLAIN-2590,MED-4313,35.56
laya-typed-score,PLAIN-2590,MED-1723,37.58
laya-typed-score,PLAIN-2590,MED-5325,35.83
laya-typed-score,PLAIN-2590,MED-1430,36.68
laya-typed-score,PLAIN-2590,MED-1613,36.33
laya-typed-score,PLAIN-2590,MED-5226,49.64
laya-typed-score,PLAIN-2590,MED-1135,36.0
laya-typed-score,PLAIN-2590,MED-3236,37.34
laya-typed-score,PLAIN-2590,MED-1551,35.65
laya-typed-score,PLAIN-2590,MED-5204,35.53
laya-typed-score,PLAIN-2590,MED-4988,36.69
laya-typed-score,PLAIN-2590,MED-4990,42.82
laya-typed-score,PLAIN-2590,MED-4757,37.05
laya-typed-score,PLAIN-2600,MED-2371,39.34
laya-typed-score,PLAIN-2600,MED-4324,39.55
laya-typed-score,PLAIN-2600,MED-963,34.63
laya-typed-score,PLAIN-2600,MED-1889,36.19
laya-typed-score,PLAIN-2600,MED-2372,35.3
laya-typed-score,PLAIN-2600,MED-2939,35.46
laya-typed-score,PLAIN-2600,MED-2697,37.69
laya-typed-score,PLAIN-2600,MED-5330,41.64
laya-typed-score,PLAIN-2600,MED-4520,44.56
laya-typed-score,PLAIN-2600,MED-1890,41.29
laya-typed-score,PLAIN-2600,MED-5266,41.12
laya-typed-score,PLAIN-2600,MED-2975,40.4
laya-typed-score,PLAIN-2600,MED-2946,40.13
laya-typed-score,PLAIN-2600,MED-1516,39.33
laya-typed-score,PLAIN-2600,MED-2976,41.19
laya-typed-score,PLAIN-2600,MED-2849,37.27
laya-typed-score,PLAIN-2600,MED-2884,40.75
laya-typed-score,PLAIN-2600,MED-5013,38.98
laya-typed-score,PLAIN-2600,MED-2967,57.34
laya-typed-score,PLAIN-2600,MED-1683,36.68
laya-typed-score,PLAIN-2610,MED-5072,36.93
laya-typed-score,PLAIN-2610,MED-2655,34.98
laya-typed-score,PLAIN-2610,MED-2452,34.9
laya-typed-score,PLAIN-2610,MED-2460,39.65
laya-typed-score,PLAIN-2610,MED-2472,37.17
laya-typed-score,PLAIN-2610,MED-2458,36.82
laya-typed-score,PLAIN-2610,MED-2464,35.87
laya-typed-score,PLAIN-2610,MED-2471,35.65
laya-typed-score,PLAIN-2610,MED-2951,34.16
laya-typed-score,PLAIN-2610,MED-4689,34.18
laya-typed-score,PLAIN-2610,MED-2482,35.93
laya-typed-score,PLAIN-2610,MED-2484,35.3
laya-typed-score,PLAIN-2610,MED-5083,36.02
laya-typed-score,PLAIN-2610,MED-2455,35.14
laya-typed-score,PLAIN-2610,MED-3708,37.19
laya-typed-score,PLAIN-2610,MED-1833,35.21
laya-typed-score,PLAIN-2610,MED-2461,35.15
laya-typed-score,PLAIN-2610,MED-2646,36.12
laya-typed-score,PLAIN-2610,MED-895,35.16
laya-typed-score,PLAIN-2610,MED-2450,36.03
laya-typed-score,PLAIN-2620,MED-2435,36.33
laya-typed-score,PLAIN-2620,MED-3551,35.25
laya-typed-score,PLAIN-2620,MED-3747,36.21
laya-typed-score,PLAIN-2620,MED-865,35.44
laya-typed-score,PLAIN-2620,MED-4650,35.82
laya-typed-score,PLAIN-2620,MED-2988,36.81
laya-typed-score,PLAIN-2620,MED-4543,46.78
laya-typed-score,PLAIN-2620,MED-868,33.89
laya-typed-score,PLAIN-2620,MED-1180,34.5
laya-typed-score,PLAIN-2620,MED-3832,35.47
laya-typed-score,PLAIN-2620,MED-3550,35.36
laya-typed-score,PLAIN-2620,MED-4460,42.89
laya-typed-score,PLAIN-2620,MED-4089,35.57
laya-typed-score,PLAIN-2620,MED-4196,35.64
laya-typed-score,PLAIN-2620,MED-2824,34.91
laya-typed-score,PLAIN-2620,MED-4461,36.85
laya-typed-score,PLAIN-2620,MED-4907,35.94
laya-typed-score,PLAIN-2620,MED-3548,38.83
laya-typed-score,PLAIN-2620,MED-4328,36.69
laya-typed-score,PLAIN-2620,MED-3271,34.64
laya-typed-score,PLAIN-2630,MED-2643,35.2
laya-typed-score,PLAIN-2630,MED-2650,35.23
laya-typed-score,PLAIN-2630,MED-5323,35.53
laya-typed-score,PLAIN-2630,MED-1099,34.14
laya-typed-score,PLAIN-2630,MED-3703,34.94
laya-typed-score,PLAIN-2630,MED-2644,35.76
laya-typed-score,PLAIN-2630,MED-2658,35.61
laya-typed-score,PLAIN-2630,MED-2087,36.45
laya-typed-score,PLAIN-2630,MED-2652,35.46
laya-typed-score,PLAIN-2630,MED-2627,34.86
laya-typed-score,PLAIN-2630,MED-2654,35.61
laya-typed-score,PLAIN-2630,MED-5167,36.12
laya-typed-score,PLAIN-2630,MED-2445,36.11
laya-typed-score,PLAIN-2630,MED-1100,36.28
laya-typed-score,PLAIN-2630,MED-2340,46.35
laya-typed-score,PLAIN-2630,MED-2341,39.42
laya-typed-score,PLAIN-2630,MED-4728,35.39
laya-typed-score,PLAIN-2630,MED-2661,38.48
laya-typed-score,PLAIN-2630,MED-1763,35.88
laya-typed-score,PLAIN-2630,MED-3955,37.05
laya-typed-score,PLAIN-2640,MED-2745,37.19
laya-typed-score,PLAIN-2640,MED-2743,34.86
laya-typed-score,PLAIN-2640,MED-4354,35.04
laya-typed-score,PLAIN-2640,MED-3882,37.68
laya-typed-score,PLAIN-2640,MED-3880,34.94
laya-typed-score,PLAIN-2640,MED-4429,35.83
laya-typed-score,PLAIN-2640,MED-3892,36.29
laya-typed-score,PLAIN-2640,MED-2671,37.04
laya-typed-score,PLAIN-2640,MED-2741,36.78
laya-typed-score,PLAIN-2640,MED-4800,36.38
laya-typed-score,PLAIN-2640,MED-3651,36.15
laya-typed-score,PLAIN-2640,MED-2742,33.37
laya-typed-score,PLAIN-2640,MED-3891,38.47
laya-typed-score,PLAIN-2640,MED-2339,36.31
laya-typed-score,PLAIN-2640,MED-3889,36.7
laya-typed-score,PLAIN-2640,MED-3888,36.25
laya-typed-score,PLAIN-2640,MED-3653,35.85
laya-typed-score,PLAIN-2640,MED-2991,35.65
laya-typed-score,PLAIN-2640,MED-2740,35.75
laya-typed-score,PLAIN-2640,MED-2492,36.5
laya-typed-score,PLAIN-2650,MED-2800,35.77
laya-typed-score,PLAIN-2650,MED-2825,35.57
laya-typed-score,PLAIN-2650,MED-2819,45.8
laya-typed-score,PLAIN-2650,MED-2788,36.76
laya-typed-score,PLAIN-2650,MED-2817,34.59
laya-typed-score,PLAIN-2650,MED-2831,43.57
laya-typed-score,PLAIN-2650,MED-2801,34.7
laya-typed-score,PLAIN-2650,MED-2783,36.33
laya-typed-score,PLAIN-2650,MED-2794,35.45
laya-typed-score,PLAIN-2650,MED-2243,35.33
laya-typed-score,PLAIN-2650,MED-2810,34.85
laya-typed-score,PLAIN-2650,MED-2813,36.68
laya-typed-score,PLAIN-2650,MED-2811,34.93
laya-typed-score,PLAIN-2650,MED-2807,35.08
laya-typed-score,PLAIN-2650,MED-2815,55.03
laya-typed-score,PLAIN-2650,MED-2809,58.13
laya-typed-score,PLAIN-2650,MED-2822,50.14
laya-typed-score,PLAIN-2650,MED-2803,48.59
laya-typed-score,PLAIN-2650,MED-2786,49.74
laya-typed-score,PLAIN-2650,MED-2791,47.66
laya-typed-score,PLAIN-2660,MED-5097,48.81
laya-typed-score,PLAIN-2660,MED-3012,46.79
laya-typed-score,PLAIN-2660,MED-4376,47.01
laya-typed-score,PLAIN-2660,MED-5099,51.72
laya-typed-score,PLAIN-2660,MED-2907,47.65
laya-typed-score,PLAIN-2660,MED-3029,47.86
laya-typed-score,PLAIN-2660,MED-4739,56.9
laya-typed-score,PLAIN-2660,MED-4490,51.55
laya-typed-score,PLAIN-2660,MED-5098,46.42
laya-typed-score,PLAIN-2660,MED-3032,46.29
laya-typed-score,PLAIN-2660,MED-2905,45.3
laya-typed-score,PLAIN-2660,MED-4038,45.04
laya-typed-score,PLAIN-2660,MED-1955,49.9
laya-typed-score,PLAIN-2660,MED-4934,52.27
laya-typed-score,PLAIN-2660,MED-4959,48.39
laya-typed-score,PLAIN-2660,MED-1831,48.0
laya-typed-score,PLAIN-2660,MED-3028,46.88
laya-typed-score,PLAIN-2660,MED-5368,45.33
laya-typed-score,PLAIN-2660,MED-4944,51.25
laya-typed-score,PLAIN-2660,MED-4171,47.89
laya-typed-score,PLAIN-2670,MED-2994,50.91
laya-typed-score,PLAIN-2670,MED-3359,49.19
laya-typed-score,PLAIN-2670,MED-4493,50.95
laya-typed-score,PLAIN-2670,MED-3502,46.74
laya-typed-score,PLAIN-2670,MED-2618,47.38
laya-typed-score,PLAIN-2670,MED-4391,46.14
laya-typed-score,PLAIN-2670,MED-2794,43.36
laya-typed-score,PLAIN-2670,MED-2993,49.69
laya-typed-score,PLAIN-2670,MED-4451,71.26
laya-typed-score,PLAIN-2670,MED-2899,56.65
laya-typed-score,PLAIN-2670,MED-4659,53.78
laya-typed-score,PLAIN-2670,MED-4972,45.3
laya-typed-score,PLAIN-2670,MED-1728,54.44
laya-typed-score,PLAIN-2670,MED-4604,48.9
laya-typed-score,PLAIN-2670,MED-4060,45.51
laya-typed-score,PLAIN-2670,MED-2581,48.57
laya-typed-score,PLAIN-2670,MED-4197,49.89
laya-typed-score,PLAIN-2670,MED-3381,64.34
laya-typed-score,PLAIN-2670,MED-4857,62.18
laya-typed-score,PLAIN-2670,MED-4777,60.62
laya-typed-score,PLAIN-2680,MED-1961,59.26
laya-typed-score,PLAIN-2680,MED-3100,63.28
laya-typed-score,PLAIN-2680,MED-5105,54.2
laya-typed-score,PLAIN-2680,MED-5102,65.75
laya-typed-score,PLAIN-2680,MED-1098,45.04
laya-typed-score,PLAIN-2680,MED-1958,38.05
laya-typed-score,PLAIN-2680,MED-4940,39.24
laya-typed-score,PLAIN-2680,MED-3451,39.47
laya-typed-score,PLAIN-2680,MED-4437,54.79
laya-typed-score,PLAIN-2680,MED-1962,39.13
laya-typed-score,PLAIN-2680,MED-3102,35.88
laya-typed-score,PLAIN-2680,MED-2495,34.72
laya-typed-score,PLAIN-2680,MED-2388,35.78
laya-typed-score,PLAIN-2680,MED-2497,36.67
laya-typed-score,PLAIN-2680,MED-5310,38.82
laya-typed-score,PLAIN-2680,MED-3109,35.62
laya-typed-score,PLAIN-2680,MED-4735,38.84
laya-typed-score,PLAIN-2680,MED-2115,37.13
laya-typed-score,PLAIN-2680,MED-3112,35.69
laya-typed-score,PLAIN-2680,MED-4740,35.69
laya-typed-score,PLAIN-2690,MED-3288,35.48
laya-typed-score,PLAIN-2690,MED-4818,36.54
laya-typed-score,PLAIN-2690,MED-3515,36.99
laya-typed-score,PLAIN-2690,MED-1979,35.89
laya-typed-score,PLAIN-2690,MED-3169,34.79
laya-typed-score,PLAIN-2690,MED-3319,35.82
laya-typed-score,PLAIN-2690,MED-3175,37.93
laya-typed-score,PLAIN-2690,MED-1977,35.21
laya-typed-score,PLAIN-2690,MED-4797,37.24
laya-typed-score,PLAIN-2690,MED-3171,34.61
laya-typed-score,PLAIN-2690,MED-2340,36.69
laya-typed-score,PLAIN-2690,MED-1983,35.27
laya-typed-score,PLAIN-2690,MED-4138,41.24
laya-typed-score,PLAIN-2690,MED-2678,35.62
laya-typed-score,PLAIN-2690,MED-2369,35.63
laya-typed-score,PLAIN-2690,MED-3307,41.79
laya-typed-score,PLAIN-2690,MED-3660,42.5
laya-typed-score,PLAIN-2690,MED-2671,35.19
laya-typed-score,PLAIN-2690,MED-4134,37.67
laya-typed-score,PLAIN-2690,MED-2347,36.55
laya-typed-score,PLAIN-2700,MED-3253,35.71
laya-typed-score,PLAIN-2700,MED-3954,37.3
laya-typed-score,PLAIN-2700,MED-1366,36.6
laya-typed-score,PLAIN-2700,MED-2590,36.14
laya-typed-score,PLAIN-2700,MED-1409,36.54
laya-typed-score,PLAIN-2700,MED-2476,36.5
laya-typed-score,PLAIN-2700,MED-1120,34.7
laya-typed-score,PLAIN-2700,MED-1190,35.57
laya-typed-score,PLAIN-2700,MED-1548,35.86
laya-typed-score,PLAIN-2700,MED-4315,36.35
laya-typed-score,PLAIN-2700,MED-4255,34.78
laya-typed-score,PLAIN-2700,MED-4613,35.56
laya-typed-score,PLAIN-2700,MED-1722,35.8
laya-typed-score,PLAIN-2700,MED-4609,38.25
laya-typed-score,PLAIN-2700,MED-1129,36.2
laya-typed-score,PLAIN-2700,MED-4680,36.57
laya-typed-score,PLAIN-2700,MED-1381,35.73
laya-typed-score,PLAIN-2700,MED-1429,37.94
laya-typed-score,PLAIN-2700,MED-1996,35.92
laya-typed-score,PLAIN-2700,MED-2111,42.63
laya-typed-score,PLAIN-2710,MED-3380,35.24
laya-typed-score,PLAIN-2710,MED-3382,34.46
laya-typed-score,PLAIN-2710,MED-3381,35.58
laya-typed-score,PLAIN-2710,MED-5062,47.49
laya-typed-score,PLAIN-2710,MED-1153,39.08
laya-typed-score,PLAIN-2710,MED-5054,37.3
laya-typed-score,PLAIN-2710,MED-1630,36.77
laya-typed-score,PLAIN-2710,MED-2924,34.62
laya-typed-score,PLAIN-2710,MED-4655,40.32
laya-typed-score,PLAIN-2710,MED-3351,35.76
laya-typed-score,PLAIN-2710,MED-3050,36.49
laya-typed-score,PLAIN-2710,MED-1623,35.98
laya-typed-score,PLAIN-2710,MED-887,35.45
laya-typed-score,PLAIN-2710,MED-4172,35.6
laya-typed-score,PLAIN-2710,MED-5288,35.02
laya-typed-score,PLAIN-2710,MED-3057,36.63
laya-typed-score,PLAIN-2710,MED-4869,35.87
laya-typed-score,PLAIN-2710,MED-3060,36.41
laya-typed-score,PLAIN-2710,MED-3383,35.9
laya-typed-score,PLAIN-2710,MED-5063,41.36
laya-typed-score,PLAIN-2720,MED-3483,36.12
laya-typed-score,PLAIN-2720,MED-4392,36.37
laya-typed-score,PLAIN-2720,MED-2083,34.84
laya-typed-score,PLAIN-2720,MED-4804,35.24
laya-typed-score,PLAIN-2720,MED-1982,36.2
laya-typed-score,PLAIN-2720,MED-2265,37.15
laya-typed-score,PLAIN-2720,MED-2711,35.29
laya-typed-score,PLAIN-2720,MED-4969,36.88
laya-typed-score,PLAIN-2720,MED-2707,35.25
laya-typed-score,PLAIN-2720,MED-2713,36.63
laya-typed-score,PLAIN-2720,MED-2803,34.2
laya-typed-score,PLAIN-2720,MED-3474,47.03
laya-typed-score,PLAIN-2720,MED-3204,36.68
laya-typed-score,PLAIN-2720,MED-5088,35.25
laya-typed-score,PLAIN-2720,MED-1846,33.64
laya-typed-score,PLAIN-2720,MED-2073,36.55
laya-typed-score,PLAIN-2720,MED-3479,36.65
laya-typed-score,PLAIN-2720,MED-4429,35.8
laya-typed-score,PLAIN-2720,MED-3210,39.91
laya-typed-score,PLAIN-2720,MED-4256,43.62
laya-typed-score,PLAIN-2730,MED-2573,36.76
laya-typed-score,PLAIN-2730,MED-3554,35.76
laya-typed-score,PLAIN-2730,MED-3840,36.86
laya-typed-score,PLAIN-2730,MED-3551,35.68
laya-typed-score,PLAIN-2730,MED-3553,36.88
laya-typed-score,PLAIN-2730,MED-3550,35.56
laya-typed-score,PLAIN-2730,MED-3548,35.99
laya-typed-score,PLAIN-2730,MED-2513,37.38
laya-typed-score,PLAIN-2730,MED-4532,38.37
laya-typed-score,PLAIN-2730,MED-2134,35.72
laya-typed-score,PLAIN-2730,MED-3552,36.27
laya-typed-score,PLAIN-2730,MED-4619,35.52
laya-typed-score,PLAIN-2730,MED-4089,35.77
laya-typed-score,PLAIN-2730,MED-4116,35.95
laya-typed-score,PLAIN-2730,MED-2357,38.95
laya-typed-score,PLAIN-2730,MED-1315,42.39
laya-typed-score,PLAIN-2730,MED-2427,39.61
laya-typed-score,PLAIN-2730,MED-3549,39.43
laya-typed-score,PLAIN-2730,MED-2818,50.31
laya-typed-score,PLAIN-2730,MED-4224,43.85
laya-typed-score,PLAIN-2740,MED-3627,38.88
laya-typed-score,PLAIN-2740,MED-2940,40.25
laya-typed-score,PLAIN-2740,MED-3624,37.92
laya-typed-score,PLAIN-2740,MED-3623,36.9
laya-typed-score,PLAIN-2740,MED-2947,40.2
laya-typed-score,PLAIN-2740,MED-3562,39.64
laya-typed-score,PLAIN-2740,MED-3619,35.79
laya-typed-score,PLAIN-2740,MED-3615,37.94
laya-typed-score,PLAIN-2740,MED-3193,38.21
laya-typed-score,PLAIN-2740,MED-3787,38.96
laya-typed-score,PLAIN-2740,MED-3590,38.35
laya-typed-score,PLAIN-2740,MED-3636,35.73
laya-typed-score,PLAIN-2740,MED-3634,36.78
laya-typed-score,PLAIN-2740,MED-3620,37.34
laya-typed-score,PLAIN-2740,MED-3608,35.75
laya-typed-score,PLAIN-2740,MED-3618,34.41
laya-typed-score,PLAIN-2740,MED-3313,34.4
laya-typed-score,PLAIN-2740,MED-5313,37.99
laya-typed-score,PLAIN-2740,MED-3621,38.03
laya-typed-score,PLAIN-2740,MED-3607,36.1
laya-typed-score,PLAIN-2750,MED-3683,34.67
laya-typed-score,PLAIN-2750,MED-3680,34.98
laya-typed-score,PLAIN-2750,MED-4762,38.49
laya-typed-score,PLAIN-2750,MED-3695,35.93
laya-typed-score,PLAIN-2750,MED-3692,34.86
laya-typed-score,PLAIN-2750,MED-3690,38.06
laya-typed-score,PLAIN-2750,MED-1300,44.32
laya-typed-score,PLAIN-2750,MED-3677,35.63
laya-typed-score,PLAIN-2750,MED-5031,35.73
laya-typed-score,PLAIN-2750,MED-3693,35.62
laya-typed-score,PLAIN-2750,MED-4564,38.17
laya-typed-score,PLAIN-2750,MED-3691,36.14
laya-typed-score,PLAIN-2750,MED-3679,36.02
laya-typed-score,PLAIN-2750,MED-3673,35.23
laya-typed-score,PLAIN-2750,MED-3676,35.67
laya-typed-score,PLAIN-2750,MED-1413,36.6
laya-typed-score,PLAIN-2750,MED-3644,36.65
laya-typed-score,PLAIN-2750,MED-3164,36.17
laya-typed-score,PLAIN-2750,MED-4760,34.43
laya-typed-score,PLAIN-2750,MED-4266,35.02
laya-typed-score,PLAIN-2760,MED-4600,36.62
laya-typed-score,PLAIN-2760,MED-2220,34.84
laya-typed-score,PLAIN-2760,MED-1377,34.61
laya-typed-score,PLAIN-2760,MED-1650,38.1
laya-typed-score,PLAIN-2760,MED-1210,36.71
laya-typed-score,PLAIN-2760,MED-4313,38.69
laya-typed-score,PLAIN-2760,MED-1212,41.13
laya-typed-score,PLAIN-2760,MED-3900,39.36
laya-typed-score,PLAIN-2760,MED-1209,42.19
laya-typed-score,PLAIN-2760,MED-3376,39.37
laya-typed-score,PLAIN-2760,MED-5229,39.6
laya-typed-score,PLAIN-2760,MED-4388,40.9
laya-typed-score,PLAIN-2760,MED-1563,41.48
laya-typed-score,PLAIN-2760,MED-2201,51.39
laya-typed-score,PLAIN-2760,MED-3769,39.71
laya-typed-score,PLAIN-2760,MED-5220,37.59
laya-typed-score,PLAIN-2760,MED-1058,39.05
laya-typed-score,PLAIN-2760,MED-2305,39.36
laya-typed-score,PLAIN-2760,MED-4288,37.7
laya-typed-score,PLAIN-2760,MED-1448,37.42
laya-typed-score,PLAIN-2770,MED-3832,37.18
laya-typed-score,PLAIN-2770,MED-5116,39.5
laya-typed-score,PLAIN-2770,MED-3123,36.45
laya-typed-score,PLAIN-2770,MED-2437,35.68
laya-typed-score,PLAIN-2770,MED-3127,39.47
laya-typed-score,PLAIN-2770,MED-4450,39.91
laya-typed-score,PLAIN-2770,MED-3830,40.13
laya-typed-score,PLAIN-2770,MED-3834,39.94
laya-typed-score,PLAIN-2770,MED-3139,37.17
laya-typed-score,PLAIN-2770,MED-3855,37.72
laya-typed-score,PLAIN-2770,MED-3142,40.07
laya-typed-score,PLAIN-2770,MED-4440,43.16
laya-typed-score,PLAIN-2770,MED-1825,39.38
laya-typed-score,PLAIN-2770,MED-3853,45.79
laya-typed-score,PLAIN-2770,MED-3238,51.88
laya-typed-score,PLAIN-2770,MED-5066,36.55
laya-typed-score,PLAIN-2770,MED-3698,39.78
laya-typed-score,PLAIN-2770,MED-1826,38.15
laya-typed-score,PLAIN-2770,MED-4445,58.69
laya-typed-score,PLAIN-2770,MED-14,37.76
laya-typed-score,PLAIN-2780,MED-3896,34.29
laya-typed-score,PLAIN-2780,MED-4292,37.22
laya-typed-score,PLAIN-2780,MED-4291,41.62
laya-typed-score,PLAIN-2780,MED-4707,36.12
laya-typed-score,PLAIN-2780,MED-2595,35.01
laya-typed-score,PLAIN-2780,MED-4286,35.66
laya-typed-score,PLAIN-2780,MED-2594,34.6
laya-typed-score,PLAIN-2780,MED-1381,35.75
laya-typed-score,PLAIN-2780,MED-4289,37.43
laya-typed-score,PLAIN-2780,MED-1305,34.26
laya-typed-score,PLAIN-2780,MED-4284,36.51
laya-typed-score,PLAIN-2780,MED-3900,35.57
laya-typed-score,PLAIN-2780,MED-3208,37.83
laya-typed-score,PLAIN-2780,MED-1387,37.6
laya-typed-score,PLAIN-2780,MED-2529,38.24
laya-typed-score,PLAIN-2780,MED-4290,36.97
laya-typed-score,PLAIN-2780,MED-2597,35.13
laya-typed-score,PLAIN-2780,MED-2592,36.22
laya-typed-score,PLAIN-2780,MED-1262,36.1
laya-typed-score,PLAIN-2780,MED-2593,35.57
laya-typed-score,PLAIN-2790,MED-3970,35.33
laya-typed-score,PLAIN-2790,MED-3969,35.91
laya-typed-score,PLAIN-2790,MED-3963,35.67
laya-typed-score,PLAIN-2790,MED-3964,36.35
laya-typed-score,PLAIN-2790,MED-1576,35.34
laya-typed-score,PLAIN-2790,MED-1188,36.02
laya-typed-score,PLAIN-2790,MED-2811,45.95
laya-typed-score,PLAIN-2790,MED-2359,34.57
laya-typed-score,PLAIN-2790,MED-4342,37.48
laya-typed-score,PLAIN-2790,MED-1184,35.67
laya-typed-score,PLAIN-2790,MED-3508,46.54
laya-typed-score,PLAIN-2790,MED-2788,34.44
laya-typed-score,PLAIN-2790,MED-2037,37.54
laya-typed-score,PLAIN-2790,MED-3507,36.56
laya-typed-score,PLAIN-2790,MED-3496,35.28
laya-typed-score,PLAIN-2790,MED-3106,33.91
laya-typed-score,PLAIN-2790,MED-1582,35.78
laya-typed-score,PLAIN-2790,MED-2809,36.19
laya-typed-score,PLAIN-2790,MED-1028,34.76
laya-typed-score,PLAIN-2790,MED-3501,35.81
laya-typed-score,PLAIN-2800,MED-2068,36.56
laya-typed-score,PLAIN-2800,MED-2235,39.27
laya-typed-score,PLAIN-2800,MED-5075,37.64
laya-typed-score,PLAIN-2800,MED-4454,41.96
laya-typed-score,PLAIN-2800,MED-2074,35.31
laya-typed-score,PLAIN-2800,MED-4456,36.36
laya-typed-score,PLAIN-2800,MED-2070,35.99
laya-typed-score,PLAIN-2800,MED-2232,35.45
laya-typed-score,PLAIN-2800,MED-2071,36.87
laya-typed-score,PLAIN-2800,MED-2231,35.45
laya-typed-score,PLAIN-2800,MED-912,36.62
laya-typed-score,PLAIN-2800,MED-2098,34.4
laya-typed-score,PLAIN-2800,MED-1309,37.17
laya-typed-score,PLAIN-2800,MED-2229,37.35
laya-typed-score,PLAIN-2800,MED-4040,46.62
laya-typed-score,PLAIN-2800,MED-2233,37.53
laya-typed-score,PLAIN-2800,MED-4873,35.31
laya-typed-score,PLAIN-2800,MED-5162,35.0
laya-typed-score,PLAIN-2800,MED-2793,36.32
laya-typed-score,PLAIN-2800,MED-2234,36.52
laya-typed-score,PLAIN-2810,MED-2491,35.64
laya-typed-score,PLAIN-2810,MED-1792,38.22
laya-typed-score,PLAIN-2810,MED-4267,39.89
laya-typed-score,PLAIN-2810,MED-4580,39.59
laya-typed-score,PLAIN-2810,MED-5019,37.97
laya-typed-score,PLAIN-2810,MED-4590,38.19
laya-typed-score,PLAIN-2810,MED-4090,39.4
laya-typed-score,PLAIN-2810,MED-2969,43.44
laya-typed-score,PLAIN-2810,MED-3908,60.45
laya-typed-score,PLAIN-2810,MED-5082,63.18
laya-typed-score,PLAIN-2810,MED-3734,55.2
laya-typed-score,PLAIN-2810,MED-2226,45.29
laya-typed-score,PLAIN-2810,MED-1710,58.84
laya-typed-score,PLAIN-2810,MED-1625,49.73
laya-typed-score,PLAIN-2810,MED-1845,53.31
laya-typed-score,PLAIN-2810,MED-1670,49.88
laya-typed-score,PLAIN-2810,MED-5056,52.39
laya-typed-score,PLAIN-2810,MED-1846,67.37
laya-typed-score,PLAIN-2810,MED-3469,46.57
laya-typed-score,PLAIN-2810,MED-1790,45.88
laya-typed-score,PLAIN-2820,MED-1677,46.29
laya-typed-score,PLAIN-2820,MED-2698,46.19
laya-typed-score,PLAIN-2820,MED-1233,44.65
laya-typed-score,PLAIN-2820,MED-1691,44.71
laya-typed-score,PLAIN-2820,MED-4560,44.77
laya-typed-score,PLAIN-2820,MED-1394,46.72
laya-typed-score,PLAIN-2820,MED-4106,52.26
laya-typed-score,PLAIN-2820,MED-1192,47.94
laya-typed-score,PLAIN-2820,MED-1232,46.01
laya-typed-score,PLAIN-2820,MED-1701,45.33
laya-typed-score,PLAIN-2820,MED-2763,43.3
laya-typed-score,PLAIN-2820,MED-3474,44.75
laya-typed-score,PLAIN-2820,MED-3550,44.18
laya-typed-score,PLAIN-2820,MED-3432,46.22
laya-typed-score,PLAIN-2820,MED-1329,49.43
laya-typed-score,PLAIN-2820,MED-4603,45.36
laya-typed-score,PLAIN-2820,MED-4831,43.67
laya-typed-score,PLAIN-2820,MED-5301,44.07
laya-typed-score,PLAIN-2820,MED-1554,44.07
laya-typed-score,PLAIN-2820,MED-4724,48.56
laya-typed-score,PLAIN-2830,MED-5054,53.03
laya-typed-score,PLAIN-2830,MED-1625,59.08
laya-typed-score,PLAIN-2830,MED-4120,56.21
laya-typed-score,PLAIN-2830,MED-4126,50.87
laya-typed-score,PLAIN-2830,MED-3380,46.77
laya-typed-score,PLAIN-2830,MED-1623,45.28
laya-typed-score,PLAIN-2830,MED-1624,47.55
laya-typed-score,PLAIN-2830,MED-5056,43.44
laya-typed-score,PLAIN-2830,MED-1630,45.79
laya-typed-score,PLAIN-2830,MED-5053,45.81
laya-typed-score,PLAIN-2830,MED-4868,44.37
laya-typed-score,PLAIN-2830,MED-1627,53.88
laya-typed-score,PLAIN-2830,MED-3382,59.5
laya-typed-score,PLAIN-2830,MED-5062,54.43
laya-typed-score,PLAIN-2830,MED-1708,59.18
laya-typed-score,PLAIN-2830,MED-3521,54.78
laya-typed-score,PLAIN-2830,MED-5057,52.3
laya-typed-score,PLAIN-2830,MED-3810,53.96
laya-typed-score,PLAIN-2830,MED-4604,48.32
laya-typed-score,PLAIN-2830,MED-3540,34.99
laya-typed-score,PLAIN-2840,MED-2009,37.33
laya-typed-score,PLAIN-2840,MED-4455,35.96
laya-typed-score,PLAIN-2840,MED-4295,49.15
laya-typed-score,PLAIN-2840,MED-2010,37.34
laya-typed-score,PLAIN-2840,MED-3146,36.17
laya-typed-score,PLAIN-2840,MED-3145,37.72
laya-typed-score,PLAIN-2840,MED-2233,38.4
laya-typed-score,PLAIN-2840,MED-2335,38.21
laya-typed-score,PLAIN-2840,MED-4443,38.15
laya-typed-score,PLAIN-2840,MED-5354,38.15
laya-typed-score,PLAIN-2840,MED-2595,38.31
laya-typed-score,PLAIN-2840,MED-1444,42.68
laya-typed-score,PLAIN-2840,MED-4705,35.73
laya-typed-score,PLAIN-2840,MED-3535,35.83
laya-typed-score,PLAIN-2840,MED-3906,34.96
laya-typed-score,PLAIN-2840,MED-2570,36.46
laya-typed-score,PLAIN-2840,MED-1493,35.52
laya-typed-score,PLAIN-2840,MED-4150,36.86
laya-typed-score,PLAIN-2840,MED-4716,36.19
laya-typed-score,PLAIN-2840,MED-948,36.03
laya-typed-score,PLAIN-2850,MED-1977,36.49
laya-typed-score,PLAIN-2850,MED-3000,34.65
laya-typed-score,PLAIN-2850,MED-5207,34.2
laya-typed-score,PLAIN-2850,MED-5326,35.0
laya-typed-score,PLAIN-2850,MED-2584,37.16
laya-typed-score,PLAIN-2850,MED-3788,36.85
laya-typed-score,PLAIN-2850,MED-3891,38.45
laya-typed-score,PLAIN-2850,MED-2671,35.8
laya-typed-score,PLAIN-2850,MED-4593,43.81
laya-typed-score,PLAIN-2850,MED-4482,49.53
laya-typed-score,PLAIN-2850,MED-4493,34.32
laya-typed-score,PLAIN-2850,MED-4358,34.57
laya-typed-score,PLAIN-2850,MED-4799,35.15
laya-typed-score,PLAIN-2850,MED-4057,35.02
laya-typed-score,PLAIN-2850,MED-2673,34.17
laya-typed-score,PLAIN-2850,MED-5110,35.5
laya-typed-score,PLAIN-2850,MED-4429,34.81
laya-typed-score,PLAIN-2850,MED-1114,37.46
laya-typed-score,PLAIN-2850,MED-2168,42.45
laya-typed-score,PLAIN-2850,MED-4069,35.91
laya-typed-score,PLAIN-2860,MED-4185,35.33
laya-typed-score,PLAIN-2860,MED-4186,38.02
laya-typed-score,PLAIN-2860,MED-3421,36.18
laya-typed-score,PLAIN-2860,MED-3429,35.47
laya-typed-score,PLAIN-2860,MED-3407,34.52
laya-typed-score,PLAIN-2860,MED-3590,36.67
laya-typed-score,PLAIN-2860,MED-828,35.4
laya-typed-score,PLAIN-2860,MED-3431,37.72
laya-typed-score,PLAIN-2860,MED-3440,36.39
laya-typed-score,PLAIN-2860,MED-3425,35.9
laya-typed-score,PLAIN-2860,MED-3430,35.68
laya-typed-score,PLAIN-2860,MED-3424,36.65
laya-typed-score,PLAIN-2860,MED-1010,37.58
laya-typed-score,PLAIN-2860,MED-746,36.34
laya-typed-score,PLAIN-2860,MED-1198,35.9
laya-typed-score,PLAIN-2860,MED-3439,35.56
laya-typed-score,PLAIN-2860,MED-3423,35.94
laya-typed-score,PLAIN-2860,MED-3434,48.19
laya-typed-score,PLAIN-2860,MED-3428,37.03
laya-typed-score,PLAIN-2860,MED-4022,34.94
laya-typed-score,PLAIN-2870,MED-2253,34.54
laya-typed-score,PLAIN-2870,MED-2178,35.06
laya-typed-score,PLAIN-2870,MED-2491,35.43
laya-typed-score,PLAIN-2870,MED-3378,36.06
laya-typed-score,PLAIN-2870,MED-2260,37.94
laya-typed-score,PLAIN-2870,MED-4531,42.02
laya-typed-score,PLAIN-2870,MED-872,36.42
laya-typed-score,PLAIN-2870,MED-4908,37.32
laya-typed-score,PLAIN-2870,MED-3013,36.23
laya-typed-score,PLAIN-2870,MED-2256,35.65
laya-typed-score,PLAIN-2870,MED-3593,35.8
laya-typed-score,PLAIN-2870,MED-3379,34.46
laya-typed-score,PLAIN-2870,MED-4533,36.57
laya-typed-score,PLAIN-2870,MED-3595,36.03
laya-typed-score,PLAIN-2870,MED-4529,36.25
laya-typed-score,PLAIN-2870,MED-3592,35.42
laya-typed-score,PLAIN-2870,MED-1848,34.3
laya-typed-score,PLAIN-2870,MED-3958,34.95
laya-typed-score,PLAIN-2870,MED-3227,38.56
laya-typed-score,PLAIN-2870,MED-910,43.01
laya-typed-score,PLAIN-2880,MED-4890,34.5
laya-typed-score,PLAIN-2880,MED-1780,37.31
laya-typed-score,PLAIN-2880,MED-1437,36.49
laya-typed-score,PLAIN-2880,MED-1031,36.24
laya-typed-score,PLAIN-2880,MED-2522,36.26
laya-typed-score,PLAIN-2880,MED-4792,49.53
laya-typed-score,PLAIN-2880,MED-4654,36.49
laya-typed-score,PLAIN-2880,MED-4914,39.71
laya-typed-score,PLAIN-2880,MED-1352,36.34
laya-typed-score,PLAIN-2880,MED-1914,36.73
laya-typed-score,PLAIN-2880,MED-4463,35.51
laya-typed-score,PLAIN-2880,MED-979,37.28
laya-typed-score,PLAIN-2880,MED-2502,36.7
laya-typed-score,PLAIN-2880,MED-4493,35.48
laya-typed-score,PLAIN-2880,MED-2116,35.03
laya-typed-score,PLAIN-2880,MED-2208,35.93
laya-typed-score,PLAIN-2880,MED-1171,35.26
laya-typed-score,PLAIN-2880,MED-2514,34.66
laya-typed-score,PLAIN-2880,MED-1041,36.34
laya-typed-score,PLAIN-2880,MED-2323,35.45
laya-typed-score,PLAIN-2890,MED-1533,35.92
laya-typed-score,PLAIN-2890,MED-4250,35.86
laya-typed-score,PLAIN-2890,MED-1538,37.05
laya-typed-score,PLAIN-2890,MED-1534,35.09
laya-typed-score,PLAIN-2890,MED-3351,35.94
laya-typed-score,PLAIN-2890,MED-3370,35.34
laya-typed-score,PLAIN-2890,MED-3376,37.0
laya-typed-score,PLAIN-2890,MED-1535,35.94
laya-typed-score,PLAIN-2890,MED-3143,36.17
laya-typed-score,PLAIN-2890,MED-3896,36.3
laya-typed-score,PLAIN-2890,MED-4172,35.8
laya-typed-score,PLAIN-2890,MED-3369,35.61
laya-typed-score,PLAIN-2890,MED-4284,37.83
laya-typed-score,PLAIN-2890,MED-1709,46.58
laya-typed-score,PLAIN-2890,MED-4287,39.21
laya-typed-score,PLAIN-2890,MED-2418,35.92
laya-typed-score,PLAIN-2890,MED-4262,35.4
laya-typed-score,PLAIN-2890,MED-4765,36.96
laya-typed-score,PLAIN-2890,MED-3583,38.62
laya-typed-score,PLAIN-2890,MED-4028,41.6
laya-typed-score,PLAIN-2900,MED-3692,36.21
laya-typed-score,PLAIN-2900,MED-3679,36.1
laya-typed-score,PLAIN-2900,MED-1420,34.46
laya-typed-score,PLAIN-2900,MED-1413,35.03
laya-typed-score,PLAIN-2900,MED-3677,35.28
laya-typed-score,PLAIN-2900,MED-1417,35.97
laya-typed-score,PLAIN-2900,MED-3690,35.84
laya-typed-score,PLAIN-2900,MED-3693,35.05
laya-typed-score,PLAIN-2900,MED-5198,38.84
laya-typed-score,PLAIN-2900,MED-3695,36.97
laya-typed-score,PLAIN-2900,MED-3680,34.14
laya-typed-score,PLAIN-2900,MED-2105,36.58
laya-typed-score,PLAIN-2900,MED-4271,36.03
laya-typed-score,PLAIN-2900,MED-3105,37.54
laya-typed-score,PLAIN-2900,MED-3673,36.06
laya-typed-score,PLAIN-2900,MED-1421,35.17
laya-typed-score,PLAIN-2900,MED-3678,35.61
laya-typed-score,PLAIN-2900,MED-1574,36.11
laya-typed-score,PLAIN-2900,MED-3691,36.27
laya-typed-score,PLAIN-2900,MED-4760,35.64
laya-typed-score,PLAIN-2910,MED-4295,42.54
laya-typed-score,PLAIN-2910,MED-4296,43.2
laya-typed-score,PLAIN-2910,MED-3492,36.52
laya-typed-score,PLAIN-2910,MED-5115,35.21
laya-typed-score,PLAIN-2910,MED-3688,37.65
laya-typed-score,PLAIN-2910,MED-2430,38.14
laya-typed-score,PLAIN-2910,MED-752,40.91
laya-typed-score,PLAIN-2910,MED-3530,34.98
laya-typed-score,PLAIN-2910,MED-2983,35.62
laya-typed-score,PLAIN-2910,MED-3144,35.41
laya-typed-score,PLAIN-2910,MED-5069,37.15
laya-typed-score,PLAIN-2910,MED-1259,37.31
laya-typed-score,PLAIN-2910,MED-3606,38.18
laya-typed-score,PLAIN-2910,MED-2311,39.48
laya-typed-score,PLAIN-2910,MED-2235,36.97
laya-typed-score,PLAIN-2910,MED-4573,35.13
laya-typed-score,PLAIN-2910,MED-4913,35.98
laya-typed-score,PLAIN-2910,MED-836,39.22
laya-typed-score,PLAIN-2910,MED-4456,40.73
laya-typed-score,PLAIN-2910,MED-1586,42.09
laya-typed-score,PLAIN-2920,MED-4309,37.53
laya-typed-score,PLAIN-2920,MED-3532,38.35
laya-typed-score,PLAIN-2920,MED-2333,34.63
laya-typed-score,PLAIN-2920,MED-3522,36.02
laya-typed-score,PLAIN-2920,MED-2331,43.29
laya-typed-score,PLAIN-2920,MED-2070,40.25
laya-typed-score,PLAIN-2920,MED-3607,35.94
laya-typed-score,PLAIN-2920,MED-2335,41.82
laya-typed-score,PLAIN-2920,MED-1623,38.88
laya-typed-score,PLAIN-2920,MED-5365,35.26
laya-typed-score,PLAIN-2920,MED-2327,36.87
laya-typed-score,PLAIN-2920,MED-2332,38.8
laya-typed-score,PLAIN-2920,MED-1352,41.71
laya-typed-score,PLAIN-2920,MED-2204,35.93
laya-typed-score,PLAIN-2920,MED-2066,36.5
laya-typed-score,PLAIN-2920,MED-3279,37.8
laya-typed-score,PLAIN-2920,MED-4915,35.88
laya-typed-score,PLAIN-2920,MED-3518,34.34
laya-typed-score,PLAIN-2920,MED-4203,35.11
laya-typed-score,PLAIN-2920,MED-1293,36.58
laya-typed-score,PLAIN-2930,MED-4325,36.1
laya-typed-score,PLAIN-2930,MED-1007,34.87
laya-typed-score,PLAIN-2930,MED-1017,34.77
laya-typed-score,PLAIN-2930,MED-1006,35.48
laya-typed-score,PLAIN-2930,MED-1005,37.23
laya-typed-score,PLAIN-2930,MED-1013,36.25
laya-typed-score,PLAIN-2930,MED-4832,37.63
laya-typed-score,PLAIN-2930,MED-3512,35.43
laya-typed-score,PLAIN-2930,MED-4875,37.11
laya-typed-score,PLAIN-2930,MED-1686,38.41
laya-typed-score,PLAIN-2930,MED-1014,38.61
laya-typed-score,PLAIN-2930,MED-946,38.86
laya-typed-score,PLAIN-2930,MED-3539,37.11
laya-typed-score,PLAIN-2930,MED-3514,34.94
laya-typed-score,PLAIN-2930,MED-1009,35.28
laya-typed-score,PLAIN-2930,MED-3508,48.56
laya-typed-score,PLAIN-2930,MED-3506,36.33
laya-typed-score,PLAIN-2930,MED-1012,37.31
laya-typed-score,PLAIN-2930,MED-1040,40.66
laya-typed-score,PLAIN-2930,MED-1035,38.13
laya-typed-score,PLAIN-2940,MED-3961,35.72
laya-typed-score,PLAIN-2940,MED-1579,39.51
laya-typed-score,PLAIN-2940,MED-1578,34.35
laya-typed-score,PLAIN-2940,MED-1581,35.67
laya-typed-score,PLAIN-2940,MED-3965,35.84
laya-typed-score,PLAIN-2940,MED-1425,38.22
laya-typed-score,PLAIN-2940,MED-3966,35.88
laya-typed-score,PLAIN-2940,MED-3967,34.68
laya-typed-score,PLAIN-2940,MED-1580,37.12
laya-typed-score,PLAIN-2940,MED-1582,34.92
laya-typed-score,PLAIN-2940,MED-3963,35.87
laya-typed-score,PLAIN-2940,MED-1575,34.99
laya-typed-score,PLAIN-2940,MED-1574,41.11
laya-typed-score,PLAIN-2940,MED-1576,34.96
laya-typed-score,PLAIN-2940,MED-2811,34.8
laya-typed-score,PLAIN-2940,MED-3970,35.81
laya-typed-score,PLAIN-2940,MED-4372,34.71
laya-typed-score,PLAIN-2940,MED-2062,36.99
laya-typed-score,PLAIN-2940,MED-3964,35.32
laya-typed-score,PLAIN-2940,MED-933,36.17
laya-typed-score,PLAIN-2950,MED-2742,35.62
laya-typed-score,PLAIN-2950,MED-4140,34.17
laya-typed-score,PLAIN-2950,MED-5164,37.25
laya-typed-score,PLAIN-2950,MED-4201,47.8
laya-typed-score,PLAIN-2950,MED-4944,37.35
laya-typed-score,PLAIN-2950,MED-4972,38.28
laya-typed-score,PLAIN-2950,MED-4148,36.47
laya-typed-score,PLAIN-2950,MED-5101,36.3
laya-typed-score,PLAIN-2950,MED-1957,35.45
laya-typed-score,PLAIN-2950,MED-2738,35.92
laya-typed-score,PLAIN-2950,MED-1625,35.0
laya-typed-score,PLAIN-2950,MED-913,36.37
laya-typed-score,PLAIN-2950,MED-1144,37.42
laya-typed-score,PLAIN-2950,MED-1147,37.31
laya-typed-score,PLAIN-2950,MED-4429,36.78
laya-typed-score,PLAIN-2950,MED-4443,35.07
laya-typed-score,PLAIN-2950,MED-1956,37.57
laya-typed-score,PLAIN-2950,MED-4805,35.65
laya-typed-score,PLAIN-2950,MED-4205,35.76
laya-typed-score,PLAIN-2950,MED-5347,35.87
laya-typed-score,PLAIN-2960,MED-4371,37.21
laya-typed-score,PLAIN-2960,MED-4372,33.83
laya-typed-score,PLAIN-2960,MED-4374,35.41
laya-typed-score,PLAIN-2960,MED-4370,35.23
laya-typed-score,PLAIN-2960,MED-1553,35.09
laya-typed-score,PLAIN-2960,MED-2750,36.87
laya-typed-score,PLAIN-2960,MED-1051,35.98
laya-typed-score,PLAIN-2960,MED-4366,36.05
laya-typed-score,PLAIN-2960,MED-1549,35.64
laya-typed-score,PLAIN-2960,MED-4969,36.96
laya-typed-score,PLAIN-2960,MED-2016,37.07
laya-typed-score,PLAIN-2960,MED-5123,51.23
laya-typed-score,PLAIN-2960,MED-4598,44.2
laya-typed-score,PLAIN-2960,MED-4673,37.45
laya-typed-score,PLAIN-2960,MED-4246,35.73
laya-typed-score,PLAIN-2960,MED-1055,36.61
laya-typed-score,PLAIN-2960,MED-1143,34.4
laya-typed-score,PLAIN-2960,MED-1394,35.15
laya-typed-score,PLAIN-2960,MED-1058,37.23
laya-typed-score,PLAIN-2960,MED-5229,37.27
laya-typed-score,PLAIN-2970,MED-2888,37.24
laya-typed-score,PLAIN-2970,MED-836,37.37
laya-typed-score,PLAIN-2970,MED-4993,36.39
laya-typed-score,PLAIN-2970,MED-3550,35.7
laya-typed-score,PLAIN-2970,MED-4382,35.85
laya-typed-score,PLAIN-2970,MED-2062,37.23
laya-typed-score,PLAIN-2970,MED-2889,59.42
laya-typed-score,PLAIN-2970,MED-4724,60.52
laya-typed-score,PLAIN-2970,MED-2069,53.0
laya-typed-score,PLAIN-2970,MED-4114,49.53
laya-typed-score,PLAIN-2970,MED-2895,54.22
laya-typed-score,PLAIN-2970,MED-4030,45.33
laya-typed-score,PLAIN-2970,MED-970,48.4
laya-typed-score,PLAIN-2970,MED-1383,43.75
laya-typed-score,PLAIN-2970,MED-1192,45.89
laya-typed-score,PLAIN-2970,MED-5218,68.38
laya-typed-score,PLAIN-2970,MED-1026,49.89
laya-typed-score,PLAIN-2970,MED-2896,45.26
laya-typed-score,PLAIN-2970,MED-3282,45.61
laya-typed-score,PLAIN-2970,MED-4388,48.12
laya-typed-score,PLAIN-2981,MED-4403,47.22
laya-typed-score,PLAIN-2981,MED-2775,43.49
laya-typed-score,PLAIN-2981,MED-5109,45.42
laya-typed-score,PLAIN-2981,MED-3198,44.47
laya-typed-score,PLAIN-2981,MED-1773,49.42
laya-typed-score,PLAIN-2981,MED-1148,43.99
laya-typed-score,PLAIN-2981,MED-3583,45.57
laya-typed-score,PLAIN-2981,MED-4869,45.94
laya-typed-score,PLAIN-2981,MED-2991,44.43
laya-typed-score,PLAIN-2981,MED-4446,44.46
laya-typed-score,PLAIN-2981,MED-4300,45.14
laya-typed-score,PLAIN-2981,MED-2308,42.06
laya-typed-score,PLAIN-2981,MED-1162,42.88
laya-typed-score,PLAIN-2981,MED-3087,43.16
laya-typed-score,PLAIN-2981,MED-3279,41.63
laya-typed-score,PLAIN-2981,MED-1533,43.82
laya-typed-score,PLAIN-2981,MED-4751,43.29
laya-typed-score,PLAIN-2981,MED-1150,51.49
laya-typed-score,PLAIN-2981,MED-4909,53.11
laya-typed-score,PLAIN-2981,MED-335,57.46
laya-typed-score,PLAIN-2991,MED-1663,57.1
laya-typed-score,PLAIN-2991,MED-1667,55.31
laya-typed-score,PLAIN-2991,MED-4424,45.9
laya-typed-score,PLAIN-2991,MED-1657,46.09
laya-typed-score,PLAIN-2991,MED-1656,45.5
laya-typed-score,PLAIN-2991,MED-5329,43.28
laya-typed-score,PLAIN-2991,MED-1258,44.84
laya-typed-score,PLAIN-2991,MED-1249,43.57
laya-typed-score,PLAIN-2991,MED-4833,49.62
laya-typed-score,PLAIN-2991,MED-1664,55.59
laya-typed-score,PLAIN-2991,MED-4827,55.8
laya-typed-score,PLAIN-2991,MED-5266,53.78
laya-typed-score,PLAIN-2991,MED-5016,56.77
laya-typed-score,PLAIN-2991,MED-751,53.45
laya-typed-score,PLAIN-2991,MED-1874,49.66
laya-typed-score,PLAIN-2991,MED-1968,54.33
laya-typed-score,PLAIN-2991,MED-2432,35.43
laya-typed-score,PLAIN-2991,MED-2440,42.21
laya-typed-score,PLAIN-2991,MED-1890,34.88
laya-typed-score,PLAIN-2991,MED-1252,35.96
laya-typed-score,PLAIN-3001,MED-3314,48.07
laya-typed-score,PLAIN-3001,MED-1114,36.28
laya-typed-score,PLAIN-3001,MED-4436,36.98
laya-typed-score,PLAIN-3001,MED-1156,35.6
laya-typed-score,PLAIN-3001,MED-4484,36.12
laya-typed-score,PLAIN-3001,MED-2693,37.39
laya-typed-score,PLAIN-3001,MED-1108,37.65
laya-typed-score,PLAIN-3001,MED-5060,42.7
laya-typed-score,PLAIN-3001,MED-3703,35.67
laya-typed-score,PLAIN-3001,MED-1103,36.04
laya-typed-score,PLAIN-3001,MED-4536,34.63
laya-typed-score,PLAIN-3001,MED-2021,36.69
laya-typed-score,PLAIN-3001,MED-5313,37.83
laya-typed-score,PLAIN-3001,MED-1717,35.75
laya-typed-score,PLAIN-3001,MED-1718,35.88
laya-typed-score,PLAIN-3001,MED-1105,35.9
laya-typed-score,PLAIN-3001,MED-3699,33.92
laya-typed-score,PLAIN-3001,MED-2304,34.96
laya-typed-score,PLAIN-3001,MED-4116,35.93
laya-typed-score,PLAIN-3001,MED-1817,35.19
laya-typed-score,PLAIN-3014,MED-2673,34.64
laya-typed-score,PLAIN-3014,MED-752,35.76
laya-typed-score,PLAIN-3014,MED-4649,38.1
laya-typed-score,PLAIN-3014,MED-4747,36.47
laya-typed-score,PLAIN-3014,MED-1741,38.39
laya-typed-score,PLAIN-3014,MED-3542,36.3
laya-typed-score,PLAIN-3014,MED-4125,34.24
laya-typed-score,PLAIN-3014,MED-5207,34.86
laya-typed-score,PLAIN-3014,MED-2062,45.46
laya-typed-score,PLAIN-3014,MED-5200,36.97
laya-typed-score,PLAIN-3014,MED-4871,35.64
laya-typed-score,PLAIN-3014,MED-5199,35.03
laya-typed-score,PLAIN-3014,MED-1378,39.8
laya-typed-score,PLAIN-3014,MED-4830,41.29
laya-typed-score,PLAIN-3014,MED-3701,39.73
laya-typed-score,PLAIN-3014,MED-1127,39.49
laya-typed-score,PLAIN-3014,MED-2028,40.0
laya-typed-score,PLAIN-3014,MED-4650,37.93
laya-typed-score,PLAIN-3014,MED-5204,38.7
laya-typed-score,PLAIN-3014,MED-3757,37.71
laya-typed-score,PLAIN-3026,MED-3157,36.89
laya-typed-score,PLAIN-3026,MED-4470,36.64
laya-typed-score,PLAIN-3026,MED-5131,36.7
laya-typed-score,PLAIN-3026,MED-4929,36.98
laya-typed-score,PLAIN-3026,MED-1601,37.83
laya-typed-score,PLAIN-3026,MED-3452,37.8
laya-typed-score,PLAIN-3026,MED-3453,36.02
laya-typed-score,PLAIN-3026,MED-5129,40.3
laya-typed-score,PLAIN-3026,MED-936,37.45
laya-typed-score,PLAIN-3026,MED-904,36.05
laya-typed-score,PLAIN-3026,MED-922,44.17
laya-typed-score,PLAIN-3026,MED-3986,36.51
laya-typed-score,PLAIN-3026,MED-1528,36.93
laya-typed-score,PLAIN-3026,MED-2939,35.96
laya-typed-score,PLAIN-3026,MED-4683,41.53
laya-typed-score,PLAIN-3026,MED-2452,41.8
laya-typed-score,PLAIN-3026,MED-5074,43.91
laya-typed-score,PLAIN-3026,MED-917,37.01
laya-typed-score,PLAIN-3026,MED-1788,38.28
laya-typed-score,PLAIN-3026,MED-5209,37.84
laya-typed-score,PLAIN-3037,MED-1983,34.71
laya-typed-score,PLAIN-3037,MED-2745,35.04
laya-typed-score,PLAIN-3037,MED-2787,36.6
laya-typed-score,PLAIN-3037,MED-2781,36.42
laya-typed-score,PLAIN-3037,MED-3458,36.07
laya-typed-score,PLAIN-3037,MED-5069,36.32
laya-typed-score,PLAIN-3037,MED-5215,35.33
laya-typed-score,PLAIN-3037,MED-5307,36.1
laya-typed-score,PLAIN-3037,MED-4980,33.78
laya-typed-score,PLAIN-3037,MED-863,32.84
laya-typed-score,PLAIN-3037,MED-4663,35.03
laya-typed-score,PLAIN-3037,MED-729,33.93
laya-typed-score,PLAIN-3037,MED-4129,35.81
laya-typed-score,PLAIN-3037,MED-917,38.72
laya-typed-score,PLAIN-3037,MED-1936,35.41
laya-typed-score,PLAIN-3037,MED-3454,36.61
laya-typed-score,PLAIN-3037,MED-5202,35.26
laya-typed-score,PLAIN-3037,MED-1617,39.3
laya-typed-score,PLAIN-3037,MED-732,35.71
laya-typed-score,PLAIN-3037,MED-3274,37.27
laya-typed-score,PLAIN-3053,MED-4525,42.5
laya-typed-score,PLAIN-3053,MED-3021,36.11
laya-typed-score,PLAIN-3053,MED-4526,52.36
laya-typed-score,PLAIN-3053,MED-3353,38.8
laya-typed-score,PLAIN-3053,MED-1497,38.1
laya-typed-score,PLAIN-3053,MED-5129,36.32
laya-typed-score,PLAIN-3053,MED-2522,34.66
laya-typed-score,PLAIN-3053,MED-2083,34.74
laya-typed-score,PLAIN-3053,MED-1810,37.21
laya-typed-score,PLAIN-3053,MED-2523,36.35
laya-typed-score,PLAIN-3053,MED-3949,35.58
laya-typed-score,PLAIN-3053,MED-4625,37.2
laya-typed-score,PLAIN-3053,MED-2700,37.33
laya-typed-score,PLAIN-3053,MED-3811,34.6
laya-typed-score,PLAIN-3053,MED-4416,35.53
laya-typed-score,PLAIN-3053,MED-744,38.96
laya-typed-score,PLAIN-3053,MED-1848,35.94
laya-typed-score,PLAIN-3053,MED-5061,34.75
laya-typed-score,PLAIN-3053,MED-1027,35.14
laya-typed-score,PLAIN-3053,MED-4575,35.65
laya-typed-score,PLAIN-3063,MED-4712,40.53
laya-typed-score,PLAIN-3063,MED-2886,41.99
laya-typed-score,PLAIN-3063,MED-1676,35.84
laya-typed-score,PLAIN-3063,MED-2924,43.51
laya-typed-score,PLAIN-3063,MED-4900,35.44
laya-typed-score,PLAIN-3063,MED-3738,35.58
laya-typed-score,PLAIN-3063,MED-2922,35.19
laya-typed-score,PLAIN-3063,MED-2076,35.48
laya-typed-score,PLAIN-3063,MED-5084,36.3
laya-typed-score,PLAIN-3063,MED-1671,45.97
laya-typed-score,PLAIN-3063,MED-2665,41.95
laya-typed-score,PLAIN-3063,MED-3748,36.25
laya-typed-score,PLAIN-3063,MED-4576,34.33
laya-typed-score,PLAIN-3063,MED-3728,34.04
laya-typed-score,PLAIN-3063,MED-4859,35.46
laya-typed-score,PLAIN-3063,MED-2966,37.24
laya-typed-score,PLAIN-3063,MED-5069,35.19
laya-typed-score,PLAIN-3063,MED-2970,34.61
laya-typed-score,PLAIN-3063,MED-1182,36.53
laya-typed-score,PLAIN-3063,MED-4366,34.86
laya-typed-score,PLAIN-3074,MED-4555,35.34
laya-typed-score,PLAIN-3074,MED-4423,34.27
laya-typed-score,PLAIN-3074,MED-1705,34.73
laya-typed-score,PLAIN-3074,MED-3180,35.27
laya-typed-score,PLAIN-3074,MED-4421,37.75
laya-typed-score,PLAIN-3074,MED-4902,35.0
laya-typed-score,PLAIN-3074,MED-1512,34.79
laya-typed-score,PLAIN-3074,MED-330,34.6
laya-typed-score,PLAIN-3074,MED-3253,35.79
laya-typed-score,PLAIN-3074,MED-3427,35.59
laya-typed-score,PLAIN-3074,MED-4424,35.7
laya-typed-score,PLAIN-3074,MED-1948,36.05
laya-typed-score,PLAIN-3074,MED-3106,35.68
laya-typed-score,PLAIN-3074,MED-2110,36.34
laya-typed-score,PLAIN-3074,MED-3436,35.08
laya-typed-score,PLAIN-3074,MED-4560,34.71
laya-typed-score,PLAIN-3074,MED-1643,35.69
laya-typed-score,PLAIN-3074,MED-2718,34.83
laya-typed-score,PLAIN-3074,MED-1516,47.06
laya-typed-score,PLAIN-3074,MED-1467,35.79
laya-typed-score,PLAIN-3085,MED-714,33.25
laya-typed-score,PLAIN-3085,MED-4570,37.1
laya-typed-score,PLAIN-3085,MED-4566,36.06
laya-typed-score,PLAIN-3085,MED-4872,36.19
laya-typed-score,PLAIN-3085,MED-3987,35.45
laya-typed-score,PLAIN-3085,MED-3988,37.32
laya-typed-score,PLAIN-3085,MED-716,36.63
laya-typed-score,PLAIN-3085,MED-4574,38.57
laya-typed-score,PLAIN-3085,MED-919,35.33
laya-typed-score,PLAIN-3085,MED-4575,35.11
laya-typed-score,PLAIN-3085,MED-921,34.81
laya-typed-score,PLAIN-3085,MED-4573,34.39
laya-typed-score,PLAIN-3085,MED-3986,38.41
laya-typed-score,PLAIN-3085,MED-3990,38.24
laya-typed-score,PLAIN-3085,MED-961,42.88
laya-typed-score,PLAIN-3085,MED-862,38.39
laya-typed-score,PLAIN-3085,MED-962,37.83
laya-typed-score,PLAIN-3085,MED-3985,42.99
laya-typed-score,PLAIN-3085,MED-1834,36.0
laya-typed-score,PLAIN-3085,MED-3991,36.29
laya-typed-score,PLAIN-3097,MED-4590,35.63
laya-typed-score,PLAIN-3097,MED-1792,36.15
laya-typed-score,PLAIN-3097,MED-4580,36.82
laya-typed-score,PLAIN-3097,MED-5019,36.77
laya-typed-score,PLAIN-3097,MED-4267,35.96
laya-typed-score,PLAIN-3097,MED-2491,43.37
laya-typed-score,PLAIN-3097,MED-5082,42.53
laya-typed-score,PLAIN-3097,MED-4090,37.9
laya-typed-score,PLAIN-3097,MED-3908,36.63
laya-typed-score,PLAIN-3097,MED-4089,36.96
laya-typed-score,PLAIN-3097,MED-4862,37.84
laya-typed-score,PLAIN-3097,MED-733,36.36
laya-typed-score,PLAIN-3097,MED-5020,37.6
laya-typed-score,PLAIN-3097,MED-3471,36.87
laya-typed-score,PLAIN-3097,MED-2668,36.31
laya-typed-score,PLAIN-3097,MED-2083,36.29
laya-typed-score,PLAIN-3097,MED-2669,34.68
laya-typed-score,PLAIN-3097,MED-2663,34.42
laya-typed-score,PLAIN-3097,MED-3746,34.77
laya-typed-score,PLAIN-3097,MED-1941,35.27
laya-typed-score,PLAIN-3116,MED-2924,35.41
laya-typed-score,PLAIN-3116,MED-3738,36.05
laya-typed-score,PLAIN-3116,MED-1676,36.21
laya-typed-score,PLAIN-3116,MED-2076,35.28
laya-typed-score,PLAIN-3116,MED-2665,41.55
laya-typed-score,PLAIN-3116,MED-2966,35.47
laya-typed-score,PLAIN-3116,MED-1671,37.46
laya-typed-score,PLAIN-3116,MED-2922,35.99
laya-typed-score,PLAIN-3116,MED-3728,34.71
laya-typed-score,PLAIN-3116,MED-5083,34.63
laya-typed-score,PLAIN-3116,MED-4900,35.52
laya-typed-score,PLAIN-3116,MED-3748,35.8
laya-typed-score,PLAIN-3116,MED-2951,33.48
laya-typed-score,PLAIN-3116,MED-4689,40.76
laya-typed-score,PLAIN-3116,MED-3480,43.02
laya-typed-score,PLAIN-3116,MED-4576,33.56
laya-typed-score,PLAIN-3116,MED-1558,34.39
laya-typed-score,PLAIN-3116,MED-4831,35.58
laya-typed-score,PLAIN-3116,MED-4850,34.58
laya-typed-score,PLAIN-3116,MED-5069,34.47
laya-typed-score,PLAIN-3131,MED-2009,37.64
laya-typed-score,PLAIN-3131,MED-5012,35.91
laya-typed-score,PLAIN-3131,MED-830,36.9
laya-typed-score,PLAIN-3131,MED-4249,34.92
laya-typed-score,PLAIN-3131,MED-3109,35.91
laya-typed-score,PLAIN-3131,MED-4620,35.06
laya-typed-score,PLAIN-3131,MED-2291,35.69
laya-typed-score,PLAIN-3131,MED-5010,34.99
laya-typed-score,PLAIN-3131,MED-4695,35.04
laya-typed-score,PLAIN-3131,MED-1234,34.99
laya-typed-score,PLAIN-3131,MED-4236,35.12
laya-typed-score,PLAIN-3131,MED-2595,40.56
laya-typed-score,PLAIN-3131,MED-4619,37.65
laya-typed-score,PLAIN-3131,MED-3359,35.71
laya-typed-score,PLAIN-3131,MED-4298,36.08
laya-typed-score,PLAIN-3131,MED-3386,35.87
laya-typed-score,PLAIN-3131,MED-4314,34.54
laya-typed-score,PLAIN-3131,MED-2010,36.09
laya-typed-score,PLAIN-3131,MED-2762,35.33
laya-typed-score,PLAIN-3131,MED-2970,36.68
laya-typed-score,PLAIN-3141,MED-4160,36.98
laya-typed-score,PLAIN-3141,MED-831,34.75
laya-typed-score,PLAIN-3141,MED-4644,46.23
laya-typed-score,PLAIN-3141,MED-4698,35.82
laya-typed-score,PLAIN-3141,MED-2647,34.3
laya-typed-score,PLAIN-3141,MED-3795,35.31
laya-typed-score,PLAIN-3141,MED-3446,38.49
laya-typed-score,PLAIN-3141,MED-4159,39.07
laya-typed-score,PLAIN-3141,MED-753,39.12
laya-typed-score,PLAIN-3141,MED-5226,37.14
laya-typed-score,PLAIN-3141,MED-4162,36.16
laya-typed-score,PLAIN-3141,MED-5184,34.23
laya-typed-score,PLAIN-3141,MED-4751,35.2
laya-typed-score,PLAIN-3141,MED-4759,35.53
laya-typed-score,PLAIN-3141,MED-1829,35.5
laya-typed-score,PLAIN-3141,MED-1732,35.61
laya-typed-score,PLAIN-3141,MED-1592,38.5
laya-typed-score,PLAIN-3141,MED-4899,35.91
laya-typed-score,PLAIN-3141,MED-4755,41.69
laya-typed-score,PLAIN-3141,MED-4100,37.47
laya-typed-score,PLAIN-3151,MED-4668,36.38
laya-typed-score,PLAIN-3151,MED-4660,37.12
laya-typed-score,PLAIN-3151,MED-4664,36.78
laya-typed-score,PLAIN-3151,MED-4665,35.18
laya-typed-score,PLAIN-3151,MED-3444,37.03
laya-typed-score,PLAIN-3151,MED-3445,35.93
laya-typed-score,PLAIN-3151,MED-4662,35.31
laya-typed-score,PLAIN-3151,MED-3971,39.62
laya-typed-score,PLAIN-3151,MED-4595,37.69
laya-typed-score,PLAIN-3151,MED-4666,45.54
laya-typed-score,PLAIN-3151,MED-4490,41.0
laya-typed-score,PLAIN-3151,MED-3447,36.4
laya-typed-score,PLAIN-3151,MED-4472,36.14
laya-typed-score,PLAIN-3151,MED-4560,35.69
laya-typed-score,PLAIN-3151,MED-2763,38.32
laya-typed-score,PLAIN-3151,MED-1513,35.94
laya-typed-score,PLAIN-3151,MED-1625,35.85
laya-typed-score,PLAIN-3151,MED-4107,33.95
laya-typed-score,PLAIN-3151,MED-3601,43.63
laya-typed-score,PLAIN-3151,MED-1540,36.12
laya-typed-score,PLAIN-3161,MED-4677,37.6
laya-typed-score,PLAIN-3161,MED-1416,35.9
laya-typed-score,PLAIN-3161,MED-899,36.86
laya-typed-score,PLAIN-3161,MED-2063,38.89
laya-typed-score,PLAIN-3161,MED-2055,58.01
laya-typed-score,PLAIN-3161,MED-1223,61.1
laya-typed-score,PLAIN-3161,MED-900,53.85
laya-typed-score,PLAIN-3161,MED-2057,46.1
laya-typed-score,PLAIN-3161,MED-2772,60.57
laya-typed-score,PLAIN-3161,MED-4899,48.93
laya-typed-score,PLAIN-3161,MED-1768,47.93
laya-typed-score,PLAIN-3161,MED-901,43.52
laya-typed-score,PLAIN-3161,MED-4751,42.63
laya-typed-score,PLAIN-3161,MED-4173,56.87
laya-typed-score,PLAIN-3161,MED-904,54.96
laya-typed-score,PLAIN-3161,MED-4396,47.03
laya-typed-score,PLAIN-3161,MED-2771,47.9
laya-typed-score,PLAIN-3161,MED-4662,47.64
laya-typed-score,PLAIN-3161,MED-4897,45.53
laya-typed-score,PLAIN-3161,MED-5189,44.19
laya-typed-score,PLAIN-3171,MED-5123,42.77
laya-typed-score,PLAIN-3171,MED-1498,44.8
laya-typed-score,PLAIN-3171,MED-2716,46.26
laya-typed-score,PLAIN-3171,MED-2429,46.74
laya-typed-score,PLAIN-3171,MED-3953,44.9
laya-typed-score,PLAIN-3171,MED-4369,50.73
laya-typed-score,PLAIN-3171,MED-4050,44.5
laya-typed-score,PLAIN-3171,MED-1777,44.88
laya-typed-score,PLAIN-3171,MED-4602,43.99
laya-typed-score,PLAIN-3171,MED-2428,43.93
laya-typed-score,PLAIN-3171,MED-2333,45.2
laya-typed-score,PLAIN-3171,MED-745,44.8
laya-typed-score,PLAIN-3171,MED-2112,43.24
laya-typed-score,PLAIN-3171,MED-3247,43.76
laya-typed-score,PLAIN-3171,MED-1483,44.72
laya-typed-score,PLAIN-3171,MED-1504,43.21
laya-typed-score,PLAIN-3171,MED-1754,44.06
laya-typed-score,PLAIN-3171,MED-5018,70.27
laya-typed-score,PLAIN-3171,MED-3601,53.89
laya-typed-score,PLAIN-3171,MED-4170,52.51
laya-typed-score,PLAIN-3181,MED-3942,52.09
laya-typed-score,PLAIN-3181,MED-4414,44.97
laya-typed-score,PLAIN-3181,MED-2970,44.41
laya-typed-score,PLAIN-3181,MED-1686,48.13
laya-typed-score,PLAIN-3181,MED-1500,44.31
laya-typed-score,PLAIN-3181,MED-1792,45.28
laya-typed-score,PLAIN-3181,MED-1695,48.12
laya-typed-score,PLAIN-3181,MED-1795,54.96
laya-typed-score,PLAIN-3181,MED-2453,61.37
laya-typed-score,PLAIN-3181,MED-3906,53.02
laya-typed-score,PLAIN-3181,MED-4496,58.21
laya-typed-score,PLAIN-3181,MED-917,58.22
laya-typed-score,PLAIN-3181,MED-4585,52.95
laya-typed-score,PLAIN-3181,MED-4545,56.99
laya-typed-score,PLAIN-3181,MED-4712,47.28
laya-typed-score,PLAIN-3181,MED-3748,34.45
laya-typed-score,PLAIN-3181,MED-3474,34.57
laya-typed-score,PLAIN-3181,MED-5010,34.32
laya-typed-score,PLAIN-3181,MED-4620,48.84
laya-typed-score,PLAIN-3181,MED-3109,35.68
laya-typed-score,PLAIN-3191,MED-928,48.15
laya-typed-score,PLAIN-3191,MED-839,48.72
laya-typed-score,PLAIN-3191,MED-1831,35.77
laya-typed-score,PLAIN-3191,MED-4943,37.49
laya-typed-score,PLAIN-3191,MED-2751,36.57
laya-typed-score,PLAIN-3191,MED-4730,34.92
laya-typed-score,PLAIN-3191,MED-4959,35.34
laya-typed-score,PLAIN-3191,MED-4380,41.64
laya-typed-score,PLAIN-3191,MED-4961,37.08
laya-typed-score,PLAIN-3191,MED-4811,36.1
laya-typed-score,PLAIN-3191,MED-5100,37.06
laya-typed-score,PLAIN-3191,MED-4731,35.7
laya-typed-score,PLAIN-3191,MED-1570,34.94
laya-typed-score,PLAIN-3191,MED-5095,39.04
laya-typed-score,PLAIN-3191,MED-118,37.82
laya-typed-score,PLAIN-3191,MED-838,38.29
laya-typed-score,PLAIN-3191,MED-2651,38.87
laya-typed-score,PLAIN-3191,MED-4936,35.61
laya-typed-score,PLAIN-3191,MED-2412,34.57
laya-typed-score,PLAIN-3191,MED-4958,35.36
laya-typed-score,PLAIN-3201,MED-2117,36.14
laya-typed-score,PLAIN-3201,MED-2120,36.19
laya-typed-score,PLAIN-3201,MED-4394,36.06
laya-typed-score,PLAIN-3201,MED-5107,34.08
laya-typed-score,PLAIN-3201,MED-2116,36.98
laya-typed-score,PLAIN-3201,MED-4896,49.76
laya-typed-score,PLAIN-3201,MED-2124,34.36
laya-typed-score,PLAIN-3201,MED-4398,39.58
laya-typed-score,PLAIN-3201,MED-5106,37.14
laya-typed-score,PLAIN-3201,MED-4897,36.59
laya-typed-score,PLAIN-3201,MED-4752,35.77
laya-typed-score,PLAIN-3201,MED-2121,34.57
laya-typed-score,PLAIN-3201,MED-4396,37.75
laya-typed-score,PLAIN-3201,MED-2114,35.93
laya-typed-score,PLAIN-3201,MED-2815,40.36
laya-typed-score,PLAIN-3201,MED-2122,36.27
laya-typed-score,PLAIN-3201,MED-1314,34.26
laya-typed-score,PLAIN-3201,MED-3856,42.53
laya-typed-score,PLAIN-3201,MED-3703,42.46
laya-typed-score,PLAIN-3201,MED-4391,34.03
laya-typed-score,PLAIN-3211,MED-1645,34.5
laya-typed-score,PLAIN-3211,MED-2064,36.86
laya-typed-score,PLAIN-3211,MED-2098,35.33
laya-typed-score,PLAIN-3211,MED-4365,35.37
laya-typed-score,PLAIN-3211,MED-2900,33.9
laya-typed-score,PLAIN-3211,MED-5063,33.45
laya-typed-score,PLAIN-3211,MED-2677,36.03
laya-typed-score,PLAIN-3211,MED-5234,39.63
laya-typed-score,PLAIN-3211,MED-4353,36.41
laya-typed-score,PLAIN-3211,MED-759,35.42
laya-typed-score,PLAIN-3211,MED-2980,36.55
laya-typed-score,PLAIN-3211,MED-887,37.46
laya-typed-score,PLAIN-3211,MED-1515,42.76
laya-typed-score,PLAIN-3211,MED-3348,39.84
laya-typed-score,PLAIN-3211,MED-2070,34.88
laya-typed-score,PLAIN-3211,MED-3012,34.78
laya-typed-score,PLAIN-3211,MED-2790,37.25
laya-typed-score,PLAIN-3211,MED-5052,35.73
laya-typed-score,PLAIN-3211,MED-1739,36.03
laya-typed-score,PLAIN-3211,MED-898,34.56
laya-typed-score,PLAIN-3221,MED-2212,34.33
laya-typed-score,PLAIN-3221,MED-2216,35.29
laya-typed-score,PLAIN-3221,MED-4580,36.96
laya-typed-score,PLAIN-3221,MED-1705,35.3
laya-typed-score,PLAIN-3221,MED-1499,36.48
laya-typed-score,PLAIN-3221,MED-1506,36.89
laya-typed-score,PLAIN-3221,MED-987,36.7
laya-typed-score,PLAIN-3221,MED-1500,36.27
laya-typed-score,PLAIN-3221,MED-1433,36.74
laya-typed-score,PLAIN-3221,MED-4790,35.84
laya-typed-score,PLAIN-3221,MED-726,37.41
laya-typed-score,PLAIN-3221,MED-1699,35.56
laya-typed-score,PLAIN-3221,MED-4582,35.83
laya-typed-score,PLAIN-3221,MED-980,37.37
laya-typed-score,PLAIN-3221,MED-4553,36.76
laya-typed-score,PLAIN-3221,MED-1851,35.69
laya-typed-score,PLAIN-3221,MED-1498,35.58
laya-typed-score,PLAIN-3221,MED-1703,35.95
laya-typed-score,PLAIN-3221,MED-985,38.15
laya-typed-score,PLAIN-3221,MED-1702,35.38
laya-typed-score,PLAIN-3231,MED-1105,40.99
laya-typed-score,PLAIN-3231,MED-1114,42.52
laya-typed-score,PLAIN-3231,MED-1109,36.25
laya-typed-score,PLAIN-3231,MED-3787,37.13
laya-typed-score,PLAIN-3231,MED-3193,38.79
laya-typed-score,PLAIN-3231,MED-1115,35.51
laya-typed-score,PLAIN-3231,MED-1104,36.32
laya-typed-score,PLAIN-3231,MED-1107,35.67
laya-typed-score,PLAIN-3231,MED-1113,41.4
laya-typed-score,PLAIN-3231,MED-1106,37.55
laya-typed-score,PLAIN-3231,MED-5188,36.48
laya-typed-score,PLAIN-3231,MED-4485,36.73
laya-typed-score,PLAIN-3231,MED-1111,37.1
laya-typed-score,PLAIN-3231,MED-5035,37.53
laya-typed-score,PLAIN-3231,MED-5195,38.38
laya-typed-score,PLAIN-3231,MED-4057,36.86
laya-typed-score,PLAIN-3231,MED-5235,37.28
laya-typed-score,PLAIN-3231,MED-4482,38.26
laya-typed-score,PLAIN-3231,MED-1108,38.27
laya-typed-score,PLAIN-3231,MED-847,37.19
laya-typed-score,PLAIN-3241,MED-2821,39.82
laya-typed-score,PLAIN-3241,MED-735,35.97
laya-typed-score,PLAIN-3241,MED-5256,36.15
laya-typed-score,PLAIN-3241,MED-2270,35.75
laya-typed-score,PLAIN-3241,MED-721,35.52
laya-typed-score,PLAIN-3241,MED-2809,37.43
laya-typed-score,PLAIN-3241,MED-722,36.19
laya-typed-score,PLAIN-3241,MED-2281,33.68
laya-typed-score,PLAIN-3241,MED-2788,47.48
laya-typed-score,PLAIN-3241,MED-2287,35.25
laya-typed-score,PLAIN-3241,MED-720,35.98
laya-typed-score,PLAIN-3241,MED-731,35.2
laya-typed-score,PLAIN-3241,MED-4841,37.77
laya-typed-score,PLAIN-3241,MED-1041,35.22
laya-typed-score,PLAIN-3241,MED-733,37.61
laya-typed-score,PLAIN-3241,MED-1947,35.43
laya-typed-score,PLAIN-3241,MED-3705,39.46
laya-typed-score,PLAIN-3241,MED-2279,34.79
laya-typed-score,PLAIN-3241,MED-1295,35.73
laya-typed-score,PLAIN-3241,MED-4498,36.67
laya-typed-score,PLAIN-3251,MED-5236,36.1
laya-typed-score,PLAIN-3251,MED-4261,38.52
laya-typed-score,PLAIN-3251,MED-3699,36.61
laya-typed-score,PLAIN-3251,MED-4278,38.67
laya-typed-score,PLAIN-3251,MED-1380,35.81
laya-typed-score,PLAIN-3251,MED-3435,36.1
laya-typed-score,PLAIN-3251,MED-4243,35.95
laya-typed-score,PLAIN-3251,MED-4247,39.36
laya-typed-score,PLAIN-3251,MED-5145,38.17
laya-typed-score,PLAIN-3251,MED-4616,37.79
laya-typed-score,PLAIN-3251,MED-1483,35.58
laya-typed-score,PLAIN-3251,MED-3314,34.98
laya-typed-score,PLAIN-3251,MED-3854,37.93
laya-typed-score,PLAIN-3251,MED-1817,35.19
laya-typed-score,PLAIN-3251,MED-3439,38.11
laya-typed-score,PLAIN-3251,MED-3436,45.29
laya-typed-score,PLAIN-3251,MED-1529,38.21
laya-typed-score,PLAIN-3251,MED-745,34.97
laya-typed-score,PLAIN-3251,MED-4255,34.61
laya-typed-score,PLAIN-3251,MED-5268,35.4
laya-typed-score,PLAIN-3261,MED-5158,35.11
laya-typed-score,PLAIN-3261,MED-5157,36.32
laya-typed-score,PLAIN-3261,MED-945,35.85
laya-typed-score,PLAIN-3261,MED-4251,35.89
laya-typed-score,PLAIN-3261,MED-3489,34.97
laya-typed-score,PLAIN-3261,MED-2349,35.25
laya-typed-score,PLAIN-3261,MED-743,36.46
laya-typed-score,PLAIN-3261,MED-3766,34.47
laya-typed-score,PLAIN-3261,MED-949,35.61
laya-typed-score,PLAIN-3261,MED-5138,37.47
laya-typed-score,PLAIN-3261,MED-1126,35.5
laya-typed-score,PLAIN-3261,MED-3750,33.75
laya-typed-score,PLAIN-3261,MED-2891,34.91
laya-typed-score,PLAIN-3261,MED-4873,34.55
laya-typed-score,PLAIN-3261,MED-3102,35.29
laya-typed-score,PLAIN-3261,MED-4157,33.97
laya-typed-score,PLAIN-3261,MED-3618,35.23
laya-typed-score,PLAIN-3261,MED-3832,35.3
laya-typed-score,PLAIN-3261,MED-1240,41.06
laya-typed-score,PLAIN-3261,MED-820,45.26
laya-typed-score,PLAIN-3271,MED-4823,36.42
laya-typed-score,PLAIN-3271,MED-4450,34.81
laya-typed-score,PLAIN-3271,MED-1556,34.11
laya-typed-score,PLAIN-3271,MED-4069,36.86
laya-typed-score,PLAIN-3271,MED-3878,43.63
laya-typed-score,PLAIN-3271,MED-3862,34.2
laya-typed-score,PLAIN-3271,MED-2434,36.39
laya-typed-score,PLAIN-3271,MED-4233,36.15
laya-typed-score,PLAIN-3271,MED-1455,37.23
laya-typed-score,PLAIN-3271,MED-4556,36.23
laya-typed-score,PLAIN-3271,MED-3243,38.3
laya-typed-score,PLAIN-3271,MED-3790,34.68
laya-typed-score,PLAIN-3271,MED-1068,37.69
laya-typed-score,PLAIN-3271,MED-3874,38.1
laya-typed-score,PLAIN-3271,MED-3245,37.49
laya-typed-score,PLAIN-3271,MED-1454,37.73
laya-typed-score,PLAIN-3271,MED-4885,36.35
laya-typed-score,PLAIN-3271,MED-1873,37.37
laya-typed-score,PLAIN-3271,MED-4278,36.29
laya-typed-score,PLAIN-3271,MED-1072,35.17
laya-typed-score,PLAIN-3281,MED-4909,34.62
laya-typed-score,PLAIN-3281,MED-3087,37.12
laya-typed-score,PLAIN-3281,MED-1850,35.26
laya-typed-score,PLAIN-3281,MED-1851,35.93
laya-typed-score,PLAIN-3281,MED-1841,35.09
laya-typed-score,PLAIN-3281,MED-2264,37.07
laya-typed-score,PLAIN-3281,MED-1844,38.0
laya-typed-score,PLAIN-3281,MED-2906,37.24
laya-typed-score,PLAIN-3281,MED-1849,35.33
laya-typed-score,PLAIN-3281,MED-5198,37.38
laya-typed-score,PLAIN-3281,MED-1843,37.41
laya-typed-score,PLAIN-3281,MED-1839,43.17
laya-typed-score,PLAIN-3281,MED-5097,39.77
laya-typed-score,PLAIN-3281,MED-1845,34.59
laya-typed-score,PLAIN-3281,MED-2353,36.27
laya-typed-score,PLAIN-3281,MED-1852,39.36
laya-typed-score,PLAIN-3281,MED-3601,35.06
laya-typed-score,PLAIN-3281,MED-4908,38.38
laya-typed-score,PLAIN-3281,MED-1848,34.43
laya-typed-score,PLAIN-3281,MED-2747,35.32
laya-typed-score,PLAIN-3292,MED-2761,37.11
laya-typed-score,PLAIN-3292,MED-4925,37.89
laya-typed-score,PLAIN-3292,MED-2759,35.93
laya-typed-score,PLAIN-3292,MED-4645,35.33
laya-typed-score,PLAIN-3292,MED-2757,36.09
laya-typed-score,PLAIN-3292,MED-2758,35.7
laya-typed-score,PLAIN-3292,MED-2762,35.71
laya-typed-score,PLAIN-3292,MED-951,34.62
laya-typed-score,PLAIN-3292,MED-950,36.06
laya-typed-score,PLAIN-3292,MED-4924,37.95
laya-typed-score,PLAIN-3292,MED-2760,36.37
laya-typed-score,PLAIN-3292,MED-4600,34.83
laya-typed-score,PLAIN-3292,MED-4366,35.52
laya-typed-score,PLAIN-3292,MED-3109,37.85
laya-typed-score,PLAIN-3292,MED-4647,36.56
laya-typed-score,PLAIN-3292,MED-4087,34.1
laya-typed-score,PLAIN-3292,MED-2291,34.75
laya-typed-score,PLAIN-3292,MED-4695,34.41
laya-typed-score,PLAIN-3292,MED-4236,35.33
laya-typed-score,PLAIN-3292,MED-4872,40.34
laya-typed-score,PLAIN-3302,MED-4959,42.76
laya-typed-score,PLAIN-3302,MED-2907,35.6
laya-typed-score,PLAIN-3302,MED-3029,38.0
laya-typed-score,PLAIN-3302,MED-3592,37.98
laya-typed-score,PLAIN-3302,MED-1572,38.7
laya-typed-score,PLAIN-3302,MED-5100,35.41
laya-typed-score,PLAIN-3302,MED-4735,35.77
laya-typed-score,PLAIN-3302,MED-4934,40.42
laya-typed-score,PLAIN-3302,MED-1573,37.62
laya-typed-score,PLAIN-3302,MED-3783,38.82
laya-typed-score,PLAIN-3302,MED-5099,35.06
laya-typed-score,PLAIN-3302,MED-4944,36.49
laya-typed-score,PLAIN-3302,MED-4966,35.78
laya-typed-score,PLAIN-3302,MED-3012,35.35
laya-typed-score,PLAIN-3302,MED-2410,35.25
laya-typed-score,PLAIN-3302,MED-4733,35.76
laya-typed-score,PLAIN-3302,MED-2397,42.46
laya-typed-score,PLAIN-3302,MED-1568,37.4
laya-typed-score,PLAIN-3302,MED-4961,39.87
laya-typed-score,PLAIN-3302,MED-3034,40.76
laya-typed-score,PLAIN-3312,MED-4360,41.58
laya-typed-score,PLAIN-3312,MED-4961,39.16
laya-typed-score,PLAIN-3312,MED-4966,39.1
laya-typed-score,PLAIN-3312,MED-4959,40.04
laya-typed-score,PLAIN-3312,MED-1570,36.54
laya-typed-score,PLAIN-3312,MED-4380,38.74
laya-typed-score,PLAIN-3312,MED-1572,50.99
laya-typed-score,PLAIN-3312,MED-4968,36.55
laya-typed-score,PLAIN-3312,MED-1569,37.03
laya-typed-score,PLAIN-3312,MED-3717,37.12
laya-typed-score,PLAIN-3312,MED-3783,37.63
laya-typed-score,PLAIN-3312,MED-1573,34.66
laya-typed-score,PLAIN-3312,MED-3561,36.25
laya-typed-score,PLAIN-3312,MED-5097,36.38
laya-typed-score,PLAIN-3312,MED-5100,36.28
laya-typed-score,PLAIN-3312,MED-3592,35.87
laya-typed-score,PLAIN-3312,MED-4791,35.44
laya-typed-score,PLAIN-3312,MED-4958,37.05
laya-typed-score,PLAIN-3312,MED-4376,34.94
laya-typed-score,PLAIN-3312,MED-4807,39.0
laya-typed-score,PLAIN-3322,MED-4714,35.78
laya-typed-score,PLAIN-3322,MED-5111,39.23
laya-typed-score,PLAIN-3322,MED-1151,58.13
laya-typed-score,PLAIN-3322,MED-5066,59.43
laya-typed-score,PLAIN-3322,MED-3862,54.57
laya-typed-score,PLAIN-3322,MED-4486,48.31
laya-typed-score,PLAIN-3322,MED-2696,55.98
laya-typed-score,PLAIN-3322,MED-2577,46.13
laya-typed-score,PLAIN-3322,MED-2584,50.91
laya-typed-score,PLAIN-3322,MED-5191,45.68
laya-typed-score,PLAIN-3322,MED-3782,57.2
laya-typed-score,PLAIN-3322,MED-4741,65.03
laya-typed-score,PLAIN-3322,MED-5349,51.25
laya-typed-score,PLAIN-3322,MED-2174,46.25
laya-typed-score,PLAIN-3322,MED-4861,47.26
laya-typed-score,PLAIN-3322,MED-3557,49.47
laya-typed-score,PLAIN-3322,MED-4823,48.4
laya-typed-score,PLAIN-3322,MED-2139,49.17
laya-typed-score,PLAIN-3322,MED-4070,47.79
laya-typed-score,PLAIN-3322,MED-861,53.31
laya-typed-score,PLAIN-3332,MED-3696,47.65
laya-typed-score,PLAIN-3332,MED-4994,45.27
laya-typed-score,PLAIN-3332,MED-3762,44.79
laya-typed-score,PLAIN-3332,MED-1680,58.7
laya-typed-score,PLAIN-3332,MED-3763,68.92
laya-typed-score,PLAIN-3332,MED-4622,47.88
laya-typed-score,PLAIN-3332,MED-1646,46.38
laya-typed-score,PLAIN-3332,MED-3768,46.56
laya-typed-score,PLAIN-3332,MED-3766,47.29
laya-typed-score,PLAIN-3332,MED-5293,46.74
laya-typed-score,PLAIN-3332,MED-4445,47.09
laya-typed-score,PLAIN-3332,MED-5100,51.28
laya-typed-score,PLAIN-3332,MED-3765,56.43
laya-typed-score,PLAIN-3332,MED-3767,63.58
laya-typed-score,PLAIN-3332,MED-2237,56.16
laya-typed-score,PLAIN-3332,MED-4365,53.98
laya-typed-score,PLAIN-3332,MED-1677,54.15
laya-typed-score,PLAIN-3332,MED-2437,58.85
laya-typed-score,PLAIN-3332,MED-2160,49.43
laya-typed-score,PLAIN-3332,MED-3700,50.79
laya-typed-score,PLAIN-3342,MED-5012,44.63
laya-typed-score,PLAIN-3342,MED-4000,51.48
laya-typed-score,PLAIN-3342,MED-5014,47.1
laya-typed-score,PLAIN-3342,MED-4001,56.12
laya-typed-score,PLAIN-3342,MED-5015,64.18
laya-typed-score,PLAIN-3342,MED-5016,57.62
laya-typed-score,PLAIN-3342,MED-2772,60.98
laya-typed-score,PLAIN-3342,MED-4002,58.22
laya-typed-score,PLAIN-3342,MED-1337,56.4
laya-typed-score,PLAIN-3342,MED-5013,57.77
laya-typed-score,PLAIN-3342,MED-5189,62.36
laya-typed-score,PLAIN-3342,MED-2291,44.02
laya-typed-score,PLAIN-3342,MED-4004,43.86
laya-typed-score,PLAIN-3342,MED-904,38.75
laya-typed-score,PLAIN-3342,MED-4899,38.53
laya-typed-score,PLAIN-3342,MED-4902,37.67
laya-typed-score,PLAIN-3342,MED-4682,37.73
laya-typed-score,PLAIN-3342,MED-2771,36.38
laya-typed-score,PLAIN-3342,MED-1340,35.92
laya-typed-score,PLAIN-3342,MED-2136,36.82
laya-typed-score,PLAIN-3352,MED-3515,37.71
laya-typed-score,PLAIN-3352,MED-3663,35.92
laya-typed-score,PLAIN-3352,MED-4247,36.63
laya-typed-score,PLAIN-3352,MED-4243,38.32
laya-typed-score,PLAIN-3352,MED-4616,37.32
laya-typed-score,PLAIN-3352,MED-4789,40.1
laya-typed-score,PLAIN-3352,MED-2724,38.07
laya-typed-score,PLAIN-3352,MED-4315,36.68
laya-typed-score,PLAIN-3352,MED-2047,37.47
laya-typed-score,PLAIN-3352,MED-4613,35.55
laya-typed-score,PLAIN-3352,MED-4255,36.5
laya-typed-score,PLAIN-3352,MED-5290,36.47
laya-typed-score,PLAIN-3352,MED-2050,39.8
laya-typed-score,PLAIN-3352,MED-1548,41.73
laya-typed-score,PLAIN-3352,MED-5026,38.08
laya-typed-score,PLAIN-3352,MED-5151,37.73
laya-typed-score,PLAIN-3352,MED-3460,37.95
laya-typed-score,PLAIN-3352,MED-3504,34.27
laya-typed-score,PLAIN-3352,MED-3316,44.62
laya-typed-score,PLAIN-3352,MED-5248,42.21
laya-typed-score,PLAIN-3362,MED-5042,38.44
laya-typed-score,PLAIN-3362,MED-2780,37.89
laya-typed-score,PLAIN-3362,MED-4533,38.46
laya-typed-score,PLAIN-3362,MED-2227,36.98
laya-typed-score,PLAIN-3362,MED-4529,35.41
laya-typed-score,PLAIN-3362,MED-5041,37.45
laya-typed-score,PLAIN-3362,MED-4534,36.39
laya-typed-score,PLAIN-3362,MED-4544,36.88
laya-typed-score,PLAIN-3362,MED-3607,37.82
laya-typed-score,PLAIN-3362,MED-712,39.08
laya-typed-score,PLAIN-3362,MED-2468,37.41
laya-typed-score,PLAIN-3362,MED-818,39.86
laya-typed-score,PLAIN-3362,MED-2810,39.15
laya-typed-score,PLAIN-3362,MED-706,39.01
laya-typed-score,PLAIN-3362,MED-820,38.45
laya-typed-score,PLAIN-3362,MED-744,39.06
laya-typed-score,PLAIN-3362,MED-828,38.58
laya-typed-score,PLAIN-3362,MED-4712,38.94
laya-typed-score,PLAIN-3362,MED-2792,37.54
laya-typed-score,PLAIN-3362,MED-711,45.26
laya-typed-score,PLAIN-3372,MED-4868,38.8
laya-typed-score,PLAIN-3372,MED-1625,41.19
laya-typed-score,PLAIN-3372,MED-5054,37.44
laya-typed-score,PLAIN-3372,MED-1627,36.5
laya-typed-score,PLAIN-3372,MED-5053,37.46
laya-typed-score,PLAIN-3372,MED-1108,51.04
laya-typed-score,PLAIN-3372,MED-4126,37.0
laya-typed-score,PLAIN-3372,MED-1624,39.25
laya-typed-score,PLAIN-3372,MED-1630,36.63
laya-typed-score,PLAIN-3372,MED-2490,36.27
laya-typed-score,PLAIN-3372,MED-4120,36.34
laya-typed-score,PLAIN-3372,MED-2191,37.22
laya-typed-score,PLAIN-3372,MED-4994,36.14
laya-typed-score,PLAIN-3372,MED-5056,37.31
laya-typed-score,PLAIN-3372,MED-1743,37.06
laya-typed-score,PLAIN-3372,MED-3535,40.45
laya-typed-score,PLAIN-3372,MED-4822,39.09
laya-typed-score,PLAIN-3372,MED-1708,38.64
laya-typed-score,PLAIN-3372,MED-4028,35.7
laya-typed-score,PLAIN-3372,MED-1626,35.73
laya-typed-score,PLAIN-3382,MED-3381,36.17
laya-typed-score,PLAIN-3382,MED-1625,38.41
laya-typed-score,PLAIN-3382,MED-3380,37.31
laya-typed-score,PLAIN-3382,MED-5054,38.99
laya-typed-score,PLAIN-3382,MED-3359,36.31
laya-typed-score,PLAIN-3382,MED-3382,43.39
laya-typed-score,PLAIN-3382,MED-2924,37.38
laya-typed-score,PLAIN-3382,MED-887,38.17
laya-typed-score,PLAIN-3382,MED-4332,41.94
laya-typed-score,PLAIN-3382,MED-5062,38.44
laya-typed-score,PLAIN-3382,MED-1108,38.59
laya-typed-score,PLAIN-3382,MED-2618,46.25
laya-typed-score,PLAIN-3382,MED-3109,41.87
laya-typed-score,PLAIN-3382,MED-2939,38.45
laya-typed-score,PLAIN-3382,MED-5063,34.53
laya-typed-score,PLAIN-3382,MED-2994,34.74
laya-typed-score,PLAIN-3382,MED-4385,34.82
laya-typed-score,PLAIN-3382,MED-2616,36.94
laya-typed-score,PLAIN-3382,MED-1407,36.17
laya-typed-score,PLAIN-3382,MED-4604,38.41
laya-typed-score,PLAIN-3392,MED-1646,35.34
laya-typed-score,PLAIN-3392,MED-4994,37.24
laya-typed-score,PLAIN-3392,MED-3533,34.79
laya-typed-score,PLAIN-3392,MED-3763,35.02
laya-typed-score,PLAIN-3392,MED-1844,39.5
laya-typed-score,PLAIN-3392,MED-1710,36.04
laya-typed-score,PLAIN-3392,MED-5050,36.62
laya-typed-score,PLAIN-3392,MED-5249,36.69
laya-typed-score,PLAIN-3392,MED-4587,36.33
laya-typed-score,PLAIN-3392,MED-5046,36.65
laya-typed-score,PLAIN-3392,MED-1637,36.3
laya-typed-score,PLAIN-3392,MED-2155,42.56
laya-typed-score,PLAIN-3392,MED-5244,35.32
laya-typed-score,PLAIN-3392,MED-870,36.1
laya-typed-score,PLAIN-3392,MED-5243,37.94
laya-typed-score,PLAIN-3392,MED-4050,35.47
laya-typed-score,PLAIN-3392,MED-3588,36.67
laya-typed-score,PLAIN-3392,MED-1707,37.13
laya-typed-score,PLAIN-3392,MED-5041,38.36
laya-typed-score,PLAIN-3392,MED-1627,50.29
laya-typed-score,PLAIN-3402,MED-2951,36.39
laya-typed-score,PLAIN-3402,MED-4413,36.39
laya-typed-score,PLAIN-3402,MED-4689,35.27
laya-typed-score,PLAIN-3402,MED-4523,37.99
laya-typed-score,PLAIN-3402,MED-887,37.21
laya-typed-score,PLAIN-3402,MED-5056,37.01
laya-typed-score,PLAIN-3402,MED-2696,35.49
laya-typed-score,PLAIN-3402,MED-2285,38.54
laya-typed-score,PLAIN-3402,MED-4149,35.84
laya-typed-score,PLAIN-3402,MED-4516,36.82
laya-typed-score,PLAIN-3402,MED-2223,38.64
laya-typed-score,PLAIN-3402,MED-4047,36.02
laya-typed-score,PLAIN-3402,MED-2693,37.65
laya-typed-score,PLAIN-3402,MED-3744,35.43
laya-typed-score,PLAIN-3402,MED-2695,35.07
laya-typed-score,PLAIN-3402,MED-4165,34.26
laya-typed-score,PLAIN-3402,MED-4686,35.37
laya-typed-score,PLAIN-3402,MED-4901,36.44
laya-typed-score,PLAIN-3402,MED-4522,41.83
laya-typed-score,PLAIN-3402,MED-3451,36.21
laya-typed-score,PLAIN-3412,MED-4682,38.06
laya-typed-score,PLAIN-3412,MED-3227,35.4
laya-typed-score,PLAIN-3412,MED-3233,38.1
laya-typed-score,PLAIN-3412,MED-4894,38.51
laya-typed-score,PLAIN-3412,MED-936,38.01
laya-typed-score,PLAIN-3412,MED-1339,37.19
laya-typed-score,PLAIN-3412,MED-3229,45.54
laya-typed-score,PLAIN-3412,MED-3216,40.35
laya-typed-score,PLAIN-3412,MED-1135,35.29
laya-typed-score,PLAIN-3412,MED-1791,35.35
laya-typed-score,PLAIN-3412,MED-2053,36.65
laya-typed-score,PLAIN-3412,MED-3232,36.58
laya-typed-score,PLAIN-3412,MED-5192,35.19
laya-typed-score,PLAIN-3412,MED-3918,36.76
laya-typed-score,PLAIN-3412,MED-2264,37.17
laya-typed-score,PLAIN-3412,MED-1136,36.08
laya-typed-score,PLAIN-3412,MED-4898,36.74
laya-typed-score,PLAIN-3412,MED-4469,37.83
laya-typed-score,PLAIN-3412,MED-4373,35.61
laya-typed-score,PLAIN-3412,MED-3215,35.66
laya-typed-score,PLAIN-3422,MED-2761,36.16
laya-typed-score,PLAIN-3422,MED-2762,35.9
laya-typed-score,PLAIN-3422,MED-4930,34.79
laya-typed-score,PLAIN-3422,MED-3157,38.93
laya-typed-score,PLAIN-3422,MED-4872,41.82
laya-typed-score,PLAIN-3422,MED-4929,35.11
laya-typed-score,PLAIN-3422,MED-4645,35.61
laya-typed-score,PLAIN-3422,MED-4566,36.81
laya-typed-score,PLAIN-3422,MED-4511,35.19
laya-typed-score,PLAIN-3422,MED-5136,35.12
laya-typed-score,PLAIN-3422,MED-2452,38.66
laya-typed-score,PLAIN-3422,MED-4366,38.06
laya-typed-score,PLAIN-3422,MED-4373,36.49
laya-typed-score,PLAIN-3422,MED-4873,37.61
laya-typed-score,PLAIN-3422,MED-4647,50.69
laya-typed-score,PLAIN-3422,MED-714,37.57
laya-typed-score,PLAIN-3422,MED-4924,37.22
laya-typed-score,PLAIN-3422,MED-3988,36.91
laya-typed-score,PLAIN-3422,MED-5131,35.5
laya-typed-score,PLAIN-3422,MED-2942,35.65
laya-typed-score,PLAIN-3432,MED-2227,36.17
laya-typed-score,PLAIN-3432,MED-4336,35.42
laya-typed-score,PLAIN-3432,MED-5283,36.47
laya-typed-score,PLAIN-3432,MED-5040,35.36
laya-typed-score,PLAIN-3432,MED-4782,38.06
laya-typed-score,PLAIN-3432,MED-5038,36.05
laya-typed-score,PLAIN-3432,MED-2223,36.08
laya-typed-score,PLAIN-3432,MED-5284,35.82
laya-typed-score,PLAIN-3432,MED-2224,34.89
laya-typed-score,PLAIN-3432,MED-3166,36.14
laya-typed-score,PLAIN-3432,MED-2225,38.5
laya-typed-score,PLAIN-3432,MED-5289,41.82
laya-typed-score,PLAIN-3432,MED-4600,36.46
laya-typed-score,PLAIN-3432,MED-2228,35.29
laya-typed-score,PLAIN-3432,MED-5286,36.11
laya-typed-score,PLAIN-3432,MED-4822,36.95
laya-typed-score,PLAIN-3432,MED-5287,35.48
laya-typed-score,PLAIN-3432,MED-5151,37.34
laya-typed-score,PLAIN-3432,MED-4335,36.22
laya-typed-score,PLAIN-3432,MED-1534,36.03
laya-typed-score,PLAIN-3442,MED-2201,38.47
laya-typed-score,PLAIN-3442,MED-3369,36.21
laya-typed-score,PLAIN-3442,MED-3371,46.2
laya-typed-score,PLAIN-3442,MED-5076,36.41
laya-typed-score,PLAIN-3442,MED-2066,36.23
laya-typed-score,PLAIN-3442,MED-4714,35.87
laya-typed-score,PLAIN-3442,MED-4496,35.81
laya-typed-score,PLAIN-3442,MED-4861,37.46
laya-typed-score,PLAIN-3442,MED-759,34.73
laya-typed-score,PLAIN-3442,MED-3474,36.07
laya-typed-score,PLAIN-3442,MED-3480,35.44
laya-typed-score,PLAIN-3442,MED-2098,36.73
laya-typed-score,PLAIN-3442,MED-1604,34.63
laya-typed-score,PLAIN-3442,MED-3620,35.87
laya-typed-score,PLAIN-3442,MED-3485,35.63
laya-typed-score,PLAIN-3442,MED-5026,34.78
laya-typed-score,PLAIN-3442,MED-3370,37.54
laya-typed-score,PLAIN-3442,MED-4393,36.29
laya-typed-score,PLAIN-3442,MED-2064,42.49
laya-typed-score,PLAIN-3442,MED-1686,36.04
laya-typed-score,PLAIN-3452,MED-1049,35.27
laya-typed-score,PLAIN-3452,MED-5175,36.17
laya-typed-score,PLAIN-3452,MED-1035,35.2
laya-typed-score,PLAIN-3452,MED-1048,34.88
laya-typed-score,PLAIN-3452,MED-1031,36.57
laya-typed-score,PLAIN-3452,MED-4810,35.04
laya-typed-score,PLAIN-3452,MED-1034,39.41
laya-typed-score,PLAIN-3452,MED-1029,38.5
laya-typed-score,PLAIN-3452,MED-4638,37.87
laya-typed-score,PLAIN-3452,MED-2055,46.14
laya-typed-score,PLAIN-3452,MED-1040,41.93
laya-typed-score,PLAIN-3452,MED-2100,36.4
laya-typed-score,PLAIN-3452,MED-4641,37.01
laya-typed-score,PLAIN-3452,MED-1007,36.4
laya-typed-score,PLAIN-3452,MED-4325,48.12
laya-typed-score,PLAIN-3452,MED-949,37.11
laya-typed-score,PLAIN-3452,MED-4637,37.28
laya-typed-score,PLAIN-3452,MED-4517,46.07
laya-typed-score,PLAIN-3452,MED-1033,37.19
laya-typed-score,PLAIN-3452,MED-4639,36.52
laya-typed-score,PLAIN-3462,MED-5271,36.97
laya-typed-score,PLAIN-3462,MED-1373,36.17
laya-typed-score,PLAIN-3462,MED-1390,36.81
laya-typed-score,PLAIN-3462,MED-5260,37.36
laya-typed-score,PLAIN-3462,MED-5274,35.77
laya-typed-score,PLAIN-3462,MED-5263,36.41
laya-typed-score,PLAIN-3462,MED-5269,36.33
laya-typed-score,PLAIN-3462,MED-5153,37.3
laya-typed-score,PLAIN-3462,MED-5273,35.75
laya-typed-score,PLAIN-3462,MED-5268,35.91
laya-typed-score,PLAIN-3462,MED-1363,36.43
laya-typed-score,PLAIN-3462,MED-4006,37.39
laya-typed-score,PLAIN-3462,MED-5272,37.38
laya-typed-score,PLAIN-3462,MED-1394,39.23
laya-typed-score,PLAIN-3462,MED-3432,42.27
laya-typed-score,PLAIN-3462,MED-2378,39.94
laya-typed-score,PLAIN-3462,MED-5262,53.26
laya-typed-score,PLAIN-3462,MED-4249,36.75
laya-typed-score,PLAIN-3462,MED-4709,36.92
laya-typed-score,PLAIN-3462,MED-5261,46.1
laya-typed-score,PLAIN-3472,MED-3755,43.24
laya-typed-score,PLAIN-3472,MED-3760,39.75
laya-typed-score,PLAIN-3472,MED-2928,43.82
laya-typed-score,PLAIN-3472,MED-3757,36.22
laya-typed-score,PLAIN-3472,MED-3759,37.73
laya-typed-score,PLAIN-3472,MED-3604,40.19
laya-typed-score,PLAIN-3472,MED-1350,39.52
laya-typed-score,PLAIN-3472,MED-2525,36.63
laya-typed-score,PLAIN-3472,MED-2112,37.5
laya-typed-score,PLAIN-3472,MED-2923,41.01
laya-typed-score,PLAIN-3472,MED-3625,35.78
laya-typed-score,PLAIN-3472,MED-2082,36.09
laya-typed-score,PLAIN-3472,MED-2284,50.81
laya-typed-score,PLAIN-3472,MED-3603,58.41
laya-typed-score,PLAIN-3472,MED-2527,55.96
laya-typed-score,PLAIN-3472,MED-3636,58.14
laya-typed-score,PLAIN-3472,MED-1097,50.16
laya-typed-score,PLAIN-3472,MED-3374,50.31
laya-typed-score,PLAIN-3472,MED-2744,49.49
laya-typed-score,PLAIN-3472,MED-3382,58.11
jev-score,PLAIN-2,MED-14,517.17
jev-score,PLAIN-2,MED-2429,346.6
jev-score,PLAIN-2,MED-10,306.09
jev-score,PLAIN-2,MED-2431,245.01
jev-score,PLAIN-2,MED-4827,285.5
jev-score,PLAIN-2,MED-2427,278.67
jev-score,PLAIN-2,MED-1193,296.54
jev-score,PLAIN-2,MED-2434,306.38
jev-score,PLAIN-2,MED-2428,278.91
jev-score,PLAIN-2,MED-2439,262.85
jev-score,PLAIN-2,MED-2440,287.01
jev-score,PLAIN-2,MED-3832,275.11
jev-score,PLAIN-2,MED-2435,343.27
jev-score,PLAIN-2,MED-5116,246.24
jev-score,PLAIN-2,MED-2525,382.91
jev-score,PLAIN-2,MED-4650,258.17
jev-score,PLAIN-2,MED-3551,267.63
jev-score,PLAIN-2,MED-4559,276.55
jev-score,PLAIN-2,MED-5352,356.22
jev-score,PLAIN-2,MED-2103,353.75
jev-score,PLAIN-12,MED-2501,269.05
jev-score,PLAIN-12,MED-4711,303.65
jev-score,PLAIN-12,MED-2603,287.23
jev-score,PLAIN-12,MED-4698,333.53
jev-score,PLAIN-12,MED-1167,289.08
jev-score,PLAIN-12,MED-2519,316.11
jev-score,PLAIN-12,MED-2502,247.21
jev-score,PLAIN-12,MED-2325,262.09
jev-score,PLAIN-12,MED-2333,310.18
jev-score,PLAIN-12,MED-2514,279.63
jev-score,PLAIN-12,MED-4884,348.61
jev-score,PLAIN-12,MED-2510,305.5
jev-score,PLAIN-12,MED-5042,339.83
jev-score,PLAIN-12,MED-2136,265.47
jev-score,PLAIN-12,MED-2498,254.77
jev-score,PLAIN-12,MED-4156,323.81
jev-score,PLAIN-12,MED-4699,324.87
jev-score,PLAIN-12,MED-1376,346.27
jev-score,PLAIN-12,MED-4115,390.67
jev-score,PLAIN-12,MED-2815,309.04
jev-score,PLAIN-23,MED-2658,256.02
jev-score,PLAIN-23,MED-118,267.36
jev-score,PLAIN-23,MED-2651,281.38
jev-score,PLAIN-23,MED-1174,286.19
jev-score,PLAIN-23,MED-1961,346.36
jev-score,PLAIN-23,MED-1164,313.79
jev-score,PLAIN-23,MED-1169,309.92
jev-score,PLAIN-23,MED-3498,263.96
jev-score,PLAIN-23,MED-2661,261.54
jev-score,PLAIN-23,MED-999,348.48
jev-score,PLAIN-23,MED-3102,284.0
jev-score,PLAIN-23,MED-3925,293.27
jev-score,PLAIN-23,MED-1172,251.67
jev-score,PLAIN-23,MED-2212,255.23
jev-score,PLAIN-23,MED-835,994.4
jev-score,PLAIN-23,MED-1004,345.68
jev-score,PLAIN-23,MED-1831,242.74
jev-score,PLAIN-23,MED-1221,267.79
jev-score,PLAIN-23,MED-2643,268.98
jev-score,PLAIN-23,MED-1845,297.87
jev-score,PLAIN-33,MED-1056,324.46
jev-score,PLAIN-33,MED-2763,276.61
jev-score,PLAIN-33,MED-1448,344.87
jev-score,PLAIN-33,MED-2162,301.44
jev-score,PLAIN-33,MED-1334,290.04
jev-score,PLAIN-33,MED-1468,355.98
jev-score,PLAIN-33,MED-1366,276.29
jev-score,PLAIN-33,MED-2717,355.85
jev-score,PLAIN-33,MED-1994,307.11
jev-score,PLAIN-33,MED-2718,368.25
jev-score,PLAIN-33,MED-5299,293.96
jev-score,PLAIN-33,MED-4699,275.91
jev-score,PLAIN-33,MED-4891,260.37
jev-score,PLAIN-33,MED-1718,282.92
jev-score,PLAIN-33,MED-1506,284.9
jev-score,PLAIN-33,MED-3052,293.23
jev-score,PLAIN-33,MED-5311,278.62
jev-score,PLAIN-33,MED-1230,375.11
jev-score,PLAIN-33,MED-3055,354.46
jev-score,PLAIN-33,MED-1707,361.88
jev-score,PLAIN-44,MED-1811,306.81
jev-score,PLAIN-44,MED-2791,328.64
jev-score,PLAIN-44,MED-2607,345.74
jev-score,PLAIN-44,MED-2810,285.59
jev-score,PLAIN-44,MED-2783,276.86
jev-score,PLAIN-44,MED-2821,306.86
jev-score,PLAIN-44,MED-2817,336.43
jev-score,PLAIN-44,MED-2800,289.41
jev-score,PLAIN-44,MED-2812,340.56
jev-score,PLAIN-44,MED-2818,362.89
jev-score,PLAIN-44,MED-2786,342.61
jev-score,PLAIN-44,MED-2782,291.82
jev-score,PLAIN-44,MED-2785,357.07
jev-score,PLAIN-44,MED-2815,269.79
jev-score,PLAIN-44,MED-2604,358.24
jev-score,PLAIN-44,MED-2823,281.07
jev-score,PLAIN-44,MED-2240,384.39
jev-score,PLAIN-44,MED-1948,312.86
jev-score,PLAIN-44,MED-2814,383.16
jev-score,PLAIN-44,MED-2602,234.75
jev-score,PLAIN-56,MED-2896,354.98
jev-score,PLAIN-56,MED-2901,286.36
jev-score,PLAIN-56,MED-2900,312.51
jev-score,PLAIN-56,MED-4384,331.81
jev-score,PLAIN-56,MED-5247,269.23
jev-score,PLAIN-56,MED-2894,273.15
jev-score,PLAIN-56,MED-5246,328.67
jev-score,PLAIN-56,MED-4028,305.85
jev-score,PLAIN-56,MED-2380,272.94
jev-score,PLAIN-56,MED-4554,318.6
jev-score,PLAIN-56,MED-5134,284.44
jev-score,PLAIN-56,MED-2895,308.44
jev-score,PLAIN-56,MED-2888,332.49
jev-score,PLAIN-56,MED-3356,314.14
jev-score,PLAIN-56,MED-2886,325.63
jev-score,PLAIN-56,MED-3770,283.08
jev-score,PLAIN-56,MED-1178,269.44
jev-score,PLAIN-56,MED-5218,276.28
jev-score,PLAIN-56,MED-3786,285.14
jev-score,PLAIN-56,MED-3397,325.05
jev-score,PLAIN-68,MED-2991,390.6
jev-score,PLAIN-68,MED-2492,306.88
jev-score,PLAIN-68,MED-4800,329.79
jev-score,PLAIN-68,MED-1801,258.75
jev-score,PLAIN-68,MED-4429,295.78
jev-score,PLAIN-68,MED-3086,265.04
jev-score,PLAIN-68,MED-1962,293.78
jev-score,PLAIN-68,MED-3095,260.22
jev-score,PLAIN-68,MED-1956,297.36
jev-score,PLAIN-68,MED-4626,326.07
jev-score,PLAIN-68,MED-2745,288.56
jev-score,PLAIN-68,MED-2339,324.35
jev-score,PLAIN-68,MED-2168,395.67
jev-score,PLAIN-68,MED-2736,319.42
jev-score,PLAIN-68,MED-4978,354.77
jev-score,PLAIN-68,MED-3651,390.57
jev-score,PLAIN-68,MED-4972,262.79
jev-score,PLAIN-68,MED-4428,292.63
jev-score,PLAIN-68,MED-3889,294.18
jev-score,PLAIN-68,MED-733,297.05
jev-score,PLAIN-78,MED-5110,294.26
jev-score,PLAIN-78,MED-4746,238.23
jev-score,PLAIN-78,MED-2671,270.51
jev-score,PLAIN-78,MED-4318,290.4
jev-score,PLAIN-78,MED-1601,368.4
jev-score,PLAIN-78,MED-3499,293.28
jev-score,PLAIN-78,MED-335,273.1
jev-score,PLAIN-78,MED-4145,283.06
jev-score,PLAIN-78,MED-1407,279.85
jev-score,PLAIN-78,MED-4493,354.54
jev-score,PLAIN-78,MED-4182,312.61
jev-score,PLAIN-78,MED-5326,274.19
jev-score,PLAIN-78,MED-4814,300.06
jev-score,PLAIN-78,MED-2219,304.16
jev-score,PLAIN-78,MED-3494,346.04
jev-score,PLAIN-78,MED-1540,304.92
jev-score,PLAIN-78,MED-5235,362.7
jev-score,PLAIN-78,MED-1366,332.12
jev-score,PLAIN-78,MED-4087,341.53
jev-score,PLAIN-78,MED-1600,263.08
jev-score,PLAIN-91,MED-3288,273.86
jev-score,PLAIN-91,MED-4963,282.7
jev-score,PLAIN-91,MED-4818,404.08
jev-score,PLAIN-91,MED-3171,379.44
jev-score,PLAIN-91,MED-1979,296.25
jev-score,PLAIN-91,MED-1977,314.48
jev-score,PLAIN-91,MED-3319,342.92
jev-score,PLAIN-91,MED-3515,370.24
jev-score,PLAIN-91,MED-3169,334.03
jev-score,PLAIN-91,MED-3175,340.27
jev-score,PLAIN-91,MED-3178,279.1
jev-score,PLAIN-91,MED-4138,270.53
jev-score,PLAIN-91,MED-4797,278.1
jev-score,PLAIN-91,MED-3307,297.99
jev-score,PLAIN-91,MED-1983,289.01
jev-score,PLAIN-91,MED-2346,295.65
jev-score,PLAIN-91,MED-4957,298.64
jev-score,PLAIN-91,MED-2352,401.5
jev-score,PLAIN-91,MED-4134,340.95
jev-score,PLAIN-91,MED-4814,291.86
jev-score,PLAIN-102,MED-3954,396.14
jev-score,PLAIN-102,MED-3253,253.53
jev-score,PLAIN-102,MED-1366,334.93
jev-score,PLAIN-102,MED-2590,315.15
jev-score,PLAIN-102,MED-4247,322.22
jev-score,PLAIN-102,MED-4616,272.6
jev-score,PLAIN-102,MED-1548,336.13
jev-score,PLAIN-102,MED-4255,312.55
jev-score,PLAIN-102,MED-4613,313.57
jev-score,PLAIN-102,MED-2476,299.74
jev-score,PLAIN-102,MED-2111,319.67
jev-score,PLAIN-102,MED-1987,315.68
jev-score,PLAIN-102,MED-1409,301.47
jev-score,PLAIN-102,MED-1190,291.93
jev-score,PLAIN-102,MED-1991,308.98
jev-score,PLAIN-102,MED-4680,278.89
jev-score,PLAIN-102,MED-1997,338.81
jev-score,PLAIN-102,MED-1996,269.77
jev-score,PLAIN-102,MED-1381,305.32
jev-score,PLAIN-102,MED-4243,273.62
jev-score,PLAIN-112,MED-3380,271.2
jev-score,PLAIN-112,MED-3382,305.39
jev-score,PLAIN-112,MED-2618,280.36
jev-score,PLAIN-112,MED-1153,285.25
jev-score,PLAIN-112,MED-4655,347.91
jev-score,PLAIN-112,MED-2616,346.66
jev-score,PLAIN-112,MED-4604,307.59
jev-score,PLAIN-112,MED-3381,263.26
jev-score,PLAIN-112,MED-3383,322.61
jev-score,PLAIN-112,MED-3351,306.32
jev-score,PLAIN-112,MED-2059,372.54
jev-score,PLAIN-112,MED-2063,369.65
jev-score,PLAIN-112,MED-3050,298.92
jev-score,PLAIN-112,MED-2036,314.77
jev-score,PLAIN-112,MED-5063,329.3
jev-score,PLAIN-112,MED-5062,279.78
jev-score,PLAIN-112,MED-2619,372.42
jev-score,PLAIN-112,MED-906,298.46
jev-score,PLAIN-112,MED-2643,256.32
jev-score,PLAIN-112,MED-1502,291.83
jev-score,PLAIN-123,MED-4392,323.57
jev-score,PLAIN-123,MED-3483,282.87
jev-score,PLAIN-123,MED-2083,275.94
jev-score,PLAIN-123,MED-2265,285.79
jev-score,PLAIN-123,MED-4804,299.29
jev-score,PLAIN-123,MED-1982,276.07
jev-score,PLAIN-123,MED-2707,323.46
jev-score,PLAIN-123,MED-2711,327.3
jev-score,PLAIN-123,MED-2803,306.64
jev-score,PLAIN-123,MED-2713,301.49
jev-score,PLAIN-123,MED-3474,311.64
jev-score,PLAIN-123,MED-2073,304.61
jev-score,PLAIN-123,MED-4256,284.52
jev-score,PLAIN-123,MED-4969,269.91
jev-score,PLAIN-123,MED-3204,297.15
jev-score,PLAIN-123,MED-3210,271.71
jev-score,PLAIN-123,MED-4429,290.81
jev-score,PLAIN-123,MED-1020,343.87
jev-score,PLAIN-123,MED-3476,318.49
jev-score,PLAIN-123,MED-2336,287.9
jev-score,PLAIN-133,MED-2513,297.3
jev-score,PLAIN-133,MED-4116,319.3
jev-score,PLAIN-133,MED-2357,262.49
jev-score,PLAIN-133,MED-4464,264.51
jev-score,PLAIN-133,MED-5034,323.85
jev-score,PLAIN-133,MED-2993,296.36
jev-score,PLAIN-133,MED-3280,322.71
jev-score,PLAIN-133,MED-2129,272.94
jev-score,PLAIN-133,MED-1666,268.85
jev-score,PLAIN-133,MED-2923,300.59
jev-score,PLAIN-133,MED-4095,317.25
jev-score,PLAIN-133,MED-5292,263.59
jev-score,PLAIN-133,MED-1665,292.85
jev-score,PLAIN-133,MED-3311,309.42
jev-score,PLAIN-133,MED-2751,260.42
jev-score,PLAIN-133,MED-5032,438.71
jev-score,PLAIN-133,MED-4423,337.31
jev-score,PLAIN-133,MED-2577,309.61
jev-score,PLAIN-133,MED-3277,278.95
jev-score,PLAIN-133,MED-1719,275.62
jev-score,PLAIN-143,MED-3621,434.04
jev-score,PLAIN-143,MED-3618,290.01
jev-score,PLAIN-143,MED-2093,267.24
jev-score,PLAIN-143,MED-3619,333.69
jev-score,PLAIN-143,MED-872,274.28
jev-score,PLAIN-143,MED-4036,259.17
jev-score,PLAIN-143,MED-4028,338.78
jev-score,PLAIN-143,MED-1858,282.21
jev-score,PLAIN-143,MED-4026,354.06
jev-score,PLAIN-143,MED-859,316.28
jev-score,PLAIN-143,MED-3639,440.4
jev-score,PLAIN-143,MED-4027,258.11
jev-score,PLAIN-143,MED-3640,347.76
jev-score,PLAIN-143,MED-1857,313.7
jev-score,PLAIN-143,MED-4019,296.29
jev-score,PLAIN-143,MED-2982,374.71
jev-score,PLAIN-143,MED-4034,341.24
jev-score,PLAIN-143,MED-2096,344.49
jev-score,PLAIN-143,MED-2094,945.13
jev-score,PLAIN-143,MED-4373,420.88
jev-score,PLAIN-153,MED-3677,263.16
jev-score,PLAIN-153,MED-3695,324.4
jev-score,PLAIN-153,MED-3692,364.42
jev-score,PLAIN-153,MED-3690,295.02
jev-score,PLAIN-153,MED-3680,346.74
jev-score,PLAIN-153,MED-3679,302.04
jev-score,PLAIN-153,MED-3691,382.06
jev-score,PLAIN-153,MED-3693,338.94
jev-score,PLAIN-153,MED-2105,365.81
jev-score,PLAIN-153,MED-4266,276.67
jev-score,PLAIN-153,MED-3673,298.6
jev-score,PLAIN-153,MED-4762,308.88
jev-score,PLAIN-153,MED-4760,327.51
jev-score,PLAIN-153,MED-3683,359.66
jev-score,PLAIN-153,MED-1413,975.82
jev-score,PLAIN-153,MED-4442,298.21
jev-score,PLAIN-153,MED-1981,378.83
jev-score,PLAIN-153,MED-3967,403.98
jev-score,PLAIN-153,MED-3688,296.01
jev-score,PLAIN-153,MED-1248,316.62
jev-score,PLAIN-165,MED-4445,284.18
jev-score,PLAIN-165,MED-3766,289.5
jev-score,PLAIN-165,MED-3767,249.0
jev-score,PLAIN-165,MED-3696,312.58
jev-score,PLAIN-165,MED-3762,279.8
jev-score,PLAIN-165,MED-2437,289.98
jev-score,PLAIN-165,MED-3768,247.44
jev-score,PLAIN-165,MED-1564,270.37
jev-score,PLAIN-165,MED-4450,261.75
jev-score,PLAIN-165,MED-3855,331.79
jev-score,PLAIN-165,MED-3765,473.17
jev-score,PLAIN-165,MED-4096,287.09
jev-score,PLAIN-165,MED-3205,319.26
jev-score,PLAIN-165,MED-3697,315.86
jev-score,PLAIN-165,MED-3844,280.55
jev-score,PLAIN-165,MED-3832,436.19
jev-score,PLAIN-165,MED-2258,290.42
jev-score,PLAIN-165,MED-3447,296.49
jev-score,PLAIN-165,MED-2237,279.37
jev-score,PLAIN-165,MED-3701,275.82
jev-score,PLAIN-175,MED-3818,255.31
jev-score,PLAIN-175,MED-3822,375.3
jev-score,PLAIN-175,MED-3816,919.51
jev-score,PLAIN-175,MED-4515,1481.75
jev-score,PLAIN-175,MED-2459,1423.2
jev-score,PLAIN-175,MED-2529,303.93
jev-score,PLAIN-175,MED-4985,318.05
jev-score,PLAIN-175,MED-1445,1352.96
jev-score,PLAIN-175,MED-4239,300.82
jev-score,PLAIN-175,MED-836,288.42
jev-score,PLAIN-175,MED-5262,1723.64
jev-score,PLAIN-175,MED-825,390.47
jev-score,PLAIN-175,MED-4710,337.03
jev-score,PLAIN-175,MED-2148,291.98
jev-score,PLAIN-175,MED-2008,322.13
jev-score,PLAIN-175,MED-1450,285.95
jev-score,PLAIN-175,MED-4299,267.64
jev-score,PLAIN-175,MED-1258,1320.39
jev-score,PLAIN-175,MED-5200,294.13
jev-score,PLAIN-175,MED-4154,260.63
jev-score,PLAIN-186,MED-2054,351.21
jev-score,PLAIN-186,MED-3904,325.18
jev-score,PLAIN-186,MED-949,266.03
jev-score,PLAIN-186,MED-2057,299.4
jev-score,PLAIN-186,MED-2059,308.4
jev-score,PLAIN-186,MED-2203,260.56
jev-score,PLAIN-186,MED-2053,295.98
jev-score,PLAIN-186,MED-1031,337.69
jev-score,PLAIN-186,MED-2055,271.17
jev-score,PLAIN-186,MED-1017,268.95
jev-score,PLAIN-186,MED-2058,309.32
jev-score,PLAIN-186,MED-2062,338.18
jev-score,PLAIN-186,MED-2060,287.0
jev-score,PLAIN-186,MED-4325,304.25
jev-score,PLAIN-186,MED-1006,298.59
jev-score,PLAIN-186,MED-5005,301.74
jev-score,PLAIN-186,MED-2061,343.12
jev-score,PLAIN-186,MED-4638,321.76
jev-score,PLAIN-186,MED-3933,316.75
jev-score,PLAIN-186,MED-1016,321.1
jev-score,PLAIN-196,MED-3969,331.25
jev-score,PLAIN-196,MED-3970,278.81
jev-score,PLAIN-196,MED-3963,374.9
jev-score,PLAIN-196,MED-895,1519.01
jev-score,PLAIN-196,MED-1185,1189.91
jev-score,PLAIN-196,MED-4602,293.97
jev-score,PLAIN-196,MED-855,365.7
jev-score,PLAIN-196,MED-2994,339.63
jev-score,PLAIN-196,MED-3619,283.89
jev-score,PLAIN-196,MED-3606,231.19
jev-score,PLAIN-196,MED-3964,244.8
jev-score,PLAIN-196,MED-2643,329.63
jev-score,PLAIN-196,MED-3960,266.64
jev-score,PLAIN-196,MED-4949,327.86
jev-score,PLAIN-196,MED-5059,250.45
jev-score,PLAIN-196,MED-859,321.74
jev-score,PLAIN-196,MED-4391,263.44
jev-score,PLAIN-196,MED-3022,276.89
jev-score,PLAIN-196,MED-4479,282.76
jev-score,PLAIN-196,MED-5133,286.94
jev-score,PLAIN-207,MED-5197,288.3
jev-score,PLAIN-207,MED-3000,1236.91
jev-score,PLAIN-207,MED-4057,316.11
jev-score,PLAIN-207,MED-4482,244.13
jev-score,PLAIN-207,MED-4053,289.61
jev-score,PLAIN-207,MED-4040,313.2
jev-score,PLAIN-207,MED-5326,263.08
jev-score,PLAIN-207,MED-4976,278.48
jev-score,PLAIN-207,MED-2168,299.75
jev-score,PLAIN-207,MED-847,268.6
jev-score,PLAIN-207,MED-4972,341.76
jev-score,PLAIN-207,MED-4485,271.49
jev-score,PLAIN-207,MED-4060,259.5
jev-score,PLAIN-207,MED-4451,297.78
jev-score,PLAIN-207,MED-5188,331.27
jev-score,PLAIN-207,MED-4493,268.17
jev-score,PLAIN-207,MED-2492,341.67
jev-score,PLAIN-207,MED-4492,285.24
jev-score,PLAIN-207,MED-1165,984.46
jev-score,PLAIN-207,MED-3311,379.44
jev-score,PLAIN-217,MED-4831,257.83
jev-score,PLAIN-217,MED-1991,267.66
jev-score,PLAIN-217,MED-4389,326.31
jev-score,PLAIN-217,MED-4206,280.48
jev-score,PLAIN-217,MED-1386,291.94
jev-score,PLAIN-217,MED-1319,238.77
jev-score,PLAIN-217,MED-4687,263.02
jev-score,PLAIN-217,MED-1258,314.67
jev-score,PLAIN-217,MED-4349,267.4
jev-score,PLAIN-217,MED-4515,282.38
jev-score,PLAIN-217,MED-2444,287.64
jev-score,PLAIN-217,MED-2951,330.39
jev-score,PLAIN-217,MED-4689,278.5
jev-score,PLAIN-217,MED-5069,273.78
jev-score,PLAIN-217,MED-1445,275.49
jev-score,PLAIN-217,MED-4255,306.34
jev-score,PLAIN-217,MED-4613,322.15
jev-score,PLAIN-217,MED-2578,272.78
jev-score,PLAIN-217,MED-2439,255.34
jev-score,PLAIN-217,MED-4846,289.91
jev-score,PLAIN-227,MED-3534,344.75
jev-score,PLAIN-227,MED-4830,310.17
jev-score,PLAIN-227,MED-3459,273.21
jev-score,PLAIN-227,MED-4829,303.44
jev-score,PLAIN-227,MED-1491,256.21
jev-score,PLAIN-227,MED-3466,1308.75
jev-score,PLAIN-227,MED-3462,361.76
jev-score,PLAIN-227,MED-4405,305.99
jev-score,PLAIN-227,MED-3460,270.99
jev-score,PLAIN-227,MED-3499,282.33
jev-score,PLAIN-227,MED-2271,324.42
jev-score,PLAIN-227,MED-3453,314.34
jev-score,PLAIN-227,MED-1466,347.66
jev-score,PLAIN-227,MED-1474,272.6
jev-score,PLAIN-227,MED-4828,263.3
jev-score,PLAIN-227,MED-3165,333.73
jev-score,PLAIN-227,MED-923,332.59
jev-score,PLAIN-227,MED-1460,294.68
jev-score,PLAIN-227,MED-4145,378.07
jev-score,PLAIN-227,MED-4508,229.86
jev-score,PLAIN-238,MED-5104,285.48
jev-score,PLAIN-238,MED-3630,295.28
jev-score,PLAIN-238,MED-2105,250.12
jev-score,PLAIN-238,MED-4976,283.35
jev-score,PLAIN-238,MED-4739,349.98
jev-score,PLAIN-238,MED-4381,354.51
jev-score,PLAIN-238,MED-2994,349.64
jev-score,PLAIN-238,MED-2627,266.22
jev-score,PLAIN-238,MED-4949,306.81
jev-score,PLAIN-238,MED-4451,309.47
jev-score,PLAIN-238,MED-999,331.68
jev-score,PLAIN-238,MED-4181,343.52
jev-score,PLAIN-238,MED-2746,356.86
jev-score,PLAIN-238,MED-4911,310.13
jev-score,PLAIN-238,MED-2391,1604.2
jev-score,PLAIN-238,MED-4465,303.49
jev-score,PLAIN-238,MED-5224,351.23
jev-score,PLAIN-238,MED-3880,281.45
jev-score,PLAIN-238,MED-956,346.3
jev-score,PLAIN-238,MED-2643,287.27
jev-score,PLAIN-248,MED-4233,305.36
jev-score,PLAIN-248,MED-3874,294.51
jev-score,PLAIN-248,MED-3790,290.91
jev-score,PLAIN-248,MED-4885,377.56
jev-score,PLAIN-248,MED-4886,280.15
jev-score,PLAIN-248,MED-3243,349.27
jev-score,PLAIN-248,MED-3789,294.11
jev-score,PLAIN-248,MED-5337,289.61
jev-score,PLAIN-248,MED-5356,303.41
jev-score,PLAIN-248,MED-3877,368.51
jev-score,PLAIN-248,MED-5355,283.81
jev-score,PLAIN-248,MED-861,286.54
jev-score,PLAIN-248,MED-4888,289.5
jev-score,PLAIN-248,MED-3245,288.58
jev-score,PLAIN-248,MED-3878,285.39
jev-score,PLAIN-248,MED-3782,278.25
jev-score,PLAIN-248,MED-865,342.65
jev-score,PLAIN-248,MED-5192,295.04
jev-score,PLAIN-248,MED-2769,283.03
jev-score,PLAIN-248,MED-4898,335.46
jev-score,PLAIN-259,MED-4295,320.66
jev-score,PLAIN-259,MED-4296,271.27
jev-score,PLAIN-259,MED-4913,242.6
jev-score,PLAIN-259,MED-752,274.83
jev-score,PLAIN-259,MED-3492,303.47
jev-score,PLAIN-259,MED-2430,286.81
jev-score,PLAIN-259,MED-3530,1300.4
jev-score,PLAIN-259,MED-5165,296.65
jev-score,PLAIN-259,MED-5115,257.43
jev-score,PLAIN-259,MED-5069,1947.81
jev-score,PLAIN-259,MED-3521,268.94
jev-score,PLAIN-259,MED-3606,302.99
jev-score,PLAIN-259,MED-1444,288.65
jev-score,PLAIN-259,MED-3688,284.55
jev-score,PLAIN-259,MED-3144,225.92
jev-score,PLAIN-259,MED-2235,288.52
jev-score,PLAIN-259,MED-4739,365.81
jev-score,PLAIN-259,MED-3854,328.89
jev-score,PLAIN-259,MED-862,349.62
jev-score,PLAIN-259,MED-2233,442.29
jev-score,PLAIN-270,MED-4331,294.24
jev-score,PLAIN-270,MED-1640,282.61
jev-score,PLAIN-270,MED-1645,283.93
jev-score,PLAIN-270,MED-4776,273.92
jev-score,PLAIN-270,MED-5245,319.12
jev-score,PLAIN-270,MED-1648,362.83
jev-score,PLAIN-270,MED-898,325.38
jev-score,PLAIN-270,MED-1635,266.77
jev-score,PLAIN-270,MED-5123,277.99
jev-score,PLAIN-270,MED-5047,314.06
jev-score,PLAIN-270,MED-5050,296.97
jev-score,PLAIN-270,MED-4713,305.21
jev-score,PLAIN-270,MED-1631,260.63
jev-score,PLAIN-270,MED-1647,1378.52
jev-score,PLAIN-270,MED-4365,329.11
jev-score,PLAIN-270,MED-1637,284.34
jev-score,PLAIN-270,MED-5247,331.64
jev-score,PLAIN-270,MED-4902,340.26
jev-score,PLAIN-270,MED-4097,879.88
jev-score,PLAIN-270,MED-878,328.07
jev-score,PLAIN-280,MED-4376,292.73
jev-score,PLAIN-280,MED-5097,245.91
jev-score,PLAIN-280,MED-3023,429.75
jev-score,PLAIN-280,MED-3595,280.83
jev-score,PLAIN-280,MED-4739,268.6
jev-score,PLAIN-280,MED-2906,268.38
jev-score,PLAIN-280,MED-3020,292.51
jev-score,PLAIN-280,MED-3013,282.69
jev-score,PLAIN-280,MED-4949,259.94
jev-score,PLAIN-280,MED-3025,317.23
jev-score,PLAIN-280,MED-3034,288.29
jev-score,PLAIN-280,MED-4733,300.46
jev-score,PLAIN-280,MED-3026,313.21
jev-score,PLAIN-280,MED-2904,273.49
jev-score,PLAIN-280,MED-2905,309.42
jev-score,PLAIN-280,MED-4948,277.29
jev-score,PLAIN-280,MED-3032,278.13
jev-score,PLAIN-280,MED-2386,301.5
jev-score,PLAIN-280,MED-4947,331.76
jev-score,PLAIN-280,MED-4370,259.91
jev-score,PLAIN-291,MED-4517,385.64
jev-score,PLAIN-291,MED-4639,281.87
jev-score,PLAIN-291,MED-3860,293.87
jev-score,PLAIN-291,MED-2437,251.52
jev-score,PLAIN-291,MED-3858,297.78
jev-score,PLAIN-291,MED-1038,320.05
jev-score,PLAIN-291,MED-2424,296.92
jev-score,PLAIN-291,MED-2423,259.9
jev-score,PLAIN-291,MED-3696,323.59
jev-score,PLAIN-291,MED-5182,266.89
jev-score,PLAIN-291,MED-1826,311.44
jev-score,PLAIN-291,MED-4050,349.81
jev-score,PLAIN-291,MED-3862,321.71
jev-score,PLAIN-291,MED-1048,1138.46
jev-score,PLAIN-291,MED-3845,298.89
jev-score,PLAIN-291,MED-4643,289.01
jev-score,PLAIN-291,MED-5352,263.82
jev-score,PLAIN-291,MED-2417,307.57
jev-score,PLAIN-291,MED-5066,261.56
jev-score,PLAIN-291,MED-3848,292.95
jev-score,PLAIN-307,MED-714,250.28
jev-score,PLAIN-307,MED-3990,310.67
jev-score,PLAIN-307,MED-919,273.18
jev-score,PLAIN-307,MED-3987,268.66
jev-score,PLAIN-307,MED-4872,280.58
jev-score,PLAIN-307,MED-921,284.02
jev-score,PLAIN-307,MED-4566,350.01
jev-score,PLAIN-307,MED-3988,291.6
jev-score,PLAIN-307,MED-4574,444.74
jev-score,PLAIN-307,MED-3991,285.01
jev-score,PLAIN-307,MED-920,274.17
jev-score,PLAIN-307,MED-4573,241.79
jev-score,PLAIN-307,MED-716,274.09
jev-score,PLAIN-307,MED-2765,329.07
jev-score,PLAIN-307,MED-962,291.22
jev-score,PLAIN-307,MED-4575,354.21
jev-score,PLAIN-307,MED-4570,380.36
jev-score,PLAIN-307,MED-862,293.09
jev-score,PLAIN-307,MED-3986,349.89
jev-score,PLAIN-307,MED-3985,278.66
jev-score,PLAIN-320,MED-2437,365.56
jev-score,PLAIN-320,MED-4450,279.18
jev-score,PLAIN-320,MED-5066,295.42
jev-score,PLAIN-320,MED-2417,282.67
jev-score,PLAIN-320,MED-2424,252.54
jev-score,PLAIN-320,MED-3123,334.47
jev-score,PLAIN-320,MED-3834,286.07
jev-score,PLAIN-320,MED-3830,308.31
jev-score,PLAIN-320,MED-1564,323.6
jev-score,PLAIN-320,MED-3862,273.22
jev-score,PLAIN-320,MED-5352,354.85
jev-score,PLAIN-320,MED-3698,302.35
jev-score,PLAIN-320,MED-3799,268.57
jev-score,PLAIN-320,MED-3791,270.11
jev-score,PLAIN-320,MED-1826,274.96
jev-score,PLAIN-320,MED-2423,377.26
jev-score,PLAIN-320,MED-5111,313.29
jev-score,PLAIN-320,MED-4787,521.37
jev-score,PLAIN-320,MED-3551,301.15
jev-score,PLAIN-320,MED-3832,305.38
jev-score,PLAIN-332,MED-760,320.84
jev-score,PLAIN-332,MED-2951,323.59
jev-score,PLAIN-332,MED-4689,308.54
jev-score,PLAIN-332,MED-5265,263.03
jev-score,PLAIN-332,MED-5263,309.52
jev-score,PLAIN-332,MED-2697,303.45
jev-score,PLAIN-332,MED-5271,310.21
jev-score,PLAIN-332,MED-2830,327.65
jev-score,PLAIN-332,MED-2459,324.93
jev-score,PLAIN-332,MED-2970,313.34
jev-score,PLAIN-332,MED-5137,361.78
jev-score,PLAIN-332,MED-2458,245.54
jev-score,PLAIN-332,MED-2972,298.34
jev-score,PLAIN-332,MED-5277,253.31
jev-score,PLAIN-332,MED-4320,259.62
jev-score,PLAIN-332,MED-4006,316.04
jev-score,PLAIN-332,MED-3925,246.3
jev-score,PLAIN-332,MED-5013,310.92
jev-score,PLAIN-332,MED-3942,314.99
jev-score,PLAIN-332,MED-4005,387.47
jev-score,PLAIN-344,MED-1961,284.13
jev-score,PLAIN-344,MED-2388,271.01
jev-score,PLAIN-344,MED-1962,302.94
jev-score,PLAIN-344,MED-5238,281.59
jev-score,PLAIN-344,MED-1062,889.08
jev-score,PLAIN-344,MED-1468,265.5
jev-score,PLAIN-344,MED-4735,369.82
jev-score,PLAIN-344,MED-1681,5012.29
jev-score,PLAIN-344,MED-1063,325.58
jev-score,PLAIN-344,MED-4333,265.87
jev-score,PLAIN-344,MED-1611,292.23
jev-score,PLAIN-344,MED-5102,315.9
jev-score,PLAIN-344,MED-1238,263.38
jev-score,PLAIN-344,MED-4559,272.38
jev-score,PLAIN-344,MED-2850,321.5
jev-score,PLAIN-344,MED-1457,266.77
jev-score,PLAIN-344,MED-2146,294.43
jev-score,PLAIN-344,MED-5105,319.39
jev-score,PLAIN-344,MED-4984,298.78
jev-score,PLAIN-344,MED-4299,305.53
jev-score,PLAIN-358,MED-3788,281.93
jev-score,PLAIN-358,MED-2762,257.98
jev-score,PLAIN-358,MED-1366,305.72
jev-score,PLAIN-358,MED-2163,318.84
jev-score,PLAIN-358,MED-5161,315.49
jev-score,PLAIN-358,MED-4578,313.04
jev-score,PLAIN-358,MED-2753,1077.36
jev-score,PLAIN-358,MED-4956,265.24
jev-score,PLAIN-358,MED-2228,332.29
jev-score,PLAIN-358,MED-5253,303.11
jev-score,PLAIN-358,MED-3155,293.36
jev-score,PLAIN-358,MED-1261,326.3
jev-score,PLAIN-358,MED-5217,295.14
jev-score,PLAIN-358,MED-5136,262.12
jev-score,PLAIN-358,MED-5333,293.91
jev-score,PLAIN-358,MED-4878,290.06
jev-score,PLAIN-358,MED-5151,292.56
jev-score,PLAIN-358,MED-5283,383.74
jev-score,PLAIN-358,MED-2047,355.69
jev-score,PLAIN-358,MED-5148,875.82
jev-score,PLAIN-371,MED-4620,295.71
jev-score,PLAIN-371,MED-5010,363.37
jev-score,PLAIN-371,MED-5011,305.13
jev-score,PLAIN-371,MED-4618,281.96
jev-score,PLAIN-371,MED-5009,297.05
jev-score,PLAIN-371,MED-5082,1615.35
jev-score,PLAIN-371,MED-2570,317.13
jev-score,PLAIN-371,MED-3946,325.32
jev-score,PLAIN-371,MED-5115,342.26
jev-score,PLAIN-371,MED-913,290.86
jev-score,PLAIN-371,MED-1291,398.44
jev-score,PLAIN-371,MED-3766,304.06
jev-score,PLAIN-371,MED-4716,266.1
jev-score,PLAIN-371,MED-1655,275.65
jev-score,PLAIN-371,MED-1182,305.71
jev-score,PLAIN-371,MED-4369,263.62
jev-score,PLAIN-371,MED-2816,267.8
jev-score,PLAIN-371,MED-4452,269.68
jev-score,PLAIN-371,MED-3906,269.16
jev-score,PLAIN-371,MED-4619,497.66
jev-score,PLAIN-383,MED-1479,299.24
jev-score,PLAIN-383,MED-4469,289.34
jev-score,PLAIN-383,MED-4299,324.73
jev-score,PLAIN-383,MED-1540,267.31
jev-score,PLAIN-383,MED-1478,259.69
jev-score,PLAIN-383,MED-1366,305.46
jev-score,PLAIN-383,MED-2510,262.41
jev-score,PLAIN-383,MED-2572,260.16
jev-score,PLAIN-383,MED-4831,355.72
jev-score,PLAIN-383,MED-4389,284.35
jev-score,PLAIN-383,MED-2432,294.29
jev-score,PLAIN-383,MED-1874,312.42
jev-score,PLAIN-383,MED-4292,308.93
jev-score,PLAIN-383,MED-2763,252.77
jev-score,PLAIN-383,MED-3776,360.86
jev-score,PLAIN-383,MED-2112,326.87
jev-score,PLAIN-383,MED-3109,292.01
jev-score,PLAIN-383,MED-3149,268.16
jev-score,PLAIN-383,MED-1655,289.36
jev-score,PLAIN-383,MED-4087,269.22
jev-score,PLAIN-395,MED-2783,278.75
jev-score,PLAIN-395,MED-3511,305.9
jev-score,PLAIN-395,MED-2794,282.79
jev-score,PLAIN-395,MED-2271,343.39
jev-score,PLAIN-395,MED-3476,302.48
jev-score,PLAIN-395,MED-5137,290.19
jev-score,PLAIN-395,MED-3512,296.54
jev-score,PLAIN-395,MED-4576,313.9
jev-score,PLAIN-395,MED-2825,347.46
jev-score,PLAIN-395,MED-2816,262.1
jev-score,PLAIN-395,MED-2786,376.92
jev-score,PLAIN-395,MED-2926,902.86
jev-score,PLAIN-395,MED-3482,290.92
jev-score,PLAIN-395,MED-2817,276.91
jev-score,PLAIN-395,MED-2824,274.08
jev-score,PLAIN-395,MED-957,308.59
jev-score,PLAIN-395,MED-5000,272.12
jev-score,PLAIN-395,MED-2606,267.47
jev-score,PLAIN-395,MED-2811,255.22
jev-score,PLAIN-395,MED-2285,1329.45
jev-score,PLAIN-407,MED-906,260.04
jev-score,PLAIN-407,MED-2994,280.15
jev-score,PLAIN-407,MED-4205,284.2
jev-score,PLAIN-407,MED-2618,259.9
jev-score,PLAIN-407,MED-1140,335.43
jev-score,PLAIN-407,MED-4972,304.92
jev-score,PLAIN-407,MED-914,298.18
jev-score,PLAIN-407,MED-2742,238.53
jev-score,PLAIN-407,MED-2738,288.14
jev-score,PLAIN-407,MED-957,267.4
jev-score,PLAIN-407,MED-2346,281.4
jev-score,PLAIN-407,MED-2817,281.94
jev-score,PLAIN-407,MED-2202,273.35
jev-score,PLAIN-407,MED-5063,290.04
jev-score,PLAIN-407,MED-2619,1133.89
jev-score,PLAIN-407,MED-2616,289.08
jev-score,PLAIN-407,MED-3381,302.94
jev-score,PLAIN-407,MED-5139,293.39
jev-score,PLAIN-407,MED-4187,280.95
jev-score,PLAIN-407,MED-3146,296.76
jev-score,PLAIN-418,MED-917,271.54
jev-score,PLAIN-418,MED-3714,307.68
jev-score,PLAIN-418,MED-2453,268.65
jev-score,PLAIN-418,MED-2074,309.46
jev-score,PLAIN-418,MED-2285,318.28
jev-score,PLAIN-418,MED-3469,314.14
jev-score,PLAIN-418,MED-3738,320.29
jev-score,PLAIN-418,MED-3734,250.8
jev-score,PLAIN-418,MED-3528,269.79
jev-score,PLAIN-418,MED-4414,312.3
jev-score,PLAIN-418,MED-2068,286.69
jev-score,PLAIN-418,MED-1790,307.17
jev-score,PLAIN-418,MED-5170,289.31
jev-score,PLAIN-418,MED-1262,259.47
jev-score,PLAIN-418,MED-1182,305.53
jev-score,PLAIN-418,MED-3942,298.84
jev-score,PLAIN-418,MED-1792,272.58
jev-score,PLAIN-418,MED-4411,308.06
jev-score,PLAIN-418,MED-4859,368.84
jev-score,PLAIN-418,MED-1500,266.31
jev-score,PLAIN-430,MED-928,275.96
jev-score,PLAIN-430,MED-927,314.28
jev-score,PLAIN-430,MED-4936,247.93
jev-score,PLAIN-430,MED-1620,270.79
jev-score,PLAIN-430,MED-5095,277.15
jev-score,PLAIN-430,MED-4731,943.11
jev-score,PLAIN-430,MED-4631,402.49
jev-score,PLAIN-430,MED-2750,299.55
jev-score,PLAIN-430,MED-2412,334.69
jev-score,PLAIN-430,MED-2753,254.03
jev-score,PLAIN-430,MED-2751,295.66
jev-score,PLAIN-430,MED-1831,278.83
jev-score,PLAIN-430,MED-118,250.57
jev-score,PLAIN-430,MED-839,262.49
jev-score,PLAIN-430,MED-2651,277.41
jev-score,PLAIN-430,MED-4366,320.09
jev-score,PLAIN-430,MED-4943,293.82
jev-score,PLAIN-430,MED-2754,244.75
jev-score,PLAIN-430,MED-5100,288.71
jev-score,PLAIN-430,MED-5271,257.42
jev-score,PLAIN-441,MED-942,283.5
jev-score,PLAIN-441,MED-4701,303.56
jev-score,PLAIN-441,MED-4703,1437.32
jev-score,PLAIN-441,MED-1792,289.89
jev-score,PLAIN-441,MED-4702,265.82
jev-score,PLAIN-441,MED-5019,258.81
jev-score,PLAIN-441,MED-4590,324.81
jev-score,PLAIN-441,MED-4580,303.78
jev-score,PLAIN-441,MED-5082,347.38
jev-score,PLAIN-441,MED-941,270.22
jev-score,PLAIN-441,MED-3908,330.87
jev-score,PLAIN-441,MED-2491,310.85
jev-score,PLAIN-441,MED-4862,357.01
jev-score,PLAIN-441,MED-4414,267.6
jev-score,PLAIN-441,MED-3109,260.7
jev-score,PLAIN-441,MED-1841,299.39
jev-score,PLAIN-441,MED-2291,333.21
jev-score,PLAIN-441,MED-3452,287.0
jev-score,PLAIN-441,MED-4695,339.39
jev-score,PLAIN-441,MED-3157,287.01
jev-score,PLAIN-457,MED-2112,925.65
jev-score,PLAIN-457,MED-745,264.6
jev-score,PLAIN-457,MED-1754,282.76
jev-score,PLAIN-457,MED-4922,286.34
jev-score,PLAIN-457,MED-4354,295.36
jev-score,PLAIN-457,MED-4695,275.8
jev-score,PLAIN-457,MED-2716,264.27
jev-score,PLAIN-457,MED-3754,267.12
jev-score,PLAIN-457,MED-2291,301.04
jev-score,PLAIN-457,MED-3109,283.08
jev-score,PLAIN-457,MED-1407,370.16
jev-score,PLAIN-457,MED-748,320.12
jev-score,PLAIN-457,MED-3604,254.18
jev-score,PLAIN-457,MED-3776,277.52
jev-score,PLAIN-457,MED-1496,322.04
jev-score,PLAIN-457,MED-3749,296.97
jev-score,PLAIN-457,MED-2765,311.87
jev-score,PLAIN-457,MED-5219,366.75
jev-score,PLAIN-457,MED-3601,364.01
jev-score,PLAIN-457,MED-5288,330.15
jev-score,PLAIN-468,MED-3988,299.67
jev-score,PLAIN-468,MED-961,288.79
jev-score,PLAIN-468,MED-3990,281.74
jev-score,PLAIN-468,MED-4573,254.75
jev-score,PLAIN-468,MED-3991,264.32
jev-score,PLAIN-468,MED-3987,264.11
jev-score,PLAIN-468,MED-4566,265.7
jev-score,PLAIN-468,MED-962,294.86
jev-score,PLAIN-468,MED-3989,311.8
jev-score,PLAIN-468,MED-4575,313.0
jev-score,PLAIN-468,MED-921,315.9
jev-score,PLAIN-468,MED-716,296.67
jev-score,PLAIN-468,MED-714,260.9
jev-score,PLAIN-468,MED-981,333.03
jev-score,PLAIN-468,MED-919,318.3
jev-score,PLAIN-468,MED-4574,332.91
jev-score,PLAIN-468,MED-3985,253.26
jev-score,PLAIN-468,MED-4866,280.59
jev-score,PLAIN-468,MED-4570,326.43
jev-score,PLAIN-468,MED-994,302.98
jev-score,PLAIN-478,MED-3636,302.01
jev-score,PLAIN-478,MED-1144,359.95
jev-score,PLAIN-478,MED-2082,287.36
jev-score,PLAIN-478,MED-2309,271.67
jev-score,PLAIN-478,MED-3567,343.28
jev-score,PLAIN-478,MED-2350,301.94
jev-score,PLAIN-478,MED-5343,323.18
jev-score,PLAIN-478,MED-1451,994.18
jev-score,PLAIN-478,MED-4983,300.45
jev-score,PLAIN-478,MED-2944,306.94
jev-score,PLAIN-478,MED-5258,251.15
jev-score,PLAIN-478,MED-4617,284.6
jev-score,PLAIN-478,MED-2738,292.23
jev-score,PLAIN-478,MED-5299,298.08
jev-score,PLAIN-478,MED-10,269.71
jev-score,PLAIN-478,MED-2238,321.59
jev-score,PLAIN-478,MED-14,453.29
jev-score,PLAIN-478,MED-4960,273.93
jev-score,PLAIN-478,MED-118,306.68
jev-score,PLAIN-478,MED-5347,251.75
jev-score,PLAIN-488,MED-1808,344.7
jev-score,PLAIN-488,MED-1798,297.5
jev-score,PLAIN-488,MED-1800,327.36
jev-score,PLAIN-488,MED-1804,263.78
jev-score,PLAIN-488,MED-1799,352.94
jev-score,PLAIN-488,MED-4769,298.61
jev-score,PLAIN-488,MED-1796,268.97
jev-score,PLAIN-488,MED-1810,308.01
jev-score,PLAIN-488,MED-1806,292.11
jev-score,PLAIN-488,MED-1803,330.35
jev-score,PLAIN-488,MED-4766,265.59
jev-score,PLAIN-488,MED-4767,266.13
jev-score,PLAIN-488,MED-3556,320.09
jev-score,PLAIN-488,MED-2045,265.63
jev-score,PLAIN-488,MED-3294,245.21
jev-score,PLAIN-488,MED-3591,326.19
jev-score,PLAIN-488,MED-1458,295.57
jev-score,PLAIN-488,MED-2748,394.38
jev-score,PLAIN-488,MED-3292,326.43
jev-score,PLAIN-488,MED-5025,361.24
jev-score,PLAIN-499,MED-1747,1488.59
jev-score,PLAIN-499,MED-2900,293.93
jev-score,PLAIN-499,MED-4095,308.93
jev-score,PLAIN-499,MED-1417,330.3
jev-score,PLAIN-499,MED-2213,320.84
jev-score,PLAIN-499,MED-5201,300.22
jev-score,PLAIN-499,MED-5198,528.27
jev-score,PLAIN-499,MED-1115,323.15
jev-score,PLAIN-499,MED-4893,303.32
jev-score,PLAIN-499,MED-1993,303.78
jev-score,PLAIN-499,MED-5208,269.13
jev-score,PLAIN-499,MED-1190,292.95
jev-score,PLAIN-499,MED-4950,270.14
jev-score,PLAIN-499,MED-3865,308.06
jev-score,PLAIN-499,MED-2184,282.81
jev-score,PLAIN-499,MED-1872,324.32
jev-score,PLAIN-499,MED-3657,330.53
jev-score,PLAIN-499,MED-1546,302.44
jev-score,PLAIN-499,MED-757,375.89
jev-score,PLAIN-499,MED-1994,333.08
jev-score,PLAIN-510,MED-762,299.76
jev-score,PLAIN-510,MED-10,261.34
jev-score,PLAIN-510,MED-958,309.19
jev-score,PLAIN-510,MED-14,293.78
jev-score,PLAIN-510,MED-3618,308.75
jev-score,PLAIN-510,MED-118,280.75
jev-score,PLAIN-510,MED-4980,324.6
jev-score,PLAIN-510,MED-2940,268.41
jev-score,PLAIN-510,MED-301,249.21
jev-score,PLAIN-510,MED-1307,316.14
jev-score,PLAIN-510,MED-306,326.83
jev-score,PLAIN-510,MED-3278,337.42
jev-score,PLAIN-510,MED-329,335.9
jev-score,PLAIN-510,MED-330,291.82
jev-score,PLAIN-510,MED-995,318.59
jev-score,PLAIN-510,MED-332,285.65
jev-score,PLAIN-510,MED-3636,270.48
jev-score,PLAIN-510,MED-334,330.44
jev-score,PLAIN-510,MED-3627,242.13
jev-score,PLAIN-510,MED-335,306.33
jev-score,PLAIN-520,MED-818,274.58
jev-score,PLAIN-520,MED-828,297.06
jev-score,PLAIN-520,MED-734,293.22
jev-score,PLAIN-520,MED-762,314.45
jev-score,PLAIN-520,MED-744,275.5
jev-score,PLAIN-520,MED-10,249.51
jev-score,PLAIN-520,MED-1953,321.39
jev-score,PLAIN-520,MED-14,256.01
jev-score,PLAIN-520,MED-2340,270.29
jev-score,PLAIN-520,MED-118,254.67
jev-score,PLAIN-520,MED-3702,334.21
jev-score,PLAIN-520,MED-301,269.63
jev-score,PLAIN-520,MED-4956,264.97
jev-score,PLAIN-520,MED-306,311.23
jev-score,PLAIN-520,MED-329,297.54
jev-score,PLAIN-520,MED-2344,269.86
jev-score,PLAIN-520,MED-330,355.09
jev-score,PLAIN-520,MED-332,286.14
jev-score,PLAIN-520,MED-3703,358.55
jev-score,PLAIN-520,MED-334,335.64
jev-score,PLAIN-531,MED-3113,287.51
jev-score,PLAIN-531,MED-2112,276.81
jev-score,PLAIN-531,MED-3001,280.59
jev-score,PLAIN-531,MED-1017,319.98
jev-score,PLAIN-531,MED-4358,309.81
jev-score,PLAIN-531,MED-2298,296.89
jev-score,PLAIN-531,MED-1097,278.8
jev-score,PLAIN-531,MED-4374,269.4
jev-score,PLAIN-531,MED-1037,296.17
jev-score,PLAIN-531,MED-3607,323.76
jev-score,PLAIN-531,MED-2472,305.68
jev-score,PLAIN-531,MED-4371,439.66
jev-score,PLAIN-531,MED-1981,354.09
jev-score,PLAIN-531,MED-4157,277.54
jev-score,PLAIN-531,MED-4629,318.77
jev-score,PLAIN-531,MED-4372,323.99
jev-score,PLAIN-531,MED-4533,365.38
jev-score,PLAIN-531,MED-5172,1248.46
jev-score,PLAIN-531,MED-2831,290.31
jev-score,PLAIN-531,MED-2322,313.39
jev-score,PLAIN-541,MED-4036,312.37
jev-score,PLAIN-541,MED-4019,334.02
jev-score,PLAIN-541,MED-3618,325.45
jev-score,PLAIN-541,MED-4028,270.66
jev-score,PLAIN-541,MED-4034,252.5
jev-score,PLAIN-541,MED-4027,298.3
jev-score,PLAIN-541,MED-4026,300.94
jev-score,PLAIN-541,MED-1857,328.36
jev-score,PLAIN-541,MED-1858,284.99
jev-score,PLAIN-541,MED-1988,359.32
jev-score,PLAIN-541,MED-3640,285.08
jev-score,PLAIN-541,MED-3639,272.66
jev-score,PLAIN-541,MED-872,365.11
jev-score,PLAIN-541,MED-2096,269.31
jev-score,PLAIN-541,MED-2093,262.23
jev-score,PLAIN-541,MED-2707,300.0
jev-score,PLAIN-541,MED-3718,309.95
jev-score,PLAIN-541,MED-2094,262.45
jev-score,PLAIN-541,MED-2900,276.95
jev-score,PLAIN-541,MED-4032,261.68
jev-score,PLAIN-551,MED-306,301.37
jev-score,PLAIN-551,MED-745,261.6
jev-score,PLAIN-551,MED-10,287.3
jev-score,PLAIN-551,MED-4860,312.31
jev-score,PLAIN-551,MED-14,291.72
jev-score,PLAIN-551,MED-2669,280.0
jev-score,PLAIN-551,MED-118,253.75
jev-score,PLAIN-551,MED-2668,375.42
jev-score,PLAIN-551,MED-1506,308.74
jev-score,PLAIN-551,MED-301,262.89
jev-score,PLAIN-551,MED-4161,296.83
jev-score,PLAIN-551,MED-329,302.68
jev-score,PLAIN-551,MED-5343,386.98
jev-score,PLAIN-551,MED-1501,295.49
jev-score,PLAIN-551,MED-330,268.25
jev-score,PLAIN-551,MED-1704,282.03
jev-score,PLAIN-551,MED-332,292.85
jev-score,PLAIN-551,MED-334,294.99
jev-score,PLAIN-551,MED-5002,258.39
jev-score,PLAIN-551,MED-335,299.14
jev-score,PLAIN-561,MED-3180,288.54
jev-score,PLAIN-561,MED-4555,263.27
jev-score,PLAIN-561,MED-854,299.26
jev-score,PLAIN-561,MED-557,270.28
jev-score,PLAIN-561,MED-722,272.19
jev-score,PLAIN-561,MED-731,273.59
jev-score,PLAIN-561,MED-10,276.0
jev-score,PLAIN-561,MED-4423,289.95
jev-score,PLAIN-561,MED-14,253.17
jev-score,PLAIN-561,MED-118,393.52
jev-score,PLAIN-561,MED-4883,318.5
jev-score,PLAIN-561,MED-301,375.49
jev-score,PLAIN-561,MED-4427,304.29
jev-score,PLAIN-561,MED-306,295.42
jev-score,PLAIN-561,MED-911,388.06
jev-score,PLAIN-561,MED-1657,325.86
jev-score,PLAIN-561,MED-329,273.48
jev-score,PLAIN-561,MED-330,322.29
jev-score,PLAIN-561,MED-926,287.11
jev-score,PLAIN-561,MED-3308,284.95
jev-score,PLAIN-571,MED-2346,257.83
jev-score,PLAIN-571,MED-2345,327.83
jev-score,PLAIN-571,MED-2339,288.02
jev-score,PLAIN-571,MED-4742,302.2
jev-score,PLAIN-571,MED-2338,389.46
jev-score,PLAIN-571,MED-731,319.41
jev-score,PLAIN-571,MED-744,401.26
jev-score,PLAIN-571,MED-691,251.75
jev-score,PLAIN-571,MED-4883,292.38
jev-score,PLAIN-571,MED-10,272.78
jev-score,PLAIN-571,MED-4963,314.95
jev-score,PLAIN-571,MED-1097,280.66
jev-score,PLAIN-571,MED-14,258.14
jev-score,PLAIN-571,MED-118,276.93
jev-score,PLAIN-571,MED-1041,331.59
jev-score,PLAIN-571,MED-301,296.84
jev-score,PLAIN-571,MED-2116,397.73
jev-score,PLAIN-571,MED-306,349.02
jev-score,PLAIN-571,MED-1314,269.95
jev-score,PLAIN-571,MED-329,270.44
jev-score,PLAIN-583,MED-706,250.58
jev-score,PLAIN-583,MED-10,259.21
jev-score,PLAIN-583,MED-2022,390.21
jev-score,PLAIN-583,MED-14,351.29
jev-score,PLAIN-583,MED-3452,333.76
jev-score,PLAIN-583,MED-118,291.28
jev-score,PLAIN-583,MED-4393,300.41
jev-score,PLAIN-583,MED-301,344.91
jev-score,PLAIN-583,MED-3485,290.43
jev-score,PLAIN-583,MED-306,416.28
jev-score,PLAIN-583,MED-4686,329.14
jev-score,PLAIN-583,MED-329,303.57
jev-score,PLAIN-583,MED-4391,265.55
jev-score,PLAIN-583,MED-330,317.83
jev-score,PLAIN-583,MED-5083,261.3
jev-score,PLAIN-583,MED-1397,318.48
jev-score,PLAIN-583,MED-332,264.6
jev-score,PLAIN-583,MED-334,283.28
jev-score,PLAIN-583,MED-3531,282.22
jev-score,PLAIN-583,MED-335,312.38
jev-score,PLAIN-593,MED-4402,334.72
jev-score,PLAIN-593,MED-329,336.58
jev-score,PLAIN-593,MED-854,304.67
jev-score,PLAIN-593,MED-718,303.4
jev-score,PLAIN-593,MED-831,1618.19
jev-score,PLAIN-593,MED-2110,299.72
jev-score,PLAIN-593,MED-957,282.6
jev-score,PLAIN-593,MED-10,335.59
jev-score,PLAIN-593,MED-2109,287.15
jev-score,PLAIN-593,MED-14,259.11
jev-score,PLAIN-593,MED-4677,864.71
jev-score,PLAIN-593,MED-118,333.12
jev-score,PLAIN-593,MED-1526,318.82
jev-score,PLAIN-593,MED-2890,303.85
jev-score,PLAIN-593,MED-301,360.32
jev-score,PLAIN-593,MED-306,281.61
jev-score,PLAIN-593,MED-4883,285.35
jev-score,PLAIN-593,MED-1241,239.46
jev-score,PLAIN-593,MED-330,274.32
jev-score,PLAIN-593,MED-5324,287.13
jev-score,PLAIN-603,MED-3769,362.95
jev-score,PLAIN-603,MED-727,268.99
jev-score,PLAIN-603,MED-762,287.14
jev-score,PLAIN-603,MED-1957,263.34
jev-score,PLAIN-603,MED-3379,314.66
jev-score,PLAIN-603,MED-1960,297.9
jev-score,PLAIN-603,MED-2645,290.45
jev-score,PLAIN-603,MED-10,271.81
jev-score,PLAIN-603,MED-2361,313.8
jev-score,PLAIN-603,MED-14,351.24
jev-score,PLAIN-603,MED-2215,353.49
jev-score,PLAIN-603,MED-118,282.93
jev-score,PLAIN-603,MED-1747,295.19
jev-score,PLAIN-603,MED-301,316.94
jev-score,PLAIN-603,MED-306,285.61
jev-score,PLAIN-603,MED-4427,312.96
jev-score,PLAIN-603,MED-329,381.62
jev-score,PLAIN-603,MED-4363,285.29
jev-score,PLAIN-603,MED-1560,275.89
jev-score,PLAIN-603,MED-330,256.2
jev-score,PLAIN-613,MED-909,320.21
jev-score,PLAIN-613,MED-2983,348.61
jev-score,PLAIN-613,MED-1846,249.91
jev-score,PLAIN-613,MED-3476,282.27
jev-score,PLAIN-613,MED-1198,359.17
jev-score,PLAIN-613,MED-860,309.44
jev-score,PLAIN-613,MED-4468,331.73
jev-score,PLAIN-613,MED-4901,302.22
jev-score,PLAIN-613,MED-4206,259.68
jev-score,PLAIN-613,MED-4687,444.79
jev-score,PLAIN-613,MED-3921,290.16
jev-score,PLAIN-613,MED-4995,295.36
jev-score,PLAIN-613,MED-846,292.59
jev-score,PLAIN-613,MED-1784,272.39
jev-score,PLAIN-613,MED-843,342.79
jev-score,PLAIN-613,MED-4091,241.5
jev-score,PLAIN-613,MED-4381,259.34
jev-score,PLAIN-613,MED-1841,295.39
jev-score,PLAIN-613,MED-4703,292.22
jev-score,PLAIN-613,MED-2664,369.69
jev-score,PLAIN-623,MED-1674,290.2
jev-score,PLAIN-623,MED-4515,305.0
jev-score,PLAIN-623,MED-4880,422.15
jev-score,PLAIN-623,MED-1374,294.96
jev-score,PLAIN-623,MED-1394,258.72
jev-score,PLAIN-623,MED-4985,265.51
jev-score,PLAIN-623,MED-825,314.56
jev-score,PLAIN-623,MED-5267,314.24
jev-score,PLAIN-623,MED-1366,283.62
jev-score,PLAIN-623,MED-1669,308.89
jev-score,PLAIN-623,MED-1398,333.15
jev-score,PLAIN-623,MED-2294,353.68
jev-score,PLAIN-623,MED-2459,279.4
jev-score,PLAIN-623,MED-1383,288.89
jev-score,PLAIN-623,MED-5271,297.28
jev-score,PLAIN-623,MED-1502,255.13
jev-score,PLAIN-623,MED-2008,317.27
jev-score,PLAIN-623,MED-3422,267.35
jev-score,PLAIN-623,MED-4104,302.58
jev-score,PLAIN-623,MED-5272,335.43
jev-score,PLAIN-634,MED-719,303.73
jev-score,PLAIN-634,MED-724,296.58
jev-score,PLAIN-634,MED-830,297.42
jev-score,PLAIN-634,MED-1378,385.27
jev-score,PLAIN-634,MED-5010,277.57
jev-score,PLAIN-634,MED-4619,367.3
jev-score,PLAIN-634,MED-4620,343.03
jev-score,PLAIN-634,MED-10,306.55
jev-score,PLAIN-634,MED-3370,300.2
jev-score,PLAIN-634,MED-14,367.95
jev-score,PLAIN-634,MED-2009,294.89
jev-score,PLAIN-634,MED-118,272.12
jev-score,PLAIN-634,MED-4295,310.06
jev-score,PLAIN-634,MED-301,469.91
jev-score,PLAIN-634,MED-4863,389.02
jev-score,PLAIN-634,MED-306,453.61
jev-score,PLAIN-634,MED-3374,437.57
jev-score,PLAIN-634,MED-2206,333.81
jev-score,PLAIN-634,MED-329,307.11
jev-score,PLAIN-634,MED-1182,378.47
jev-score,PLAIN-645,MED-719,346.02
jev-score,PLAIN-645,MED-724,326.84
jev-score,PLAIN-645,MED-722,369.47
jev-score,PLAIN-645,MED-10,319.34
jev-score,PLAIN-645,MED-14,371.23
jev-score,PLAIN-645,MED-1047,310.91
jev-score,PLAIN-645,MED-118,318.99
jev-score,PLAIN-645,MED-301,271.8
jev-score,PLAIN-645,MED-3136,314.77
jev-score,PLAIN-645,MED-306,351.9
jev-score,PLAIN-645,MED-3138,338.97
jev-score,PLAIN-645,MED-329,288.04
jev-score,PLAIN-645,MED-4991,312.78
jev-score,PLAIN-645,MED-1365,297.71
jev-score,PLAIN-645,MED-330,310.08
jev-score,PLAIN-645,MED-2180,277.28
jev-score,PLAIN-645,MED-332,328.69
jev-score,PLAIN-645,MED-334,287.66
jev-score,PLAIN-645,MED-3370,329.7
jev-score,PLAIN-645,MED-3132,344.17
jev-score,PLAIN-660,MED-3138,372.13
jev-score,PLAIN-660,MED-3136,290.86
jev-score,PLAIN-660,MED-4991,433.18
jev-score,PLAIN-660,MED-1880,342.32
jev-score,PLAIN-660,MED-3584,348.97
jev-score,PLAIN-660,MED-2147,436.24
jev-score,PLAIN-660,MED-2144,338.94
jev-score,PLAIN-660,MED-5079,489.71
jev-score,PLAIN-660,MED-2140,253.34
jev-score,PLAIN-660,MED-2010,834.7
jev-score,PLAIN-660,MED-2141,355.97
jev-score,PLAIN-660,MED-3141,301.27
jev-score,PLAIN-660,MED-2570,372.11
jev-score,PLAIN-660,MED-3132,311.14
jev-score,PLAIN-660,MED-724,316.15
jev-score,PLAIN-660,MED-719,400.72
jev-score,PLAIN-660,MED-4510,422.28
jev-score,PLAIN-660,MED-2145,324.6
jev-score,PLAIN-660,MED-720,262.76
jev-score,PLAIN-660,MED-5069,301.98
jev-score,PLAIN-671,MED-4857,345.79
jev-score,PLAIN-671,MED-4602,292.39
jev-score,PLAIN-671,MED-691,264.29
jev-score,PLAIN-671,MED-708,334.35
jev-score,PLAIN-671,MED-2677,284.74
jev-score,PLAIN-671,MED-4037,428.4
jev-score,PLAIN-671,MED-2678,477.75
jev-score,PLAIN-671,MED-5122,315.82
jev-score,PLAIN-671,MED-957,305.48
jev-score,PLAIN-671,MED-10,357.32
jev-score,PLAIN-671,MED-4973,385.57
jev-score,PLAIN-671,MED-14,276.8
jev-score,PLAIN-671,MED-999,311.72
jev-score,PLAIN-671,MED-1165,278.67
jev-score,PLAIN-671,MED-118,282.81
jev-score,PLAIN-671,MED-2652,292.09
jev-score,PLAIN-671,MED-301,338.35
jev-score,PLAIN-671,MED-306,288.73
jev-score,PLAIN-671,MED-996,320.63
jev-score,PLAIN-671,MED-2172,307.05
jev-score,PLAIN-681,MED-5017,356.96
jev-score,PLAIN-681,MED-2383,274.73
jev-score,PLAIN-681,MED-4300,263.94
jev-score,PLAIN-681,MED-4314,308.13
jev-score,PLAIN-681,MED-4286,290.21
jev-score,PLAIN-681,MED-2595,423.92
jev-score,PLAIN-681,MED-2597,287.51
jev-score,PLAIN-681,MED-4292,356.52
jev-score,PLAIN-681,MED-4295,252.55
jev-score,PLAIN-681,MED-2381,576.81
jev-score,PLAIN-681,MED-4707,367.02
jev-score,PLAIN-681,MED-4291,281.1
jev-score,PLAIN-681,MED-2380,277.31
jev-score,PLAIN-681,MED-1381,278.12
jev-score,PLAIN-681,MED-4706,285.83
jev-score,PLAIN-681,MED-4287,998.24
jev-score,PLAIN-681,MED-3896,331.29
jev-score,PLAIN-681,MED-4249,306.13
jev-score,PLAIN-681,MED-4298,319.08
jev-score,PLAIN-681,MED-3399,367.8
jev-score,PLAIN-691,MED-4909,288.55
jev-score,PLAIN-691,MED-2265,278.69
jev-score,PLAIN-691,MED-885,340.01
jev-score,PLAIN-691,MED-5131,266.55
jev-score,PLAIN-691,MED-4454,253.81
jev-score,PLAIN-691,MED-3209,275.12
jev-score,PLAIN-691,MED-2791,270.83
jev-score,PLAIN-691,MED-3479,315.65
jev-score,PLAIN-691,MED-3986,327.86
jev-score,PLAIN-691,MED-5095,297.0
jev-score,PLAIN-691,MED-1793,354.03
jev-score,PLAIN-691,MED-2830,318.1
jev-score,PLAIN-691,MED-2235,324.84
jev-score,PLAIN-691,MED-4658,308.77
jev-score,PLAIN-691,MED-4903,285.57
jev-score,PLAIN-691,MED-953,319.19
jev-score,PLAIN-691,MED-3922,287.78
jev-score,PLAIN-691,MED-4318,346.98
jev-score,PLAIN-691,MED-4317,317.46
jev-score,PLAIN-691,MED-1693,888.33
jev-score,PLAIN-701,MED-3720,258.13
jev-score,PLAIN-701,MED-917,247.69
jev-score,PLAIN-701,MED-3721,300.61
jev-score,PLAIN-701,MED-2922,298.57
jev-score,PLAIN-701,MED-2280,335.67
jev-score,PLAIN-701,MED-1676,293.28
jev-score,PLAIN-701,MED-1844,290.26
jev-score,PLAIN-701,MED-4907,533.5
jev-score,PLAIN-701,MED-5137,325.04
jev-score,PLAIN-701,MED-4331,348.35
jev-score,PLAIN-701,MED-5080,253.02
jev-score,PLAIN-701,MED-3719,353.65
jev-score,PLAIN-701,MED-3716,269.08
jev-score,PLAIN-701,MED-2677,273.22
jev-score,PLAIN-701,MED-1671,295.77
jev-score,PLAIN-701,MED-3942,362.76
jev-score,PLAIN-701,MED-2924,312.37
jev-score,PLAIN-701,MED-3748,366.15
jev-score,PLAIN-701,MED-2085,300.92
jev-score,PLAIN-701,MED-3738,365.56
jev-score,PLAIN-711,MED-2077,323.27
jev-score,PLAIN-711,MED-2095,274.1
jev-score,PLAIN-711,MED-2005,263.87
jev-score,PLAIN-711,MED-2938,312.43
jev-score,PLAIN-711,MED-1027,370.77
jev-score,PLAIN-711,MED-1492,277.56
jev-score,PLAIN-711,MED-2523,276.44
jev-score,PLAIN-711,MED-4497,257.61
jev-score,PLAIN-711,MED-5295,390.35
jev-score,PLAIN-711,MED-854,352.56
jev-score,PLAIN-711,MED-3520,301.0
jev-score,PLAIN-711,MED-4427,325.64
jev-score,PLAIN-711,MED-1691,372.63
jev-score,PLAIN-711,MED-2522,321.25
jev-score,PLAIN-711,MED-1192,293.05
jev-score,PLAIN-711,MED-2080,329.68
jev-score,PLAIN-711,MED-3353,266.15
jev-score,PLAIN-711,MED-4031,322.31
jev-score,PLAIN-711,MED-3021,275.91
jev-score,PLAIN-711,MED-3603,297.86
jev-score,PLAIN-721,MED-4876,277.86
jev-score,PLAIN-721,MED-1267,271.24
jev-score,PLAIN-721,MED-1282,304.25
jev-score,PLAIN-721,MED-1278,290.83
jev-score,PLAIN-721,MED-1287,312.1
jev-score,PLAIN-721,MED-1289,318.76
jev-score,PLAIN-721,MED-1290,345.54
jev-score,PLAIN-721,MED-1284,317.48
jev-score,PLAIN-721,MED-1266,316.8
jev-score,PLAIN-721,MED-1271,318.83
jev-score,PLAIN-721,MED-1274,397.03
jev-score,PLAIN-721,MED-1268,316.38
jev-score,PLAIN-721,MED-1265,285.15
jev-score,PLAIN-721,MED-1288,279.89
jev-score,PLAIN-721,MED-1279,308.57
jev-score,PLAIN-721,MED-828,276.98
jev-score,PLAIN-721,MED-818,265.97
jev-score,PLAIN-721,MED-4544,313.61
jev-score,PLAIN-721,MED-3354,279.53
jev-score,PLAIN-721,MED-4659,341.57
jev-score,PLAIN-731,MED-1337,317.7
jev-score,PLAIN-731,MED-5243,295.57
jev-score,PLAIN-731,MED-5253,298.0
jev-score,PLAIN-731,MED-1340,292.16
jev-score,PLAIN-731,MED-3229,363.35
jev-score,PLAIN-731,MED-5145,315.5
jev-score,PLAIN-731,MED-4722,295.11
jev-score,PLAIN-731,MED-1339,312.59
jev-score,PLAIN-731,MED-1341,356.27
jev-score,PLAIN-731,MED-5241,316.3
jev-score,PLAIN-731,MED-4226,1383.44
jev-score,PLAIN-731,MED-2987,265.06
jev-score,PLAIN-731,MED-3193,345.77
jev-score,PLAIN-731,MED-3787,271.54
jev-score,PLAIN-731,MED-3228,314.41
jev-score,PLAIN-731,MED-1338,885.86
jev-score,PLAIN-731,MED-3216,354.89
jev-score,PLAIN-731,MED-2985,328.23
jev-score,PLAIN-731,MED-2990,330.75
jev-score,PLAIN-731,MED-1791,351.48
jev-score,PLAIN-741,MED-4236,363.09
jev-score,PLAIN-741,MED-4237,343.61
jev-score,PLAIN-741,MED-4232,338.89
jev-score,PLAIN-741,MED-4234,272.85
jev-score,PLAIN-741,MED-4231,318.29
jev-score,PLAIN-741,MED-4235,385.07
jev-score,PLAIN-741,MED-4230,275.77
jev-score,PLAIN-741,MED-301,374.35
jev-score,PLAIN-741,MED-4185,292.33
jev-score,PLAIN-741,MED-4186,335.88
jev-score,PLAIN-741,MED-1872,996.16
jev-score,PLAIN-741,MED-4890,283.72
jev-score,PLAIN-741,MED-2913,294.73
jev-score,PLAIN-741,MED-5176,386.98
jev-score,PLAIN-741,MED-1869,360.66
jev-score,PLAIN-741,MED-3924,291.31
jev-score,PLAIN-741,MED-4439,307.99
jev-score,PLAIN-741,MED-1409,339.14
jev-score,PLAIN-741,MED-2831,361.03
jev-score,PLAIN-741,MED-10,320.67
jev-score,PLAIN-751,MED-3130,336.15
jev-score,PLAIN-751,MED-3129,383.79
jev-score,PLAIN-751,MED-3135,274.73
jev-score,PLAIN-751,MED-5037,385.93
jev-score,PLAIN-751,MED-2247,391.76
jev-score,PLAIN-751,MED-1457,269.78
jev-score,PLAIN-751,MED-4451,321.85
jev-score,PLAIN-751,MED-2848,275.84
jev-score,PLAIN-751,MED-5333,283.55
jev-score,PLAIN-751,MED-1797,342.86
jev-score,PLAIN-751,MED-1101,293.39
jev-score,PLAIN-751,MED-3882,1316.28
jev-score,PLAIN-751,MED-3709,243.13
jev-score,PLAIN-751,MED-1750,279.9
jev-score,PLAIN-751,MED-2328,325.52
jev-score,PLAIN-751,MED-2106,340.39
jev-score,PLAIN-751,MED-1442,314.47
jev-score,PLAIN-751,MED-1924,394.07
jev-score,PLAIN-751,MED-1748,336.49
jev-score,PLAIN-751,MED-2332,270.2
jev-score,PLAIN-761,MED-3800,299.1
jev-score,PLAIN-761,MED-3797,290.14
jev-score,PLAIN-761,MED-3795,353.83
jev-score,PLAIN-761,MED-666,260.75
jev-score,PLAIN-761,MED-4127,345.18
jev-score,PLAIN-761,MED-4651,331.55
jev-score,PLAIN-761,MED-5184,1162.03
jev-score,PLAIN-761,MED-4162,337.69
jev-score,PLAIN-761,MED-4445,306.71
jev-score,PLAIN-761,MED-4117,328.16
jev-score,PLAIN-761,MED-1667,253.85
jev-score,PLAIN-761,MED-958,328.96
jev-score,PLAIN-761,MED-5352,333.16
jev-score,PLAIN-761,MED-3766,368.68
jev-score,PLAIN-761,MED-3696,350.47
jev-score,PLAIN-761,MED-2437,338.75
jev-score,PLAIN-761,MED-4694,324.99
jev-score,PLAIN-761,MED-3832,340.44
jev-score,PLAIN-761,MED-1829,350.01
jev-score,PLAIN-761,MED-2424,260.04
jev-score,PLAIN-771,MED-3386,314.79
jev-score,PLAIN-771,MED-3387,292.7
jev-score,PLAIN-771,MED-3385,290.86
jev-score,PLAIN-771,MED-731,347.13
jev-score,PLAIN-771,MED-854,1157.76
jev-score,PLAIN-771,MED-844,316.0
jev-score,PLAIN-771,MED-722,303.01
jev-score,PLAIN-771,MED-4704,351.46
jev-score,PLAIN-771,MED-4839,310.38
jev-score,PLAIN-771,MED-734,442.75
jev-score,PLAIN-771,MED-10,276.69
jev-score,PLAIN-771,MED-3979,267.46
jev-score,PLAIN-771,MED-14,276.63
jev-score,PLAIN-771,MED-3704,258.56
jev-score,PLAIN-771,MED-118,314.29
jev-score,PLAIN-771,MED-3310,259.39
jev-score,PLAIN-771,MED-301,291.46
jev-score,PLAIN-771,MED-306,275.32
jev-score,PLAIN-771,MED-4564,308.01
jev-score,PLAIN-771,MED-329,311.2
jev-score,PLAIN-782,MED-1055,327.44
jev-score,PLAIN-782,MED-5139,276.31
jev-score,PLAIN-782,MED-1519,274.43
jev-score,PLAIN-782,MED-3486,306.1
jev-score,PLAIN-782,MED-1058,320.58
jev-score,PLAIN-782,MED-1248,264.9
jev-score,PLAIN-782,MED-1753,312.77
jev-score,PLAIN-782,MED-2208,528.01
jev-score,PLAIN-782,MED-3056,304.04
jev-score,PLAIN-782,MED-3385,279.72
jev-score,PLAIN-782,MED-1811,321.17
jev-score,PLAIN-782,MED-2489,303.85
jev-score,PLAIN-782,MED-2726,297.01
jev-score,PLAIN-782,MED-880,284.23
jev-score,PLAIN-782,MED-1751,267.34
jev-score,PLAIN-782,MED-713,316.28
jev-score,PLAIN-782,MED-2725,321.69
jev-score,PLAIN-782,MED-3209,247.36
jev-score,PLAIN-782,MED-1754,300.11
jev-score,PLAIN-782,MED-3987,302.52
jev-score,PLAIN-792,MED-4958,277.61
jev-score,PLAIN-792,MED-4546,331.15
jev-score,PLAIN-792,MED-729,291.01
jev-score,PLAIN-792,MED-732,306.5
jev-score,PLAIN-792,MED-744,269.68
jev-score,PLAIN-792,MED-748,261.7
jev-score,PLAIN-792,MED-854,290.6
jev-score,PLAIN-792,MED-3601,316.26
jev-score,PLAIN-792,MED-4547,264.16
jev-score,PLAIN-792,MED-10,355.97
jev-score,PLAIN-792,MED-4423,276.11
jev-score,PLAIN-792,MED-1037,343.82
jev-score,PLAIN-792,MED-14,281.14
jev-score,PLAIN-792,MED-118,274.19
jev-score,PLAIN-792,MED-1977,320.45
jev-score,PLAIN-792,MED-1584,290.44
jev-score,PLAIN-792,MED-301,277.93
jev-score,PLAIN-792,MED-1041,273.7
jev-score,PLAIN-792,MED-306,231.88
jev-score,PLAIN-792,MED-329,325.93
jev-score,PLAIN-806,MED-2519,306.03
jev-score,PLAIN-806,MED-2138,350.95
jev-score,PLAIN-806,MED-4996,305.84
jev-score,PLAIN-806,MED-2513,386.9
jev-score,PLAIN-806,MED-2506,336.32
jev-score,PLAIN-806,MED-3201,376.23
jev-score,PLAIN-806,MED-2717,330.9
jev-score,PLAIN-806,MED-3273,270.95
jev-score,PLAIN-806,MED-2325,309.87
jev-score,PLAIN-806,MED-2502,354.78
jev-score,PLAIN-806,MED-825,266.2
jev-score,PLAIN-806,MED-4121,266.25
jev-score,PLAIN-806,MED-2510,281.69
jev-score,PLAIN-806,MED-4100,305.08
jev-score,PLAIN-806,MED-1712,306.02
jev-score,PLAIN-806,MED-2718,316.71
jev-score,PLAIN-806,MED-1715,389.39
jev-score,PLAIN-806,MED-1617,285.84
jev-score,PLAIN-806,MED-3375,289.5
jev-score,PLAIN-806,MED-1646,331.62
jev-score,PLAIN-817,MED-731,286.56
jev-score,PLAIN-817,MED-10,271.33
jev-score,PLAIN-817,MED-3462,408.48
jev-score,PLAIN-817,MED-14,331.28
jev-score,PLAIN-817,MED-3461,304.4
jev-score,PLAIN-817,MED-118,1061.04
jev-score,PLAIN-817,MED-4811,304.28
jev-score,PLAIN-817,MED-301,281.73
jev-score,PLAIN-817,MED-941,256.82
jev-score,PLAIN-817,MED-306,281.08
jev-score,PLAIN-817,MED-863,268.84
jev-score,PLAIN-817,MED-1443,329.43
jev-score,PLAIN-817,MED-329,380.08
jev-score,PLAIN-817,MED-2056,416.18
jev-score,PLAIN-817,MED-330,388.07
jev-score,PLAIN-817,MED-853,353.59
jev-score,PLAIN-817,MED-2672,338.15
jev-score,PLAIN-817,MED-332,234.93
jev-score,PLAIN-817,MED-334,341.4
jev-score,PLAIN-817,MED-4312,300.45
jev-score,PLAIN-827,MED-4391,258.53
jev-score,PLAIN-827,MED-4451,264.63
jev-score,PLAIN-827,MED-1605,283.54
jev-score,PLAIN-827,MED-2106,316.87
jev-score,PLAIN-827,MED-3000,291.0
jev-score,PLAIN-827,MED-2618,305.0
jev-score,PLAIN-827,MED-4049,280.74
jev-score,PLAIN-827,MED-4057,323.76
jev-score,PLAIN-827,MED-3311,810.68
jev-score,PLAIN-827,MED-4194,332.14
jev-score,PLAIN-827,MED-4040,294.14
jev-score,PLAIN-827,MED-4483,336.05
jev-score,PLAIN-827,MED-5197,311.76
jev-score,PLAIN-827,MED-4470,396.04
jev-score,PLAIN-827,MED-1602,341.67
jev-score,PLAIN-827,MED-4492,702.79
jev-score,PLAIN-827,MED-5122,350.04
jev-score,PLAIN-827,MED-5188,289.26
jev-score,PLAIN-827,MED-4482,299.55
jev-score,PLAIN-827,MED-4060,356.39
jev-score,PLAIN-838,MED-3502,407.49
jev-score,PLAIN-838,MED-3495,349.21
jev-score,PLAIN-838,MED-3501,298.99
jev-score,PLAIN-838,MED-3499,269.05
jev-score,PLAIN-838,MED-3500,388.79
jev-score,PLAIN-838,MED-3496,243.96
jev-score,PLAIN-838,MED-719,296.44
jev-score,PLAIN-838,MED-724,307.88
jev-score,PLAIN-838,MED-713,296.55
jev-score,PLAIN-838,MED-2244,301.58
jev-score,PLAIN-838,MED-3494,239.97
jev-score,PLAIN-838,MED-3549,318.48
jev-score,PLAIN-838,MED-10,267.6
jev-score,PLAIN-838,MED-3548,331.51
jev-score,PLAIN-838,MED-14,268.47
jev-score,PLAIN-838,MED-3637,293.35
jev-score,PLAIN-838,MED-118,299.89
jev-score,PLAIN-838,MED-4782,301.82
jev-score,PLAIN-838,MED-301,373.62
jev-score,PLAIN-838,MED-4371,261.74
jev-score,PLAIN-850,MED-2064,327.5
jev-score,PLAIN-850,MED-2075,323.36
jev-score,PLAIN-850,MED-2070,333.89
jev-score,PLAIN-850,MED-4455,336.22
jev-score,PLAIN-850,MED-2066,294.36
jev-score,PLAIN-850,MED-759,328.78
jev-score,PLAIN-850,MED-3370,367.43
jev-score,PLAIN-850,MED-1407,320.33
jev-score,PLAIN-850,MED-2206,294.91
jev-score,PLAIN-850,MED-5074,265.68
jev-score,PLAIN-850,MED-3199,300.82
jev-score,PLAIN-850,MED-3750,312.81
jev-score,PLAIN-850,MED-2204,361.7
jev-score,PLAIN-850,MED-3377,339.9
jev-score,PLAIN-850,MED-10,315.02
jev-score,PLAIN-850,MED-842,385.85
jev-score,PLAIN-850,MED-14,408.64
jev-score,PLAIN-850,MED-3748,324.79
jev-score,PLAIN-850,MED-118,297.35
jev-score,PLAIN-850,MED-1293,273.23
jev-score,PLAIN-872,MED-3989,305.72
jev-score,PLAIN-872,MED-1291,292.07
jev-score,PLAIN-872,MED-4098,279.45
jev-score,PLAIN-872,MED-3712,294.13
jev-score,PLAIN-872,MED-1292,264.72
jev-score,PLAIN-872,MED-4916,278.6
jev-score,PLAIN-872,MED-3991,345.89
jev-score,PLAIN-872,MED-3985,318.38
jev-score,PLAIN-872,MED-3986,270.35
jev-score,PLAIN-872,MED-719,427.42
jev-score,PLAIN-872,MED-724,347.01
jev-score,PLAIN-872,MED-707,306.93
jev-score,PLAIN-872,MED-709,298.65
jev-score,PLAIN-872,MED-734,266.77
jev-score,PLAIN-872,MED-864,282.82
jev-score,PLAIN-872,MED-4583,334.48
jev-score,PLAIN-872,MED-4869,324.51
jev-score,PLAIN-872,MED-2521,331.94
jev-score,PLAIN-872,MED-4165,296.71
jev-score,PLAIN-872,MED-2169,326.64
jev-score,PLAIN-882,MED-3632,273.09
jev-score,PLAIN-882,MED-3622,267.21
jev-score,PLAIN-882,MED-3636,258.1
jev-score,PLAIN-882,MED-10,281.94
jev-score,PLAIN-882,MED-3630,470.58
jev-score,PLAIN-882,MED-14,384.39
jev-score,PLAIN-882,MED-118,261.47
jev-score,PLAIN-882,MED-3620,271.31
jev-score,PLAIN-882,MED-301,301.84
jev-score,PLAIN-882,MED-3635,376.2
jev-score,PLAIN-882,MED-306,343.99
jev-score,PLAIN-882,MED-3629,280.99
jev-score,PLAIN-882,MED-329,321.58
jev-score,PLAIN-882,MED-859,280.17
jev-score,PLAIN-882,MED-2274,306.88
jev-score,PLAIN-882,MED-330,280.34
jev-score,PLAIN-882,MED-332,296.25
jev-score,PLAIN-882,MED-3626,340.79
jev-score,PLAIN-882,MED-334,323.44
jev-score,PLAIN-882,MED-3628,311.77
jev-score,PLAIN-892,MED-3132,348.53
jev-score,PLAIN-892,MED-2010,286.79
jev-score,PLAIN-892,MED-4347,291.99
jev-score,PLAIN-892,MED-2148,309.64
jev-score,PLAIN-892,MED-2145,251.83
jev-score,PLAIN-892,MED-734,262.7
jev-score,PLAIN-892,MED-733,293.81
jev-score,PLAIN-892,MED-719,265.84
jev-score,PLAIN-892,MED-724,280.16
jev-score,PLAIN-892,MED-2009,284.14
jev-score,PLAIN-892,MED-2991,263.44
jev-score,PLAIN-892,MED-2008,285.26
jev-score,PLAIN-892,MED-4201,321.8
jev-score,PLAIN-892,MED-3095,263.91
jev-score,PLAIN-892,MED-10,315.66
jev-score,PLAIN-892,MED-5164,265.65
jev-score,PLAIN-892,MED-828,263.76
jev-score,PLAIN-892,MED-14,272.6
jev-score,PLAIN-892,MED-4972,312.23
jev-score,PLAIN-892,MED-118,343.39
jev-score,PLAIN-902,MED-4197,310.11
jev-score,PLAIN-902,MED-4195,261.9
jev-score,PLAIN-902,MED-3555,304.45
jev-score,PLAIN-902,MED-301,334.09
jev-score,PLAIN-902,MED-5024,240.75
jev-score,PLAIN-902,MED-1160,301.61
jev-score,PLAIN-902,MED-2093,286.93
jev-score,PLAIN-902,MED-4849,302.75
jev-score,PLAIN-902,MED-930,269.91
jev-score,PLAIN-902,MED-10,262.59
jev-score,PLAIN-902,MED-4187,300.88
jev-score,PLAIN-902,MED-14,279.44
jev-score,PLAIN-902,MED-842,392.14
jev-score,PLAIN-902,MED-118,272.38
jev-score,PLAIN-902,MED-2070,358.8
jev-score,PLAIN-902,MED-1746,261.13
jev-score,PLAIN-902,MED-306,281.45
jev-score,PLAIN-902,MED-329,314.95
jev-score,PLAIN-902,MED-4660,932.32
jev-score,PLAIN-902,MED-1142,295.22
jev-score,PLAIN-913,MED-4415,288.89
jev-score,PLAIN-913,MED-3811,286.03
jev-score,PLAIN-913,MED-4416,314.51
jev-score,PLAIN-913,MED-3812,339.12
jev-score,PLAIN-913,MED-3813,300.99
jev-score,PLAIN-913,MED-5000,294.72
jev-score,PLAIN-913,MED-4417,261.77
jev-score,PLAIN-913,MED-3810,340.4
jev-score,PLAIN-913,MED-2780,335.07
jev-score,PLAIN-913,MED-894,280.29
jev-score,PLAIN-913,MED-5084,432.16
jev-score,PLAIN-913,MED-691,318.48
jev-score,PLAIN-913,MED-760,310.84
jev-score,PLAIN-913,MED-712,298.61
jev-score,PLAIN-913,MED-692,284.24
jev-score,PLAIN-913,MED-4418,408.41
jev-score,PLAIN-913,MED-2783,304.59
jev-score,PLAIN-913,MED-1442,287.39
jev-score,PLAIN-913,MED-1444,298.15
jev-score,PLAIN-913,MED-1293,284.78
jev-score,PLAIN-924,MED-3044,305.19
jev-score,PLAIN-924,MED-10,296.42
jev-score,PLAIN-924,MED-3054,273.74
jev-score,PLAIN-924,MED-14,330.36
jev-score,PLAIN-924,MED-3052,289.24
jev-score,PLAIN-924,MED-118,274.79
jev-score,PLAIN-924,MED-3055,259.15
jev-score,PLAIN-924,MED-301,286.1
jev-score,PLAIN-924,MED-4790,299.84
jev-score,PLAIN-924,MED-306,349.35
jev-score,PLAIN-924,MED-3544,356.19
jev-score,PLAIN-924,MED-329,355.9
jev-score,PLAIN-924,MED-4720,428.84
jev-score,PLAIN-924,MED-3046,292.05
jev-score,PLAIN-924,MED-330,295.05
jev-score,PLAIN-924,MED-3058,362.44
jev-score,PLAIN-924,MED-332,359.3
jev-score,PLAIN-924,MED-2178,291.63
jev-score,PLAIN-924,MED-334,320.49
jev-score,PLAIN-924,MED-2177,310.31
jev-score,PLAIN-934,MED-1640,274.96
jev-score,PLAIN-934,MED-5244,357.55
jev-score,PLAIN-934,MED-2155,311.93
jev-score,PLAIN-934,MED-5249,276.66
jev-score,PLAIN-934,MED-1621,305.43
jev-score,PLAIN-934,MED-1648,269.65
jev-score,PLAIN-934,MED-1649,326.57
jev-score,PLAIN-934,MED-5245,346.96
jev-score,PLAIN-934,MED-1628,353.42
jev-score,PLAIN-934,MED-2161,279.33
jev-score,PLAIN-934,MED-5258,307.18
jev-score,PLAIN-934,MED-878,1019.18
jev-score,PLAIN-934,MED-1622,255.24
jev-score,PLAIN-934,MED-5251,332.62
jev-score,PLAIN-934,MED-1636,361.17
jev-score,PLAIN-934,MED-5250,333.15
jev-score,PLAIN-934,MED-5259,331.52
jev-score,PLAIN-934,MED-2156,283.02
jev-score,PLAIN-934,MED-2160,320.95
jev-score,PLAIN-934,MED-1642,261.92
jev-score,PLAIN-946,MED-4380,304.91
jev-score,PLAIN-946,MED-4381,355.31
jev-score,PLAIN-946,MED-722,307.33
jev-score,PLAIN-946,MED-926,424.52
jev-score,PLAIN-946,MED-4960,283.2
jev-score,PLAIN-946,MED-866,291.75
jev-score,PLAIN-946,MED-3937,325.34
jev-score,PLAIN-946,MED-855,341.79
jev-score,PLAIN-946,MED-4668,266.58
jev-score,PLAIN-946,MED-1570,264.03
jev-score,PLAIN-946,MED-3939,325.54
jev-score,PLAIN-946,MED-10,262.14
jev-score,PLAIN-946,MED-4439,923.73
jev-score,PLAIN-946,MED-14,280.89
jev-score,PLAIN-946,MED-4356,263.43
jev-score,PLAIN-946,MED-118,351.72
jev-score,PLAIN-946,MED-3772,270.87
jev-score,PLAIN-946,MED-301,313.35
jev-score,PLAIN-946,MED-925,258.85
jev-score,PLAIN-946,MED-306,247.38
jev-score,PLAIN-956,MED-2182,410.28
jev-score,PLAIN-956,MED-5074,301.44
jev-score,PLAIN-956,MED-2572,318.45
jev-score,PLAIN-956,MED-2183,319.91
jev-score,PLAIN-956,MED-5076,260.54
jev-score,PLAIN-956,MED-5191,273.67
jev-score,PLAIN-956,MED-884,288.64
jev-score,PLAIN-956,MED-2179,339.8
jev-score,PLAIN-956,MED-4554,275.25
jev-score,PLAIN-956,MED-2184,335.22
jev-score,PLAIN-956,MED-4053,308.08
jev-score,PLAIN-956,MED-4972,264.42
jev-score,PLAIN-956,MED-3651,406.64
jev-score,PLAIN-956,MED-1165,330.53
jev-score,PLAIN-956,MED-2098,332.24
jev-score,PLAIN-956,MED-2209,375.5
jev-score,PLAIN-956,MED-4482,278.67
jev-score,PLAIN-956,MED-909,387.84
jev-score,PLAIN-956,MED-910,356.94
jev-score,PLAIN-956,MED-1441,395.1
jev-score,PLAIN-966,MED-3671,334.63
jev-score,PLAIN-966,MED-4323,324.6
jev-score,PLAIN-966,MED-4192,281.15
jev-score,PLAIN-966,MED-831,262.59
jev-score,PLAIN-966,MED-3919,309.92
jev-score,PLAIN-966,MED-2039,333.99
jev-score,PLAIN-966,MED-3465,347.95
jev-score,PLAIN-966,MED-2324,273.88
jev-score,PLAIN-966,MED-3316,299.33
jev-score,PLAIN-966,MED-1299,464.93
jev-score,PLAIN-966,MED-4789,243.89
jev-score,PLAIN-966,MED-1358,281.92
jev-score,PLAIN-966,MED-4152,315.52
jev-score,PLAIN-966,MED-743,260.13
jev-score,PLAIN-966,MED-1613,348.23
jev-score,PLAIN-966,MED-4103,448.34
jev-score,PLAIN-966,MED-5365,299.08
jev-score,PLAIN-966,MED-3317,307.8
jev-score,PLAIN-966,MED-3676,321.76
jev-score,PLAIN-966,MED-1198,340.03
jev-score,PLAIN-977,MED-2603,329.25
jev-score,PLAIN-977,MED-2598,321.36
jev-score,PLAIN-977,MED-4402,243.41
jev-score,PLAIN-977,MED-2082,286.02
jev-score,PLAIN-977,MED-4427,302.2
jev-score,PLAIN-977,MED-4891,324.84
jev-score,PLAIN-977,MED-2944,376.62
jev-score,PLAIN-977,MED-4617,318.27
jev-score,PLAIN-977,MED-2602,281.39
jev-score,PLAIN-977,MED-2770,308.56
jev-score,PLAIN-977,MED-1410,276.34
jev-score,PLAIN-977,MED-2179,295.72
jev-score,PLAIN-977,MED-1586,355.19
jev-score,PLAIN-977,MED-3394,399.75
jev-score,PLAIN-977,MED-1986,301.51
jev-score,PLAIN-977,MED-1786,284.67
jev-score,PLAIN-977,MED-2773,277.16
jev-score,PLAIN-977,MED-3306,244.99
jev-score,PLAIN-977,MED-3717,304.27
jev-score,PLAIN-977,MED-4960,313.12
jev-score,PLAIN-987,MED-557,291.94
jev-score,PLAIN-987,MED-746,268.73
jev-score,PLAIN-987,MED-828,254.94
jev-score,PLAIN-987,MED-732,297.08
jev-score,PLAIN-987,MED-1787,583.98
jev-score,PLAIN-987,MED-2780,402.74
jev-score,PLAIN-987,MED-1293,255.12
jev-score,PLAIN-987,MED-4954,268.68
jev-score,PLAIN-987,MED-1781,241.61
jev-score,PLAIN-987,MED-2830,244.89
jev-score,PLAIN-987,MED-10,285.86
jev-score,PLAIN-987,MED-3589,326.93
jev-score,PLAIN-987,MED-843,255.49
jev-score,PLAIN-987,MED-14,300.57
jev-score,PLAIN-987,MED-1762,324.3
jev-score,PLAIN-987,MED-118,276.66
jev-score,PLAIN-987,MED-1778,340.57
jev-score,PLAIN-987,MED-301,364.61
jev-score,PLAIN-987,MED-3591,322.26
jev-score,PLAIN-987,MED-1773,353.15
jev-score,PLAIN-997,MED-691,308.6
jev-score,PLAIN-997,MED-748,317.41
jev-score,PLAIN-997,MED-744,331.14
jev-score,PLAIN-997,MED-10,319.28
jev-score,PLAIN-997,MED-5331,365.33
jev-score,PLAIN-997,MED-14,266.25
jev-score,PLAIN-997,MED-4300,254.74
jev-score,PLAIN-997,MED-745,246.03
jev-score,PLAIN-997,MED-118,328.33
jev-score,PLAIN-997,MED-2082,326.53
jev-score,PLAIN-997,MED-1276,275.24
jev-score,PLAIN-997,MED-301,363.47
jev-score,PLAIN-997,MED-1376,261.14
jev-score,PLAIN-997,MED-306,292.06
jev-score,PLAIN-997,MED-822,256.5
jev-score,PLAIN-997,MED-2202,259.48
jev-score,PLAIN-997,MED-329,327.53
jev-score,PLAIN-997,MED-330,266.33
jev-score,PLAIN-997,MED-5369,293.0
jev-score,PLAIN-997,MED-1055,309.36
jev-score,PLAIN-1008,MED-306,255.67
jev-score,PLAIN-1008,MED-666,289.89
jev-score,PLAIN-1008,MED-10,332.23
jev-score,PLAIN-1008,MED-4668,296.95
jev-score,PLAIN-1008,MED-14,285.67
jev-score,PLAIN-1008,MED-901,300.55
jev-score,PLAIN-1008,MED-745,367.25
jev-score,PLAIN-1008,MED-118,316.98
jev-score,PLAIN-1008,MED-3863,292.76
jev-score,PLAIN-1008,MED-1519,308.29
jev-score,PLAIN-1008,MED-301,265.67
jev-score,PLAIN-1008,MED-4694,325.1
jev-score,PLAIN-1008,MED-329,270.53
jev-score,PLAIN-1008,MED-5216,290.01
jev-score,PLAIN-1008,MED-2036,285.01
jev-score,PLAIN-1008,MED-330,287.11
jev-score,PLAIN-1008,MED-3319,275.0
jev-score,PLAIN-1008,MED-332,274.45
jev-score,PLAIN-1008,MED-334,423.25
jev-score,PLAIN-1008,MED-900,307.77
jev-score,PLAIN-1018,MED-839,279.11
jev-score,PLAIN-1018,MED-5091,313.46
jev-score,PLAIN-1018,MED-5095,245.25
jev-score,PLAIN-1018,MED-5093,277.43
jev-score,PLAIN-1018,MED-3012,361.1
jev-score,PLAIN-1018,MED-838,281.45
jev-score,PLAIN-1018,MED-928,290.73
jev-score,PLAIN-1018,MED-1832,351.58
jev-score,PLAIN-1018,MED-5364,465.76
jev-score,PLAIN-1018,MED-5092,343.9
jev-score,PLAIN-1018,MED-4936,862.19
jev-score,PLAIN-1018,MED-557,344.34
jev-score,PLAIN-1018,MED-5361,294.72
jev-score,PLAIN-1018,MED-828,290.61
jev-score,PLAIN-1018,MED-818,269.24
jev-score,PLAIN-1018,MED-820,310.12
jev-score,PLAIN-1018,MED-4323,398.87
jev-score,PLAIN-1018,MED-4322,350.76
jev-score,PLAIN-1018,MED-762,283.52
jev-score,PLAIN-1018,MED-831,287.34
jev-score,PLAIN-1028,MED-2290,324.35
jev-score,PLAIN-1028,MED-4102,271.92
jev-score,PLAIN-1028,MED-1558,304.19
jev-score,PLAIN-1028,MED-4627,454.13
jev-score,PLAIN-1028,MED-2984,334.9
jev-score,PLAIN-1028,MED-5363,294.78
jev-score,PLAIN-1028,MED-1553,353.68
jev-score,PLAIN-1028,MED-5181,278.07
jev-score,PLAIN-1028,MED-3722,310.48
jev-score,PLAIN-1028,MED-3654,351.67
jev-score,PLAIN-1028,MED-4178,347.25
jev-score,PLAIN-1028,MED-2180,268.44
jev-score,PLAIN-1028,MED-3248,269.74
jev-score,PLAIN-1028,MED-2412,336.28
jev-score,PLAIN-1028,MED-3900,305.18
jev-score,PLAIN-1028,MED-1861,277.0
jev-score,PLAIN-1028,MED-2220,350.39
jev-score,PLAIN-1028,MED-4555,430.04
jev-score,PLAIN-1028,MED-2294,347.76
jev-score,PLAIN-1028,MED-4131,368.84
jev-score,PLAIN-1039,MED-4380,263.39
jev-score,PLAIN-1039,MED-4381,630.12
jev-score,PLAIN-1039,MED-4995,247.01
jev-score,PLAIN-1039,MED-3867,276.41
jev-score,PLAIN-1039,MED-909,328.73
jev-score,PLAIN-1039,MED-1841,275.29
jev-score,PLAIN-1039,MED-4634,1331.42
jev-score,PLAIN-1039,MED-1839,318.22
jev-score,PLAIN-1039,MED-4625,315.18
jev-score,PLAIN-1039,MED-3215,294.25
jev-score,PLAIN-1039,MED-1395,422.91
jev-score,PLAIN-1039,MED-2544,301.74
jev-score,PLAIN-1039,MED-4626,311.48
jev-score,PLAIN-1039,MED-4092,329.08
jev-score,PLAIN-1039,MED-4176,250.41
jev-score,PLAIN-1039,MED-1832,259.54
jev-score,PLAIN-1039,MED-3846,1208.56
jev-score,PLAIN-1039,MED-2983,328.13
jev-score,PLAIN-1039,MED-2578,269.45
jev-score,PLAIN-1039,MED-3236,270.72
jev-score,PLAIN-1050,MED-2510,291.92
jev-score,PLAIN-1050,MED-728,326.19
jev-score,PLAIN-1050,MED-761,389.75
jev-score,PLAIN-1050,MED-1021,342.1
jev-score,PLAIN-1050,MED-749,321.85
jev-score,PLAIN-1050,MED-731,331.39
jev-score,PLAIN-1050,MED-748,342.33
jev-score,PLAIN-1050,MED-727,288.32
jev-score,PLAIN-1050,MED-1097,300.22
jev-score,PLAIN-1050,MED-1712,284.7
jev-score,PLAIN-1050,MED-1655,299.34
jev-score,PLAIN-1050,MED-2498,339.21
jev-score,PLAIN-1050,MED-843,318.94
jev-score,PLAIN-1050,MED-2112,298.6
jev-score,PLAIN-1050,MED-2324,286.98
jev-score,PLAIN-1050,MED-1543,587.05
jev-score,PLAIN-1050,MED-3283,314.31
jev-score,PLAIN-1050,MED-2509,346.58
jev-score,PLAIN-1050,MED-4842,286.13
jev-score,PLAIN-1050,MED-2502,282.75
jev-score,PLAIN-1066,MED-727,317.77
jev-score,PLAIN-1066,MED-728,303.61
jev-score,PLAIN-1066,MED-2763,401.32
jev-score,PLAIN-1066,MED-749,277.95
jev-score,PLAIN-1066,MED-761,266.91
jev-score,PLAIN-1066,MED-1097,351.37
jev-score,PLAIN-1066,MED-1712,296.58
jev-score,PLAIN-1066,MED-2510,272.66
jev-score,PLAIN-1066,MED-3759,342.13
jev-score,PLAIN-1066,MED-748,372.87
jev-score,PLAIN-1066,MED-2112,254.96
jev-score,PLAIN-1066,MED-2498,350.38
jev-score,PLAIN-1066,MED-1021,344.79
jev-score,PLAIN-1066,MED-3604,327.96
jev-score,PLAIN-1066,MED-2324,283.69
jev-score,PLAIN-1066,MED-2525,340.94
jev-score,PLAIN-1066,MED-3283,327.93
jev-score,PLAIN-1066,MED-743,265.79
jev-score,PLAIN-1066,MED-762,320.56
jev-score,PLAIN-1066,MED-2509,300.75
jev-score,PLAIN-1088,MED-2109,319.74
jev-score,PLAIN-1088,MED-2110,340.55
jev-score,PLAIN-1088,MED-301,340.24
jev-score,PLAIN-1088,MED-762,314.63
jev-score,PLAIN-1088,MED-557,289.7
jev-score,PLAIN-1088,MED-10,256.19
jev-score,PLAIN-1088,MED-1314,274.14
jev-score,PLAIN-1088,MED-14,285.43
jev-score,PLAIN-1088,MED-118,293.34
jev-score,PLAIN-1088,MED-3630,302.51
jev-score,PLAIN-1088,MED-5345,328.37
jev-score,PLAIN-1088,MED-3056,352.44
jev-score,PLAIN-1088,MED-306,286.56
jev-score,PLAIN-1088,MED-1311,304.83
jev-score,PLAIN-1088,MED-329,295.71
jev-score,PLAIN-1088,MED-1594,259.56
jev-score,PLAIN-1088,MED-330,274.85
jev-score,PLAIN-1088,MED-332,279.03
jev-score,PLAIN-1088,MED-4602,281.44
jev-score,PLAIN-1088,MED-334,351.11
jev-score,PLAIN-1098,MED-734,262.09
jev-score,PLAIN-1098,MED-692,288.5
jev-score,PLAIN-1098,MED-733,350.07
jev-score,PLAIN-1098,MED-719,302.15
jev-score,PLAIN-1098,MED-724,288.11
jev-score,PLAIN-1098,MED-10,285.19
jev-score,PLAIN-1098,MED-2371,299.42
jev-score,PLAIN-1098,MED-14,287.71
jev-score,PLAIN-1098,MED-963,270.96
jev-score,PLAIN-1098,MED-118,375.27
jev-score,PLAIN-1098,MED-5124,326.66
jev-score,PLAIN-1098,MED-301,376.48
jev-score,PLAIN-1098,MED-4676,357.44
jev-score,PLAIN-1098,MED-2977,372.62
jev-score,PLAIN-1098,MED-306,300.97
jev-score,PLAIN-1098,MED-329,263.59
jev-score,PLAIN-1098,MED-4892,357.04
jev-score,PLAIN-1098,MED-2884,339.3
jev-score,PLAIN-1098,MED-330,376.5
jev-score,PLAIN-1098,MED-332,306.76
jev-score,PLAIN-1109,MED-2643,258.7
jev-score,PLAIN-1109,MED-2650,287.78
jev-score,PLAIN-1109,MED-5323,319.05
jev-score,PLAIN-1109,MED-1099,303.7
jev-score,PLAIN-1109,MED-2087,297.4
jev-score,PLAIN-1109,MED-1777,271.05
jev-score,PLAIN-1109,MED-5167,263.72
jev-score,PLAIN-1109,MED-1763,299.14
jev-score,PLAIN-1109,MED-4728,319.8
jev-score,PLAIN-1109,MED-2627,981.77
jev-score,PLAIN-1109,MED-2658,271.87
jev-score,PLAIN-1109,MED-1100,245.68
jev-score,PLAIN-1109,MED-2654,289.03
jev-score,PLAIN-1109,MED-4941,1027.26
jev-score,PLAIN-1109,MED-1594,282.09
jev-score,PLAIN-1109,MED-3955,383.6
jev-score,PLAIN-1109,MED-1736,259.76
jev-score,PLAIN-1109,MED-1167,295.52
jev-score,PLAIN-1109,MED-1003,285.68
jev-score,PLAIN-1109,MED-1741,327.97
jev-score,PLAIN-1119,MED-1708,295.32
jev-score,PLAIN-1119,MED-1627,443.41
jev-score,PLAIN-1119,MED-877,317.96
jev-score,PLAIN-1119,MED-3371,291.17
jev-score,PLAIN-1119,MED-2718,307.43
jev-score,PLAIN-1119,MED-5310,293.91
jev-score,PLAIN-1119,MED-1710,320.03
jev-score,PLAIN-1119,MED-4438,297.99
jev-score,PLAIN-1119,MED-4774,267.54
jev-score,PLAIN-1119,MED-1534,287.33
jev-score,PLAIN-1119,MED-1646,289.82
jev-score,PLAIN-1119,MED-3768,297.09
jev-score,PLAIN-1119,MED-4331,345.31
jev-score,PLAIN-1119,MED-3588,360.83
jev-score,PLAIN-1119,MED-2721,308.86
jev-score,PLAIN-1119,MED-3208,279.8
jev-score,PLAIN-1119,MED-2148,315.33
jev-score,PLAIN-1119,MED-2181,288.31
jev-score,PLAIN-1119,MED-3201,331.06
jev-score,PLAIN-1119,MED-2715,287.7
jev-score,PLAIN-1130,MED-4165,361.4
jev-score,PLAIN-1130,MED-691,286.2
jev-score,PLAIN-1130,MED-692,321.16
jev-score,PLAIN-1130,MED-557,276.66
jev-score,PLAIN-1130,MED-10,332.89
jev-score,PLAIN-1130,MED-14,257.08
jev-score,PLAIN-1130,MED-1732,339.1
jev-score,PLAIN-1130,MED-118,893.0
jev-score,PLAIN-1130,MED-2619,348.99
jev-score,PLAIN-1130,MED-301,261.16
jev-score,PLAIN-1130,MED-3971,307.26
jev-score,PLAIN-1130,MED-306,283.46
jev-score,PLAIN-1130,MED-5050,338.93
jev-score,PLAIN-1130,MED-1240,272.16
jev-score,PLAIN-1130,MED-329,357.67
jev-score,PLAIN-1130,MED-1243,296.74
jev-score,PLAIN-1130,MED-330,278.13
jev-score,PLAIN-1130,MED-332,322.52
jev-score,PLAIN-1130,MED-3670,295.66
jev-score,PLAIN-1130,MED-1733,354.35
jev-score,PLAIN-1141,MED-2112,304.6
jev-score,PLAIN-1141,MED-2428,303.32
jev-score,PLAIN-1141,MED-1343,302.12
jev-score,PLAIN-1141,MED-3953,270.95
jev-score,PLAIN-1141,MED-1037,336.01
jev-score,PLAIN-1141,MED-3001,287.65
jev-score,PLAIN-1141,MED-1051,295.33
jev-score,PLAIN-1141,MED-5343,403.88
jev-score,PLAIN-1141,MED-745,286.08
jev-score,PLAIN-1141,MED-3113,301.41
jev-score,PLAIN-1141,MED-4153,287.79
jev-score,PLAIN-1141,MED-3625,302.47
jev-score,PLAIN-1141,MED-3680,261.53
jev-score,PLAIN-1141,MED-4531,326.94
jev-score,PLAIN-1141,MED-1097,300.17
jev-score,PLAIN-1141,MED-2298,281.3
jev-score,PLAIN-1141,MED-4533,346.81
jev-score,PLAIN-1141,MED-4366,275.08
jev-score,PLAIN-1141,MED-2086,294.21
jev-score,PLAIN-1141,MED-3758,332.15
jev-score,PLAIN-1151,MED-3306,286.08
jev-score,PLAIN-1151,MED-2182,322.41
jev-score,PLAIN-1151,MED-2742,297.09
jev-score,PLAIN-1151,MED-1759,293.63
jev-score,PLAIN-1151,MED-2738,281.71
jev-score,PLAIN-1151,MED-1147,1052.92
jev-score,PLAIN-1151,MED-1144,311.66
jev-score,PLAIN-1151,MED-3314,301.4
jev-score,PLAIN-1151,MED-2221,273.71
jev-score,PLAIN-1151,MED-1725,270.79
jev-score,PLAIN-1151,MED-4139,291.8
jev-score,PLAIN-1151,MED-1179,255.72
jev-score,PLAIN-1151,MED-3307,246.78
jev-score,PLAIN-1151,MED-4489,314.67
jev-score,PLAIN-1151,MED-1157,321.96
jev-score,PLAIN-1151,MED-2489,328.0
jev-score,PLAIN-1151,MED-1181,261.55
jev-score,PLAIN-1151,MED-1753,310.26
jev-score,PLAIN-1151,MED-2299,276.81
jev-score,PLAIN-1151,MED-2572,276.94
jev-score,PLAIN-1161,MED-3136,303.45
jev-score,PLAIN-1161,MED-3138,350.79
jev-score,PLAIN-1161,MED-4991,301.44
jev-score,PLAIN-1161,MED-2144,275.54
jev-score,PLAIN-1161,MED-2570,299.91
jev-score,PLAIN-1161,MED-2147,261.68
jev-score,PLAIN-1161,MED-3584,240.53
jev-score,PLAIN-1161,MED-1880,309.6
jev-score,PLAIN-1161,MED-2010,352.45
jev-score,PLAIN-1161,MED-3141,271.19
jev-score,PLAIN-1161,MED-3132,342.27
jev-score,PLAIN-1161,MED-5079,336.47
jev-score,PLAIN-1161,MED-724,280.29
jev-score,PLAIN-1161,MED-719,278.7
jev-score,PLAIN-1161,MED-2140,365.66
jev-score,PLAIN-1161,MED-4510,271.11
jev-score,PLAIN-1161,MED-2141,310.91
jev-score,PLAIN-1161,MED-2145,304.08
jev-score,PLAIN-1161,MED-2148,301.72
jev-score,PLAIN-1161,MED-2085,274.83
jev-score,PLAIN-1172,MED-4150,1124.63
jev-score,PLAIN-1172,MED-691,292.19
jev-score,PLAIN-1172,MED-702,251.11
jev-score,PLAIN-1172,MED-719,319.89
jev-score,PLAIN-1172,MED-724,234.6
jev-score,PLAIN-1172,MED-10,301.95
jev-score,PLAIN-1172,MED-3146,384.52
jev-score,PLAIN-1172,MED-14,255.6
jev-score,PLAIN-1172,MED-4720,263.35
jev-score,PLAIN-1172,MED-118,281.29
jev-score,PLAIN-1172,MED-3145,296.24
jev-score,PLAIN-1172,MED-301,317.14
jev-score,PLAIN-1172,MED-3144,254.23
jev-score,PLAIN-1172,MED-306,263.41
jev-score,PLAIN-1172,MED-3810,305.64
jev-score,PLAIN-1172,MED-329,268.57
jev-score,PLAIN-1172,MED-3606,268.23
jev-score,PLAIN-1172,MED-330,271.07
jev-score,PLAIN-1172,MED-3816,344.66
jev-score,PLAIN-1172,MED-2521,322.48
jev-score,PLAIN-1183,MED-1276,302.95
jev-score,PLAIN-1183,MED-5331,270.57
jev-score,PLAIN-1183,MED-4727,315.74
jev-score,PLAIN-1183,MED-5369,276.43
jev-score,PLAIN-1183,MED-5351,317.33
jev-score,PLAIN-1183,MED-10,271.61
jev-score,PLAIN-1183,MED-4070,928.28
jev-score,PLAIN-1183,MED-1201,231.82
jev-score,PLAIN-1183,MED-748,279.4
jev-score,PLAIN-1183,MED-2582,254.05
jev-score,PLAIN-1183,MED-5353,283.4
jev-score,PLAIN-1183,MED-1376,353.99
jev-score,PLAIN-1183,MED-3856,331.67
jev-score,PLAIN-1183,MED-2202,263.01
jev-score,PLAIN-1183,MED-3980,290.57
jev-score,PLAIN-1183,MED-3981,320.31
jev-score,PLAIN-1183,MED-2082,288.25
jev-score,PLAIN-1183,MED-3976,1645.01
jev-score,PLAIN-1183,MED-2769,241.53
jev-score,PLAIN-1183,MED-5192,430.39
jev-score,PLAIN-1193,MED-3868,270.95
jev-score,PLAIN-1193,MED-3869,289.92
jev-score,PLAIN-1193,MED-1825,1365.12
jev-score,PLAIN-1193,MED-3864,330.86
jev-score,PLAIN-1193,MED-1826,261.09
jev-score,PLAIN-1193,MED-3796,351.53
jev-score,PLAIN-1193,MED-4303,339.49
jev-score,PLAIN-1193,MED-2378,266.68
jev-score,PLAIN-1193,MED-839,289.03
jev-score,PLAIN-1193,MED-4443,308.71
jev-score,PLAIN-1193,MED-1443,283.24
jev-score,PLAIN-1193,MED-3662,260.56
jev-score,PLAIN-1193,MED-3867,285.58
jev-score,PLAIN-1193,MED-5179,305.11
jev-score,PLAIN-1193,MED-1493,297.3
jev-score,PLAIN-1193,MED-3659,285.11
jev-score,PLAIN-1193,MED-5016,313.14
jev-score,PLAIN-1193,MED-1523,315.42
jev-score,PLAIN-1193,MED-1859,263.84
jev-score,PLAIN-1193,MED-886,244.39
jev-score,PLAIN-1203,MED-4771,281.59
jev-score,PLAIN-1203,MED-1203,447.91
jev-score,PLAIN-1203,MED-986,277.23
jev-score,PLAIN-1203,MED-980,239.74
jev-score,PLAIN-1203,MED-922,302.33
jev-score,PLAIN-1203,MED-4872,317.43
jev-score,PLAIN-1203,MED-994,255.69
jev-score,PLAIN-1203,MED-3867,280.09
jev-score,PLAIN-1203,MED-2983,306.04
jev-score,PLAIN-1203,MED-1846,328.79
jev-score,PLAIN-1203,MED-1528,272.65
jev-score,PLAIN-1203,MED-2103,301.68
jev-score,PLAIN-1203,MED-1395,273.45
jev-score,PLAIN-1203,MED-1202,304.27
jev-score,PLAIN-1203,MED-3275,276.35
jev-score,PLAIN-1203,MED-2102,290.06
jev-score,PLAIN-1203,MED-1201,315.34
jev-score,PLAIN-1203,MED-4764,395.48
jev-score,PLAIN-1203,MED-993,328.3
jev-score,PLAIN-1203,MED-4600,353.07
jev-score,PLAIN-1214,MED-734,311.63
jev-score,PLAIN-1214,MED-10,321.59
jev-score,PLAIN-1214,MED-5318,267.29
jev-score,PLAIN-1214,MED-14,357.43
jev-score,PLAIN-1214,MED-1733,326.79
jev-score,PLAIN-1214,MED-118,353.06
jev-score,PLAIN-1214,MED-5177,274.34
jev-score,PLAIN-1214,MED-828,319.77
jev-score,PLAIN-1214,MED-1731,288.42
jev-score,PLAIN-1214,MED-301,247.03
jev-score,PLAIN-1214,MED-2992,281.35
jev-score,PLAIN-1214,MED-306,361.0
jev-score,PLAIN-1214,MED-329,402.75
jev-score,PLAIN-1214,MED-5317,266.64
jev-score,PLAIN-1214,MED-1491,326.28
jev-score,PLAIN-1214,MED-330,312.41
jev-score,PLAIN-1214,MED-2362,285.63
jev-score,PLAIN-1214,MED-332,323.88
jev-score,PLAIN-1214,MED-850,256.21
jev-score,PLAIN-1214,MED-1738,314.94
jev-score,PLAIN-1225,MED-1674,274.97
jev-score,PLAIN-1225,MED-717,285.2
jev-score,PLAIN-1225,MED-918,311.08
jev-score,PLAIN-1225,MED-1669,274.73
jev-score,PLAIN-1225,MED-1672,271.26
jev-score,PLAIN-1225,MED-1710,280.24
jev-score,PLAIN-1225,MED-5057,271.39
jev-score,PLAIN-1225,MED-1675,311.59
jev-score,PLAIN-1225,MED-3059,814.85
jev-score,PLAIN-1225,MED-3734,276.26
jev-score,PLAIN-1225,MED-2969,338.97
jev-score,PLAIN-1225,MED-1261,304.95
jev-score,PLAIN-1225,MED-1707,299.01
jev-score,PLAIN-1225,MED-2420,301.04
jev-score,PLAIN-1225,MED-2490,348.56
jev-score,PLAIN-1225,MED-719,1655.75
jev-score,PLAIN-1225,MED-724,307.62
jev-score,PLAIN-1225,MED-5240,293.16
jev-score,PLAIN-1225,MED-720,274.75
jev-score,PLAIN-1225,MED-830,308.18
jev-score,PLAIN-1236,MED-1341,403.35
jev-score,PLAIN-1236,MED-719,265.91
jev-score,PLAIN-1236,MED-724,261.89
jev-score,PLAIN-1236,MED-720,299.66
jev-score,PLAIN-1236,MED-398,288.12
jev-score,PLAIN-1236,MED-717,275.7
jev-score,PLAIN-1236,MED-10,290.63
jev-score,PLAIN-1236,MED-14,259.39
jev-score,PLAIN-1236,MED-118,297.24
jev-score,PLAIN-1236,MED-2354,369.52
jev-score,PLAIN-1236,MED-830,359.67
jev-score,PLAIN-1236,MED-301,357.87
jev-score,PLAIN-1236,MED-1674,529.7
jev-score,PLAIN-1236,MED-306,265.52
jev-score,PLAIN-1236,MED-329,299.38
jev-score,PLAIN-1236,MED-4595,3453.61
jev-score,PLAIN-1236,MED-330,402.81
jev-score,PLAIN-1236,MED-5058,287.59
jev-score,PLAIN-1236,MED-2348,328.08
jev-score,PLAIN-1236,MED-332,324.13
jev-score,PLAIN-1249,MED-2303,275.97
jev-score,PLAIN-1249,MED-2674,249.01
jev-score,PLAIN-1249,MED-1780,285.28
jev-score,PLAIN-1249,MED-2247,428.49
jev-score,PLAIN-1249,MED-1744,277.53
jev-score,PLAIN-1249,MED-3706,361.19
jev-score,PLAIN-1249,MED-5055,275.05
jev-score,PLAIN-1249,MED-2518,284.69
jev-score,PLAIN-1249,MED-2848,242.03
jev-score,PLAIN-1249,MED-3884,262.07
jev-score,PLAIN-1249,MED-4939,267.42
jev-score,PLAIN-1249,MED-3886,334.72
jev-score,PLAIN-1249,MED-1874,260.77
jev-score,PLAIN-1249,MED-2432,314.15
jev-score,PLAIN-1249,MED-1442,387.47
jev-score,PLAIN-1249,MED-3885,278.92
jev-score,PLAIN-1249,MED-4867,264.0
jev-score,PLAIN-1249,MED-1229,305.59
jev-score,PLAIN-1249,MED-2123,304.88
jev-score,PLAIN-1249,MED-1664,302.44
jev-score,PLAIN-1262,MED-5293,269.5
jev-score,PLAIN-1262,MED-983,263.41
jev-score,PLAIN-1262,MED-5303,319.74
jev-score,PLAIN-1262,MED-4096,285.96
jev-score,PLAIN-1262,MED-2082,1196.36
jev-score,PLAIN-1262,MED-1054,279.54
jev-score,PLAIN-1262,MED-5331,308.62
jev-score,PLAIN-1262,MED-2723,267.26
jev-score,PLAIN-1262,MED-1680,247.59
jev-score,PLAIN-1262,MED-5220,268.07
jev-score,PLAIN-1262,MED-4132,324.39
jev-score,PLAIN-1262,MED-2211,273.13
jev-score,PLAIN-1262,MED-1055,263.22
jev-score,PLAIN-1262,MED-1123,289.98
jev-score,PLAIN-1262,MED-2000,266.0
jev-score,PLAIN-1262,MED-2740,343.38
jev-score,PLAIN-1262,MED-3974,276.24
jev-score,PLAIN-1262,MED-2214,357.1
jev-score,PLAIN-1262,MED-1056,263.52
jev-score,PLAIN-1262,MED-1328,293.62
jev-score,PLAIN-1275,MED-4712,312.91
jev-score,PLAIN-1275,MED-2886,295.56
jev-score,PLAIN-1275,MED-2924,362.27
jev-score,PLAIN-1275,MED-1676,273.65
jev-score,PLAIN-1275,MED-4900,297.9
jev-score,PLAIN-1275,MED-2922,274.3
jev-score,PLAIN-1275,MED-2076,267.44
jev-score,PLAIN-1275,MED-2665,307.92
jev-score,PLAIN-1275,MED-3738,340.02
jev-score,PLAIN-1275,MED-1671,246.43
jev-score,PLAIN-1275,MED-3748,290.4
jev-score,PLAIN-1275,MED-4576,313.01
jev-score,PLAIN-1275,MED-3728,294.01
jev-score,PLAIN-1275,MED-2970,301.65
jev-score,PLAIN-1275,MED-5084,287.97
jev-score,PLAIN-1275,MED-5069,322.42
jev-score,PLAIN-1275,MED-5083,325.17
jev-score,PLAIN-1275,MED-3480,349.38
jev-score,PLAIN-1275,MED-5070,292.58
jev-score,PLAIN-1275,MED-5166,273.37
jev-score,PLAIN-1288,MED-2083,419.46
jev-score,PLAIN-1288,MED-3701,307.38
jev-score,PLAIN-1288,MED-398,316.91
jev-score,PLAIN-1288,MED-1538,315.56
jev-score,PLAIN-1288,MED-4585,347.62
jev-score,PLAIN-1288,MED-2663,1779.23
jev-score,PLAIN-1288,MED-3700,296.95
jev-score,PLAIN-1288,MED-5065,264.42
jev-score,PLAIN-1288,MED-3728,243.11
jev-score,PLAIN-1288,MED-1795,271.48
jev-score,PLAIN-1288,MED-2450,323.42
jev-score,PLAIN-1288,MED-4029,290.63
jev-score,PLAIN-1288,MED-1533,293.87
jev-score,PLAIN-1288,MED-2085,350.29
jev-score,PLAIN-1288,MED-3207,349.91
jev-score,PLAIN-1288,MED-3200,261.17
jev-score,PLAIN-1288,MED-3206,271.15
jev-score,PLAIN-1288,MED-3210,529.01
jev-score,PLAIN-1288,MED-3205,251.74
jev-score,PLAIN-1288,MED-3382,372.87
jev-score,PLAIN-1299,MED-4747,277.04
jev-score,PLAIN-1299,MED-3135,304.29
jev-score,PLAIN-1299,MED-1223,278.21
jev-score,PLAIN-1299,MED-2498,308.42
jev-score,PLAIN-1299,MED-1229,277.3
jev-score,PLAIN-1299,MED-2123,267.28
jev-score,PLAIN-1299,MED-1752,249.36
jev-score,PLAIN-1299,MED-2774,342.72
jev-score,PLAIN-1299,MED-4897,264.34
jev-score,PLAIN-1299,MED-4224,273.61
jev-score,PLAIN-1299,MED-4394,285.16
jev-score,PLAIN-1299,MED-4222,319.59
jev-score,PLAIN-1299,MED-1587,305.59
jev-score,PLAIN-1299,MED-2114,320.39
jev-score,PLAIN-1299,MED-4752,367.15
jev-score,PLAIN-1299,MED-4211,272.85
jev-score,PLAIN-1299,MED-1750,317.63
jev-score,PLAIN-1299,MED-1716,333.06
jev-score,PLAIN-1299,MED-1723,314.99
jev-score,PLAIN-1299,MED-5107,271.49
jev-score,PLAIN-1309,MED-702,413.09
jev-score,PLAIN-1309,MED-736,415.97
jev-score,PLAIN-1309,MED-721,320.58
jev-score,PLAIN-1309,MED-714,284.15
jev-score,PLAIN-1309,MED-10,288.59
jev-score,PLAIN-1309,MED-4660,305.81
jev-score,PLAIN-1309,MED-14,300.54
jev-score,PLAIN-1309,MED-4603,264.57
jev-score,PLAIN-1309,MED-118,245.05
jev-score,PLAIN-1309,MED-5301,321.19
jev-score,PLAIN-1309,MED-301,288.85
jev-score,PLAIN-1309,MED-4942,242.58
jev-score,PLAIN-1309,MED-306,308.31
jev-score,PLAIN-1309,MED-3985,266.81
jev-score,PLAIN-1309,MED-2046,294.09
jev-score,PLAIN-1309,MED-329,259.21
jev-score,PLAIN-1309,MED-2116,306.11
jev-score,PLAIN-1309,MED-330,258.43
jev-score,PLAIN-1309,MED-2121,286.74
jev-score,PLAIN-1309,MED-332,250.55
jev-score,PLAIN-1320,MED-1543,298.09
jev-score,PLAIN-1320,MED-2112,296.99
jev-score,PLAIN-1320,MED-761,290.55
jev-score,PLAIN-1320,MED-1549,293.29
jev-score,PLAIN-1320,MED-2758,339.77
jev-score,PLAIN-1320,MED-1545,285.92
jev-score,PLAIN-1320,MED-728,283.21
jev-score,PLAIN-1320,MED-3759,307.99
jev-score,PLAIN-1320,MED-4929,292.41
jev-score,PLAIN-1320,MED-2525,246.34
jev-score,PLAIN-1320,MED-1986,311.38
jev-score,PLAIN-1320,MED-749,329.93
jev-score,PLAIN-1320,MED-727,273.35
jev-score,PLAIN-1320,MED-1053,324.38
jev-score,PLAIN-1320,MED-1097,359.19
jev-score,PLAIN-1320,MED-2298,237.25
jev-score,PLAIN-1320,MED-2760,291.48
jev-score,PLAIN-1320,MED-3749,284.43
jev-score,PLAIN-1320,MED-5346,278.03
jev-score,PLAIN-1320,MED-2761,251.49
jev-score,PLAIN-1331,MED-306,369.43
jev-score,PLAIN-1331,MED-745,333.05
jev-score,PLAIN-1331,MED-727,315.57
jev-score,PLAIN-1331,MED-1049,282.0
jev-score,PLAIN-1331,MED-3626,297.81
jev-score,PLAIN-1331,MED-3381,280.68
jev-score,PLAIN-1331,MED-4883,255.57
jev-score,PLAIN-1331,MED-3391,301.45
jev-score,PLAIN-1331,MED-3625,263.34
jev-score,PLAIN-1331,MED-10,275.65
jev-score,PLAIN-1331,MED-5036,313.49
jev-score,PLAIN-1331,MED-14,261.71
jev-score,PLAIN-1331,MED-5288,283.9
jev-score,PLAIN-1331,MED-118,325.84
jev-score,PLAIN-1331,MED-1519,317.82
jev-score,PLAIN-1331,MED-301,249.28
jev-score,PLAIN-1331,MED-901,326.28
jev-score,PLAIN-1331,MED-3278,279.79
jev-score,PLAIN-1331,MED-329,298.19
jev-score,PLAIN-1331,MED-5345,342.95
jev-score,PLAIN-1342,MED-4317,282.59
jev-score,PLAIN-1342,MED-1403,333.51
jev-score,PLAIN-1342,MED-2851,282.32
jev-score,PLAIN-1342,MED-2845,279.75
jev-score,PLAIN-1342,MED-1401,324.0
jev-score,PLAIN-1342,MED-4773,256.44
jev-score,PLAIN-1342,MED-4926,324.91
jev-score,PLAIN-1342,MED-4316,278.9
jev-score,PLAIN-1342,MED-5326,355.47
jev-score,PLAIN-1342,MED-4318,262.18
jev-score,PLAIN-1342,MED-898,351.33
jev-score,PLAIN-1342,MED-4772,325.41
jev-score,PLAIN-1342,MED-2844,248.37
jev-score,PLAIN-1342,MED-2979,293.86
jev-score,PLAIN-1342,MED-2983,333.9
jev-score,PLAIN-1342,MED-3918,283.75
jev-score,PLAIN-1342,MED-4320,325.74
jev-score,PLAIN-1342,MED-1846,322.19
jev-score,PLAIN-1342,MED-897,298.79
jev-score,PLAIN-1342,MED-2901,255.25
jev-score,PLAIN-1353,MED-976,321.49
jev-score,PLAIN-1353,MED-2110,279.22
jev-score,PLAIN-1353,MED-722,324.36
jev-score,PLAIN-1353,MED-719,953.24
jev-score,PLAIN-1353,MED-724,305.06
jev-score,PLAIN-1353,MED-718,292.93
jev-score,PLAIN-1353,MED-666,282.23
jev-score,PLAIN-1353,MED-720,306.29
jev-score,PLAIN-1353,MED-736,282.91
jev-score,PLAIN-1353,MED-1041,498.68
jev-score,PLAIN-1353,MED-744,286.0
jev-score,PLAIN-1353,MED-10,259.08
jev-score,PLAIN-1353,MED-14,337.49
jev-score,PLAIN-1353,MED-4883,296.37
jev-score,PLAIN-1353,MED-118,318.65
jev-score,PLAIN-1353,MED-4359,296.64
jev-score,PLAIN-1353,MED-301,347.15
jev-score,PLAIN-1353,MED-979,286.98
jev-score,PLAIN-1353,MED-306,289.01
jev-score,PLAIN-1353,MED-4497,1380.45
jev-score,PLAIN-1363,MED-3620,289.4
jev-score,PLAIN-1363,MED-3632,291.58
jev-score,PLAIN-1363,MED-10,268.52
jev-score,PLAIN-1363,MED-3630,266.21
jev-score,PLAIN-1363,MED-14,359.4
jev-score,PLAIN-1363,MED-3635,316.71
jev-score,PLAIN-1363,MED-118,312.14
jev-score,PLAIN-1363,MED-3636,297.83
jev-score,PLAIN-1363,MED-301,304.86
jev-score,PLAIN-1363,MED-306,285.85
jev-score,PLAIN-1363,MED-3626,313.64
jev-score,PLAIN-1363,MED-329,290.01
jev-score,PLAIN-1363,MED-3629,258.43
jev-score,PLAIN-1363,MED-330,267.44
jev-score,PLAIN-1363,MED-3622,383.84
jev-score,PLAIN-1363,MED-1166,294.14
jev-score,PLAIN-1363,MED-332,401.18
jev-score,PLAIN-1363,MED-2940,287.34
jev-score,PLAIN-1363,MED-334,345.51
jev-score,PLAIN-1363,MED-335,480.8
jev-score,PLAIN-1374,MED-3429,315.63
jev-score,PLAIN-1374,MED-820,325.36
jev-score,PLAIN-1374,MED-1010,295.02
jev-score,PLAIN-1374,MED-828,355.26
jev-score,PLAIN-1374,MED-557,325.25
jev-score,PLAIN-1374,MED-3919,263.02
jev-score,PLAIN-1374,MED-1763,313.24
jev-score,PLAIN-1374,MED-3795,266.65
jev-score,PLAIN-1374,MED-3398,341.69
jev-score,PLAIN-1374,MED-4698,300.44
jev-score,PLAIN-1374,MED-3434,250.92
jev-score,PLAIN-1374,MED-4757,276.48
jev-score,PLAIN-1374,MED-835,265.81
jev-score,PLAIN-1374,MED-3439,280.77
jev-score,PLAIN-1374,MED-4157,260.27
jev-score,PLAIN-1374,MED-832,362.07
jev-score,PLAIN-1374,MED-1736,263.3
jev-score,PLAIN-1374,MED-746,268.78
jev-score,PLAIN-1374,MED-826,309.21
jev-score,PLAIN-1374,MED-2122,277.83
jev-score,PLAIN-1387,MED-3380,346.92
jev-score,PLAIN-1387,MED-3383,284.4
jev-score,PLAIN-1387,MED-5063,359.64
jev-score,PLAIN-1387,MED-5062,298.89
jev-score,PLAIN-1387,MED-3381,266.42
jev-score,PLAIN-1387,MED-4655,338.34
jev-score,PLAIN-1387,MED-3382,271.16
jev-score,PLAIN-1387,MED-1153,262.5
jev-score,PLAIN-1387,MED-306,347.14
jev-score,PLAIN-1387,MED-1686,301.84
jev-score,PLAIN-1387,MED-2724,264.51
jev-score,PLAIN-1387,MED-2078,251.02
jev-score,PLAIN-1387,MED-2298,277.4
jev-score,PLAIN-1387,MED-3384,281.19
jev-score,PLAIN-1387,MED-1358,333.03
jev-score,PLAIN-1387,MED-1053,334.9
jev-score,PLAIN-1387,MED-3013,330.98
jev-score,PLAIN-1387,MED-3054,296.63
jev-score,PLAIN-1387,MED-4840,323.56
jev-score,PLAIN-1387,MED-5288,308.94
jev-score,PLAIN-1398,MED-1715,331.89
jev-score,PLAIN-1398,MED-4228,293.8
jev-score,PLAIN-1398,MED-1719,283.63
jev-score,PLAIN-1398,MED-4897,374.17
jev-score,PLAIN-1398,MED-1722,280.12
jev-score,PLAIN-1398,MED-1720,261.72
jev-score,PLAIN-1398,MED-1724,314.77
jev-score,PLAIN-1398,MED-1723,285.58
jev-score,PLAIN-1398,MED-4212,316.19
jev-score,PLAIN-1398,MED-4220,289.93
jev-score,PLAIN-1398,MED-4216,270.11
jev-score,PLAIN-1398,MED-3959,268.25
jev-score,PLAIN-1398,MED-1711,256.58
jev-score,PLAIN-1398,MED-2114,316.61
jev-score,PLAIN-1398,MED-1712,299.74
jev-score,PLAIN-1398,MED-1587,275.62
jev-score,PLAIN-1398,MED-4225,315.45
jev-score,PLAIN-1398,MED-4223,252.87
jev-score,PLAIN-1398,MED-4211,312.29
jev-score,PLAIN-1398,MED-1716,293.3
jev-score,PLAIN-1409,MED-3385,283.36
jev-score,PLAIN-1409,MED-1144,274.92
jev-score,PLAIN-1409,MED-944,301.12
jev-score,PLAIN-1409,MED-5101,299.56
jev-score,PLAIN-1409,MED-1598,305.62
jev-score,PLAIN-1409,MED-2327,296.01
jev-score,PLAIN-1409,MED-2650,353.89
jev-score,PLAIN-1409,MED-1958,450.91
jev-score,PLAIN-1409,MED-1570,314.31
jev-score,PLAIN-1409,MED-4602,354.11
jev-score,PLAIN-1409,MED-1675,295.17
jev-score,PLAIN-1409,MED-4799,315.33
jev-score,PLAIN-1409,MED-1572,318.41
jev-score,PLAIN-1409,MED-4976,310.14
jev-score,PLAIN-1409,MED-1697,247.42
jev-score,PLAIN-1409,MED-1272,278.64
jev-score,PLAIN-1409,MED-4870,288.43
jev-score,PLAIN-1409,MED-1689,332.64
jev-score,PLAIN-1409,MED-4807,274.2
jev-score,PLAIN-1409,MED-4205,282.85
jev-score,PLAIN-1419,MED-4198,281.49
jev-score,PLAIN-1419,MED-2344,314.78
jev-score,PLAIN-1419,MED-2327,286.17
jev-score,PLAIN-1419,MED-734,245.26
jev-score,PLAIN-1419,MED-1150,444.59
jev-score,PLAIN-1419,MED-3710,315.64
jev-score,PLAIN-1419,MED-5156,330.53
jev-score,PLAIN-1419,MED-3279,295.54
jev-score,PLAIN-1419,MED-10,293.21
jev-score,PLAIN-1419,MED-5094,358.99
jev-score,PLAIN-1419,MED-14,269.34
jev-score,PLAIN-1419,MED-2089,329.95
jev-score,PLAIN-1419,MED-118,303.52
jev-score,PLAIN-1419,MED-4915,273.93
jev-score,PLAIN-1419,MED-301,313.43
jev-score,PLAIN-1419,MED-3923,255.66
jev-score,PLAIN-1419,MED-2333,302.62
jev-score,PLAIN-1419,MED-306,276.0
jev-score,PLAIN-1419,MED-329,256.33
jev-score,PLAIN-1419,MED-3522,269.11
jev-score,PLAIN-1429,MED-5125,274.97
jev-score,PLAIN-1429,MED-1210,314.01
jev-score,PLAIN-1429,MED-1559,259.73
jev-score,PLAIN-1429,MED-2428,270.69
jev-score,PLAIN-1429,MED-4651,276.39
jev-score,PLAIN-1429,MED-3696,305.06
jev-score,PLAIN-1429,MED-5090,277.06
jev-score,PLAIN-1429,MED-5352,297.81
jev-score,PLAIN-1429,MED-2304,291.31
jev-score,PLAIN-1429,MED-4160,288.18
jev-score,PLAIN-1429,MED-2977,288.61
jev-score,PLAIN-1429,MED-4892,257.49
jev-score,PLAIN-1429,MED-4925,289.31
jev-score,PLAIN-1429,MED-4786,270.82
jev-score,PLAIN-1429,MED-1677,275.91
jev-score,PLAIN-1429,MED-3793,226.14
jev-score,PLAIN-1429,MED-5112,282.13
jev-score,PLAIN-1429,MED-4514,264.23
jev-score,PLAIN-1429,MED-5182,305.88
jev-score,PLAIN-1429,MED-4783,265.75
jev-score,PLAIN-1441,MED-2770,281.19
jev-score,PLAIN-1441,MED-1332,328.93
jev-score,PLAIN-1441,MED-2216,348.61
jev-score,PLAIN-1441,MED-2773,252.49
jev-score,PLAIN-1441,MED-2299,258.09
jev-score,PLAIN-1441,MED-2218,262.31
jev-score,PLAIN-1441,MED-4963,300.19
jev-score,PLAIN-1441,MED-4817,279.46
jev-score,PLAIN-1441,MED-1532,313.39
jev-score,PLAIN-1441,MED-3629,248.6
jev-score,PLAIN-1441,MED-5117,296.68
jev-score,PLAIN-1441,MED-2657,276.27
jev-score,PLAIN-1441,MED-2511,303.77
jev-score,PLAIN-1441,MED-5094,276.08
jev-score,PLAIN-1441,MED-2660,299.08
jev-score,PLAIN-1441,MED-1376,269.67
jev-score,PLAIN-1441,MED-3000,251.8
jev-score,PLAIN-1441,MED-3632,300.3
jev-score,PLAIN-1441,MED-1425,280.67
jev-score,PLAIN-1441,MED-3033,368.56
jev-score,PLAIN-1453,MED-1534,261.98
jev-score,PLAIN-1453,MED-3376,317.27
jev-score,PLAIN-1453,MED-1150,292.68
jev-score,PLAIN-1453,MED-3769,355.51
jev-score,PLAIN-1453,MED-2308,239.37
jev-score,PLAIN-1453,MED-1144,286.18
jev-score,PLAIN-1453,MED-2181,266.61
jev-score,PLAIN-1453,MED-3372,329.24
jev-score,PLAIN-1453,MED-4635,310.51
jev-score,PLAIN-1453,MED-2220,293.59
jev-score,PLAIN-1453,MED-2182,302.44
jev-score,PLAIN-1453,MED-3380,277.34
jev-score,PLAIN-1453,MED-4374,322.58
jev-score,PLAIN-1453,MED-3381,273.4
jev-score,PLAIN-1453,MED-1151,299.16
jev-score,PLAIN-1453,MED-4172,304.12
jev-score,PLAIN-1453,MED-2654,268.43
jev-score,PLAIN-1453,MED-1208,281.91
jev-score,PLAIN-1453,MED-2221,292.56
jev-score,PLAIN-1453,MED-1149,309.0
jev-score,PLAIN-1463,MED-2147,351.15
jev-score,PLAIN-1463,MED-3136,271.04
jev-score,PLAIN-1463,MED-2140,277.69
jev-score,PLAIN-1463,MED-3132,309.51
jev-score,PLAIN-1463,MED-3138,268.15
jev-score,PLAIN-1463,MED-4991,283.44
jev-score,PLAIN-1463,MED-1880,250.65
jev-score,PLAIN-1463,MED-2144,290.42
jev-score,PLAIN-1463,MED-3584,279.3
jev-score,PLAIN-1463,MED-2010,323.29
jev-score,PLAIN-1463,MED-3237,301.43
jev-score,PLAIN-1463,MED-5079,288.88
jev-score,PLAIN-1463,MED-4502,312.35
jev-score,PLAIN-1463,MED-1133,286.42
jev-score,PLAIN-1463,MED-5017,304.02
jev-score,PLAIN-1463,MED-3141,267.79
jev-score,PLAIN-1463,MED-2570,312.36
jev-score,PLAIN-1463,MED-1137,416.4
jev-score,PLAIN-1463,MED-2141,283.53
jev-score,PLAIN-1463,MED-884,270.9
jev-score,PLAIN-1473,MED-713,274.05
jev-score,PLAIN-1473,MED-744,258.43
jev-score,PLAIN-1473,MED-709,244.28
jev-score,PLAIN-1473,MED-4455,270.67
jev-score,PLAIN-1473,MED-712,285.77
jev-score,PLAIN-1473,MED-828,291.18
jev-score,PLAIN-1473,MED-719,319.74
jev-score,PLAIN-1473,MED-724,291.3
jev-score,PLAIN-1473,MED-3947,331.02
jev-score,PLAIN-1473,MED-10,1414.31
jev-score,PLAIN-1473,MED-4660,274.34
jev-score,PLAIN-1473,MED-14,298.31
jev-score,PLAIN-1473,MED-3441,303.26
jev-score,PLAIN-1473,MED-118,236.21
jev-score,PLAIN-1473,MED-5024,325.09
jev-score,PLAIN-1473,MED-301,350.11
jev-score,PLAIN-1473,MED-3447,297.51
jev-score,PLAIN-1473,MED-306,281.48
jev-score,PLAIN-1473,MED-4385,266.11
jev-score,PLAIN-1473,MED-329,296.63
jev-score,PLAIN-1485,MED-722,363.0
jev-score,PLAIN-1485,MED-719,315.42
jev-score,PLAIN-1485,MED-724,305.91
jev-score,PLAIN-1485,MED-720,243.61
jev-score,PLAIN-1485,MED-2099,400.53
jev-score,PLAIN-1485,MED-718,334.3
jev-score,PLAIN-1485,MED-1041,297.89
jev-score,PLAIN-1485,MED-10,258.68
jev-score,PLAIN-1485,MED-5256,363.79
jev-score,PLAIN-1485,MED-14,286.39
jev-score,PLAIN-1485,MED-5350,290.24
jev-score,PLAIN-1485,MED-118,280.86
jev-score,PLAIN-1485,MED-301,322.12
jev-score,PLAIN-1485,MED-4262,480.41
jev-score,PLAIN-1485,MED-306,293.57
jev-score,PLAIN-1485,MED-329,304.28
jev-score,PLAIN-1485,MED-330,268.22
jev-score,PLAIN-1485,MED-3730,328.08
jev-score,PLAIN-1485,MED-332,269.71
jev-score,PLAIN-1485,MED-3499,274.68
jev-score,PLAIN-1496,MED-746,252.45
jev-score,PLAIN-1496,MED-828,267.99
jev-score,PLAIN-1496,MED-759,306.48
jev-score,PLAIN-1496,MED-10,277.96
jev-score,PLAIN-1496,MED-3374,323.72
jev-score,PLAIN-1496,MED-14,262.45
jev-score,PLAIN-1496,MED-3370,327.68
jev-score,PLAIN-1496,MED-842,312.09
jev-score,PLAIN-1496,MED-118,338.93
jev-score,PLAIN-1496,MED-4714,343.54
jev-score,PLAIN-1496,MED-1268,295.71
jev-score,PLAIN-1496,MED-301,268.78
jev-score,PLAIN-1496,MED-2991,262.47
jev-score,PLAIN-1496,MED-306,265.81
jev-score,PLAIN-1496,MED-1315,333.69
jev-score,PLAIN-1496,MED-329,261.01
jev-score,PLAIN-1496,MED-330,291.5
jev-score,PLAIN-1496,MED-4187,270.3
jev-score,PLAIN-1496,MED-332,317.21
jev-score,PLAIN-1496,MED-3353,340.24
jev-score,PLAIN-1506,MED-5239,377.39
jev-score,PLAIN-1506,MED-2126,288.51
jev-score,PLAIN-1506,MED-2121,317.37
jev-score,PLAIN-1506,MED-702,371.74
jev-score,PLAIN-1506,MED-2117,262.69
jev-score,PLAIN-1506,MED-719,266.06
jev-score,PLAIN-1506,MED-724,308.02
jev-score,PLAIN-1506,MED-713,266.19
jev-score,PLAIN-1506,MED-4306,259.16
jev-score,PLAIN-1506,MED-5202,390.83
jev-score,PLAIN-1506,MED-1953,353.48
jev-score,PLAIN-1506,MED-2509,347.59
jev-score,PLAIN-1506,MED-4916,258.75
jev-score,PLAIN-1506,MED-3953,316.38
jev-score,PLAIN-1506,MED-5025,276.26
jev-score,PLAIN-1506,MED-10,257.37
jev-score,PLAIN-1506,MED-3487,258.7
jev-score,PLAIN-1506,MED-14,279.93
jev-score,PLAIN-1506,MED-3492,269.08
jev-score,PLAIN-1506,MED-118,294.86
jev-score,PLAIN-1516,MED-930,291.27
jev-score,PLAIN-1516,MED-4181,438.32
jev-score,PLAIN-1516,MED-828,317.05
jev-score,PLAIN-1516,MED-761,268.35
jev-score,PLAIN-1516,MED-5086,306.46
jev-score,PLAIN-1516,MED-1149,280.67
jev-score,PLAIN-1516,MED-10,297.28
jev-score,PLAIN-1516,MED-2644,242.33
jev-score,PLAIN-1516,MED-14,278.36
jev-score,PLAIN-1516,MED-4159,297.79
jev-score,PLAIN-1516,MED-118,1012.63
jev-score,PLAIN-1516,MED-2215,245.66
jev-score,PLAIN-1516,MED-2087,297.26
jev-score,PLAIN-1516,MED-301,288.09
jev-score,PLAIN-1516,MED-306,270.49
jev-score,PLAIN-1516,MED-5323,290.27
jev-score,PLAIN-1516,MED-2116,314.55
jev-score,PLAIN-1516,MED-329,329.91
jev-score,PLAIN-1516,MED-2093,278.98
jev-score,PLAIN-1516,MED-330,284.8
jev-score,PLAIN-1527,MED-1304,278.63
jev-score,PLAIN-1527,MED-4101,276.28
jev-score,PLAIN-1527,MED-1307,431.83
jev-score,PLAIN-1527,MED-1302,301.32
jev-score,PLAIN-1527,MED-5158,272.41
jev-score,PLAIN-1527,MED-2154,251.63
jev-score,PLAIN-1527,MED-4873,288.05
jev-score,PLAIN-1527,MED-4817,274.57
jev-score,PLAIN-1527,MED-2160,322.22
jev-score,PLAIN-1527,MED-5163,278.45
jev-score,PLAIN-1527,MED-1301,270.21
jev-score,PLAIN-1527,MED-1675,289.76
jev-score,PLAIN-1527,MED-3491,307.44
jev-score,PLAIN-1527,MED-5157,293.02
jev-score,PLAIN-1527,MED-2045,305.64
jev-score,PLAIN-1527,MED-1868,289.05
jev-score,PLAIN-1527,MED-2158,270.41
jev-score,PLAIN-1527,MED-1309,301.23
jev-score,PLAIN-1527,MED-5233,306.82
jev-score,PLAIN-1527,MED-912,261.29
jev-score,PLAIN-1537,MED-4880,296.75
jev-score,PLAIN-1537,MED-1257,288.0
jev-score,PLAIN-1537,MED-2588,335.27
jev-score,PLAIN-1537,MED-4515,269.62
jev-score,PLAIN-1537,MED-4514,268.02
jev-score,PLAIN-1537,MED-1669,259.97
jev-score,PLAIN-1537,MED-4831,275.86
jev-score,PLAIN-1537,MED-4985,305.47
jev-score,PLAIN-1537,MED-5113,250.75
jev-score,PLAIN-1537,MED-2529,323.87
jev-score,PLAIN-1537,MED-1258,361.6
jev-score,PLAIN-1537,MED-4984,277.57
jev-score,PLAIN-1537,MED-1323,285.28
jev-score,PLAIN-1537,MED-4389,323.06
jev-score,PLAIN-1537,MED-5267,318.35
jev-score,PLAIN-1537,MED-2943,320.58
jev-score,PLAIN-1537,MED-3197,307.2
jev-score,PLAIN-1537,MED-2145,293.36
jev-score,PLAIN-1537,MED-4353,243.36
jev-score,PLAIN-1537,MED-1616,264.55
jev-score,PLAIN-1547,MED-2360,272.86
jev-score,PLAIN-1547,MED-2361,248.4
jev-score,PLAIN-1547,MED-1121,305.23
jev-score,PLAIN-1547,MED-2997,299.59
jev-score,PLAIN-1547,MED-5196,278.08
jev-score,PLAIN-1547,MED-4150,287.63
jev-score,PLAIN-1547,MED-3966,297.07
jev-score,PLAIN-1547,MED-2024,244.24
jev-score,PLAIN-1547,MED-3936,282.67
jev-score,PLAIN-1547,MED-911,275.08
jev-score,PLAIN-1547,MED-4849,321.29
jev-score,PLAIN-1547,MED-2035,298.11
jev-score,PLAIN-1547,MED-4921,280.55
jev-score,PLAIN-1547,MED-733,297.81
jev-score,PLAIN-1547,MED-983,274.25
jev-score,PLAIN-1547,MED-2356,368.4
jev-score,PLAIN-1547,MED-975,297.49
jev-score,PLAIN-1547,MED-2365,290.44
jev-score,PLAIN-1547,MED-5030,262.07
jev-score,PLAIN-1547,MED-1116,251.2
jev-score,PLAIN-1557,MED-1406,296.84
jev-score,PLAIN-1557,MED-4315,263.19
jev-score,PLAIN-1557,MED-3918,309.34
jev-score,PLAIN-1557,MED-2248,272.75
jev-score,PLAIN-1557,MED-2380,285.71
jev-score,PLAIN-1557,MED-2917,281.48
jev-score,PLAIN-1557,MED-329,268.36
jev-score,PLAIN-1557,MED-1110,303.16
jev-score,PLAIN-1557,MED-1447,371.33
jev-score,PLAIN-1557,MED-1844,287.45
jev-score,PLAIN-1557,MED-5005,1438.88
jev-score,PLAIN-1557,MED-1843,313.61
jev-score,PLAIN-1557,MED-4313,293.08
jev-score,PLAIN-1557,MED-1528,310.43
jev-score,PLAIN-1557,MED-5138,278.94
jev-score,PLAIN-1557,MED-2261,243.76
jev-score,PLAIN-1557,MED-1113,352.56
jev-score,PLAIN-1557,MED-4298,261.71
jev-score,PLAIN-1557,MED-1836,274.21
jev-score,PLAIN-1557,MED-2455,281.68
jev-score,PLAIN-1568,MED-4150,971.75
jev-score,PLAIN-1568,MED-5056,1457.69
jev-score,PLAIN-1568,MED-1710,288.43
jev-score,PLAIN-1568,MED-5057,297.49
jev-score,PLAIN-1568,MED-1674,276.83
jev-score,PLAIN-1568,MED-3734,284.81
jev-score,PLAIN-1568,MED-2490,322.72
jev-score,PLAIN-1568,MED-2054,275.76
jev-score,PLAIN-1568,MED-717,331.01
jev-score,PLAIN-1568,MED-1672,328.18
jev-score,PLAIN-1568,MED-830,365.66
jev-score,PLAIN-1568,MED-4782,326.66
jev-score,PLAIN-1568,MED-1794,291.35
jev-score,PLAIN-1568,MED-2029,245.66
jev-score,PLAIN-1568,MED-2677,267.13
jev-score,PLAIN-1568,MED-5054,272.46
jev-score,PLAIN-1568,MED-5059,267.54
jev-score,PLAIN-1568,MED-5192,277.36
jev-score,PLAIN-1568,MED-10,309.2
jev-score,PLAIN-1568,MED-4868,260.42
jev-score,PLAIN-1579,MED-4667,293.68
jev-score,PLAIN-1579,MED-4801,300.05
jev-score,PLAIN-1579,MED-666,309.85
jev-score,PLAIN-1579,MED-731,313.28
jev-score,PLAIN-1579,MED-3795,260.62
jev-score,PLAIN-1579,MED-10,252.16
jev-score,PLAIN-1579,MED-14,313.84
jev-score,PLAIN-1579,MED-901,351.72
jev-score,PLAIN-1579,MED-118,378.41
jev-score,PLAIN-1579,MED-900,260.12
jev-score,PLAIN-1579,MED-301,336.04
jev-score,PLAIN-1579,MED-3801,289.07
jev-score,PLAIN-1579,MED-306,303.0
jev-score,PLAIN-1579,MED-3800,305.84
jev-score,PLAIN-1579,MED-329,263.59
jev-score,PLAIN-1579,MED-2360,297.45
jev-score,PLAIN-1579,MED-330,281.47
jev-score,PLAIN-1579,MED-332,266.82
jev-score,PLAIN-1579,MED-4565,346.15
jev-score,PLAIN-1579,MED-334,338.87
jev-score,PLAIN-1590,MED-748,298.76
jev-score,PLAIN-1590,MED-3604,293.4
jev-score,PLAIN-1590,MED-1344,330.0
jev-score,PLAIN-1590,MED-3757,279.83
jev-score,PLAIN-1590,MED-1350,407.81
jev-score,PLAIN-1590,MED-3001,244.83
jev-score,PLAIN-1590,MED-2086,279.14
jev-score,PLAIN-1590,MED-1037,261.81
jev-score,PLAIN-1590,MED-5346,323.25
jev-score,PLAIN-1590,MED-3601,269.38
jev-score,PLAIN-1590,MED-1041,269.05
jev-score,PLAIN-1590,MED-749,280.56
jev-score,PLAIN-1590,MED-3626,266.7
jev-score,PLAIN-1590,MED-3636,295.12
jev-score,PLAIN-1590,MED-5347,328.34
jev-score,PLAIN-1590,MED-2112,285.31
jev-score,PLAIN-1590,MED-1097,313.6
jev-score,PLAIN-1590,MED-5343,306.66
jev-score,PLAIN-1590,MED-3754,257.09
jev-score,PLAIN-1590,MED-3760,302.06
jev-score,PLAIN-1601,MED-4860,285.15
jev-score,PLAIN-1601,MED-5002,283.66
jev-score,PLAIN-1601,MED-2669,284.68
jev-score,PLAIN-1601,MED-2668,300.14
jev-score,PLAIN-1601,MED-1506,275.03
jev-score,PLAIN-1601,MED-4996,261.6
jev-score,PLAIN-1601,MED-3537,308.55
jev-score,PLAIN-1601,MED-3774,322.73
jev-score,PLAIN-1601,MED-1700,260.94
jev-score,PLAIN-1601,MED-4581,282.79
jev-score,PLAIN-1601,MED-2670,527.88
jev-score,PLAIN-1601,MED-3772,282.83
jev-score,PLAIN-1601,MED-3776,302.7
jev-score,PLAIN-1601,MED-4900,274.53
jev-score,PLAIN-1601,MED-306,329.0
jev-score,PLAIN-1601,MED-1502,294.43
jev-score,PLAIN-1601,MED-2257,231.19
jev-score,PLAIN-1601,MED-1630,264.11
jev-score,PLAIN-1601,MED-5093,300.28
jev-score,PLAIN-1601,MED-2367,317.75
jev-score,PLAIN-1611,MED-301,255.94
jev-score,PLAIN-1611,MED-10,286.14
jev-score,PLAIN-1611,MED-4115,330.93
jev-score,PLAIN-1611,MED-14,304.39
jev-score,PLAIN-1611,MED-5163,331.7
jev-score,PLAIN-1611,MED-1026,333.37
jev-score,PLAIN-1611,MED-118,1197.59
jev-score,PLAIN-1611,MED-1023,363.68
jev-score,PLAIN-1611,MED-1042,294.07
jev-score,PLAIN-1611,MED-306,329.61
jev-score,PLAIN-1611,MED-1754,337.49
jev-score,PLAIN-1611,MED-329,265.65
jev-score,PLAIN-1611,MED-1787,345.45
jev-score,PLAIN-1611,MED-330,296.23
jev-score,PLAIN-1611,MED-3251,259.9
jev-score,PLAIN-1611,MED-332,277.43
jev-score,PLAIN-1611,MED-2110,295.79
jev-score,PLAIN-1611,MED-334,242.83
jev-score,PLAIN-1611,MED-2700,281.47
jev-score,PLAIN-1611,MED-335,283.79
jev-score,PLAIN-1621,MED-723,270.37
jev-score,PLAIN-1621,MED-844,264.64
jev-score,PLAIN-1621,MED-731,321.61
jev-score,PLAIN-1621,MED-818,282.97
jev-score,PLAIN-1621,MED-10,312.16
jev-score,PLAIN-1621,MED-2177,325.74
jev-score,PLAIN-1621,MED-14,252.11
jev-score,PLAIN-1621,MED-118,303.59
jev-score,PLAIN-1621,MED-3294,271.54
jev-score,PLAIN-1621,MED-761,314.11
jev-score,PLAIN-1621,MED-301,273.12
jev-score,PLAIN-1621,MED-1296,361.25
jev-score,PLAIN-1621,MED-306,281.5
jev-score,PLAIN-1621,MED-329,331.54
jev-score,PLAIN-1621,MED-3974,286.84
jev-score,PLAIN-1621,MED-330,307.25
jev-score,PLAIN-1621,MED-4564,251.47
jev-score,PLAIN-1621,MED-1023,310.52
jev-score,PLAIN-1621,MED-332,776.51
jev-score,PLAIN-1621,MED-2345,325.8
jev-score,PLAIN-1635,MED-2774,289.98
jev-score,PLAIN-1635,MED-4751,270.46
jev-score,PLAIN-1635,MED-2123,253.65
jev-score,PLAIN-1635,MED-1229,284.8
jev-score,PLAIN-1635,MED-1223,293.62
jev-score,PLAIN-1635,MED-4899,249.13
jev-score,PLAIN-1635,MED-1768,371.79
jev-score,PLAIN-1635,MED-3087,265.67
jev-score,PLAIN-1635,MED-5189,258.93
jev-score,PLAIN-1635,MED-904,275.63
jev-score,PLAIN-1635,MED-4753,343.14
jev-score,PLAIN-1635,MED-2136,310.84
jev-score,PLAIN-1635,MED-2055,267.97
jev-score,PLAIN-1635,MED-2772,272.99
jev-score,PLAIN-1635,MED-1337,318.65
jev-score,PLAIN-1635,MED-900,267.56
jev-score,PLAIN-1635,MED-4897,323.5
jev-score,PLAIN-1635,MED-1226,265.5
jev-score,PLAIN-1635,MED-1340,253.99
jev-score,PLAIN-1635,MED-1224,287.34
jev-score,PLAIN-1645,MED-723,1062.17
jev-score,PLAIN-1645,MED-719,279.06
jev-score,PLAIN-1645,MED-724,299.66
jev-score,PLAIN-1645,MED-732,290.69
jev-score,PLAIN-1645,MED-4403,287.47
jev-score,PLAIN-1645,MED-5056,318.85
jev-score,PLAIN-1645,MED-10,332.93
jev-score,PLAIN-1645,MED-3385,320.42
jev-score,PLAIN-1645,MED-14,292.78
jev-score,PLAIN-1645,MED-118,262.75
jev-score,PLAIN-1645,MED-4963,331.15
jev-score,PLAIN-1645,MED-843,269.87
jev-score,PLAIN-1645,MED-2994,283.41
jev-score,PLAIN-1645,MED-301,261.53
jev-score,PLAIN-1645,MED-306,389.42
jev-score,PLAIN-1645,MED-4361,298.04
jev-score,PLAIN-1645,MED-329,267.66
jev-score,PLAIN-1645,MED-4201,261.18
jev-score,PLAIN-1645,MED-3144,262.26
jev-score,PLAIN-1645,MED-330,260.42
jev-score,PLAIN-1656,MED-3764,340.83
jev-score,PLAIN-1656,MED-4036,274.29
jev-score,PLAIN-1656,MED-4819,250.85
jev-score,PLAIN-1656,MED-2092,332.42
jev-score,PLAIN-1656,MED-1857,411.86
jev-score,PLAIN-1656,MED-4033,305.64
jev-score,PLAIN-1656,MED-3621,252.33
jev-score,PLAIN-1656,MED-3767,339.41
jev-score,PLAIN-1656,MED-4035,347.54
jev-score,PLAIN-1656,MED-2091,330.44
jev-score,PLAIN-1656,MED-852,379.98
jev-score,PLAIN-1656,MED-5194,306.14
jev-score,PLAIN-1656,MED-3703,361.5
jev-score,PLAIN-1656,MED-4050,267.93
jev-score,PLAIN-1656,MED-4070,312.71
jev-score,PLAIN-1656,MED-2424,321.68
jev-score,PLAIN-1656,MED-1531,309.25
jev-score,PLAIN-1656,MED-3557,300.01
jev-score,PLAIN-1656,MED-1817,271.23
jev-score,PLAIN-1656,MED-1146,312.62
jev-score,PLAIN-1667,MED-4828,350.97
jev-score,PLAIN-1667,MED-4830,307.48
jev-score,PLAIN-1667,MED-4829,337.27
jev-score,PLAIN-1667,MED-3460,342.89
jev-score,PLAIN-1667,MED-3459,307.07
jev-score,PLAIN-1667,MED-1466,328.52
jev-score,PLAIN-1667,MED-4405,275.42
jev-score,PLAIN-1667,MED-3462,444.09
jev-score,PLAIN-1667,MED-4315,320.23
jev-score,PLAIN-1667,MED-3231,341.61
jev-score,PLAIN-1667,MED-3157,283.32
jev-score,PLAIN-1667,MED-3453,249.64
jev-score,PLAIN-1667,MED-1460,354.01
jev-score,PLAIN-1667,MED-3163,310.63
jev-score,PLAIN-1667,MED-1474,387.63
jev-score,PLAIN-1667,MED-3534,344.66
jev-score,PLAIN-1667,MED-2300,270.9
jev-score,PLAIN-1667,MED-3466,275.56
jev-score,PLAIN-1667,MED-3461,261.63
jev-score,PLAIN-1667,MED-1750,285.44
jev-score,PLAIN-1679,MED-329,269.88
jev-score,PLAIN-1679,MED-716,297.82
jev-score,PLAIN-1679,MED-10,375.44
jev-score,PLAIN-1679,MED-5133,250.46
jev-score,PLAIN-1679,MED-14,340.62
jev-score,PLAIN-1679,MED-3317,296.49
jev-score,PLAIN-1679,MED-1113,276.3
jev-score,PLAIN-1679,MED-118,249.55
jev-score,PLAIN-1679,MED-1107,299.95
jev-score,PLAIN-1679,MED-301,335.08
jev-score,PLAIN-1679,MED-306,296.54
jev-score,PLAIN-1679,MED-3787,307.93
jev-score,PLAIN-1679,MED-3193,300.05
jev-score,PLAIN-1679,MED-330,355.38
jev-score,PLAIN-1679,MED-5142,383.75
jev-score,PLAIN-1679,MED-1115,282.36
jev-score,PLAIN-1679,MED-332,302.72
jev-score,PLAIN-1679,MED-3302,303.95
jev-score,PLAIN-1679,MED-334,245.41
jev-score,PLAIN-1679,MED-335,283.92
jev-score,PLAIN-1690,MED-2220,312.57
jev-score,PLAIN-1690,MED-4599,337.94
jev-score,PLAIN-1690,MED-4674,252.81
jev-score,PLAIN-1690,MED-1037,289.73
jev-score,PLAIN-1690,MED-5345,345.7
jev-score,PLAIN-1690,MED-3692,252.39
jev-score,PLAIN-1690,MED-3577,253.76
jev-score,PLAIN-1690,MED-5331,329.46
jev-score,PLAIN-1690,MED-1753,337.58
jev-score,PLAIN-1690,MED-1230,262.17
jev-score,PLAIN-1690,MED-2726,320.17
jev-score,PLAIN-1690,MED-3001,298.07
jev-score,PLAIN-1690,MED-762,295.64
jev-score,PLAIN-1690,MED-1878,286.64
jev-score,PLAIN-1690,MED-3604,348.14
jev-score,PLAIN-1690,MED-2327,275.82
jev-score,PLAIN-1690,MED-1055,287.28
jev-score,PLAIN-1690,MED-3726,307.98
jev-score,PLAIN-1690,MED-2295,278.67
jev-score,PLAIN-1690,MED-3547,298.56
jev-score,PLAIN-1700,MED-1747,256.04
jev-score,PLAIN-1700,MED-5198,326.97
jev-score,PLAIN-1700,MED-5201,309.39
jev-score,PLAIN-1700,MED-1417,268.83
jev-score,PLAIN-1700,MED-4095,301.53
jev-score,PLAIN-1700,MED-5353,266.98
jev-score,PLAIN-1700,MED-1100,290.39
jev-score,PLAIN-1700,MED-976,270.37
jev-score,PLAIN-1700,MED-2250,270.82
jev-score,PLAIN-1700,MED-4448,311.17
jev-score,PLAIN-1700,MED-757,304.79
jev-score,PLAIN-1700,MED-3137,287.94
jev-score,PLAIN-1700,MED-1511,290.35
jev-score,PLAIN-1700,MED-5006,253.3
jev-score,PLAIN-1700,MED-2309,409.27
jev-score,PLAIN-1700,MED-2572,362.29
jev-score,PLAIN-1700,MED-5292,282.89
jev-score,PLAIN-1700,MED-4555,288.69
jev-score,PLAIN-1700,MED-4783,338.15
jev-score,PLAIN-1700,MED-5296,280.06
jev-score,PLAIN-1710,MED-3181,256.96
jev-score,PLAIN-1710,MED-3178,332.32
jev-score,PLAIN-1710,MED-3169,267.17
jev-score,PLAIN-1710,MED-3180,282.23
jev-score,PLAIN-1710,MED-3175,267.42
jev-score,PLAIN-1710,MED-3177,303.75
jev-score,PLAIN-1710,MED-3170,277.72
jev-score,PLAIN-1710,MED-3182,308.84
jev-score,PLAIN-1710,MED-3179,289.97
jev-score,PLAIN-1710,MED-3174,254.71
jev-score,PLAIN-1710,MED-3172,288.65
jev-score,PLAIN-1710,MED-4672,270.48
jev-score,PLAIN-1710,MED-3176,260.28
jev-score,PLAIN-1710,MED-731,243.03
jev-score,PLAIN-1710,MED-721,263.01
jev-score,PLAIN-1710,MED-736,276.35
jev-score,PLAIN-1710,MED-10,290.28
jev-score,PLAIN-1710,MED-3288,299.34
jev-score,PLAIN-1710,MED-14,256.92
jev-score,PLAIN-1710,MED-4356,269.27
jev-score,PLAIN-1721,MED-1602,398.47
jev-score,PLAIN-1721,MED-4823,265.31
jev-score,PLAIN-1721,MED-4821,301.48
jev-score,PLAIN-1721,MED-4983,284.36
jev-score,PLAIN-1721,MED-4485,263.91
jev-score,PLAIN-1721,MED-1627,255.37
jev-score,PLAIN-1721,MED-1230,287.53
jev-score,PLAIN-1721,MED-4787,326.21
jev-score,PLAIN-1721,MED-1606,339.53
jev-score,PLAIN-1721,MED-4479,325.73
jev-score,PLAIN-1721,MED-1498,310.59
jev-score,PLAIN-1721,MED-2771,338.88
jev-score,PLAIN-1721,MED-3577,258.06
jev-score,PLAIN-1721,MED-1887,286.8
jev-score,PLAIN-1721,MED-4474,335.52
jev-score,PLAIN-1721,MED-3230,322.18
jev-score,PLAIN-1721,MED-1377,357.67
jev-score,PLAIN-1721,MED-5345,314.87
jev-score,PLAIN-1721,MED-873,263.02
jev-score,PLAIN-1721,MED-2250,276.86
jev-score,PLAIN-1731,MED-2749,275.06
jev-score,PLAIN-1731,MED-2748,301.19
jev-score,PLAIN-1731,MED-3509,315.11
jev-score,PLAIN-1731,MED-4131,290.11
jev-score,PLAIN-1731,MED-4132,250.07
jev-score,PLAIN-1731,MED-731,334.9
jev-score,PLAIN-1731,MED-3294,298.83
jev-score,PLAIN-1731,MED-4815,263.7
jev-score,PLAIN-1731,MED-10,266.4
jev-score,PLAIN-1731,MED-4364,356.71
jev-score,PLAIN-1731,MED-14,252.99
jev-score,PLAIN-1731,MED-1798,306.96
jev-score,PLAIN-1731,MED-118,255.25
jev-score,PLAIN-1731,MED-911,309.34
jev-score,PLAIN-1731,MED-1804,308.23
jev-score,PLAIN-1731,MED-301,305.87
jev-score,PLAIN-1731,MED-1808,291.79
jev-score,PLAIN-1731,MED-306,265.6
jev-score,PLAIN-1731,MED-1803,293.23
jev-score,PLAIN-1731,MED-329,288.52
jev-score,PLAIN-1741,MED-2383,300.88
jev-score,PLAIN-1741,MED-2595,281.67
jev-score,PLAIN-1741,MED-4300,345.19
jev-score,PLAIN-1741,MED-4314,282.0
jev-score,PLAIN-1741,MED-2597,363.08
jev-score,PLAIN-1741,MED-4286,318.4
jev-score,PLAIN-1741,MED-4292,277.7
jev-score,PLAIN-1741,MED-4707,331.56
jev-score,PLAIN-1741,MED-2381,255.28
jev-score,PLAIN-1741,MED-1381,270.84
jev-score,PLAIN-1741,MED-2380,313.89
jev-score,PLAIN-1741,MED-4706,297.94
jev-score,PLAIN-1741,MED-4291,266.22
jev-score,PLAIN-1741,MED-4295,311.65
jev-score,PLAIN-1741,MED-1499,270.59
jev-score,PLAIN-1741,MED-4345,309.92
jev-score,PLAIN-1741,MED-4298,279.71
jev-score,PLAIN-1741,MED-2153,269.1
jev-score,PLAIN-1741,MED-4287,319.34
jev-score,PLAIN-1741,MED-3896,323.49
jev-score,PLAIN-1752,MED-762,289.8
jev-score,PLAIN-1752,MED-744,497.9
jev-score,PLAIN-1752,MED-828,297.69
jev-score,PLAIN-1752,MED-818,298.41
jev-score,PLAIN-1752,MED-839,260.63
jev-score,PLAIN-1752,MED-10,303.22
jev-score,PLAIN-1752,MED-3953,237.72
jev-score,PLAIN-1752,MED-14,306.57
jev-score,PLAIN-1752,MED-118,270.57
jev-score,PLAIN-1752,MED-4660,279.69
jev-score,PLAIN-1752,MED-2804,305.83
jev-score,PLAIN-1752,MED-301,288.72
jev-score,PLAIN-1752,MED-306,328.69
jev-score,PLAIN-1752,MED-4545,279.17
jev-score,PLAIN-1752,MED-329,265.11
jev-score,PLAIN-1752,MED-4544,285.93
jev-score,PLAIN-1752,MED-330,247.79
jev-score,PLAIN-1752,MED-332,299.75
jev-score,PLAIN-1752,MED-2790,258.97
jev-score,PLAIN-1752,MED-334,301.32
jev-score,PLAIN-1762,MED-3716,298.69
jev-score,PLAIN-1762,MED-3721,337.96
jev-score,PLAIN-1762,MED-4030,279.89
jev-score,PLAIN-1762,MED-3715,267.18
jev-score,PLAIN-1762,MED-3717,300.42
jev-score,PLAIN-1762,MED-759,362.09
jev-score,PLAIN-1762,MED-852,343.86
jev-score,PLAIN-1762,MED-4024,289.65
jev-score,PLAIN-1762,MED-4032,904.85
jev-score,PLAIN-1762,MED-3764,273.33
jev-score,PLAIN-1762,MED-4035,248.31
jev-score,PLAIN-1762,MED-2091,257.22
jev-score,PLAIN-1762,MED-3763,326.99
jev-score,PLAIN-1762,MED-3561,268.21
jev-score,PLAIN-1762,MED-4036,313.24
jev-score,PLAIN-1762,MED-4619,299.11
jev-score,PLAIN-1762,MED-3720,300.17
jev-score,PLAIN-1762,MED-3558,325.12
jev-score,PLAIN-1762,MED-3767,285.26
jev-score,PLAIN-1762,MED-2208,310.23
jev-score,PLAIN-1772,MED-4727,273.03
jev-score,PLAIN-1772,MED-4728,268.12
jev-score,PLAIN-1772,MED-732,314.41
jev-score,PLAIN-1772,MED-10,313.82
jev-score,PLAIN-1772,MED-5316,891.81
jev-score,PLAIN-1772,MED-14,323.51
jev-score,PLAIN-1772,MED-5071,259.67
jev-score,PLAIN-1772,MED-118,387.89
jev-score,PLAIN-1772,MED-3100,273.92
jev-score,PLAIN-1772,MED-301,304.68
jev-score,PLAIN-1772,MED-4437,347.14
jev-score,PLAIN-1772,MED-306,330.72
jev-score,PLAIN-1772,MED-4442,261.08
jev-score,PLAIN-1772,MED-1101,310.59
jev-score,PLAIN-1772,MED-329,272.44
jev-score,PLAIN-1772,MED-330,341.95
jev-score,PLAIN-1772,MED-4059,409.29
jev-score,PLAIN-1772,MED-332,349.98
jev-score,PLAIN-1772,MED-3818,293.69
jev-score,PLAIN-1772,MED-334,317.37
jev-score,PLAIN-1784,MED-5326,283.21
jev-score,PLAIN-1784,MED-2671,262.7
jev-score,PLAIN-1784,MED-4493,321.2
jev-score,PLAIN-1784,MED-5195,314.01
jev-score,PLAIN-1784,MED-4072,295.74
jev-score,PLAIN-1784,MED-5110,403.44
jev-score,PLAIN-1784,MED-4057,262.05
jev-score,PLAIN-1784,MED-4485,330.87
jev-score,PLAIN-1784,MED-1802,273.0
jev-score,PLAIN-1784,MED-4261,268.08
jev-score,PLAIN-1784,MED-5235,281.19
jev-score,PLAIN-1784,MED-1762,453.81
jev-score,PLAIN-1784,MED-4205,391.62
jev-score,PLAIN-1784,MED-3499,452.12
jev-score,PLAIN-1784,MED-4069,284.3
jev-score,PLAIN-1784,MED-4145,308.8
jev-score,PLAIN-1784,MED-4482,294.7
jev-score,PLAIN-1784,MED-2704,287.09
jev-score,PLAIN-1784,MED-2170,261.06
jev-score,PLAIN-1784,MED-4844,363.32
jev-score,PLAIN-1794,MED-5042,288.56
jev-score,PLAIN-1794,MED-5041,281.66
jev-score,PLAIN-1794,MED-828,320.24
jev-score,PLAIN-1794,MED-818,282.23
jev-score,PLAIN-1794,MED-4896,320.15
jev-score,PLAIN-1794,MED-1571,309.04
jev-score,PLAIN-1794,MED-10,523.26
jev-score,PLAIN-1794,MED-2726,334.95
jev-score,PLAIN-1794,MED-1289,285.71
jev-score,PLAIN-1794,MED-14,248.65
jev-score,PLAIN-1794,MED-118,302.95
jev-score,PLAIN-1794,MED-1282,299.24
jev-score,PLAIN-1794,MED-2659,334.63
jev-score,PLAIN-1794,MED-301,295.06
jev-score,PLAIN-1794,MED-1570,254.35
jev-score,PLAIN-1794,MED-306,465.07
jev-score,PLAIN-1794,MED-1055,304.06
jev-score,PLAIN-1794,MED-329,256.09
jev-score,PLAIN-1794,MED-330,304.28
jev-score,PLAIN-1794,MED-4966,298.02
jev-score,PLAIN-1805,MED-3935,273.15
jev-score,PLAIN-1805,MED-3931,266.49
jev-score,PLAIN-1805,MED-5196,289.36
jev-score,PLAIN-1805,MED-3925,288.2
jev-score,PLAIN-1805,MED-4939,319.73
jev-score,PLAIN-1805,MED-3938,378.33
jev-score,PLAIN-1805,MED-3933,312.36
jev-score,PLAIN-1805,MED-3940,246.66
jev-score,PLAIN-1805,MED-5335,291.06
jev-score,PLAIN-1805,MED-3927,292.1
jev-score,PLAIN-1805,MED-2173,314.67
jev-score,PLAIN-1805,MED-3930,280.29
jev-score,PLAIN-1805,MED-3932,273.04
jev-score,PLAIN-1805,MED-3928,273.8
jev-score,PLAIN-1805,MED-3936,288.52
jev-score,PLAIN-1805,MED-2979,323.85
jev-score,PLAIN-1805,MED-3929,265.86
jev-score,PLAIN-1805,MED-1278,250.44
jev-score,PLAIN-1805,MED-1499,290.99
jev-score,PLAIN-1805,MED-2165,323.68
jev-score,PLAIN-1817,MED-4284,302.62
jev-score,PLAIN-1817,MED-2382,877.88
jev-score,PLAIN-1817,MED-4706,252.76
jev-score,PLAIN-1817,MED-4287,351.96
jev-score,PLAIN-1817,MED-2792,288.48
jev-score,PLAIN-1817,MED-1534,269.75
jev-score,PLAIN-1817,MED-5016,278.72
jev-score,PLAIN-1817,MED-2381,267.49
jev-score,PLAIN-1817,MED-3387,390.58
jev-score,PLAIN-1817,MED-3198,273.03
jev-score,PLAIN-1817,MED-4709,268.89
jev-score,PLAIN-1817,MED-3385,377.51
jev-score,PLAIN-1817,MED-711,341.87
jev-score,PLAIN-1817,MED-2150,274.81
jev-score,PLAIN-1817,MED-4314,309.28
jev-score,PLAIN-1817,MED-2383,380.81
jev-score,PLAIN-1817,MED-719,256.47
jev-score,PLAIN-1817,MED-3869,279.75
jev-score,PLAIN-1817,MED-2595,352.37
jev-score,PLAIN-1817,MED-973,330.3
jev-score,PLAIN-1827,MED-762,342.17
jev-score,PLAIN-1827,MED-727,271.74
jev-score,PLAIN-1827,MED-10,327.14
jev-score,PLAIN-1827,MED-1376,284.92
jev-score,PLAIN-1827,MED-14,262.16
jev-score,PLAIN-1827,MED-2004,320.93
jev-score,PLAIN-1827,MED-118,325.38
jev-score,PLAIN-1827,MED-1747,326.49
jev-score,PLAIN-1827,MED-301,312.89
jev-score,PLAIN-1827,MED-3945,250.17
jev-score,PLAIN-1827,MED-2243,253.16
jev-score,PLAIN-1827,MED-306,333.45
jev-score,PLAIN-1827,MED-2743,333.01
jev-score,PLAIN-1827,MED-329,285.27
jev-score,PLAIN-1827,MED-330,294.34
jev-score,PLAIN-1827,MED-4300,275.53
jev-score,PLAIN-1827,MED-1313,316.24
jev-score,PLAIN-1827,MED-332,267.11
jev-score,PLAIN-1827,MED-334,299.79
jev-score,PLAIN-1827,MED-4883,288.75
jev-score,PLAIN-1837,MED-1725,317.4
jev-score,PLAIN-1837,MED-1726,302.13
jev-score,PLAIN-1837,MED-4178,277.13
jev-score,PLAIN-1837,MED-1161,258.06
jev-score,PLAIN-1837,MED-1167,270.34
jev-score,PLAIN-1837,MED-4179,410.8
jev-score,PLAIN-1837,MED-1158,363.22
jev-score,PLAIN-1837,MED-1174,305.38
jev-score,PLAIN-1837,MED-1157,251.35
jev-score,PLAIN-1837,MED-4187,254.78
jev-score,PLAIN-1837,MED-3936,285.79
jev-score,PLAIN-1837,MED-1172,292.37
jev-score,PLAIN-1837,MED-1176,300.37
jev-score,PLAIN-1837,MED-2748,289.25
jev-score,PLAIN-1837,MED-1166,243.94
jev-score,PLAIN-1837,MED-4535,453.25
jev-score,PLAIN-1837,MED-1139,269.08
jev-score,PLAIN-1837,MED-4181,281.75
jev-score,PLAIN-1837,MED-1162,330.04
jev-score,PLAIN-1837,MED-4177,277.46
jev-score,PLAIN-1847,MED-4000,354.95
jev-score,PLAIN-1847,MED-3603,288.11
jev-score,PLAIN-1847,MED-818,268.93
jev-score,PLAIN-1847,MED-5014,257.66
jev-score,PLAIN-1847,MED-3983,298.71
jev-score,PLAIN-1847,MED-5216,274.05
jev-score,PLAIN-1847,MED-10,265.75
jev-score,PLAIN-1847,MED-14,323.5
jev-score,PLAIN-1847,MED-2322,271.43
jev-score,PLAIN-1847,MED-118,257.37
jev-score,PLAIN-1847,MED-4783,292.61
jev-score,PLAIN-1847,MED-301,371.61
jev-score,PLAIN-1847,MED-5015,262.72
jev-score,PLAIN-1847,MED-306,313.09
jev-score,PLAIN-1847,MED-4896,254.83
jev-score,PLAIN-1847,MED-828,305.57
jev-score,PLAIN-1847,MED-329,328.85
jev-score,PLAIN-1847,MED-330,310.51
jev-score,PLAIN-1847,MED-867,283.08
jev-score,PLAIN-1857,MED-4319,307.72
jev-score,PLAIN-1857,MED-2988,454.22
jev-score,PLAIN-1857,MED-2544,304.94
jev-score,PLAIN-1857,MED-2578,262.69
jev-score,PLAIN-1857,MED-3221,239.3
jev-score,PLAIN-1857,MED-2986,274.07
jev-score,PLAIN-1857,MED-4995,310.11
jev-score,PLAIN-1857,MED-909,262.27
jev-score,PLAIN-1857,MED-3215,299.1
jev-score,PLAIN-1857,MED-1841,268.16
jev-score,PLAIN-1857,MED-846,268.03
jev-score,PLAIN-1857,MED-1412,313.54
jev-score,PLAIN-1857,MED-3236,341.82
jev-score,PLAIN-1857,MED-1846,325.49
jev-score,PLAIN-1857,MED-3237,261.03
jev-score,PLAIN-1857,MED-2102,290.13
jev-score,PLAIN-1857,MED-3230,273.38
jev-score,PLAIN-1857,MED-843,335.29
jev-score,PLAIN-1857,MED-2098,303.11
jev-score,PLAIN-1857,MED-2983,267.96
jev-score,PLAIN-1867,MED-719,334.3
jev-score,PLAIN-1867,MED-724,287.33
jev-score,PLAIN-1867,MED-10,392.64
jev-score,PLAIN-1867,MED-3499,245.8
jev-score,PLAIN-1867,MED-14,267.46
jev-score,PLAIN-1867,MED-3245,1220.26
jev-score,PLAIN-1867,MED-118,282.59
jev-score,PLAIN-1867,MED-3535,265.75
jev-score,PLAIN-1867,MED-301,338.2
jev-score,PLAIN-1867,MED-4860,269.8
jev-score,PLAIN-1867,MED-1500,266.61
jev-score,PLAIN-1867,MED-306,1377.04
jev-score,PLAIN-1867,MED-1686,266.86
jev-score,PLAIN-1867,MED-329,352.92
jev-score,PLAIN-1867,MED-330,352.63
jev-score,PLAIN-1867,MED-3738,285.4
jev-score,PLAIN-1867,MED-1671,336.17
jev-score,PLAIN-1867,MED-332,322.29
jev-score,PLAIN-1867,MED-334,286.63
jev-score,PLAIN-1867,MED-3521,284.52
jev-score,PLAIN-1877,MED-4831,317.34
jev-score,PLAIN-1877,MED-1991,350.35
jev-score,PLAIN-1877,MED-4255,305.69
jev-score,PLAIN-1877,MED-4613,305.18
jev-score,PLAIN-1877,MED-1489,283.71
jev-score,PLAIN-1877,MED-1445,332.55
jev-score,PLAIN-1877,MED-1874,264.3
jev-score,PLAIN-1877,MED-2432,260.25
jev-score,PLAIN-1877,MED-1450,288.74
jev-score,PLAIN-1877,MED-4515,294.02
jev-score,PLAIN-1877,MED-4349,302.1
jev-score,PLAIN-1877,MED-4389,264.23
jev-score,PLAIN-1877,MED-1249,324.98
jev-score,PLAIN-1877,MED-1319,315.73
jev-score,PLAIN-1877,MED-5113,379.04
jev-score,PLAIN-1877,MED-2951,286.42
jev-score,PLAIN-1877,MED-4689,299.41
jev-score,PLAIN-1877,MED-3931,342.04
jev-score,PLAIN-1877,MED-3480,298.03
jev-score,PLAIN-1877,MED-1250,285.95
jev-score,PLAIN-1887,MED-3607,272.53
jev-score,PLAIN-1887,MED-4915,327.94
jev-score,PLAIN-1887,MED-2070,332.8
jev-score,PLAIN-1887,MED-913,340.83
jev-score,PLAIN-1887,MED-4535,258.15
jev-score,PLAIN-1887,MED-2333,315.27
jev-score,PLAIN-1887,MED-2335,274.05
jev-score,PLAIN-1887,MED-4391,275.6
jev-score,PLAIN-1887,MED-2327,301.37
jev-score,PLAIN-1887,MED-2331,330.81
jev-score,PLAIN-1887,MED-915,334.34
jev-score,PLAIN-1887,MED-2066,352.68
jev-score,PLAIN-1887,MED-903,264.87
jev-score,PLAIN-1887,MED-3849,338.93
jev-score,PLAIN-1887,MED-1741,311.71
jev-score,PLAIN-1887,MED-3606,298.08
jev-score,PLAIN-1887,MED-4544,277.25
jev-score,PLAIN-1887,MED-2176,352.02
jev-score,PLAIN-1887,MED-4712,290.77
jev-score,PLAIN-1887,MED-1738,302.83
jev-score,PLAIN-1897,MED-4186,293.41
jev-score,PLAIN-1897,MED-2644,299.94
jev-score,PLAIN-1897,MED-301,289.9
jev-score,PLAIN-1897,MED-335,385.57
jev-score,PLAIN-1897,MED-729,316.42
jev-score,PLAIN-1897,MED-4602,260.9
jev-score,PLAIN-1897,MED-1312,278.77
jev-score,PLAIN-1897,MED-2559,373.63
jev-score,PLAIN-1897,MED-891,282.33
jev-score,PLAIN-1897,MED-4426,291.62
jev-score,PLAIN-1897,MED-996,325.23
jev-score,PLAIN-1897,MED-10,320.66
jev-score,PLAIN-1897,MED-2652,398.78
jev-score,PLAIN-1897,MED-14,284.0
jev-score,PLAIN-1897,MED-4992,375.8
jev-score,PLAIN-1897,MED-118,253.07
jev-score,PLAIN-1897,MED-4881,324.25
jev-score,PLAIN-1897,MED-3938,333.3
jev-score,PLAIN-1897,MED-2391,303.99
jev-score,PLAIN-1897,MED-306,305.03
jev-score,PLAIN-1909,MED-4818,318.8
jev-score,PLAIN-1909,MED-1979,343.95
jev-score,PLAIN-1909,MED-1983,337.7
jev-score,PLAIN-1909,MED-3288,281.92
jev-score,PLAIN-1909,MED-1491,305.56
jev-score,PLAIN-1909,MED-1859,287.57
jev-score,PLAIN-1909,MED-3307,306.12
jev-score,PLAIN-1909,MED-1610,304.54
jev-score,PLAIN-1909,MED-4803,288.62
jev-score,PLAIN-1909,MED-4593,246.26
jev-score,PLAIN-1909,MED-1977,251.68
jev-score,PLAIN-1909,MED-4134,327.57
jev-score,PLAIN-1909,MED-3171,371.76
jev-score,PLAIN-1909,MED-3000,337.84
jev-score,PLAIN-1909,MED-2678,362.38
jev-score,PLAIN-1909,MED-4138,308.1
jev-score,PLAIN-1909,MED-3891,296.32
jev-score,PLAIN-1909,MED-3319,295.21
jev-score,PLAIN-1909,MED-4139,346.86
jev-score,PLAIN-1909,MED-2341,291.64
jev-score,PLAIN-1919,MED-3321,264.87
jev-score,PLAIN-1919,MED-4431,277.68
jev-score,PLAIN-1919,MED-3320,352.28
jev-score,PLAIN-1919,MED-4819,256.17
jev-score,PLAIN-1919,MED-3315,352.25
jev-score,PLAIN-1919,MED-4433,288.58
jev-score,PLAIN-1919,MED-4429,289.32
jev-score,PLAIN-1919,MED-3307,272.9
jev-score,PLAIN-1919,MED-3311,325.16
jev-score,PLAIN-1919,MED-2746,347.28
jev-score,PLAIN-1919,MED-4805,266.63
jev-score,PLAIN-1919,MED-3319,270.51
jev-score,PLAIN-1919,MED-1755,434.04
jev-score,PLAIN-1919,MED-4354,298.76
jev-score,PLAIN-1919,MED-4182,319.56
jev-score,PLAIN-1919,MED-4428,299.79
jev-score,PLAIN-1919,MED-4802,297.81
jev-score,PLAIN-1919,MED-2088,2221.24
jev-score,PLAIN-1919,MED-4980,288.47
jev-score,PLAIN-1919,MED-2741,347.94
jev-score,PLAIN-1929,MED-3452,301.68
jev-score,PLAIN-1929,MED-4872,279.82
jev-score,PLAIN-1929,MED-2905,417.88
jev-score,PLAIN-1929,MED-3032,335.14
jev-score,PLAIN-1929,MED-2497,288.42
jev-score,PLAIN-1929,MED-5099,283.58
jev-score,PLAIN-1929,MED-5097,326.85
jev-score,PLAIN-1929,MED-2421,342.67
jev-score,PLAIN-1929,MED-2495,354.5
jev-score,PLAIN-1929,MED-951,303.29
jev-score,PLAIN-1929,MED-4470,296.34
jev-score,PLAIN-1929,MED-3012,263.91
jev-score,PLAIN-1929,MED-3617,271.94
jev-score,PLAIN-1929,MED-1782,304.05
jev-score,PLAIN-1929,MED-980,302.26
jev-score,PLAIN-1929,MED-3785,342.2
jev-score,PLAIN-1929,MED-904,265.89
jev-score,PLAIN-1929,MED-4930,369.51
jev-score,PLAIN-1929,MED-4929,272.06
jev-score,PLAIN-1929,MED-1586,366.78
jev-score,PLAIN-1940,MED-3792,268.42
jev-score,PLAIN-1940,MED-3797,284.22
jev-score,PLAIN-1940,MED-4114,281.02
jev-score,PLAIN-1940,MED-720,321.32
jev-score,PLAIN-1940,MED-4544,265.77
jev-score,PLAIN-1940,MED-4946,327.88
jev-score,PLAIN-1940,MED-828,268.13
jev-score,PLAIN-1940,MED-1121,248.51
jev-score,PLAIN-1940,MED-1198,260.48
jev-score,PLAIN-1940,MED-3503,329.15
jev-score,PLAIN-1940,MED-2006,277.01
jev-score,PLAIN-1940,MED-1116,257.8
jev-score,PLAIN-1940,MED-829,376.4
jev-score,PLAIN-1940,MED-10,344.46
jev-score,PLAIN-1940,MED-1125,287.99
jev-score,PLAIN-1940,MED-1041,327.95
jev-score,PLAIN-1940,MED-14,355.86
jev-score,PLAIN-1940,MED-1127,356.8
jev-score,PLAIN-1940,MED-118,289.26
jev-score,PLAIN-1940,MED-1947,356.26
jev-score,PLAIN-1950,MED-912,289.95
jev-score,PLAIN-1950,MED-3904,279.56
jev-score,PLAIN-1950,MED-4250,290.31
jev-score,PLAIN-1950,MED-1950,318.17
jev-score,PLAIN-1950,MED-736,333.62
jev-score,PLAIN-1950,MED-1047,312.37
jev-score,PLAIN-1950,MED-1795,295.22
jev-score,PLAIN-1950,MED-4090,283.82
jev-score,PLAIN-1950,MED-10,333.28
jev-score,PLAIN-1950,MED-1031,298.85
jev-score,PLAIN-1950,MED-14,315.46
jev-score,PLAIN-1950,MED-4637,313.92
jev-score,PLAIN-1950,MED-118,305.64
jev-score,PLAIN-1950,MED-5005,237.24
jev-score,PLAIN-1950,MED-1038,289.69
jev-score,PLAIN-1950,MED-301,287.72
jev-score,PLAIN-1950,MED-306,258.1
jev-score,PLAIN-1950,MED-975,268.78
jev-score,PLAIN-1950,MED-329,336.77
jev-score,PLAIN-1950,MED-972,371.71
jev-score,PLAIN-1962,MED-4295,267.57
jev-score,PLAIN-1962,MED-759,322.66
jev-score,PLAIN-1962,MED-2206,301.03
jev-score,PLAIN-1962,MED-2438,281.81
jev-score,PLAIN-1962,MED-3348,317.03
jev-score,PLAIN-1962,MED-10,329.6
jev-score,PLAIN-1962,MED-3370,292.56
jev-score,PLAIN-1962,MED-14,433.6
jev-score,PLAIN-1962,MED-3359,333.24
jev-score,PLAIN-1962,MED-118,274.08
jev-score,PLAIN-1962,MED-3374,262.77
jev-score,PLAIN-1962,MED-301,264.98
jev-score,PLAIN-1962,MED-4915,267.12
jev-score,PLAIN-1962,MED-2202,354.88
jev-score,PLAIN-1962,MED-306,326.88
jev-score,PLAIN-1962,MED-329,401.61
jev-score,PLAIN-1962,MED-5070,302.41
jev-score,PLAIN-1962,MED-330,296.93
jev-score,PLAIN-1962,MED-868,271.65
jev-score,PLAIN-1962,MED-332,291.92
jev-score,PLAIN-1972,MED-1442,290.72
jev-score,PLAIN-1972,MED-691,284.49
jev-score,PLAIN-1972,MED-398,300.05
jev-score,PLAIN-1972,MED-708,357.47
jev-score,PLAIN-1972,MED-1568,318.71
jev-score,PLAIN-1972,MED-1572,290.04
jev-score,PLAIN-1972,MED-2143,272.96
jev-score,PLAIN-1972,MED-10,333.42
jev-score,PLAIN-1972,MED-4332,277.94
jev-score,PLAIN-1972,MED-14,263.7
jev-score,PLAIN-1972,MED-4075,299.01
jev-score,PLAIN-1972,MED-118,296.28
jev-score,PLAIN-1972,MED-2677,289.79
jev-score,PLAIN-1972,MED-301,322.06
jev-score,PLAIN-1972,MED-4360,401.66
jev-score,PLAIN-1972,MED-306,272.04
jev-score,PLAIN-1972,MED-4604,246.67
jev-score,PLAIN-1972,MED-1570,273.87
jev-score,PLAIN-1972,MED-329,283.55
jev-score,PLAIN-1972,MED-330,279.44
jev-score,PLAIN-1983,MED-2134,297.67
jev-score,PLAIN-1983,MED-2521,252.54
jev-score,PLAIN-1983,MED-2137,312.13
jev-score,PLAIN-1983,MED-2132,358.53
jev-score,PLAIN-1983,MED-2517,280.2
jev-score,PLAIN-1983,MED-5237,327.48
jev-score,PLAIN-1983,MED-2520,334.14
jev-score,PLAIN-1983,MED-2127,295.7
jev-score,PLAIN-1983,MED-2504,320.43
jev-score,PLAIN-1983,MED-2507,271.24
jev-score,PLAIN-1983,MED-2139,279.78
jev-score,PLAIN-1983,MED-2135,302.59
jev-score,PLAIN-1983,MED-5239,308.46
jev-score,PLAIN-1983,MED-2124,299.32
jev-score,PLAIN-1983,MED-1229,278.95
jev-score,PLAIN-1983,MED-2126,319.5
jev-score,PLAIN-1983,MED-2121,297.12
jev-score,PLAIN-1983,MED-2123,272.69
jev-score,PLAIN-1983,MED-2117,333.18
jev-score,PLAIN-1983,MED-2514,282.25
jev-score,PLAIN-1995,MED-898,335.98
jev-score,PLAIN-1995,MED-1645,273.83
jev-score,PLAIN-1995,MED-4776,276.96
jev-score,PLAIN-1995,MED-4365,319.68
jev-score,PLAIN-1995,MED-1647,314.14
jev-score,PLAIN-1995,MED-4902,339.04
jev-score,PLAIN-1995,MED-4713,290.71
jev-score,PLAIN-1995,MED-5047,348.92
jev-score,PLAIN-1995,MED-4331,298.35
jev-score,PLAIN-1995,MED-4330,285.26
jev-score,PLAIN-1995,MED-1844,279.01
jev-score,PLAIN-1995,MED-5257,315.62
jev-score,PLAIN-1995,MED-1867,249.3
jev-score,PLAIN-1995,MED-5052,280.03
jev-score,PLAIN-1995,MED-4779,320.18
jev-score,PLAIN-1995,MED-2094,311.41
jev-score,PLAIN-1995,MED-4332,320.51
jev-score,PLAIN-1995,MED-1635,267.21
jev-score,PLAIN-1995,MED-1637,310.43
jev-score,PLAIN-1995,MED-5156,306.85
jev-score,PLAIN-2009,MED-3951,288.53
jev-score,PLAIN-2009,MED-5173,307.35
jev-score,PLAIN-2009,MED-4961,315.99
jev-score,PLAIN-2009,MED-1733,293.8
jev-score,PLAIN-2009,MED-4439,362.72
jev-score,PLAIN-2009,MED-721,277.08
jev-score,PLAIN-2009,MED-731,352.56
jev-score,PLAIN-2009,MED-4839,256.08
jev-score,PLAIN-2009,MED-10,274.06
jev-score,PLAIN-2009,MED-4830,334.56
jev-score,PLAIN-2009,MED-14,343.3
jev-score,PLAIN-2009,MED-4595,308.37
jev-score,PLAIN-2009,MED-118,336.07
jev-score,PLAIN-2009,MED-4713,261.63
jev-score,PLAIN-2009,MED-1125,250.63
jev-score,PLAIN-2009,MED-301,342.09
jev-score,PLAIN-2009,MED-306,405.39
jev-score,PLAIN-2009,MED-329,341.9
jev-score,PLAIN-2009,MED-330,311.9
jev-score,PLAIN-2009,MED-332,289.75
jev-score,PLAIN-2019,MED-732,284.57
jev-score,PLAIN-2019,MED-4300,304.85
jev-score,PLAIN-2019,MED-4573,284.89
jev-score,PLAIN-2019,MED-10,286.83
jev-score,PLAIN-2019,MED-4654,273.36
jev-score,PLAIN-2019,MED-14,280.74
jev-score,PLAIN-2019,MED-2991,267.25
jev-score,PLAIN-2019,MED-118,276.7
jev-score,PLAIN-2019,MED-1750,303.54
jev-score,PLAIN-2019,MED-301,302.88
jev-score,PLAIN-2019,MED-4812,295.98
jev-score,PLAIN-2019,MED-1407,297.06
jev-score,PLAIN-2019,MED-306,322.98
jev-score,PLAIN-2019,MED-329,259.42
jev-score,PLAIN-2019,MED-5130,306.42
jev-score,PLAIN-2019,MED-330,326.92
jev-score,PLAIN-2019,MED-4960,320.7
jev-score,PLAIN-2019,MED-2116,322.99
jev-score,PLAIN-2019,MED-332,295.44
jev-score,PLAIN-2019,MED-334,268.68
jev-score,PLAIN-2030,MED-4051,331.29
jev-score,PLAIN-2030,MED-691,292.3
jev-score,PLAIN-2030,MED-692,394.28
jev-score,PLAIN-2030,MED-746,317.32
jev-score,PLAIN-2030,MED-743,292.75
jev-score,PLAIN-2030,MED-735,296.82
jev-score,PLAIN-2030,MED-2208,348.28
jev-score,PLAIN-2030,MED-2816,272.02
jev-score,PLAIN-2030,MED-3743,311.55
jev-score,PLAIN-2030,MED-10,316.11
jev-score,PLAIN-2030,MED-14,347.25
jev-score,PLAIN-2030,MED-3549,299.45
jev-score,PLAIN-2030,MED-118,327.08
jev-score,PLAIN-2030,MED-301,332.28
jev-score,PLAIN-2030,MED-3810,277.04
jev-score,PLAIN-2030,MED-1820,300.84
jev-score,PLAIN-2030,MED-306,267.08
jev-score,PLAIN-2030,MED-329,268.59
jev-score,PLAIN-2030,MED-3606,281.45
jev-score,PLAIN-2030,MED-2882,267.05
jev-score,PLAIN-2040,MED-4961,283.64
jev-score,PLAIN-2040,MED-4933,282.06
jev-score,PLAIN-2040,MED-5094,286.01
jev-score,PLAIN-2040,MED-3024,286.34
jev-score,PLAIN-2040,MED-4934,282.14
jev-score,PLAIN-2040,MED-4964,298.6
jev-score,PLAIN-2040,MED-4936,266.09
jev-score,PLAIN-2040,MED-4943,420.41
jev-score,PLAIN-2040,MED-3029,349.72
jev-score,PLAIN-2040,MED-2907,270.53
jev-score,PLAIN-2040,MED-4791,377.59
jev-score,PLAIN-2040,MED-4735,266.25
jev-score,PLAIN-2040,MED-2678,283.11
jev-score,PLAIN-2040,MED-3592,248.23
jev-score,PLAIN-2040,MED-2402,354.95
jev-score,PLAIN-2040,MED-2396,370.19
jev-score,PLAIN-2040,MED-4963,298.23
jev-score,PLAIN-2040,MED-4944,265.45
jev-score,PLAIN-2040,MED-5271,310.98
jev-score,PLAIN-2040,MED-2406,311.48
jev-score,PLAIN-2051,MED-1556,294.71
jev-score,PLAIN-2051,MED-1454,257.77
jev-score,PLAIN-2051,MED-4556,290.28
jev-score,PLAIN-2051,MED-4005,278.91
jev-score,PLAIN-2051,MED-1072,229.95
jev-score,PLAIN-2051,MED-1873,311.29
jev-score,PLAIN-2051,MED-5267,253.27
jev-score,PLAIN-2051,MED-3198,264.13
jev-score,PLAIN-2051,MED-1781,320.47
jev-score,PLAIN-2051,MED-1061,382.6
jev-score,PLAIN-2051,MED-3586,366.79
jev-score,PLAIN-2051,MED-5261,286.5
jev-score,PLAIN-2051,MED-1558,256.73
jev-score,PLAIN-2051,MED-1063,307.83
jev-score,PLAIN-2051,MED-1238,262.57
jev-score,PLAIN-2051,MED-1921,255.97
jev-score,PLAIN-2051,MED-1258,312.47
jev-score,PLAIN-2051,MED-5272,281.22
jev-score,PLAIN-2051,MED-5013,306.29
jev-score,PLAIN-2051,MED-1455,283.93
jev-score,PLAIN-2061,MED-3031,348.63
jev-score,PLAIN-2061,MED-3295,302.02
jev-score,PLAIN-2061,MED-4960,308.77
jev-score,PLAIN-2061,MED-2344,289.12
jev-score,PLAIN-2061,MED-2406,313.07
jev-score,PLAIN-2061,MED-4736,306.4
jev-score,PLAIN-2061,MED-4359,243.51
jev-score,PLAIN-2061,MED-3030,257.26
jev-score,PLAIN-2061,MED-5101,327.83
jev-score,PLAIN-2061,MED-3027,292.55
jev-score,PLAIN-2061,MED-4376,316.74
jev-score,PLAIN-2061,MED-4932,294.46
jev-score,PLAIN-2061,MED-4968,283.58
jev-score,PLAIN-2061,MED-4742,301.77
jev-score,PLAIN-2061,MED-5102,276.13
jev-score,PLAIN-2061,MED-2411,275.7
jev-score,PLAIN-2061,MED-2398,271.75
jev-score,PLAIN-2061,MED-4739,320.04
jev-score,PLAIN-2061,MED-4962,347.55
jev-score,PLAIN-2061,MED-4380,245.58
jev-score,PLAIN-2071,MED-1349,322.72
jev-score,PLAIN-2071,MED-4306,279.76
jev-score,PLAIN-2071,MED-1352,260.54
jev-score,PLAIN-2071,MED-4309,330.23
jev-score,PLAIN-2071,MED-3540,392.64
jev-score,PLAIN-2071,MED-3532,319.72
jev-score,PLAIN-2071,MED-3546,278.99
jev-score,PLAIN-2071,MED-1342,305.47
jev-score,PLAIN-2071,MED-5365,286.36
jev-score,PLAIN-2071,MED-3661,1274.51
jev-score,PLAIN-2071,MED-1006,275.57
jev-score,PLAIN-2071,MED-1245,286.83
jev-score,PLAIN-2071,MED-3658,279.95
jev-score,PLAIN-2071,MED-3530,303.45
jev-score,PLAIN-2071,MED-4308,269.18
jev-score,PLAIN-2071,MED-1348,281.56
jev-score,PLAIN-2071,MED-946,336.42
jev-score,PLAIN-2071,MED-3539,260.23
jev-score,PLAIN-2071,MED-1353,343.47
jev-score,PLAIN-2071,MED-3526,256.81
jev-score,PLAIN-2081,MED-4180,908.13
jev-score,PLAIN-2081,MED-2510,280.67
jev-score,PLAIN-2081,MED-2671,296.13
jev-score,PLAIN-2081,MED-2505,290.75
jev-score,PLAIN-2081,MED-2074,321.04
jev-score,PLAIN-2081,MED-1378,299.67
jev-score,PLAIN-2081,MED-4303,257.97
jev-score,PLAIN-2081,MED-2512,254.97
jev-score,PLAIN-2081,MED-2422,357.57
jev-score,PLAIN-2081,MED-5349,273.1
jev-score,PLAIN-2081,MED-2506,259.28
jev-score,PLAIN-2081,MED-3140,333.46
jev-score,PLAIN-2081,MED-2519,341.61
jev-score,PLAIN-2081,MED-3270,354.88
jev-score,PLAIN-2081,MED-2514,305.05
jev-score,PLAIN-2081,MED-1182,277.78
jev-score,PLAIN-2081,MED-2700,483.94
jev-score,PLAIN-2081,MED-4715,367.46
jev-score,PLAIN-2081,MED-2325,281.03
jev-score,PLAIN-2081,MED-859,281.06
jev-score,PLAIN-2092,MED-1434,292.59
jev-score,PLAIN-2092,MED-1437,275.74
jev-score,PLAIN-2092,MED-1436,299.36
jev-score,PLAIN-2092,MED-1432,369.84
jev-score,PLAIN-2092,MED-1440,387.87
jev-score,PLAIN-2092,MED-10,394.24
jev-score,PLAIN-2092,MED-3475,270.12
jev-score,PLAIN-2092,MED-14,315.71
jev-score,PLAIN-2092,MED-957,285.77
jev-score,PLAIN-2092,MED-118,333.73
jev-score,PLAIN-2092,MED-2066,410.23
jev-score,PLAIN-2092,MED-301,366.67
jev-score,PLAIN-2092,MED-3490,325.88
jev-score,PLAIN-2092,MED-306,369.19
jev-score,PLAIN-2092,MED-5070,313.97
jev-score,PLAIN-2092,MED-329,400.62
jev-score,PLAIN-2092,MED-4544,340.31
jev-score,PLAIN-2092,MED-3279,274.26
jev-score,PLAIN-2092,MED-330,298.22
jev-score,PLAIN-2092,MED-3100,252.81
jev-score,PLAIN-2102,MED-1545,351.29
jev-score,PLAIN-2102,MED-2237,293.63
jev-score,PLAIN-2102,MED-5159,301.48
jev-score,PLAIN-2102,MED-3318,317.81
jev-score,PLAIN-2102,MED-3544,400.81
jev-score,PLAIN-2102,MED-1603,257.73
jev-score,PLAIN-2102,MED-3046,287.35
jev-score,PLAIN-2102,MED-3033,294.37
jev-score,PLAIN-2102,MED-5033,378.45
jev-score,PLAIN-2102,MED-3394,331.58
jev-score,PLAIN-2102,MED-1598,257.76
jev-score,PLAIN-2102,MED-1051,374.14
jev-score,PLAIN-2102,MED-759,320.21
jev-score,PLAIN-2102,MED-2176,295.98
jev-score,PLAIN-2102,MED-1211,393.15
jev-score,PLAIN-2102,MED-4555,282.82
jev-score,PLAIN-2102,MED-952,263.03
jev-score,PLAIN-2102,MED-4824,316.23
jev-score,PLAIN-2102,MED-4673,328.15
jev-score,PLAIN-2102,MED-4598,307.32
jev-score,PLAIN-2113,MED-3890,357.61
jev-score,PLAIN-2113,MED-1182,276.4
jev-score,PLAIN-2113,MED-1147,319.11
jev-score,PLAIN-2113,MED-915,261.57
jev-score,PLAIN-2113,MED-1157,350.45
jev-score,PLAIN-2113,MED-1757,274.14
jev-score,PLAIN-2113,MED-1755,336.75
jev-score,PLAIN-2113,MED-2264,271.16
jev-score,PLAIN-2113,MED-3231,300.05
jev-score,PLAIN-2113,MED-4911,275.17
jev-score,PLAIN-2113,MED-3306,312.54
jev-score,PLAIN-2113,MED-1594,302.81
jev-score,PLAIN-2113,MED-2521,378.94
jev-score,PLAIN-2113,MED-4178,337.23
jev-score,PLAIN-2113,MED-3635,261.14
jev-score,PLAIN-2113,MED-1047,393.71
jev-score,PLAIN-2113,MED-4135,347.12
jev-score,PLAIN-2113,MED-1319,371.17
jev-score,PLAIN-2113,MED-2572,275.8
jev-score,PLAIN-2113,MED-3966,378.29
jev-score,PLAIN-2124,MED-1525,325.87
jev-score,PLAIN-2124,MED-1522,325.28
jev-score,PLAIN-2124,MED-666,322.37
jev-score,PLAIN-2124,MED-746,287.32
jev-score,PLAIN-2124,MED-557,382.44
jev-score,PLAIN-2124,MED-744,329.93
jev-score,PLAIN-2124,MED-732,310.41
jev-score,PLAIN-2124,MED-828,337.98
jev-score,PLAIN-2124,MED-745,368.59
jev-score,PLAIN-2124,MED-1519,300.81
jev-score,PLAIN-2124,MED-10,293.61
jev-score,PLAIN-2124,MED-743,335.95
jev-score,PLAIN-2124,MED-1009,306.52
jev-score,PLAIN-2124,MED-14,311.05
jev-score,PLAIN-2124,MED-118,370.24
jev-score,PLAIN-2124,MED-1523,284.84
jev-score,PLAIN-2124,MED-301,266.87
jev-score,PLAIN-2124,MED-4564,381.91
jev-score,PLAIN-2124,MED-306,323.69
jev-score,PLAIN-2124,MED-4856,453.74
jev-score,PLAIN-2134,MED-691,304.98
jev-score,PLAIN-2134,MED-10,306.28
jev-score,PLAIN-2134,MED-3486,391.07
jev-score,PLAIN-2134,MED-14,268.83
jev-score,PLAIN-2134,MED-2204,261.11
jev-score,PLAIN-2134,MED-118,360.82
jev-score,PLAIN-2134,MED-4456,268.93
jev-score,PLAIN-2134,MED-301,415.79
jev-score,PLAIN-2134,MED-5064,326.49
jev-score,PLAIN-2134,MED-306,293.05
jev-score,PLAIN-2134,MED-5173,297.82
jev-score,PLAIN-2134,MED-329,323.63
jev-score,PLAIN-2134,MED-5172,282.05
jev-score,PLAIN-2134,MED-2210,342.67
jev-score,PLAIN-2134,MED-330,367.1
jev-score,PLAIN-2134,MED-332,259.23
jev-score,PLAIN-2134,MED-4870,323.45
jev-score,PLAIN-2134,MED-1247,274.19
jev-score,PLAIN-2134,MED-334,352.1
jev-score,PLAIN-2134,MED-2229,276.76
jev-score,PLAIN-2145,MED-743,316.96
jev-score,PLAIN-2145,MED-3918,312.46
jev-score,PLAIN-2145,MED-2891,291.12
jev-score,PLAIN-2145,MED-1293,276.35
jev-score,PLAIN-2145,MED-2094,320.04
jev-score,PLAIN-2145,MED-3145,345.16
jev-score,PLAIN-2145,MED-1444,343.28
jev-score,PLAIN-2145,MED-5090,289.76
jev-score,PLAIN-2145,MED-2572,334.15
jev-score,PLAIN-2145,MED-1860,266.19
jev-score,PLAIN-2145,MED-3475,278.82
jev-score,PLAIN-2145,MED-1867,327.67
jev-score,PLAIN-2145,MED-4384,300.3
jev-score,PLAIN-2145,MED-2182,323.94
jev-score,PLAIN-2145,MED-3882,290.79
jev-score,PLAIN-2145,MED-1359,278.84
jev-score,PLAIN-2145,MED-4150,269.48
jev-score,PLAIN-2145,MED-2032,343.33
jev-score,PLAIN-2145,MED-3967,340.29
jev-score,PLAIN-2145,MED-4525,355.73
jev-score,PLAIN-2156,MED-4868,297.62
jev-score,PLAIN-2156,MED-5055,317.72
jev-score,PLAIN-2156,MED-4867,311.73
jev-score,PLAIN-2156,MED-719,276.29
jev-score,PLAIN-2156,MED-724,310.57
jev-score,PLAIN-2156,MED-2439,268.74
jev-score,PLAIN-2156,MED-10,304.14
jev-score,PLAIN-2156,MED-1303,348.9
jev-score,PLAIN-2156,MED-14,260.48
jev-score,PLAIN-2156,MED-3144,314.96
jev-score,PLAIN-2156,MED-118,306.92
jev-score,PLAIN-2156,MED-4295,337.33
jev-score,PLAIN-2156,MED-301,357.41
jev-score,PLAIN-2156,MED-4833,272.94
jev-score,PLAIN-2156,MED-306,297.44
jev-score,PLAIN-2156,MED-3989,313.48
jev-score,PLAIN-2156,MED-329,285.46
jev-score,PLAIN-2156,MED-5054,328.09
jev-score,PLAIN-2156,MED-330,290.8
jev-score,PLAIN-2156,MED-939,263.53
jev-score,PLAIN-2167,MED-2488,291.71
jev-score,PLAIN-2167,MED-3001,252.36
jev-score,PLAIN-2167,MED-728,340.99
jev-score,PLAIN-2167,MED-749,321.16
jev-score,PLAIN-2167,MED-745,265.0
jev-score,PLAIN-2167,MED-2726,285.34
jev-score,PLAIN-2167,MED-10,349.07
jev-score,PLAIN-2167,MED-1744,281.92
jev-score,PLAIN-2167,MED-14,267.75
jev-score,PLAIN-2167,MED-1058,309.21
jev-score,PLAIN-2167,MED-118,329.58
jev-score,PLAIN-2167,MED-1194,366.48
jev-score,PLAIN-2167,MED-301,302.22
jev-score,PLAIN-2167,MED-1230,300.16
jev-score,PLAIN-2167,MED-306,352.96
jev-score,PLAIN-2167,MED-2489,290.71
jev-score,PLAIN-2167,MED-329,246.8
jev-score,PLAIN-2167,MED-1055,250.43
jev-score,PLAIN-2167,MED-330,281.05
jev-score,PLAIN-2167,MED-1753,341.09
jev-score,PLAIN-2177,MED-1185,278.56
jev-score,PLAIN-2177,MED-3282,402.51
jev-score,PLAIN-2177,MED-1421,307.59
jev-score,PLAIN-2177,MED-4320,384.85
jev-score,PLAIN-2177,MED-1953,261.87
jev-score,PLAIN-2177,MED-4499,401.35
jev-score,PLAIN-2177,MED-723,285.54
jev-score,PLAIN-2177,MED-3228,370.59
jev-score,PLAIN-2177,MED-1418,344.97
jev-score,PLAIN-2177,MED-2067,336.64
jev-score,PLAIN-2177,MED-4206,295.96
jev-score,PLAIN-2177,MED-4687,364.78
jev-score,PLAIN-2177,MED-1420,311.69
jev-score,PLAIN-2177,MED-4733,275.91
jev-score,PLAIN-2177,MED-10,261.75
jev-score,PLAIN-2177,MED-4055,267.24
jev-score,PLAIN-2177,MED-1184,292.02
jev-score,PLAIN-2177,MED-14,288.17
jev-score,PLAIN-2177,MED-118,257.01
jev-score,PLAIN-2177,MED-2068,285.95
jev-score,PLAIN-2187,MED-1248,331.06
jev-score,PLAIN-2187,MED-1244,261.08
jev-score,PLAIN-2187,MED-720,334.48
jev-score,PLAIN-2187,MED-557,346.6
jev-score,PLAIN-2187,MED-713,342.68
jev-score,PLAIN-2187,MED-843,250.15
jev-score,PLAIN-2187,MED-721,307.36
jev-score,PLAIN-2187,MED-2203,383.42
jev-score,PLAIN-2187,MED-10,278.97
jev-score,PLAIN-2187,MED-1009,295.71
jev-score,PLAIN-2187,MED-1041,276.79
jev-score,PLAIN-2187,MED-14,287.07
jev-score,PLAIN-2187,MED-118,307.83
jev-score,PLAIN-2187,MED-4544,253.98
jev-score,PLAIN-2187,MED-301,325.1
jev-score,PLAIN-2187,MED-949,292.7
jev-score,PLAIN-2187,MED-306,307.91
jev-score,PLAIN-2187,MED-329,271.74
jev-score,PLAIN-2187,MED-4156,371.9
jev-score,PLAIN-2187,MED-330,320.84
jev-score,PLAIN-2197,MED-5054,301.81
jev-score,PLAIN-2197,MED-1625,272.13
jev-score,PLAIN-2197,MED-5056,357.01
jev-score,PLAIN-2197,MED-4868,297.78
jev-score,PLAIN-2197,MED-5053,296.86
jev-score,PLAIN-2197,MED-1627,318.97
jev-score,PLAIN-2197,MED-4120,281.52
jev-score,PLAIN-2197,MED-5057,458.05
jev-score,PLAIN-2197,MED-719,323.09
jev-score,PLAIN-2197,MED-724,300.9
jev-score,PLAIN-2197,MED-3535,297.74
jev-score,PLAIN-2197,MED-3810,404.95
jev-score,PLAIN-2197,MED-4604,371.95
jev-score,PLAIN-2197,MED-4028,300.64
jev-score,PLAIN-2197,MED-4822,344.59
jev-score,PLAIN-2197,MED-1708,301.58
jev-score,PLAIN-2197,MED-1531,406.42
jev-score,PLAIN-2197,MED-1707,351.49
jev-score,PLAIN-2197,MED-1620,316.25
jev-score,PLAIN-2197,MED-866,341.91
jev-score,PLAIN-2209,MED-733,294.05
jev-score,PLAIN-2209,MED-748,320.35
jev-score,PLAIN-2209,MED-828,279.78
jev-score,PLAIN-2209,MED-744,379.01
jev-score,PLAIN-2209,MED-10,309.92
jev-score,PLAIN-2209,MED-4236,298.86
jev-score,PLAIN-2209,MED-14,406.91
jev-score,PLAIN-2209,MED-3519,299.66
jev-score,PLAIN-2209,MED-118,281.73
jev-score,PLAIN-2209,MED-3808,255.28
jev-score,PLAIN-2209,MED-301,280.64
jev-score,PLAIN-2209,MED-3533,311.89
jev-score,PLAIN-2209,MED-826,272.53
jev-score,PLAIN-2209,MED-306,267.2
jev-score,PLAIN-2209,MED-4792,376.69
jev-score,PLAIN-2209,MED-2520,268.15
jev-score,PLAIN-2209,MED-329,292.42
jev-score,PLAIN-2209,MED-330,304.84
jev-score,PLAIN-2209,MED-5237,272.42
jev-score,PLAIN-2209,MED-2130,350.46
jev-score,PLAIN-2220,MED-4976,279.21
jev-score,PLAIN-2220,MED-4816,294.63
jev-score,PLAIN-2220,MED-10,384.89
jev-score,PLAIN-2220,MED-4959,281.98
jev-score,PLAIN-2220,MED-14,301.75
jev-score,PLAIN-2220,MED-1568,322.95
jev-score,PLAIN-2220,MED-118,327.72
jev-score,PLAIN-2220,MED-2422,331.65
jev-score,PLAIN-2220,MED-301,318.13
jev-score,PLAIN-2220,MED-5002,363.28
jev-score,PLAIN-2220,MED-306,1321.34
jev-score,PLAIN-2220,MED-4264,318.16
jev-score,PLAIN-2220,MED-329,309.88
jev-score,PLAIN-2220,MED-4972,338.47
jev-score,PLAIN-2220,MED-330,261.55
jev-score,PLAIN-2220,MED-3973,274.48
jev-score,PLAIN-2220,MED-332,297.37
jev-score,PLAIN-2220,MED-4663,349.75
jev-score,PLAIN-2220,MED-334,290.67
jev-score,PLAIN-2220,MED-958,257.58
jev-score,PLAIN-2230,MED-4872,261.27
jev-score,PLAIN-2230,MED-713,248.1
jev-score,PLAIN-2230,MED-5165,310.75
jev-score,PLAIN-2230,MED-557,269.02
jev-score,PLAIN-2230,MED-3951,287.76
jev-score,PLAIN-2230,MED-3493,328.93
jev-score,PLAIN-2230,MED-4716,260.77
jev-score,PLAIN-2230,MED-10,316.04
jev-score,PLAIN-2230,MED-3821,339.59
jev-score,PLAIN-2230,MED-14,267.82
jev-score,PLAIN-2230,MED-2992,265.28
jev-score,PLAIN-2230,MED-118,314.53
jev-score,PLAIN-2230,MED-4546,343.15
jev-score,PLAIN-2230,MED-301,292.99
jev-score,PLAIN-2230,MED-4958,273.45
jev-score,PLAIN-2230,MED-2172,427.13
jev-score,PLAIN-2230,MED-306,272.92
jev-score,PLAIN-2230,MED-329,256.25
jev-score,PLAIN-2230,MED-862,250.61
jev-score,PLAIN-2230,MED-330,279.97
jev-score,PLAIN-2240,MED-3969,256.91
jev-score,PLAIN-2240,MED-3970,269.84
jev-score,PLAIN-2240,MED-895,364.4
jev-score,PLAIN-2240,MED-3963,266.98
jev-score,PLAIN-2240,MED-723,293.91
jev-score,PLAIN-2240,MED-1844,287.4
jev-score,PLAIN-2240,MED-5059,275.89
jev-score,PLAIN-2240,MED-2643,321.34
jev-score,PLAIN-2240,MED-3960,305.64
jev-score,PLAIN-2240,MED-3964,258.9
jev-score,PLAIN-2240,MED-4025,320.68
jev-score,PLAIN-2240,MED-944,324.14
jev-score,PLAIN-2240,MED-1185,245.11
jev-score,PLAIN-2240,MED-859,351.21
jev-score,PLAIN-2240,MED-1161,280.85
jev-score,PLAIN-2240,MED-1850,366.39
jev-score,PLAIN-2240,MED-10,298.38
jev-score,PLAIN-2240,MED-3606,263.5
jev-score,PLAIN-2240,MED-14,287.31
jev-score,PLAIN-2240,MED-4315,275.59
jev-score,PLAIN-2250,MED-2346,277.94
jev-score,PLAIN-2250,MED-5024,302.78
jev-score,PLAIN-2250,MED-2210,286.89
jev-score,PLAIN-2250,MED-731,278.78
jev-score,PLAIN-2250,MED-5094,264.07
jev-score,PLAIN-2250,MED-3175,298.67
jev-score,PLAIN-2250,MED-2345,358.83
jev-score,PLAIN-2250,MED-4819,274.07
jev-score,PLAIN-2250,MED-3311,264.09
jev-score,PLAIN-2250,MED-4959,330.64
jev-score,PLAIN-2250,MED-4437,274.61
jev-score,PLAIN-2250,MED-4963,267.11
jev-score,PLAIN-2250,MED-957,308.61
jev-score,PLAIN-2250,MED-10,269.29
jev-score,PLAIN-2250,MED-4811,275.1
jev-score,PLAIN-2250,MED-14,270.88
jev-score,PLAIN-2250,MED-4360,311.15
jev-score,PLAIN-2250,MED-118,270.65
jev-score,PLAIN-2250,MED-1568,407.48
jev-score,PLAIN-2250,MED-301,276.73
jev-score,PLAIN-2261,MED-3599,355.35
jev-score,PLAIN-2261,MED-3352,280.41
jev-score,PLAIN-2261,MED-1558,272.46
jev-score,PLAIN-2261,MED-4556,293.31
jev-score,PLAIN-2261,MED-3597,336.14
jev-score,PLAIN-2261,MED-3598,281.13
jev-score,PLAIN-2261,MED-1552,261.54
jev-score,PLAIN-2261,MED-2850,364.46
jev-score,PLAIN-2261,MED-5286,306.42
jev-score,PLAIN-2261,MED-861,354.19
jev-score,PLAIN-2261,MED-1921,297.7
jev-score,PLAIN-2261,MED-1930,270.95
jev-score,PLAIN-2261,MED-5193,264.68
jev-score,PLAIN-2261,MED-1874,342.16
jev-score,PLAIN-2261,MED-2432,320.44
jev-score,PLAIN-2261,MED-4154,261.59
jev-score,PLAIN-2261,MED-5267,321.56
jev-score,PLAIN-2261,MED-4600,288.61
jev-score,PLAIN-2261,MED-1062,268.94
jev-score,PLAIN-2261,MED-5312,344.04
jev-score,PLAIN-2271,MED-727,239.0
jev-score,PLAIN-2271,MED-731,255.32
jev-score,PLAIN-2271,MED-761,393.12
jev-score,PLAIN-2271,MED-762,250.54
jev-score,PLAIN-2271,MED-749,310.52
jev-score,PLAIN-2271,MED-734,270.9
jev-score,PLAIN-2271,MED-10,280.41
jev-score,PLAIN-2271,MED-2743,258.19
jev-score,PLAIN-2271,MED-14,286.28
jev-score,PLAIN-2271,MED-2360,370.63
jev-score,PLAIN-2271,MED-118,273.32
jev-score,PLAIN-2271,MED-301,379.33
jev-score,PLAIN-2271,MED-3636,269.64
jev-score,PLAIN-2271,MED-1276,264.42
jev-score,PLAIN-2271,MED-306,331.7
jev-score,PLAIN-2271,MED-1016,240.38
jev-score,PLAIN-2271,MED-329,291.53
jev-score,PLAIN-2271,MED-330,286.75
jev-score,PLAIN-2271,MED-3623,271.99
jev-score,PLAIN-2271,MED-3288,297.78
jev-score,PLAIN-2281,MED-719,257.52
jev-score,PLAIN-2281,MED-724,259.73
jev-score,PLAIN-2281,MED-754,258.75
jev-score,PLAIN-2281,MED-10,381.99
jev-score,PLAIN-2281,MED-2274,251.47
jev-score,PLAIN-2281,MED-14,331.64
jev-score,PLAIN-2281,MED-4654,282.59
jev-score,PLAIN-2281,MED-118,294.54
jev-score,PLAIN-2281,MED-3370,257.93
jev-score,PLAIN-2281,MED-2206,300.26
jev-score,PLAIN-2281,MED-301,386.29
jev-score,PLAIN-2281,MED-306,297.46
jev-score,PLAIN-2281,MED-4972,445.39
jev-score,PLAIN-2281,MED-329,340.89
jev-score,PLAIN-2281,MED-4201,429.19
jev-score,PLAIN-2281,MED-2135,281.28
jev-score,PLAIN-2281,MED-330,291.24
jev-score,PLAIN-2281,MED-2323,363.09
jev-score,PLAIN-2281,MED-332,307.71
jev-score,PLAIN-2281,MED-334,429.44
jev-score,PLAIN-2291,MED-4554,254.65
jev-score,PLAIN-2291,MED-2285,287.78
jev-score,PLAIN-2291,MED-1600,274.62
jev-score,PLAIN-2291,MED-3085,256.02
jev-score,PLAIN-2291,MED-4493,268.44
jev-score,PLAIN-2291,MED-2185,297.09
jev-score,PLAIN-2291,MED-1650,258.44
jev-score,PLAIN-2291,MED-3738,259.23
jev-score,PLAIN-2291,MED-4523,335.1
jev-score,PLAIN-2291,MED-4144,269.5
jev-score,PLAIN-2291,MED-1693,302.72
jev-score,PLAIN-2291,MED-2572,358.11
jev-score,PLAIN-2291,MED-2726,295.92
jev-score,PLAIN-2291,MED-5063,321.45
jev-score,PLAIN-2291,MED-2991,291.69
jev-score,PLAIN-2291,MED-2206,258.02
jev-score,PLAIN-2291,MED-4878,262.4
jev-score,PLAIN-2291,MED-2020,312.77
jev-score,PLAIN-2291,MED-4149,374.89
jev-score,PLAIN-2291,MED-335,359.91
jev-score,PLAIN-2301,MED-2122,392.03
jev-score,PLAIN-2301,MED-4160,276.94
jev-score,PLAIN-2301,MED-3703,355.1
jev-score,PLAIN-2301,MED-4941,264.61
jev-score,PLAIN-2301,MED-2208,276.91
jev-score,PLAIN-2301,MED-557,272.89
jev-score,PLAIN-2301,MED-1546,277.35
jev-score,PLAIN-2301,MED-1586,361.35
jev-score,PLAIN-2301,MED-1721,243.63
jev-score,PLAIN-2301,MED-762,357.3
jev-score,PLAIN-2301,MED-1213,339.44
jev-score,PLAIN-2301,MED-3504,311.17
jev-score,PLAIN-2301,MED-1451,248.86
jev-score,PLAIN-2301,MED-3798,284.71
jev-score,PLAIN-2301,MED-716,292.59
jev-score,PLAIN-2301,MED-1542,240.68
jev-score,PLAIN-2301,MED-4157,266.15
jev-score,PLAIN-2301,MED-4598,247.13
jev-score,PLAIN-2301,MED-5186,319.86
jev-score,PLAIN-2301,MED-4486,283.83
jev-score,PLAIN-2311,MED-722,285.93
jev-score,PLAIN-2311,MED-744,305.61
jev-score,PLAIN-2311,MED-1016,305.45
jev-score,PLAIN-2311,MED-4801,276.41
jev-score,PLAIN-2311,MED-743,267.32
jev-score,PLAIN-2311,MED-1165,337.86
jev-score,PLAIN-2311,MED-4544,298.86
jev-score,PLAIN-2311,MED-1303,347.88
jev-score,PLAIN-2311,MED-1978,290.97
jev-score,PLAIN-2311,MED-10,258.26
jev-score,PLAIN-2311,MED-746,265.54
jev-score,PLAIN-2311,MED-14,371.06
jev-score,PLAIN-2311,MED-2116,270.59
jev-score,PLAIN-2311,MED-118,312.69
jev-score,PLAIN-2311,MED-941,338.6
jev-score,PLAIN-2311,MED-301,275.7
jev-score,PLAIN-2311,MED-3552,266.44
jev-score,PLAIN-2311,MED-306,296.56
jev-score,PLAIN-2311,MED-4300,289.52
jev-score,PLAIN-2311,MED-329,371.09
jev-score,PLAIN-2321,MED-2991,322.69
jev-score,PLAIN-2321,MED-4800,291.81
jev-score,PLAIN-2321,MED-2492,278.69
jev-score,PLAIN-2321,MED-1801,283.36
jev-score,PLAIN-2321,MED-3086,302.76
jev-score,PLAIN-2321,MED-1797,319.66
jev-score,PLAIN-2321,MED-2745,261.26
jev-score,PLAIN-2321,MED-4428,277.55
jev-score,PLAIN-2321,MED-1610,305.62
jev-score,PLAIN-2321,MED-2736,278.26
jev-score,PLAIN-2321,MED-4626,305.03
jev-score,PLAIN-2321,MED-4427,308.67
jev-score,PLAIN-2321,MED-3889,275.62
jev-score,PLAIN-2321,MED-3651,246.46
jev-score,PLAIN-2321,MED-4429,324.32
jev-score,PLAIN-2321,MED-1962,313.77
jev-score,PLAIN-2321,MED-5101,280.34
jev-score,PLAIN-2321,MED-1956,347.43
jev-score,PLAIN-2321,MED-4769,299.74
jev-score,PLAIN-2321,MED-3891,379.07
jev-score,PLAIN-2332,MED-4766,286.48
jev-score,PLAIN-2332,MED-1798,316.3
jev-score,PLAIN-2332,MED-3509,305.29
jev-score,PLAIN-2332,MED-5281,346.17
jev-score,PLAIN-2332,MED-4564,332.38
jev-score,PLAIN-2332,MED-4815,289.3
jev-score,PLAIN-2332,MED-3292,252.07
jev-score,PLAIN-2332,MED-3309,328.91
jev-score,PLAIN-2332,MED-4118,326.5
jev-score,PLAIN-2332,MED-1803,368.95
jev-score,PLAIN-2332,MED-1808,394.27
jev-score,PLAIN-2332,MED-4962,321.97
jev-score,PLAIN-2332,MED-3974,293.28
jev-score,PLAIN-2332,MED-3559,279.46
jev-score,PLAIN-2332,MED-3683,320.23
jev-score,PLAIN-2332,MED-3558,301.52
jev-score,PLAIN-2332,MED-4136,293.06
jev-score,PLAIN-2332,MED-3760,301.3
jev-score,PLAIN-2332,MED-1484,264.1
jev-score,PLAIN-2332,MED-3655,277.77
jev-score,PLAIN-2343,MED-4872,275.37
jev-score,PLAIN-2343,MED-5131,331.57
jev-score,PLAIN-2343,MED-4724,360.12
jev-score,PLAIN-2343,MED-3986,311.6
jev-score,PLAIN-2343,MED-922,313.53
jev-score,PLAIN-2343,MED-714,323.38
jev-score,PLAIN-2343,MED-3988,327.3
jev-score,PLAIN-2343,MED-716,289.19
jev-score,PLAIN-2343,MED-859,305.0
jev-score,PLAIN-2343,MED-3157,288.98
jev-score,PLAIN-2343,MED-4573,314.75
jev-score,PLAIN-2343,MED-5209,295.49
jev-score,PLAIN-2343,MED-4566,353.2
jev-score,PLAIN-2343,MED-3985,288.49
jev-score,PLAIN-2343,MED-3990,285.06
jev-score,PLAIN-2343,MED-5129,283.47
jev-score,PLAIN-2343,MED-921,252.53
jev-score,PLAIN-2343,MED-5216,352.82
jev-score,PLAIN-2343,MED-4866,274.02
jev-score,PLAIN-2343,MED-962,278.39
jev-score,PLAIN-2354,MED-4303,293.34
jev-score,PLAIN-2354,MED-2152,340.65
jev-score,PLAIN-2354,MED-4302,385.13
jev-score,PLAIN-2354,MED-5153,272.72
jev-score,PLAIN-2354,MED-4705,284.42
jev-score,PLAIN-2354,MED-4708,283.18
jev-score,PLAIN-2354,MED-2379,300.65
jev-score,PLAIN-2354,MED-2378,358.97
jev-score,PLAIN-2354,MED-4249,296.04
jev-score,PLAIN-2354,MED-4709,336.01
jev-score,PLAIN-2354,MED-1499,352.69
jev-score,PLAIN-2354,MED-1386,345.05
jev-score,PLAIN-2354,MED-2711,305.38
jev-score,PLAIN-2354,MED-1785,243.31
jev-score,PLAIN-2354,MED-3662,282.01
jev-score,PLAIN-2354,MED-1443,349.93
jev-score,PLAIN-2354,MED-1390,286.15
jev-score,PLAIN-2354,MED-2597,347.6
jev-score,PLAIN-2354,MED-5016,333.42
jev-score,PLAIN-2354,MED-4443,280.52
jev-score,PLAIN-2364,MED-5004,287.66
jev-score,PLAIN-2364,MED-4261,260.75
jev-score,PLAIN-2364,MED-2721,266.67
jev-score,PLAIN-2364,MED-4707,260.49
jev-score,PLAIN-2364,MED-1807,259.59
jev-score,PLAIN-2364,MED-4152,344.14
jev-score,PLAIN-2364,MED-4764,275.33
jev-score,PLAIN-2364,MED-4291,274.21
jev-score,PLAIN-2364,MED-1365,309.34
jev-score,PLAIN-2364,MED-939,278.67
jev-score,PLAIN-2364,MED-2717,271.66
jev-score,PLAIN-2364,MED-2718,332.4
jev-score,PLAIN-2364,MED-1305,328.69
jev-score,PLAIN-2364,MED-3751,284.56
jev-score,PLAIN-2364,MED-5323,385.76
jev-score,PLAIN-2364,MED-1873,348.67
jev-score,PLAIN-2364,MED-4286,305.48
jev-score,PLAIN-2364,MED-3050,341.23
jev-score,PLAIN-2364,MED-3492,264.25
jev-score,PLAIN-2364,MED-1445,323.56
jev-score,PLAIN-2375,MED-743,293.29
jev-score,PLAIN-2375,MED-10,291.94
jev-score,PLAIN-2375,MED-862,314.18
jev-score,PLAIN-2375,MED-14,282.31
jev-score,PLAIN-2375,MED-2572,281.26
jev-score,PLAIN-2375,MED-118,275.9
jev-score,PLAIN-2375,MED-5130,279.22
jev-score,PLAIN-2375,MED-301,283.99
jev-score,PLAIN-2375,MED-3153,322.47
jev-score,PLAIN-2375,MED-2999,270.38
jev-score,PLAIN-2375,MED-306,262.05
jev-score,PLAIN-2375,MED-1047,349.27
jev-score,PLAIN-2375,MED-329,253.69
jev-score,PLAIN-2375,MED-330,346.92
jev-score,PLAIN-2375,MED-976,292.29
jev-score,PLAIN-2375,MED-2093,327.61
jev-score,PLAIN-2375,MED-332,360.98
jev-score,PLAIN-2375,MED-334,381.06
jev-score,PLAIN-2375,MED-3601,304.07
jev-score,PLAIN-2375,MED-2094,342.59
jev-score,PLAIN-2386,MED-2346,311.22
jev-score,PLAIN-2386,MED-2510,286.1
jev-score,PLAIN-2386,MED-731,269.99
jev-score,PLAIN-2386,MED-5094,326.82
jev-score,PLAIN-2386,MED-1724,325.44
jev-score,PLAIN-2386,MED-4963,274.37
jev-score,PLAIN-2386,MED-10,298.32
jev-score,PLAIN-2386,MED-3175,390.31
jev-score,PLAIN-2386,MED-14,309.16
jev-score,PLAIN-2386,MED-4198,323.17
jev-score,PLAIN-2386,MED-118,1196.7
jev-score,PLAIN-2386,MED-4742,245.66
jev-score,PLAIN-2386,MED-301,278.9
jev-score,PLAIN-2386,MED-4812,305.96
jev-score,PLAIN-2386,MED-2345,301.48
jev-score,PLAIN-2386,MED-306,291.83
jev-score,PLAIN-2386,MED-329,274.95
jev-score,PLAIN-2386,MED-330,272.08
jev-score,PLAIN-2386,MED-332,260.28
jev-score,PLAIN-2386,MED-4959,293.59
jev-score,PLAIN-2396,MED-761,382.4
jev-score,PLAIN-2396,MED-762,305.19
jev-score,PLAIN-2396,MED-749,338.07
jev-score,PLAIN-2396,MED-727,274.39
jev-score,PLAIN-2396,MED-10,298.83
jev-score,PLAIN-2396,MED-743,252.66
jev-score,PLAIN-2396,MED-14,385.56
jev-score,PLAIN-2396,MED-1544,353.08
jev-score,PLAIN-2396,MED-118,279.13
jev-score,PLAIN-2396,MED-1351,330.02
jev-score,PLAIN-2396,MED-301,306.81
jev-score,PLAIN-2396,MED-3604,398.33
jev-score,PLAIN-2396,MED-306,320.25
jev-score,PLAIN-2396,MED-5343,314.69
jev-score,PLAIN-2396,MED-329,323.34
jev-score,PLAIN-2396,MED-4674,371.75
jev-score,PLAIN-2396,MED-846,327.27
jev-score,PLAIN-2396,MED-330,290.36
jev-score,PLAIN-2396,MED-4599,339.57
jev-score,PLAIN-2396,MED-3001,339.0
jev-score,PLAIN-2408,MED-691,349.92
jev-score,PLAIN-2408,MED-702,303.65
jev-score,PLAIN-2408,MED-743,311.58
jev-score,PLAIN-2408,MED-10,313.64
jev-score,PLAIN-2408,MED-3540,287.92
jev-score,PLAIN-2408,MED-1353,424.07
jev-score,PLAIN-2408,MED-14,267.05
jev-score,PLAIN-2408,MED-118,394.99
jev-score,PLAIN-2408,MED-1577,245.61
jev-score,PLAIN-2408,MED-1345,278.21
jev-score,PLAIN-2408,MED-301,284.33
jev-score,PLAIN-2408,MED-1344,286.9
jev-score,PLAIN-2408,MED-306,417.98
jev-score,PLAIN-2408,MED-329,333.98
jev-score,PLAIN-2408,MED-1010,307.42
jev-score,PLAIN-2408,MED-330,286.22
jev-score,PLAIN-2408,MED-332,318.5
jev-score,PLAIN-2408,MED-4987,277.91
jev-score,PLAIN-2408,MED-1347,266.12
jev-score,PLAIN-2408,MED-334,323.67
jev-score,PLAIN-2430,MED-994,337.6
jev-score,PLAIN-2430,MED-980,286.12
jev-score,PLAIN-2430,MED-986,322.42
jev-score,PLAIN-2430,MED-1505,305.19
jev-score,PLAIN-2430,MED-3452,318.21
jev-score,PLAIN-2430,MED-2664,333.35
jev-score,PLAIN-2430,MED-4872,339.5
jev-score,PLAIN-2430,MED-990,295.69
jev-score,PLAIN-2430,MED-5128,317.03
jev-score,PLAIN-2430,MED-988,388.69
jev-score,PLAIN-2430,MED-3785,325.95
jev-score,PLAIN-2430,MED-5135,281.48
jev-score,PLAIN-2430,MED-951,281.39
jev-score,PLAIN-2430,MED-3173,254.9
jev-score,PLAIN-2430,MED-2888,294.7
jev-score,PLAIN-2430,MED-2946,300.68
jev-score,PLAIN-2430,MED-5131,285.31
jev-score,PLAIN-2430,MED-5071,287.45
jev-score,PLAIN-2430,MED-4926,254.53
jev-score,PLAIN-2430,MED-3617,302.6
jev-score,PLAIN-2440,MED-1792,286.19
jev-score,PLAIN-2440,MED-5019,263.02
jev-score,PLAIN-2440,MED-5082,390.4
jev-score,PLAIN-2440,MED-3908,280.64
jev-score,PLAIN-2440,MED-4590,289.33
jev-score,PLAIN-2440,MED-4089,301.32
jev-score,PLAIN-2440,MED-4580,343.52
jev-score,PLAIN-2440,MED-4267,271.84
jev-score,PLAIN-2440,MED-4862,279.98
jev-score,PLAIN-2440,MED-2448,337.63
jev-score,PLAIN-2440,MED-4414,344.75
jev-score,PLAIN-2440,MED-2997,323.5
jev-score,PLAIN-2440,MED-4136,299.19
jev-score,PLAIN-2440,MED-2491,312.69
jev-score,PLAIN-2440,MED-1053,256.77
jev-score,PLAIN-2440,MED-2476,292.42
jev-score,PLAIN-2440,MED-5041,304.02
jev-score,PLAIN-2440,MED-2305,298.86
jev-score,PLAIN-2440,MED-2999,284.53
jev-score,PLAIN-2440,MED-2450,328.02
jev-score,PLAIN-2450,MED-1179,293.72
jev-score,PLAIN-2450,MED-1178,243.32
jev-score,PLAIN-2450,MED-1140,290.15
jev-score,PLAIN-2450,MED-1144,250.96
jev-score,PLAIN-2450,MED-1151,326.34
jev-score,PLAIN-2450,MED-1181,318.8
jev-score,PLAIN-2450,MED-1173,297.38
jev-score,PLAIN-2450,MED-1162,247.69
jev-score,PLAIN-2450,MED-1149,290.27
jev-score,PLAIN-2450,MED-1150,335.85
jev-score,PLAIN-2450,MED-1182,320.01
jev-score,PLAIN-2450,MED-1148,332.21
jev-score,PLAIN-2450,MED-1143,292.35
jev-score,PLAIN-2450,MED-1169,350.28
jev-score,PLAIN-2450,MED-2407,338.93
jev-score,PLAIN-2450,MED-1164,400.86
jev-score,PLAIN-2450,MED-1174,273.42
jev-score,PLAIN-2450,MED-2738,260.62
jev-score,PLAIN-2450,MED-1743,295.15
jev-score,PLAIN-2450,MED-2494,274.77
jev-score,PLAIN-2460,MED-1062,247.21
jev-score,PLAIN-2460,MED-1063,270.15
jev-score,PLAIN-2460,MED-5228,284.77
jev-score,PLAIN-2460,MED-1236,289.97
jev-score,PLAIN-2460,MED-1468,278.79
jev-score,PLAIN-2460,MED-1681,356.72
jev-score,PLAIN-2460,MED-4333,299.87
jev-score,PLAIN-2460,MED-1672,333.53
jev-score,PLAIN-2460,MED-5286,266.89
jev-score,PLAIN-2460,MED-1237,255.15
jev-score,PLAIN-2460,MED-2396,293.13
jev-score,PLAIN-2460,MED-4985,316.84
jev-score,PLAIN-2460,MED-1999,301.24
jev-score,PLAIN-2460,MED-4984,314.77
jev-score,PLAIN-2460,MED-5261,257.01
jev-score,PLAIN-2460,MED-4101,272.31
jev-score,PLAIN-2460,MED-1323,275.44
jev-score,PLAIN-2460,MED-4292,319.63
jev-score,PLAIN-2460,MED-2002,252.1
jev-score,PLAIN-2460,MED-1541,326.01
jev-score,PLAIN-2470,MED-1337,264.96
jev-score,PLAIN-2470,MED-2917,303.46
jev-score,PLAIN-2470,MED-4682,285.96
jev-score,PLAIN-2470,MED-1768,450.45
jev-score,PLAIN-2470,MED-2772,239.78
jev-score,PLAIN-2470,MED-4751,314.74
jev-score,PLAIN-2470,MED-5189,282.68
jev-score,PLAIN-2470,MED-1338,275.47
jev-score,PLAIN-2470,MED-2771,343.15
jev-score,PLAIN-2470,MED-4897,343.25
jev-score,PLAIN-2470,MED-1340,282.15
jev-score,PLAIN-2470,MED-1229,288.91
jev-score,PLAIN-2470,MED-2123,257.96
jev-score,PLAIN-2470,MED-1223,279.1
jev-score,PLAIN-2470,MED-904,316.68
jev-score,PLAIN-2470,MED-4899,271.76
jev-score,PLAIN-2470,MED-2136,296.7
jev-score,PLAIN-2470,MED-4902,257.18
jev-score,PLAIN-2470,MED-1224,275.56
jev-score,PLAIN-2470,MED-2653,253.68
jev-score,PLAIN-2480,MED-3964,279.9
jev-score,PLAIN-2480,MED-1187,526.78
jev-score,PLAIN-2480,MED-2811,273.8
jev-score,PLAIN-2480,MED-2782,276.5
jev-score,PLAIN-2480,MED-1582,258.41
jev-score,PLAIN-2480,MED-1576,303.57
jev-score,PLAIN-2480,MED-4628,292.54
jev-score,PLAIN-2480,MED-1184,315.53
jev-score,PLAIN-2480,MED-3496,340.28
jev-score,PLAIN-2480,MED-3970,311.45
jev-score,PLAIN-2480,MED-1039,288.29
jev-score,PLAIN-2480,MED-1421,353.19
jev-score,PLAIN-2480,MED-5204,289.24
jev-score,PLAIN-2480,MED-2021,272.78
jev-score,PLAIN-2480,MED-3501,311.55
jev-score,PLAIN-2480,MED-736,317.79
jev-score,PLAIN-2480,MED-3106,336.4
jev-score,PLAIN-2480,MED-1118,302.84
jev-score,PLAIN-2480,MED-3961,315.93
jev-score,PLAIN-2480,MED-4084,286.38
jev-score,PLAIN-2490,MED-3055,391.17
jev-score,PLAIN-2490,MED-3249,414.98
jev-score,PLAIN-2490,MED-2717,353.45
jev-score,PLAIN-2490,MED-3931,310.27
jev-score,PLAIN-2490,MED-2529,289.87
jev-score,PLAIN-2490,MED-2527,303.47
jev-score,PLAIN-2490,MED-1617,250.59
jev-score,PLAIN-2490,MED-1490,295.98
jev-score,PLAIN-2490,MED-2112,285.2
jev-score,PLAIN-2490,MED-1374,290.39
jev-score,PLAIN-2490,MED-1488,294.22
jev-score,PLAIN-2490,MED-1354,270.45
jev-score,PLAIN-2490,MED-1709,287.78
jev-score,PLAIN-2490,MED-2586,341.57
jev-score,PLAIN-2490,MED-3089,341.21
jev-score,PLAIN-2490,MED-1486,357.48
jev-score,PLAIN-2490,MED-2594,277.92
jev-score,PLAIN-2490,MED-5287,334.16
jev-score,PLAIN-2490,MED-1192,1692.0
jev-score,PLAIN-2490,MED-4301,311.49
jev-score,PLAIN-2500,MED-1556,312.38
jev-score,PLAIN-2500,MED-1366,299.6
jev-score,PLAIN-2500,MED-1558,301.11
jev-score,PLAIN-2500,MED-1454,292.45
jev-score,PLAIN-2500,MED-1063,308.75
jev-score,PLAIN-2500,MED-4556,954.14
jev-score,PLAIN-2500,MED-5267,289.01
jev-score,PLAIN-2500,MED-1873,388.19
jev-score,PLAIN-2500,MED-3198,365.67
jev-score,PLAIN-2500,MED-1557,333.76
jev-score,PLAIN-2500,MED-1072,333.78
jev-score,PLAIN-2500,MED-4005,314.05
jev-score,PLAIN-2500,MED-1238,274.97
jev-score,PLAIN-2500,MED-1801,289.37
jev-score,PLAIN-2500,MED-3791,286.13
jev-score,PLAIN-2500,MED-5013,316.64
jev-score,PLAIN-2500,MED-4709,311.7
jev-score,PLAIN-2500,MED-5272,276.99
jev-score,PLAIN-2500,MED-2765,380.49
jev-score,PLAIN-2500,MED-1554,342.14
jev-score,PLAIN-2510,MED-1640,340.84
jev-score,PLAIN-2510,MED-878,241.45
jev-score,PLAIN-2510,MED-1648,333.62
jev-score,PLAIN-2510,MED-1642,269.96
jev-score,PLAIN-2510,MED-1649,274.1
jev-score,PLAIN-2510,MED-1639,266.36
jev-score,PLAIN-2510,MED-1638,280.09
jev-score,PLAIN-2510,MED-1645,267.3
jev-score,PLAIN-2510,MED-2155,284.69
jev-score,PLAIN-2510,MED-5244,358.37
jev-score,PLAIN-2510,MED-5249,291.03
jev-score,PLAIN-2510,MED-1647,372.98
jev-score,PLAIN-2510,MED-1641,285.02
jev-score,PLAIN-2510,MED-5013,290.09
jev-score,PLAIN-2510,MED-1636,303.47
jev-score,PLAIN-2510,MED-5259,266.33
jev-score,PLAIN-2510,MED-1621,327.9
jev-score,PLAIN-2510,MED-1643,343.34
jev-score,PLAIN-2510,MED-5256,307.11
jev-score,PLAIN-2510,MED-5279,304.89
jev-score,PLAIN-2520,MED-3273,285.56
jev-score,PLAIN-2520,MED-2519,338.58
jev-score,PLAIN-2520,MED-1991,375.98
jev-score,PLAIN-2520,MED-4831,402.31
jev-score,PLAIN-2520,MED-3201,349.93
jev-score,PLAIN-2520,MED-4389,286.39
jev-score,PLAIN-2520,MED-2506,313.58
jev-score,PLAIN-2520,MED-5113,320.31
jev-score,PLAIN-2520,MED-2325,332.46
jev-score,PLAIN-2520,MED-2513,276.49
jev-score,PLAIN-2520,MED-4515,338.52
jev-score,PLAIN-2520,MED-2138,340.19
jev-score,PLAIN-2520,MED-4984,255.22
jev-score,PLAIN-2520,MED-4996,320.31
jev-score,PLAIN-2520,MED-1445,357.73
jev-score,PLAIN-2520,MED-1319,271.1
jev-score,PLAIN-2520,MED-825,288.58
jev-score,PLAIN-2520,MED-1450,311.77
jev-score,PLAIN-2520,MED-4255,286.79
jev-score,PLAIN-2520,MED-2510,303.24
jev-score,PLAIN-2530,MED-1804,334.62
jev-score,PLAIN-2530,MED-1798,269.26
jev-score,PLAIN-2530,MED-1808,288.78
jev-score,PLAIN-2530,MED-1803,291.08
jev-score,PLAIN-2530,MED-1800,303.85
jev-score,PLAIN-2530,MED-1796,327.74
jev-score,PLAIN-2530,MED-1799,291.77
jev-score,PLAIN-2530,MED-4766,303.97
jev-score,PLAIN-2530,MED-4768,282.72
jev-score,PLAIN-2530,MED-4769,282.13
jev-score,PLAIN-2530,MED-4767,381.55
jev-score,PLAIN-2530,MED-1810,346.74
jev-score,PLAIN-2530,MED-1806,439.32
jev-score,PLAIN-2530,MED-1997,285.5
jev-score,PLAIN-2530,MED-1328,293.99
jev-score,PLAIN-2530,MED-2716,257.72
jev-score,PLAIN-2530,MED-1994,308.72
jev-score,PLAIN-2530,MED-1718,313.31
jev-score,PLAIN-2530,MED-1446,294.61
jev-score,PLAIN-2530,MED-3956,306.15
jev-score,PLAIN-2540,MED-1884,288.74
jev-score,PLAIN-2540,MED-2525,490.52
jev-score,PLAIN-2540,MED-1886,283.72
jev-score,PLAIN-2540,MED-3198,298.96
jev-score,PLAIN-2540,MED-1890,320.41
jev-score,PLAIN-2540,MED-1885,308.58
jev-score,PLAIN-2540,MED-1966,261.13
jev-score,PLAIN-2540,MED-4560,278.09
jev-score,PLAIN-2540,MED-4831,350.81
jev-score,PLAIN-2540,MED-1882,259.4
jev-score,PLAIN-2540,MED-2020,277.55
jev-score,PLAIN-2540,MED-1968,270.97
jev-score,PLAIN-2540,MED-1552,313.57
jev-score,PLAIN-2540,MED-927,328.9
jev-score,PLAIN-2540,MED-5329,263.59
jev-score,PLAIN-2540,MED-1205,251.16
jev-score,PLAIN-2540,MED-2372,319.21
jev-score,PLAIN-2540,MED-4510,313.84
jev-score,PLAIN-2540,MED-4827,317.62
jev-score,PLAIN-2540,MED-5294,257.17
jev-score,PLAIN-2550,MED-5331,343.42
jev-score,PLAIN-2550,MED-4613,290.3
jev-score,PLAIN-2550,MED-1679,444.36
jev-score,PLAIN-2550,MED-4255,322.9
jev-score,PLAIN-2550,MED-1548,291.31
jev-score,PLAIN-2550,MED-1398,427.53
jev-score,PLAIN-2550,MED-2525,310.65
jev-score,PLAIN-2550,MED-4891,267.88
jev-score,PLAIN-2550,MED-728,296.08
jev-score,PLAIN-2550,MED-1429,303.99
jev-score,PLAIN-2550,MED-2590,338.27
jev-score,PLAIN-2550,MED-1394,298.29
jev-score,PLAIN-2550,MED-2303,248.09
jev-score,PLAIN-2550,MED-4243,328.53
jev-score,PLAIN-2550,MED-1486,259.82
jev-score,PLAIN-2550,MED-2755,360.25
jev-score,PLAIN-2550,MED-1366,321.54
jev-score,PLAIN-2550,MED-1192,253.09
jev-score,PLAIN-2550,MED-1409,306.87
jev-score,PLAIN-2550,MED-2763,286.45
jev-score,PLAIN-2560,MED-2057,278.26
jev-score,PLAIN-2560,MED-2055,297.42
jev-score,PLAIN-2560,MED-2053,267.6
jev-score,PLAIN-2560,MED-2060,351.84
jev-score,PLAIN-2560,MED-2061,297.03
jev-score,PLAIN-2560,MED-2059,289.83
jev-score,PLAIN-2560,MED-1223,300.44
jev-score,PLAIN-2560,MED-2058,313.99
jev-score,PLAIN-2560,MED-900,352.68
jev-score,PLAIN-2560,MED-2062,287.0
jev-score,PLAIN-2560,MED-2054,274.92
jev-score,PLAIN-2560,MED-5005,277.9
jev-score,PLAIN-2560,MED-4753,335.8
jev-score,PLAIN-2560,MED-2063,262.73
jev-score,PLAIN-2560,MED-901,311.25
jev-score,PLAIN-2560,MED-899,308.88
jev-score,PLAIN-2560,MED-1226,394.28
jev-score,PLAIN-2560,MED-4682,278.5
jev-score,PLAIN-2560,MED-5194,274.01
jev-score,PLAIN-2560,MED-2056,295.73
jev-score,PLAIN-2570,MED-2148,272.0
jev-score,PLAIN-2570,MED-2145,298.57
jev-score,PLAIN-2570,MED-3583,397.62
jev-score,PLAIN-2570,MED-3733,342.13
jev-score,PLAIN-2570,MED-5054,256.04
jev-score,PLAIN-2570,MED-3897,288.03
jev-score,PLAIN-2570,MED-3907,298.09
jev-score,PLAIN-2570,MED-2144,421.57
jev-score,PLAIN-2570,MED-3869,290.03
jev-score,PLAIN-2570,MED-867,314.19
jev-score,PLAIN-2570,MED-1248,259.39
jev-score,PLAIN-2570,MED-1403,279.76
jev-score,PLAIN-2570,MED-1999,278.67
jev-score,PLAIN-2570,MED-2005,348.85
jev-score,PLAIN-2570,MED-2009,328.24
jev-score,PLAIN-2570,MED-1998,323.71
jev-score,PLAIN-2570,MED-4320,347.8
jev-score,PLAIN-2570,MED-1615,263.05
jev-score,PLAIN-2570,MED-2146,357.28
jev-score,PLAIN-2570,MED-2742,941.88
jev-score,PLAIN-2580,MED-2220,393.01
jev-score,PLAIN-2580,MED-2725,290.08
jev-score,PLAIN-2580,MED-3487,301.0
jev-score,PLAIN-2580,MED-4599,345.06
jev-score,PLAIN-2580,MED-4674,293.16
jev-score,PLAIN-2580,MED-2112,302.08
jev-score,PLAIN-2580,MED-1351,295.07
jev-score,PLAIN-2580,MED-749,256.86
jev-score,PLAIN-2580,MED-728,414.72
jev-score,PLAIN-2580,MED-1489,275.74
jev-score,PLAIN-2580,MED-3896,324.77
jev-score,PLAIN-2580,MED-1058,333.68
jev-score,PLAIN-2580,MED-2201,304.82
jev-score,PLAIN-2580,MED-714,366.46
jev-score,PLAIN-2580,MED-823,289.88
jev-score,PLAIN-2580,MED-5123,279.95
jev-score,PLAIN-2580,MED-2295,334.57
jev-score,PLAIN-2580,MED-1553,333.68
jev-score,PLAIN-2580,MED-3769,297.05
jev-score,PLAIN-2580,MED-1055,336.62
jev-score,PLAIN-2590,MED-4163,332.77
jev-score,PLAIN-2590,MED-2294,376.89
jev-score,PLAIN-2590,MED-934,295.11
jev-score,PLAIN-2590,MED-1540,280.0
jev-score,PLAIN-2590,MED-5340,290.43
jev-score,PLAIN-2590,MED-2939,283.68
jev-score,PLAIN-2590,MED-3148,259.16
jev-score,PLAIN-2590,MED-4313,289.53
jev-score,PLAIN-2590,MED-1723,271.94
jev-score,PLAIN-2590,MED-5325,292.21
jev-score,PLAIN-2590,MED-1430,270.5
jev-score,PLAIN-2590,MED-1613,285.18
jev-score,PLAIN-2590,MED-5226,254.12
jev-score,PLAIN-2590,MED-1135,254.31
jev-score,PLAIN-2590,MED-3236,271.66
jev-score,PLAIN-2590,MED-1551,511.54
jev-score,PLAIN-2590,MED-5204,300.38
jev-score,PLAIN-2590,MED-4988,293.86
jev-score,PLAIN-2590,MED-4990,283.49
jev-score,PLAIN-2590,MED-4757,350.12
jev-score,PLAIN-2600,MED-2371,318.78
jev-score,PLAIN-2600,MED-4324,311.42
jev-score,PLAIN-2600,MED-963,279.07
jev-score,PLAIN-2600,MED-1889,293.17
jev-score,PLAIN-2600,MED-2372,290.77
jev-score,PLAIN-2600,MED-2939,319.7
jev-score,PLAIN-2600,MED-2697,327.54
jev-score,PLAIN-2600,MED-5330,302.91
jev-score,PLAIN-2600,MED-4520,271.98
jev-score,PLAIN-2600,MED-1890,315.14
jev-score,PLAIN-2600,MED-5266,306.63
jev-score,PLAIN-2600,MED-2975,372.46
jev-score,PLAIN-2600,MED-2946,342.24
jev-score,PLAIN-2600,MED-1516,280.88
jev-score,PLAIN-2600,MED-2976,362.42
jev-score,PLAIN-2600,MED-2849,310.86
jev-score,PLAIN-2600,MED-2884,302.35
jev-score,PLAIN-2600,MED-5013,304.27
jev-score,PLAIN-2600,MED-2967,306.5
jev-score,PLAIN-2600,MED-1683,400.09
jev-score,PLAIN-2610,MED-5072,391.92
jev-score,PLAIN-2610,MED-2655,310.56
jev-score,PLAIN-2610,MED-2452,373.39
jev-score,PLAIN-2610,MED-2460,289.64
jev-score,PLAIN-2610,MED-2472,305.83
jev-score,PLAIN-2610,MED-2458,522.79
jev-score,PLAIN-2610,MED-2464,294.32
jev-score,PLAIN-2610,MED-2471,342.51
jev-score,PLAIN-2610,MED-2951,318.92
jev-score,PLAIN-2610,MED-4689,305.34
jev-score,PLAIN-2610,MED-2482,266.99
jev-score,PLAIN-2610,MED-2484,303.86
jev-score,PLAIN-2610,MED-5083,301.49
jev-score,PLAIN-2610,MED-2455,279.64
jev-score,PLAIN-2610,MED-3708,302.98
jev-score,PLAIN-2610,MED-1833,278.47
jev-score,PLAIN-2610,MED-2461,245.38
jev-score,PLAIN-2610,MED-2646,350.49
jev-score,PLAIN-2610,MED-895,304.73
jev-score,PLAIN-2610,MED-2450,310.9
jev-score,PLAIN-2620,MED-2435,279.34
jev-score,PLAIN-2620,MED-3551,268.37
jev-score,PLAIN-2620,MED-3747,318.67
jev-score,PLAIN-2620,MED-865,355.37
jev-score,PLAIN-2620,MED-4650,287.54
jev-score,PLAIN-2620,MED-2988,288.93
jev-score,PLAIN-2620,MED-4543,313.17
jev-score,PLAIN-2620,MED-868,287.75
jev-score,PLAIN-2620,MED-1180,275.36
jev-score,PLAIN-2620,MED-3832,281.9
jev-score,PLAIN-2620,MED-3550,275.82
jev-score,PLAIN-2620,MED-4460,306.37
jev-score,PLAIN-2620,MED-4089,277.0
jev-score,PLAIN-2620,MED-4196,259.42
jev-score,PLAIN-2620,MED-2824,317.03
jev-score,PLAIN-2620,MED-4461,245.63
jev-score,PLAIN-2620,MED-4907,305.84
jev-score,PLAIN-2620,MED-3548,246.71
jev-score,PLAIN-2620,MED-4328,300.18
jev-score,PLAIN-2620,MED-3271,244.66
jev-score,PLAIN-2630,MED-2643,400.25
jev-score,PLAIN-2630,MED-2650,264.8
jev-score,PLAIN-2630,MED-5323,392.59
jev-score,PLAIN-2630,MED-1099,316.69
jev-score,PLAIN-2630,MED-3703,323.83
jev-score,PLAIN-2630,MED-2644,357.49
jev-score,PLAIN-2630,MED-2658,286.58
jev-score,PLAIN-2630,MED-2087,258.25
jev-score,PLAIN-2630,MED-2652,289.82
jev-score,PLAIN-2630,MED-2627,312.65
jev-score,PLAIN-2630,MED-2654,315.25
jev-score,PLAIN-2630,MED-5167,345.61
jev-score,PLAIN-2630,MED-2445,296.99
jev-score,PLAIN-2630,MED-1100,340.23
jev-score,PLAIN-2630,MED-2340,293.64
jev-score,PLAIN-2630,MED-2341,316.22
jev-score,PLAIN-2630,MED-4728,278.63
jev-score,PLAIN-2630,MED-2661,308.54
jev-score,PLAIN-2630,MED-1763,378.5
jev-score,PLAIN-2630,MED-3955,283.27
jev-score,PLAIN-2640,MED-2745,333.35
jev-score,PLAIN-2640,MED-2743,270.92
jev-score,PLAIN-2640,MED-4354,278.67
jev-score,PLAIN-2640,MED-3882,316.0
jev-score,PLAIN-2640,MED-3880,302.45
jev-score,PLAIN-2640,MED-4429,259.72
jev-score,PLAIN-2640,MED-3892,291.35
jev-score,PLAIN-2640,MED-2671,357.64
jev-score,PLAIN-2640,MED-2741,352.71
jev-score,PLAIN-2640,MED-4800,346.76
jev-score,PLAIN-2640,MED-3651,279.46
jev-score,PLAIN-2640,MED-2742,369.11
jev-score,PLAIN-2640,MED-3891,337.03
jev-score,PLAIN-2640,MED-2339,292.99
jev-score,PLAIN-2640,MED-3889,259.37
jev-score,PLAIN-2640,MED-3888,327.15
jev-score,PLAIN-2640,MED-3653,332.91
jev-score,PLAIN-2640,MED-2991,297.21
jev-score,PLAIN-2640,MED-2740,270.4
jev-score,PLAIN-2640,MED-2492,327.46
jev-score,PLAIN-2650,MED-2800,268.14
jev-score,PLAIN-2650,MED-2825,330.87
jev-score,PLAIN-2650,MED-2819,307.85
jev-score,PLAIN-2650,MED-2788,299.46
jev-score,PLAIN-2650,MED-2817,330.32
jev-score,PLAIN-2650,MED-2831,244.78
jev-score,PLAIN-2650,MED-2801,264.71
jev-score,PLAIN-2650,MED-2783,345.26
jev-score,PLAIN-2650,MED-2794,303.2
jev-score,PLAIN-2650,MED-2243,328.86
jev-score,PLAIN-2650,MED-2810,248.56
jev-score,PLAIN-2650,MED-2813,339.25
jev-score,PLAIN-2650,MED-2811,264.51
jev-score,PLAIN-2650,MED-2807,280.67
jev-score,PLAIN-2650,MED-2815,306.21
jev-score,PLAIN-2650,MED-2809,277.22
jev-score,PLAIN-2650,MED-2822,314.96
jev-score,PLAIN-2650,MED-2803,280.41
jev-score,PLAIN-2650,MED-2786,282.15
jev-score,PLAIN-2650,MED-2791,324.13
jev-score,PLAIN-2660,MED-5097,281.65
jev-score,PLAIN-2660,MED-3012,333.3
jev-score,PLAIN-2660,MED-4376,266.85
jev-score,PLAIN-2660,MED-5099,418.28
jev-score,PLAIN-2660,MED-2907,249.15
jev-score,PLAIN-2660,MED-3029,288.05
jev-score,PLAIN-2660,MED-4739,278.26
jev-score,PLAIN-2660,MED-4490,294.96
jev-score,PLAIN-2660,MED-5098,285.93
jev-score,PLAIN-2660,MED-3032,293.64
jev-score,PLAIN-2660,MED-2905,350.25
jev-score,PLAIN-2660,MED-4038,273.79
jev-score,PLAIN-2660,MED-1955,295.59
jev-score,PLAIN-2660,MED-4934,303.14
jev-score,PLAIN-2660,MED-4959,393.58
jev-score,PLAIN-2660,MED-1831,271.68
jev-score,PLAIN-2660,MED-3028,274.44
jev-score,PLAIN-2660,MED-5368,338.98
jev-score,PLAIN-2660,MED-4944,349.39
jev-score,PLAIN-2660,MED-4171,293.77
jev-score,PLAIN-2670,MED-2994,313.46
jev-score,PLAIN-2670,MED-3359,375.62
jev-score,PLAIN-2670,MED-4493,273.7
jev-score,PLAIN-2670,MED-3502,304.24
jev-score,PLAIN-2670,MED-2618,277.31
jev-score,PLAIN-2670,MED-4391,358.66
jev-score,PLAIN-2670,MED-2794,330.46
jev-score,PLAIN-2670,MED-2993,282.28
jev-score,PLAIN-2670,MED-4451,358.47
jev-score,PLAIN-2670,MED-2899,254.31
jev-score,PLAIN-2670,MED-4659,269.62
jev-score,PLAIN-2670,MED-4972,289.95
jev-score,PLAIN-2670,MED-1728,272.94
jev-score,PLAIN-2670,MED-4604,301.33
jev-score,PLAIN-2670,MED-4060,304.34
jev-score,PLAIN-2670,MED-2581,477.38
jev-score,PLAIN-2670,MED-4197,319.76
jev-score,PLAIN-2670,MED-3381,245.3
jev-score,PLAIN-2670,MED-4857,269.1
jev-score,PLAIN-2670,MED-4777,359.19
jev-score,PLAIN-2680,MED-1961,249.91
jev-score,PLAIN-2680,MED-3100,308.87
jev-score,PLAIN-2680,MED-5105,369.86
jev-score,PLAIN-2680,MED-5102,259.32
jev-score,PLAIN-2680,MED-1098,285.33
jev-score,PLAIN-2680,MED-1958,302.71
jev-score,PLAIN-2680,MED-4940,492.14
jev-score,PLAIN-2680,MED-3451,249.62
jev-score,PLAIN-2680,MED-4437,285.34
jev-score,PLAIN-2680,MED-1962,334.24
jev-score,PLAIN-2680,MED-3102,343.76
jev-score,PLAIN-2680,MED-2495,312.75
jev-score,PLAIN-2680,MED-2388,266.73
jev-score,PLAIN-2680,MED-2497,280.76
jev-score,PLAIN-2680,MED-5310,275.33
jev-score,PLAIN-2680,MED-3109,442.39
jev-score,PLAIN-2680,MED-4735,292.82
jev-score,PLAIN-2680,MED-2115,295.1
jev-score,PLAIN-2680,MED-3112,273.98
jev-score,PLAIN-2680,MED-4740,271.27
jev-score,PLAIN-2690,MED-3288,307.49
jev-score,PLAIN-2690,MED-4818,297.41
jev-score,PLAIN-2690,MED-3515,304.85
jev-score,PLAIN-2690,MED-1979,315.6
jev-score,PLAIN-2690,MED-3169,254.82
jev-score,PLAIN-2690,MED-3319,262.76
jev-score,PLAIN-2690,MED-3175,305.87
jev-score,PLAIN-2690,MED-1977,306.02
jev-score,PLAIN-2690,MED-4797,322.18
jev-score,PLAIN-2690,MED-3171,312.79
jev-score,PLAIN-2690,MED-2340,273.96
jev-score,PLAIN-2690,MED-1983,309.77
jev-score,PLAIN-2690,MED-4138,367.95
jev-score,PLAIN-2690,MED-2678,296.07
jev-score,PLAIN-2690,MED-2369,274.2
jev-score,PLAIN-2690,MED-3307,275.46
jev-score,PLAIN-2690,MED-3660,302.37
jev-score,PLAIN-2690,MED-2671,308.29
jev-score,PLAIN-2690,MED-4134,259.19
jev-score,PLAIN-2690,MED-2347,294.61
jev-score,PLAIN-2700,MED-3253,288.38
jev-score,PLAIN-2700,MED-3954,265.49
jev-score,PLAIN-2700,MED-1366,355.15
jev-score,PLAIN-2700,MED-2590,332.28
jev-score,PLAIN-2700,MED-1409,276.14
jev-score,PLAIN-2700,MED-2476,551.46
jev-score,PLAIN-2700,MED-1120,278.2
jev-score,PLAIN-2700,MED-1190,310.29
jev-score,PLAIN-2700,MED-1548,307.99
jev-score,PLAIN-2700,MED-4315,333.9
jev-score,PLAIN-2700,MED-4255,324.58
jev-score,PLAIN-2700,MED-4613,326.63
jev-score,PLAIN-2700,MED-1722,309.1
jev-score,PLAIN-2700,MED-4609,278.16
jev-score,PLAIN-2700,MED-1129,294.85
jev-score,PLAIN-2700,MED-4680,265.2
jev-score,PLAIN-2700,MED-1381,432.35
jev-score,PLAIN-2700,MED-1429,254.74
jev-score,PLAIN-2700,MED-1996,363.68
jev-score,PLAIN-2700,MED-2111,270.17
jev-score,PLAIN-2710,MED-3380,324.62
jev-score,PLAIN-2710,MED-3382,345.83
jev-score,PLAIN-2710,MED-3381,281.52
jev-score,PLAIN-2710,MED-5062,270.67
jev-score,PLAIN-2710,MED-1153,340.55
jev-score,PLAIN-2710,MED-5054,296.37
jev-score,PLAIN-2710,MED-1630,272.95
jev-score,PLAIN-2710,MED-2924,270.39
jev-score,PLAIN-2710,MED-4655,268.76
jev-score,PLAIN-2710,MED-3351,315.36
jev-score,PLAIN-2710,MED-3050,357.42
jev-score,PLAIN-2710,MED-1623,349.57
jev-score,PLAIN-2710,MED-887,342.45
jev-score,PLAIN-2710,MED-4172,281.52
jev-score,PLAIN-2710,MED-5288,326.73
jev-score,PLAIN-2710,MED-3057,352.27
jev-score,PLAIN-2710,MED-4869,342.36
jev-score,PLAIN-2710,MED-3060,276.13
jev-score,PLAIN-2710,MED-3383,290.54
jev-score,PLAIN-2710,MED-5063,271.69
jev-score,PLAIN-2720,MED-3483,309.28
jev-score,PLAIN-2720,MED-4392,282.44
jev-score,PLAIN-2720,MED-2083,279.04
jev-score,PLAIN-2720,MED-4804,1553.71
jev-score,PLAIN-2720,MED-1982,333.78
jev-score,PLAIN-2720,MED-2265,340.71
jev-score,PLAIN-2720,MED-2711,275.78
jev-score,PLAIN-2720,MED-4969,305.61
jev-score,PLAIN-2720,MED-2707,871.75
jev-score,PLAIN-2720,MED-2713,336.9
jev-score,PLAIN-2720,MED-2803,290.9
jev-score,PLAIN-2720,MED-3474,290.11
jev-score,PLAIN-2720,MED-3204,271.89
jev-score,PLAIN-2720,MED-5088,416.33
jev-score,PLAIN-2720,MED-1846,284.77
jev-score,PLAIN-2720,MED-2073,288.66
jev-score,PLAIN-2720,MED-3479,276.89
jev-score,PLAIN-2720,MED-4429,359.19
jev-score,PLAIN-2720,MED-3210,351.26
jev-score,PLAIN-2720,MED-4256,239.26
jev-score,PLAIN-2730,MED-2573,239.77
jev-score,PLAIN-2730,MED-3554,312.77
jev-score,PLAIN-2730,MED-3840,282.85
jev-score,PLAIN-2730,MED-3551,276.53
jev-score,PLAIN-2730,MED-3553,271.64
jev-score,PLAIN-2730,MED-3550,306.4
jev-score,PLAIN-2730,MED-3548,282.13
jev-score,PLAIN-2730,MED-2513,302.77
jev-score,PLAIN-2730,MED-4532,421.97
jev-score,PLAIN-2730,MED-2134,277.73
jev-score,PLAIN-2730,MED-3552,271.58
jev-score,PLAIN-2730,MED-4619,330.21
jev-score,PLAIN-2730,MED-4089,288.62
jev-score,PLAIN-2730,MED-4116,286.03
jev-score,PLAIN-2730,MED-2357,301.39
jev-score,PLAIN-2730,MED-1315,342.88
jev-score,PLAIN-2730,MED-2427,461.09
jev-score,PLAIN-2730,MED-3549,296.36
jev-score,PLAIN-2730,MED-2818,300.31
jev-score,PLAIN-2730,MED-4224,313.09
jev-score,PLAIN-2740,MED-3627,370.08
jev-score,PLAIN-2740,MED-2940,263.99
jev-score,PLAIN-2740,MED-3624,350.59
jev-score,PLAIN-2740,MED-3623,557.97
jev-score,PLAIN-2740,MED-2947,374.84
jev-score,PLAIN-2740,MED-3562,330.28
jev-score,PLAIN-2740,MED-3619,286.73
jev-score,PLAIN-2740,MED-3615,329.29
jev-score,PLAIN-2740,MED-3193,328.22
jev-score,PLAIN-2740,MED-3787,336.3
jev-score,PLAIN-2740,MED-3590,297.47
jev-score,PLAIN-2740,MED-3636,293.35
jev-score,PLAIN-2740,MED-3634,313.99
jev-score,PLAIN-2740,MED-3620,288.93
jev-score,PLAIN-2740,MED-3608,325.7
jev-score,PLAIN-2740,MED-3618,279.84
jev-score,PLAIN-2740,MED-3313,315.02
jev-score,PLAIN-2740,MED-5313,311.85
jev-score,PLAIN-2740,MED-3621,254.79
jev-score,PLAIN-2740,MED-3607,326.68
jev-score,PLAIN-2750,MED-3683,362.48
jev-score,PLAIN-2750,MED-3680,269.13
jev-score,PLAIN-2750,MED-4762,303.74
jev-score,PLAIN-2750,MED-3695,284.03
jev-score,PLAIN-2750,MED-3692,295.15
jev-score,PLAIN-2750,MED-3690,320.08
jev-score,PLAIN-2750,MED-1300,1556.0
jev-score,PLAIN-2750,MED-3677,332.84
jev-score,PLAIN-2750,MED-5031,343.27
jev-score,PLAIN-2750,MED-3693,298.94
jev-score,PLAIN-2750,MED-4564,331.34
jev-score,PLAIN-2750,MED-3691,332.31
jev-score,PLAIN-2750,MED-3679,300.01
jev-score,PLAIN-2750,MED-3673,277.94
jev-score,PLAIN-2750,MED-3676,297.91
jev-score,PLAIN-2750,MED-1413,332.82
jev-score,PLAIN-2750,MED-3644,355.98
jev-score,PLAIN-2750,MED-3164,318.57
jev-score,PLAIN-2750,MED-4760,385.75
jev-score,PLAIN-2750,MED-4266,287.89
jev-score,PLAIN-2760,MED-4600,320.79
jev-score,PLAIN-2760,MED-2220,288.44
jev-score,PLAIN-2760,MED-1377,335.92
jev-score,PLAIN-2760,MED-1650,350.08
jev-score,PLAIN-2760,MED-1210,371.36
jev-score,PLAIN-2760,MED-4313,322.35
jev-score,PLAIN-2760,MED-1212,347.62
jev-score,PLAIN-2760,MED-3900,283.94
jev-score,PLAIN-2760,MED-1209,288.27
jev-score,PLAIN-2760,MED-3376,312.76
jev-score,PLAIN-2760,MED-5229,242.26
jev-score,PLAIN-2760,MED-4388,280.02
jev-score,PLAIN-2760,MED-1563,314.19
jev-score,PLAIN-2760,MED-2201,272.43
jev-score,PLAIN-2760,MED-3769,285.0
jev-score,PLAIN-2760,MED-5220,300.03
jev-score,PLAIN-2760,MED-1058,273.14
jev-score,PLAIN-2760,MED-2305,389.5
jev-score,PLAIN-2760,MED-4288,355.2
jev-score,PLAIN-2760,MED-1448,324.6
jev-score,PLAIN-2770,MED-3832,297.35
jev-score,PLAIN-2770,MED-5116,343.64
jev-score,PLAIN-2770,MED-3123,311.44
jev-score,PLAIN-2770,MED-2437,249.99
jev-score,PLAIN-2770,MED-3127,305.37
jev-score,PLAIN-2770,MED-4450,303.8
jev-score,PLAIN-2770,MED-3830,260.47
jev-score,PLAIN-2770,MED-3834,315.62
jev-score,PLAIN-2770,MED-3139,393.99
jev-score,PLAIN-2770,MED-3855,366.61
jev-score,PLAIN-2770,MED-3142,511.85
jev-score,PLAIN-2770,MED-4440,267.18
jev-score,PLAIN-2770,MED-1825,327.82
jev-score,PLAIN-2770,MED-3853,283.73
jev-score,PLAIN-2770,MED-3238,278.37
jev-score,PLAIN-2770,MED-5066,330.4
jev-score,PLAIN-2770,MED-3698,333.46
jev-score,PLAIN-2770,MED-1826,307.92
jev-score,PLAIN-2770,MED-4445,320.41
jev-score,PLAIN-2770,MED-14,250.98
jev-score,PLAIN-2780,MED-3896,308.78
jev-score,PLAIN-2780,MED-4292,297.81
jev-score,PLAIN-2780,MED-4291,316.89
jev-score,PLAIN-2780,MED-4707,299.09
jev-score,PLAIN-2780,MED-2595,303.09
jev-score,PLAIN-2780,MED-4286,250.61
jev-score,PLAIN-2780,MED-2594,300.53
jev-score,PLAIN-2780,MED-1381,353.48
jev-score,PLAIN-2780,MED-4289,364.65
jev-score,PLAIN-2780,MED-1305,292.07
jev-score,PLAIN-2780,MED-4284,260.08
jev-score,PLAIN-2780,MED-3900,267.33
jev-score,PLAIN-2780,MED-3208,310.21
jev-score,PLAIN-2780,MED-1387,320.26
jev-score,PLAIN-2780,MED-2529,264.49
jev-score,PLAIN-2780,MED-4290,303.53
jev-score,PLAIN-2780,MED-2597,268.3
jev-score,PLAIN-2780,MED-2592,287.4
jev-score,PLAIN-2780,MED-1262,357.35
jev-score,PLAIN-2780,MED-2593,307.56
jev-score,PLAIN-2790,MED-3970,372.67
jev-score,PLAIN-2790,MED-3969,295.7
jev-score,PLAIN-2790,MED-3963,363.66
jev-score,PLAIN-2790,MED-3964,312.96
jev-score,PLAIN-2790,MED-1576,311.57
jev-score,PLAIN-2790,MED-1188,433.87
jev-score,PLAIN-2790,MED-2811,283.51
jev-score,PLAIN-2790,MED-2359,416.4
jev-score,PLAIN-2790,MED-4342,273.47
jev-score,PLAIN-2790,MED-1184,359.47
jev-score,PLAIN-2790,MED-3508,286.11
jev-score,PLAIN-2790,MED-2788,283.39
jev-score,PLAIN-2790,MED-2037,328.4
jev-score,PLAIN-2790,MED-3507,306.61
jev-score,PLAIN-2790,MED-3496,307.23
jev-score,PLAIN-2790,MED-3106,347.49
jev-score,PLAIN-2790,MED-1582,322.01
jev-score,PLAIN-2790,MED-2809,325.54
jev-score,PLAIN-2790,MED-1028,1017.07
jev-score,PLAIN-2790,MED-3501,250.63
jev-score,PLAIN-2800,MED-2068,285.17
jev-score,PLAIN-2800,MED-2235,272.9
jev-score,PLAIN-2800,MED-5075,283.32
jev-score,PLAIN-2800,MED-4454,282.22
jev-score,PLAIN-2800,MED-2074,274.53
jev-score,PLAIN-2800,MED-4456,255.08
jev-score,PLAIN-2800,MED-2070,292.83
jev-score,PLAIN-2800,MED-2232,288.68
jev-score,PLAIN-2800,MED-2071,293.67
jev-score,PLAIN-2800,MED-2231,356.79
jev-score,PLAIN-2800,MED-912,266.63
jev-score,PLAIN-2800,MED-2098,290.42
jev-score,PLAIN-2800,MED-1309,285.99
jev-score,PLAIN-2800,MED-2229,349.47
jev-score,PLAIN-2800,MED-4040,282.11
jev-score,PLAIN-2800,MED-2233,298.09
jev-score,PLAIN-2800,MED-4873,284.63
jev-score,PLAIN-2800,MED-5162,291.97
jev-score,PLAIN-2800,MED-2793,330.99
jev-score,PLAIN-2800,MED-2234,276.44
jev-score,PLAIN-2810,MED-2491,325.34
jev-score,PLAIN-2810,MED-1792,268.04
jev-score,PLAIN-2810,MED-4267,310.02
jev-score,PLAIN-2810,MED-4580,317.76
jev-score,PLAIN-2810,MED-5019,295.8
jev-score,PLAIN-2810,MED-4590,269.1
jev-score,PLAIN-2810,MED-4090,255.52
jev-score,PLAIN-2810,MED-2969,368.39
jev-score,PLAIN-2810,MED-3908,247.4
jev-score,PLAIN-2810,MED-5082,406.47
jev-score,PLAIN-2810,MED-3734,265.27
jev-score,PLAIN-2810,MED-2226,265.95
jev-score,PLAIN-2810,MED-1710,287.89
jev-score,PLAIN-2810,MED-1625,320.53
jev-score,PLAIN-2810,MED-1845,294.33
jev-score,PLAIN-2810,MED-1670,359.97
jev-score,PLAIN-2810,MED-5056,271.36
jev-score,PLAIN-2810,MED-1846,321.39
jev-score,PLAIN-2810,MED-3469,298.82
jev-score,PLAIN-2810,MED-1790,290.75
jev-score,PLAIN-2820,MED-1677,312.74
jev-score,PLAIN-2820,MED-2698,330.48
jev-score,PLAIN-2820,MED-1233,249.27
jev-score,PLAIN-2820,MED-1691,282.88
jev-score,PLAIN-2820,MED-4560,294.39
jev-score,PLAIN-2820,MED-1394,294.38
jev-score,PLAIN-2820,MED-4106,273.75
jev-score,PLAIN-2820,MED-1192,287.97
jev-score,PLAIN-2820,MED-1232,1525.4
jev-score,PLAIN-2820,MED-1701,303.01
jev-score,PLAIN-2820,MED-2763,290.76
jev-score,PLAIN-2820,MED-3474,288.73
jev-score,PLAIN-2820,MED-3550,280.68
jev-score,PLAIN-2820,MED-3432,331.5
jev-score,PLAIN-2820,MED-1329,266.76
jev-score,PLAIN-2820,MED-4603,289.71
jev-score,PLAIN-2820,MED-4831,320.29
jev-score,PLAIN-2820,MED-5301,332.32
jev-score,PLAIN-2820,MED-1554,260.16
jev-score,PLAIN-2820,MED-4724,254.71
jev-score,PLAIN-2830,MED-5054,266.39
jev-score,PLAIN-2830,MED-1625,248.73
jev-score,PLAIN-2830,MED-4120,275.33
jev-score,PLAIN-2830,MED-4126,268.51
jev-score,PLAIN-2830,MED-3380,280.39
jev-score,PLAIN-2830,MED-1623,329.18
jev-score,PLAIN-2830,MED-1624,293.11
jev-score,PLAIN-2830,MED-5056,302.54
jev-score,PLAIN-2830,MED-1630,316.56
jev-score,PLAIN-2830,MED-5053,293.53
jev-score,PLAIN-2830,MED-4868,268.96
jev-score,PLAIN-2830,MED-1627,321.21
jev-score,PLAIN-2830,MED-3382,310.56
jev-score,PLAIN-2830,MED-5062,386.9
jev-score,PLAIN-2830,MED-1708,291.3
jev-score,PLAIN-2830,MED-3521,257.77
jev-score,PLAIN-2830,MED-5057,266.17
jev-score,PLAIN-2830,MED-3810,396.97
jev-score,PLAIN-2830,MED-4604,424.38
jev-score,PLAIN-2830,MED-3540,277.23
jev-score,PLAIN-2840,MED-2009,266.42
jev-score,PLAIN-2840,MED-4455,304.17
jev-score,PLAIN-2840,MED-4295,295.41
jev-score,PLAIN-2840,MED-2010,303.24
jev-score,PLAIN-2840,MED-3146,259.91
jev-score,PLAIN-2840,MED-3145,416.86
jev-score,PLAIN-2840,MED-2233,287.52
jev-score,PLAIN-2840,MED-2335,285.41
jev-score,PLAIN-2840,MED-4443,261.39
jev-score,PLAIN-2840,MED-5354,295.56
jev-score,PLAIN-2840,MED-2595,311.96
jev-score,PLAIN-2840,MED-1444,306.06
jev-score,PLAIN-2840,MED-4705,416.53
jev-score,PLAIN-2840,MED-3535,290.91
jev-score,PLAIN-2840,MED-3906,302.81
jev-score,PLAIN-2840,MED-2570,305.54
jev-score,PLAIN-2840,MED-1493,316.24
jev-score,PLAIN-2840,MED-4150,278.56
jev-score,PLAIN-2840,MED-4716,281.25
jev-score,PLAIN-2840,MED-948,263.06
jev-score,PLAIN-2850,MED-1977,330.36
jev-score,PLAIN-2850,MED-3000,339.28
jev-score,PLAIN-2850,MED-5207,317.97
jev-score,PLAIN-2850,MED-5326,266.1
jev-score,PLAIN-2850,MED-2584,253.18
jev-score,PLAIN-2850,MED-3788,287.05
jev-score,PLAIN-2850,MED-3891,266.07
jev-score,PLAIN-2850,MED-2671,289.87
jev-score,PLAIN-2850,MED-4593,355.41
jev-score,PLAIN-2850,MED-4482,328.43
jev-score,PLAIN-2850,MED-4493,266.88
jev-score,PLAIN-2850,MED-4358,313.58
jev-score,PLAIN-2850,MED-4799,311.61
jev-score,PLAIN-2850,MED-4057,233.0
jev-score,PLAIN-2850,MED-2673,277.03
jev-score,PLAIN-2850,MED-5110,697.3
jev-score,PLAIN-2850,MED-4429,306.78
jev-score,PLAIN-2850,MED-1114,258.81
jev-score,PLAIN-2850,MED-2168,265.62
jev-score,PLAIN-2850,MED-4069,274.11
jev-score,PLAIN-2860,MED-4185,253.55
jev-score,PLAIN-2860,MED-4186,320.39
jev-score,PLAIN-2860,MED-3421,321.6
jev-score,PLAIN-2860,MED-3429,323.48
jev-score,PLAIN-2860,MED-3407,441.37
jev-score,PLAIN-2860,MED-3590,303.28
jev-score,PLAIN-2860,MED-828,292.63
jev-score,PLAIN-2860,MED-3431,302.45
jev-score,PLAIN-2860,MED-3440,318.57
jev-score,PLAIN-2860,MED-3425,259.09
jev-score,PLAIN-2860,MED-3430,277.59
jev-score,PLAIN-2860,MED-3424,267.67
jev-score,PLAIN-2860,MED-1010,307.14
jev-score,PLAIN-2860,MED-746,277.11
jev-score,PLAIN-2860,MED-1198,260.28
jev-score,PLAIN-2860,MED-3439,354.74
jev-score,PLAIN-2860,MED-3423,354.0
jev-score,PLAIN-2860,MED-3434,258.57
jev-score,PLAIN-2860,MED-3428,299.17
jev-score,PLAIN-2860,MED-4022,321.65
jev-score,PLAIN-2870,MED-2253,275.77
jev-score,PLAIN-2870,MED-2178,357.5
jev-score,PLAIN-2870,MED-2491,313.89
jev-score,PLAIN-2870,MED-3378,349.45
jev-score,PLAIN-2870,MED-2260,248.16
jev-score,PLAIN-2870,MED-4531,337.53
jev-score,PLAIN-2870,MED-872,266.19
jev-score,PLAIN-2870,MED-4908,255.23
jev-score,PLAIN-2870,MED-3013,308.68
jev-score,PLAIN-2870,MED-2256,306.6
jev-score,PLAIN-2870,MED-3593,322.67
jev-score,PLAIN-2870,MED-3379,271.19
jev-score,PLAIN-2870,MED-4533,264.97
jev-score,PLAIN-2870,MED-3595,342.25
jev-score,PLAIN-2870,MED-4529,264.14
jev-score,PLAIN-2870,MED-3592,247.72
jev-score,PLAIN-2870,MED-1848,268.82
jev-score,PLAIN-2870,MED-3958,293.06
jev-score,PLAIN-2870,MED-3227,348.77
jev-score,PLAIN-2870,MED-910,281.13
jev-score,PLAIN-2880,MED-4890,293.03
jev-score,PLAIN-2880,MED-1780,311.91
jev-score,PLAIN-2880,MED-1437,265.86
jev-score,PLAIN-2880,MED-1031,308.57
jev-score,PLAIN-2880,MED-2522,270.1
jev-score,PLAIN-2880,MED-4792,300.63
jev-score,PLAIN-2880,MED-4654,363.6
jev-score,PLAIN-2880,MED-4914,306.66
jev-score,PLAIN-2880,MED-1352,254.19
jev-score,PLAIN-2880,MED-1914,304.19
jev-score,PLAIN-2880,MED-4463,245.76
jev-score,PLAIN-2880,MED-979,256.89
jev-score,PLAIN-2880,MED-2502,296.42
jev-score,PLAIN-2880,MED-4493,248.38
jev-score,PLAIN-2880,MED-2116,291.46
jev-score,PLAIN-2880,MED-2208,255.67
jev-score,PLAIN-2880,MED-1171,279.39
jev-score,PLAIN-2880,MED-2514,237.21
jev-score,PLAIN-2880,MED-1041,302.18
jev-score,PLAIN-2880,MED-2323,301.69
jev-score,PLAIN-2890,MED-1533,328.95
jev-score,PLAIN-2890,MED-4250,375.12
jev-score,PLAIN-2890,MED-1538,292.58
jev-score,PLAIN-2890,MED-1534,298.54
jev-score,PLAIN-2890,MED-3351,260.15
jev-score,PLAIN-2890,MED-3370,299.13
jev-score,PLAIN-2890,MED-3376,318.13
jev-score,PLAIN-2890,MED-1535,339.71
jev-score,PLAIN-2890,MED-3143,290.29
jev-score,PLAIN-2890,MED-3896,319.59
jev-score,PLAIN-2890,MED-4172,275.66
jev-score,PLAIN-2890,MED-3369,311.65
jev-score,PLAIN-2890,MED-4284,290.08
jev-score,PLAIN-2890,MED-1709,246.55
jev-score,PLAIN-2890,MED-4287,307.5
jev-score,PLAIN-2890,MED-2418,267.19
jev-score,PLAIN-2890,MED-4262,287.95
jev-score,PLAIN-2890,MED-4765,268.78
jev-score,PLAIN-2890,MED-3583,243.03
jev-score,PLAIN-2890,MED-4028,346.81
jev-score,PLAIN-2900,MED-3692,279.47
jev-score,PLAIN-2900,MED-3679,323.8
jev-score,PLAIN-2900,MED-1420,282.0
jev-score,PLAIN-2900,MED-1413,267.71
jev-score,PLAIN-2900,MED-3677,283.08
jev-score,PLAIN-2900,MED-1417,265.8
jev-score,PLAIN-2900,MED-3690,293.26
jev-score,PLAIN-2900,MED-3693,289.99
jev-score,PLAIN-2900,MED-5198,289.61
jev-score,PLAIN-2900,MED-3695,343.27
jev-score,PLAIN-2900,MED-3680,304.49
jev-score,PLAIN-2900,MED-2105,304.97
jev-score,PLAIN-2900,MED-4271,349.92
jev-score,PLAIN-2900,MED-3105,267.86
jev-score,PLAIN-2900,MED-3673,237.26
jev-score,PLAIN-2900,MED-1421,268.8
jev-score,PLAIN-2900,MED-3678,291.61
jev-score,PLAIN-2900,MED-1574,259.47
jev-score,PLAIN-2900,MED-3691,295.41
jev-score,PLAIN-2900,MED-4760,329.22
jev-score,PLAIN-2910,MED-4295,289.33
jev-score,PLAIN-2910,MED-4296,254.16
jev-score,PLAIN-2910,MED-3492,296.72
jev-score,PLAIN-2910,MED-5115,403.09
jev-score,PLAIN-2910,MED-3688,265.78
jev-score,PLAIN-2910,MED-2430,1029.83
jev-score,PLAIN-2910,MED-752,322.13
jev-score,PLAIN-2910,MED-3530,284.38
jev-score,PLAIN-2910,MED-2983,295.65
jev-score,PLAIN-2910,MED-3144,309.16
jev-score,PLAIN-2910,MED-5069,301.93
jev-score,PLAIN-2910,MED-1259,283.63
jev-score,PLAIN-2910,MED-3606,353.29
jev-score,PLAIN-2910,MED-2311,295.23
jev-score,PLAIN-2910,MED-2235,386.39
jev-score,PLAIN-2910,MED-4573,298.72
jev-score,PLAIN-2910,MED-4913,278.62
jev-score,PLAIN-2910,MED-836,278.99
jev-score,PLAIN-2910,MED-4456,336.87
jev-score,PLAIN-2910,MED-1586,311.53
jev-score,PLAIN-2920,MED-4309,377.15
jev-score,PLAIN-2920,MED-3532,260.49
jev-score,PLAIN-2920,MED-2333,289.47
jev-score,PLAIN-2920,MED-3522,255.5
jev-score,PLAIN-2920,MED-2331,414.12
jev-score,PLAIN-2920,MED-2070,286.44
jev-score,PLAIN-2920,MED-3607,295.56
jev-score,PLAIN-2920,MED-2335,245.19
jev-score,PLAIN-2920,MED-1623,263.43
jev-score,PLAIN-2920,MED-5365,294.79
jev-score,PLAIN-2920,MED-2327,317.76
jev-score,PLAIN-2920,MED-2332,300.11
jev-score,PLAIN-2920,MED-1352,261.62
jev-score,PLAIN-2920,MED-2204,904.91
jev-score,PLAIN-2920,MED-2066,288.04
jev-score,PLAIN-2920,MED-3279,283.15
jev-score,PLAIN-2920,MED-4915,259.02
jev-score,PLAIN-2920,MED-3518,352.91
jev-score,PLAIN-2920,MED-4203,303.13
jev-score,PLAIN-2920,MED-1293,320.13
jev-score,PLAIN-2930,MED-4325,282.55
jev-score,PLAIN-2930,MED-1007,247.71
jev-score,PLAIN-2930,MED-1017,268.93
jev-score,PLAIN-2930,MED-1006,332.84
jev-score,PLAIN-2930,MED-1005,265.42
jev-score,PLAIN-2930,MED-1013,297.68
jev-score,PLAIN-2930,MED-4832,330.82
jev-score,PLAIN-2930,MED-3512,277.5
jev-score,PLAIN-2930,MED-4875,330.99
jev-score,PLAIN-2930,MED-1686,271.13
jev-score,PLAIN-2930,MED-1014,257.6
jev-score,PLAIN-2930,MED-946,329.61
jev-score,PLAIN-2930,MED-3539,300.87
jev-score,PLAIN-2930,MED-3514,311.09
jev-score,PLAIN-2930,MED-1009,298.51
jev-score,PLAIN-2930,MED-3508,282.72
jev-score,PLAIN-2930,MED-3506,271.2
jev-score,PLAIN-2930,MED-1012,252.18
jev-score,PLAIN-2930,MED-1040,284.32
jev-score,PLAIN-2930,MED-1035,308.32
jev-score,PLAIN-2940,MED-3961,275.79
jev-score,PLAIN-2940,MED-1579,335.49
jev-score,PLAIN-2940,MED-1578,349.13
jev-score,PLAIN-2940,MED-1581,386.88
jev-score,PLAIN-2940,MED-3965,248.4
jev-score,PLAIN-2940,MED-1425,1376.82
jev-score,PLAIN-2940,MED-3966,284.01
jev-score,PLAIN-2940,MED-3967,405.85
jev-score,PLAIN-2940,MED-1580,348.11
jev-score,PLAIN-2940,MED-1582,296.94
jev-score,PLAIN-2940,MED-3963,286.55
jev-score,PLAIN-2940,MED-1575,266.21
jev-score,PLAIN-2940,MED-1574,314.57
jev-score,PLAIN-2940,MED-1576,335.47
jev-score,PLAIN-2940,MED-2811,292.45
jev-score,PLAIN-2940,MED-3970,365.32
jev-score,PLAIN-2940,MED-4372,369.16
jev-score,PLAIN-2940,MED-2062,243.12
jev-score,PLAIN-2940,MED-3964,347.66
jev-score,PLAIN-2940,MED-933,321.58
jev-score,PLAIN-2950,MED-2742,295.16
jev-score,PLAIN-2950,MED-4140,308.51
jev-score,PLAIN-2950,MED-5164,287.19
jev-score,PLAIN-2950,MED-4201,272.12
jev-score,PLAIN-2950,MED-4944,270.88
jev-score,PLAIN-2950,MED-4972,259.2
jev-score,PLAIN-2950,MED-4148,309.04
jev-score,PLAIN-2950,MED-5101,262.09
jev-score,PLAIN-2950,MED-1957,273.95
jev-score,PLAIN-2950,MED-2738,304.4
jev-score,PLAIN-2950,MED-1625,327.58
jev-score,PLAIN-2950,MED-913,324.41
jev-score,PLAIN-2950,MED-1144,291.93
jev-score,PLAIN-2950,MED-1147,261.97
jev-score,PLAIN-2950,MED-4429,272.85
jev-score,PLAIN-2950,MED-4443,311.69
jev-score,PLAIN-2950,MED-1956,348.49
jev-score,PLAIN-2950,MED-4805,272.48
jev-score,PLAIN-2950,MED-4205,247.44
jev-score,PLAIN-2950,MED-5347,293.38
jev-score,PLAIN-2960,MED-4371,271.51
jev-score,PLAIN-2960,MED-4372,361.98
jev-score,PLAIN-2960,MED-4374,338.35
jev-score,PLAIN-2960,MED-4370,313.34
jev-score,PLAIN-2960,MED-1553,271.91
jev-score,PLAIN-2960,MED-2750,299.27
jev-score,PLAIN-2960,MED-1051,378.26
jev-score,PLAIN-2960,MED-4366,283.97
jev-score,PLAIN-2960,MED-1549,259.37
jev-score,PLAIN-2960,MED-4969,255.59
jev-score,PLAIN-2960,MED-2016,281.03
jev-score,PLAIN-2960,MED-5123,301.44
jev-score,PLAIN-2960,MED-4598,261.55
jev-score,PLAIN-2960,MED-4673,283.42
jev-score,PLAIN-2960,MED-4246,264.37
jev-score,PLAIN-2960,MED-1055,300.94
jev-score,PLAIN-2960,MED-1143,280.94
jev-score,PLAIN-2960,MED-1394,304.36
jev-score,PLAIN-2960,MED-1058,296.22
jev-score,PLAIN-2960,MED-5229,268.86
jev-score,PLAIN-2970,MED-2888,328.05
jev-score,PLAIN-2970,MED-836,264.5
jev-score,PLAIN-2970,MED-4993,312.56
jev-score,PLAIN-2970,MED-3550,299.25
jev-score,PLAIN-2970,MED-4382,248.35
jev-score,PLAIN-2970,MED-2062,276.0
jev-score,PLAIN-2970,MED-2889,261.88
jev-score,PLAIN-2970,MED-4724,277.87
jev-score,PLAIN-2970,MED-2069,302.14
jev-score,PLAIN-2970,MED-4114,258.36
jev-score,PLAIN-2970,MED-2895,315.88
jev-score,PLAIN-2970,MED-4030,281.61
jev-score,PLAIN-2970,MED-970,267.04
jev-score,PLAIN-2970,MED-1383,321.4
jev-score,PLAIN-2970,MED-1192,255.07
jev-score,PLAIN-2970,MED-5218,288.08
jev-score,PLAIN-2970,MED-1026,256.35
jev-score,PLAIN-2970,MED-2896,245.91
jev-score,PLAIN-2970,MED-3282,268.13
jev-score,PLAIN-2970,MED-4388,250.68
jev-score,PLAIN-2981,MED-4403,249.5
jev-score,PLAIN-2981,MED-2775,358.89
jev-score,PLAIN-2981,MED-5109,287.91
jev-score,PLAIN-2981,MED-3198,340.78
jev-score,PLAIN-2981,MED-1773,290.77
jev-score,PLAIN-2981,MED-1148,235.85
jev-score,PLAIN-2981,MED-3583,253.78
jev-score,PLAIN-2981,MED-4869,280.5
jev-score,PLAIN-2981,MED-2991,301.22
jev-score,PLAIN-2981,MED-4446,280.49
jev-score,PLAIN-2981,MED-4300,276.81
jev-score,PLAIN-2981,MED-2308,297.23
jev-score,PLAIN-2981,MED-1162,261.96
jev-score,PLAIN-2981,MED-3087,318.74
jev-score,PLAIN-2981,MED-3279,281.66
jev-score,PLAIN-2981,MED-1533,446.15
jev-score,PLAIN-2981,MED-4751,253.87
jev-score,PLAIN-2981,MED-1150,465.34
jev-score,PLAIN-2981,MED-4909,303.26
jev-score,PLAIN-2981,MED-335,319.29
jev-score,PLAIN-2991,MED-1663,307.51
jev-score,PLAIN-2991,MED-1667,390.9
jev-score,PLAIN-2991,MED-4424,359.97
jev-score,PLAIN-2991,MED-1657,358.28
jev-score,PLAIN-2991,MED-1656,382.27
jev-score,PLAIN-2991,MED-5329,276.6
jev-score,PLAIN-2991,MED-1258,267.45
jev-score,PLAIN-2991,MED-1249,299.2
jev-score,PLAIN-2991,MED-4833,296.69
jev-score,PLAIN-2991,MED-1664,287.25
jev-score,PLAIN-2991,MED-4827,267.1
jev-score,PLAIN-2991,MED-5266,327.14
jev-score,PLAIN-2991,MED-5016,262.49
jev-score,PLAIN-2991,MED-751,269.81
jev-score,PLAIN-2991,MED-1874,257.84
jev-score,PLAIN-2991,MED-1968,263.89
jev-score,PLAIN-2991,MED-2432,400.49
jev-score,PLAIN-2991,MED-2440,304.73
jev-score,PLAIN-2991,MED-1890,288.93
jev-score,PLAIN-2991,MED-1252,276.65
jev-score,PLAIN-3001,MED-3314,275.82
jev-score,PLAIN-3001,MED-1114,290.54
jev-score,PLAIN-3001,MED-4436,306.81
jev-score,PLAIN-3001,MED-1156,318.82
jev-score,PLAIN-3001,MED-4484,284.31
jev-score,PLAIN-3001,MED-2693,307.86
jev-score,PLAIN-3001,MED-1108,272.74
jev-score,PLAIN-3001,MED-5060,308.65
jev-score,PLAIN-3001,MED-3703,294.15
jev-score,PLAIN-3001,MED-1103,279.62
jev-score,PLAIN-3001,MED-4536,301.27
jev-score,PLAIN-3001,MED-2021,277.97
jev-score,PLAIN-3001,MED-5313,276.84
jev-score,PLAIN-3001,MED-1717,289.25
jev-score,PLAIN-3001,MED-1718,305.34
jev-score,PLAIN-3001,MED-1105,290.69
jev-score,PLAIN-3001,MED-3699,345.04
jev-score,PLAIN-3001,MED-2304,327.16
jev-score,PLAIN-3001,MED-4116,295.73
jev-score,PLAIN-3001,MED-1817,257.34
jev-score,PLAIN-3014,MED-2673,287.81
jev-score,PLAIN-3014,MED-752,358.22
jev-score,PLAIN-3014,MED-4649,342.84
jev-score,PLAIN-3014,MED-4747,268.5
jev-score,PLAIN-3014,MED-1741,287.83
jev-score,PLAIN-3014,MED-3542,362.41
jev-score,PLAIN-3014,MED-4125,341.02
jev-score,PLAIN-3014,MED-5207,377.63
jev-score,PLAIN-3014,MED-2062,301.05
jev-score,PLAIN-3014,MED-5200,256.84
jev-score,PLAIN-3014,MED-4871,279.88
jev-score,PLAIN-3014,MED-5199,292.62
jev-score,PLAIN-3014,MED-1378,302.57
jev-score,PLAIN-3014,MED-4830,319.93
jev-score,PLAIN-3014,MED-3701,289.42
jev-score,PLAIN-3014,MED-1127,287.58
jev-score,PLAIN-3014,MED-2028,250.37
jev-score,PLAIN-3014,MED-4650,239.86
jev-score,PLAIN-3014,MED-5204,305.02
jev-score,PLAIN-3014,MED-3757,295.47
jev-score,PLAIN-3026,MED-3157,256.83
jev-score,PLAIN-3026,MED-4470,333.72
jev-score,PLAIN-3026,MED-5131,277.43
jev-score,PLAIN-3026,MED-4929,283.52
jev-score,PLAIN-3026,MED-1601,294.53
jev-score,PLAIN-3026,MED-3452,336.59
jev-score,PLAIN-3026,MED-3453,282.63
jev-score,PLAIN-3026,MED-5129,272.4
jev-score,PLAIN-3026,MED-936,267.08
jev-score,PLAIN-3026,MED-904,313.61
jev-score,PLAIN-3026,MED-922,453.09
jev-score,PLAIN-3026,MED-3986,341.14
jev-score,PLAIN-3026,MED-1528,472.01
jev-score,PLAIN-3026,MED-2939,294.09
jev-score,PLAIN-3026,MED-4683,266.07
jev-score,PLAIN-3026,MED-2452,336.0
jev-score,PLAIN-3026,MED-5074,267.62
jev-score,PLAIN-3026,MED-917,262.76
jev-score,PLAIN-3026,MED-1788,305.73
jev-score,PLAIN-3026,MED-5209,279.9
jev-score,PLAIN-3037,MED-1983,323.48
jev-score,PLAIN-3037,MED-2745,244.81
jev-score,PLAIN-3037,MED-2787,261.63
jev-score,PLAIN-3037,MED-2781,309.9
jev-score,PLAIN-3037,MED-3458,251.51
jev-score,PLAIN-3037,MED-5069,300.06
jev-score,PLAIN-3037,MED-5215,305.73
jev-score,PLAIN-3037,MED-5307,302.66
jev-score,PLAIN-3037,MED-4980,323.13
jev-score,PLAIN-3037,MED-863,275.8
jev-score,PLAIN-3037,MED-4663,318.63
jev-score,PLAIN-3037,MED-729,276.17
jev-score,PLAIN-3037,MED-4129,294.92
jev-score,PLAIN-3037,MED-917,317.17
jev-score,PLAIN-3037,MED-1936,290.1
jev-score,PLAIN-3037,MED-3454,331.56
jev-score,PLAIN-3037,MED-5202,292.29
jev-score,PLAIN-3037,MED-1617,265.96
jev-score,PLAIN-3037,MED-732,297.31
jev-score,PLAIN-3037,MED-3274,304.77
jev-score,PLAIN-3053,MED-4525,247.21
jev-score,PLAIN-3053,MED-3021,359.27
jev-score,PLAIN-3053,MED-4526,307.13
jev-score,PLAIN-3053,MED-3353,274.99
jev-score,PLAIN-3053,MED-1497,405.26
jev-score,PLAIN-3053,MED-5129,332.21
jev-score,PLAIN-3053,MED-2522,253.04
jev-score,PLAIN-3053,MED-2083,314.29
jev-score,PLAIN-3053,MED-1810,454.13
jev-score,PLAIN-3053,MED-2523,289.42
jev-score,PLAIN-3053,MED-3949,266.35
jev-score,PLAIN-3053,MED-4625,467.25
jev-score,PLAIN-3053,MED-2700,316.47
jev-score,PLAIN-3053,MED-3811,288.36
jev-score,PLAIN-3053,MED-4416,283.59
jev-score,PLAIN-3053,MED-744,300.87
jev-score,PLAIN-3053,MED-1848,264.05
jev-score,PLAIN-3053,MED-5061,306.42
jev-score,PLAIN-3053,MED-1027,264.82
jev-score,PLAIN-3053,MED-4575,328.94
jev-score,PLAIN-3063,MED-4712,299.52
jev-score,PLAIN-3063,MED-2886,321.4
jev-score,PLAIN-3063,MED-1676,272.53
jev-score,PLAIN-3063,MED-2924,326.66
jev-score,PLAIN-3063,MED-4900,277.09
jev-score,PLAIN-3063,MED-3738,339.9
jev-score,PLAIN-3063,MED-2922,290.73
jev-score,PLAIN-3063,MED-2076,287.11
jev-score,PLAIN-3063,MED-5084,301.86
jev-score,PLAIN-3063,MED-1671,257.54
jev-score,PLAIN-3063,MED-2665,351.3
jev-score,PLAIN-3063,MED-3748,292.01
jev-score,PLAIN-3063,MED-4576,300.51
jev-score,PLAIN-3063,MED-3728,275.8
jev-score,PLAIN-3063,MED-4859,286.74
jev-score,PLAIN-3063,MED-2966,354.01
jev-score,PLAIN-3063,MED-5069,270.49
jev-score,PLAIN-3063,MED-2970,254.05
jev-score,PLAIN-3063,MED-1182,282.81
jev-score,PLAIN-3063,MED-4366,300.15
jev-score,PLAIN-3074,MED-4555,277.7
jev-score,PLAIN-3074,MED-4423,288.57
jev-score,PLAIN-3074,MED-1705,293.11
jev-score,PLAIN-3074,MED-3180,302.13
jev-score,PLAIN-3074,MED-4421,319.33
jev-score,PLAIN-3074,MED-4902,263.14
jev-score,PLAIN-3074,MED-1512,355.24
jev-score,PLAIN-3074,MED-330,319.95
jev-score,PLAIN-3074,MED-3253,308.36
jev-score,PLAIN-3074,MED-3427,285.67
jev-score,PLAIN-3074,MED-4424,319.34
jev-score,PLAIN-3074,MED-1948,299.56
jev-score,PLAIN-3074,MED-3106,296.32
jev-score,PLAIN-3074,MED-2110,592.41
jev-score,PLAIN-3074,MED-3436,357.73
jev-score,PLAIN-3074,MED-4560,318.07
jev-score,PLAIN-3074,MED-1643,314.88
jev-score,PLAIN-3074,MED-2718,301.21
jev-score,PLAIN-3074,MED-1516,280.79
jev-score,PLAIN-3074,MED-1467,269.43
jev-score,PLAIN-3085,MED-714,363.09
jev-score,PLAIN-3085,MED-4570,292.5
jev-score,PLAIN-3085,MED-4566,263.18
jev-score,PLAIN-3085,MED-4872,371.83
jev-score,PLAIN-3085,MED-3987,293.04
jev-score,PLAIN-3085,MED-3988,242.83
jev-score,PLAIN-3085,MED-716,304.88
jev-score,PLAIN-3085,MED-4574,288.05
jev-score,PLAIN-3085,MED-919,291.03
jev-score,PLAIN-3085,MED-4575,272.73
jev-score,PLAIN-3085,MED-921,325.54
jev-score,PLAIN-3085,MED-4573,285.26
jev-score,PLAIN-3085,MED-3986,308.71
jev-score,PLAIN-3085,MED-3990,246.48
jev-score,PLAIN-3085,MED-961,375.7
jev-score,PLAIN-3085,MED-862,304.32
jev-score,PLAIN-3085,MED-962,1383.27
jev-score,PLAIN-3085,MED-3985,327.2
jev-score,PLAIN-3085,MED-1834,320.11
jev-score,PLAIN-3085,MED-3991,286.01
jev-score,PLAIN-3097,MED-4590,333.17
jev-score,PLAIN-3097,MED-1792,324.82
jev-score,PLAIN-3097,MED-4580,312.96
jev-score,PLAIN-3097,MED-5019,228.06
jev-score,PLAIN-3097,MED-4267,255.28
jev-score,PLAIN-3097,MED-2491,300.82
jev-score,PLAIN-3097,MED-5082,351.73
jev-score,PLAIN-3097,MED-4090,311.87
jev-score,PLAIN-3097,MED-3908,304.67
jev-score,PLAIN-3097,MED-4089,297.07
jev-score,PLAIN-3097,MED-4862,264.02
jev-score,PLAIN-3097,MED-733,348.29
jev-score,PLAIN-3097,MED-5020,371.51
jev-score,PLAIN-3097,MED-3471,386.61
jev-score,PLAIN-3097,MED-2668,336.53
jev-score,PLAIN-3097,MED-2083,288.95
jev-score,PLAIN-3097,MED-2669,297.47
jev-score,PLAIN-3097,MED-2663,241.6
jev-score,PLAIN-3097,MED-3746,264.28
jev-score,PLAIN-3097,MED-1941,256.27
jev-score,PLAIN-3116,MED-2924,308.72
jev-score,PLAIN-3116,MED-3738,257.34
jev-score,PLAIN-3116,MED-1676,264.51
jev-score,PLAIN-3116,MED-2076,280.58
jev-score,PLAIN-3116,MED-2665,349.48
jev-score,PLAIN-3116,MED-2966,302.22
jev-score,PLAIN-3116,MED-1671,276.07
jev-score,PLAIN-3116,MED-2922,315.68
jev-score,PLAIN-3116,MED-3728,304.42
jev-score,PLAIN-3116,MED-5083,306.95
jev-score,PLAIN-3116,MED-4900,273.51
jev-score,PLAIN-3116,MED-3748,343.62
jev-score,PLAIN-3116,MED-2951,398.89
jev-score,PLAIN-3116,MED-4689,292.1
jev-score,PLAIN-3116,MED-3480,287.38
jev-score,PLAIN-3116,MED-4576,354.07
jev-score,PLAIN-3116,MED-1558,301.62
jev-score,PLAIN-3116,MED-4831,354.91
jev-score,PLAIN-3116,MED-4850,278.38
jev-score,PLAIN-3116,MED-5069,324.45
jev-score,PLAIN-3131,MED-2009,277.17
jev-score,PLAIN-3131,MED-5012,265.23
jev-score,PLAIN-3131,MED-830,303.14
jev-score,PLAIN-3131,MED-4249,352.56
jev-score,PLAIN-3131,MED-3109,255.09
jev-score,PLAIN-3131,MED-4620,284.93
jev-score,PLAIN-3131,MED-2291,292.11
jev-score,PLAIN-3131,MED-5010,262.35
jev-score,PLAIN-3131,MED-4695,274.41
jev-score,PLAIN-3131,MED-1234,446.96
jev-score,PLAIN-3131,MED-4236,310.75
jev-score,PLAIN-3131,MED-2595,282.99
jev-score,PLAIN-3131,MED-4619,253.16
jev-score,PLAIN-3131,MED-3359,256.76
jev-score,PLAIN-3131,MED-4298,316.8
jev-score,PLAIN-3131,MED-3386,271.86
jev-score,PLAIN-3131,MED-4314,309.55
jev-score,PLAIN-3131,MED-2010,277.49
jev-score,PLAIN-3131,MED-2762,298.07
jev-score,PLAIN-3131,MED-2970,351.94
jev-score,PLAIN-3141,MED-4160,293.46
jev-score,PLAIN-3141,MED-831,272.78
jev-score,PLAIN-3141,MED-4644,270.99
jev-score,PLAIN-3141,MED-4698,305.1
jev-score,PLAIN-3141,MED-2647,274.71
jev-score,PLAIN-3141,MED-3795,325.67
jev-score,PLAIN-3141,MED-3446,284.15
jev-score,PLAIN-3141,MED-4159,292.54
jev-score,PLAIN-3141,MED-753,258.05
jev-score,PLAIN-3141,MED-5226,353.55
jev-score,PLAIN-3141,MED-4162,296.47
jev-score,PLAIN-3141,MED-5184,320.32
jev-score,PLAIN-3141,MED-4751,335.58
jev-score,PLAIN-3141,MED-4759,327.04
jev-score,PLAIN-3141,MED-1829,285.56
jev-score,PLAIN-3141,MED-1732,240.12
jev-score,PLAIN-3141,MED-1592,296.49
jev-score,PLAIN-3141,MED-4899,294.19
jev-score,PLAIN-3141,MED-4755,346.84
jev-score,PLAIN-3141,MED-4100,285.18
jev-score,PLAIN-3151,MED-4668,307.54
jev-score,PLAIN-3151,MED-4660,299.27
jev-score,PLAIN-3151,MED-4664,260.62
jev-score,PLAIN-3151,MED-4665,526.2
jev-score,PLAIN-3151,MED-3444,315.92
jev-score,PLAIN-3151,MED-3445,291.67
jev-score,PLAIN-3151,MED-4662,264.04
jev-score,PLAIN-3151,MED-3971,295.28
jev-score,PLAIN-3151,MED-4595,283.61
jev-score,PLAIN-3151,MED-4666,268.4
jev-score,PLAIN-3151,MED-4490,359.02
jev-score,PLAIN-3151,MED-3447,372.84
jev-score,PLAIN-3151,MED-4472,286.05
jev-score,PLAIN-3151,MED-4560,289.85
jev-score,PLAIN-3151,MED-2763,286.3
jev-score,PLAIN-3151,MED-1513,383.94
jev-score,PLAIN-3151,MED-1625,316.35
jev-score,PLAIN-3151,MED-4107,294.47
jev-score,PLAIN-3151,MED-3601,295.66
jev-score,PLAIN-3151,MED-1540,335.76
jev-score,PLAIN-3161,MED-4677,288.19
jev-score,PLAIN-3161,MED-1416,290.42
jev-score,PLAIN-3161,MED-899,297.57
jev-score,PLAIN-3161,MED-2063,260.13
jev-score,PLAIN-3161,MED-2055,314.76
jev-score,PLAIN-3161,MED-1223,256.81
jev-score,PLAIN-3161,MED-900,372.67
jev-score,PLAIN-3161,MED-2057,287.48
jev-score,PLAIN-3161,MED-2772,324.99
jev-score,PLAIN-3161,MED-4899,283.05
jev-score,PLAIN-3161,MED-1768,337.79
jev-score,PLAIN-3161,MED-901,277.81
jev-score,PLAIN-3161,MED-4751,298.98
jev-score,PLAIN-3161,MED-4173,307.57
jev-score,PLAIN-3161,MED-904,260.61
jev-score,PLAIN-3161,MED-4396,318.9
jev-score,PLAIN-3161,MED-2771,268.06
jev-score,PLAIN-3161,MED-4662,296.81
jev-score,PLAIN-3161,MED-4897,303.76
jev-score,PLAIN-3161,MED-5189,325.31
jev-score,PLAIN-3171,MED-5123,295.62
jev-score,PLAIN-3171,MED-1498,298.01
jev-score,PLAIN-3171,MED-2716,317.36
jev-score,PLAIN-3171,MED-2429,290.34
jev-score,PLAIN-3171,MED-3953,342.05
jev-score,PLAIN-3171,MED-4369,326.12
jev-score,PLAIN-3171,MED-4050,277.92
jev-score,PLAIN-3171,MED-1777,296.95
jev-score,PLAIN-3171,MED-4602,295.0
jev-score,PLAIN-3171,MED-2428,255.19
jev-score,PLAIN-3171,MED-2333,448.07
jev-score,PLAIN-3171,MED-745,335.74
jev-score,PLAIN-3171,MED-2112,275.87
jev-score,PLAIN-3171,MED-3247,296.79
jev-score,PLAIN-3171,MED-1483,247.28
jev-score,PLAIN-3171,MED-1504,269.68
jev-score,PLAIN-3171,MED-1754,301.51
jev-score,PLAIN-3171,MED-5018,328.06
jev-score,PLAIN-3171,MED-3601,332.08
jev-score,PLAIN-3171,MED-4170,277.18
jev-score,PLAIN-3181,MED-3942,273.26
jev-score,PLAIN-3181,MED-4414,279.4
jev-score,PLAIN-3181,MED-2970,270.0
jev-score,PLAIN-3181,MED-1686,390.8
jev-score,PLAIN-3181,MED-1500,282.32
jev-score,PLAIN-3181,MED-1792,273.66
jev-score,PLAIN-3181,MED-1695,244.01
jev-score,PLAIN-3181,MED-1795,295.73
jev-score,PLAIN-3181,MED-2453,364.67
jev-score,PLAIN-3181,MED-3906,282.38
jev-score,PLAIN-3181,MED-4496,303.72
jev-score,PLAIN-3181,MED-917,354.11
jev-score,PLAIN-3181,MED-4585,280.99
jev-score,PLAIN-3181,MED-4545,266.8
jev-score,PLAIN-3181,MED-4712,292.31
jev-score,PLAIN-3181,MED-3748,320.89
jev-score,PLAIN-3181,MED-3474,279.6
jev-score,PLAIN-3181,MED-5010,435.94
jev-score,PLAIN-3181,MED-4620,279.2
jev-score,PLAIN-3181,MED-3109,309.95
jev-score,PLAIN-3191,MED-928,273.58
jev-score,PLAIN-3191,MED-839,281.21
jev-score,PLAIN-3191,MED-1831,296.42
jev-score,PLAIN-3191,MED-4943,277.71
jev-score,PLAIN-3191,MED-2751,267.6
jev-score,PLAIN-3191,MED-4730,269.75
jev-score,PLAIN-3191,MED-4959,287.87
jev-score,PLAIN-3191,MED-4380,324.04
jev-score,PLAIN-3191,MED-4961,283.11
jev-score,PLAIN-3191,MED-4811,324.75
jev-score,PLAIN-3191,MED-5100,300.44
jev-score,PLAIN-3191,MED-4731,282.14
jev-score,PLAIN-3191,MED-1570,250.03
jev-score,PLAIN-3191,MED-5095,315.25
jev-score,PLAIN-3191,MED-118,309.02
jev-score,PLAIN-3191,MED-838,281.61
jev-score,PLAIN-3191,MED-2651,316.99
jev-score,PLAIN-3191,MED-4936,257.24
jev-score,PLAIN-3191,MED-2412,261.41
jev-score,PLAIN-3191,MED-4958,284.18
jev-score,PLAIN-3201,MED-2117,264.39
jev-score,PLAIN-3201,MED-2120,326.5
jev-score,PLAIN-3201,MED-4394,267.47
jev-score,PLAIN-3201,MED-5107,319.0
jev-score,PLAIN-3201,MED-2116,258.26
jev-score,PLAIN-3201,MED-4896,253.99
jev-score,PLAIN-3201,MED-2124,280.16
jev-score,PLAIN-3201,MED-4398,994.27
jev-score,PLAIN-3201,MED-5106,344.28
jev-score,PLAIN-3201,MED-4897,303.25
jev-score,PLAIN-3201,MED-4752,279.53
jev-score,PLAIN-3201,MED-2121,266.09
jev-score,PLAIN-3201,MED-4396,316.16
jev-score,PLAIN-3201,MED-2114,286.16
jev-score,PLAIN-3201,MED-2815,271.81
jev-score,PLAIN-3201,MED-2122,258.02
jev-score,PLAIN-3201,MED-1314,288.97
jev-score,PLAIN-3201,MED-3856,310.06
jev-score,PLAIN-3201,MED-3703,266.65
jev-score,PLAIN-3201,MED-4391,267.82
jev-score,PLAIN-3211,MED-1645,291.71
jev-score,PLAIN-3211,MED-2064,267.93
jev-score,PLAIN-3211,MED-2098,290.26
jev-score,PLAIN-3211,MED-4365,325.2
jev-score,PLAIN-3211,MED-2900,259.73
jev-score,PLAIN-3211,MED-5063,273.47
jev-score,PLAIN-3211,MED-2677,332.6
jev-score,PLAIN-3211,MED-5234,293.25
jev-score,PLAIN-3211,MED-4353,257.87
jev-score,PLAIN-3211,MED-759,294.29
jev-score,PLAIN-3211,MED-2980,326.79
jev-score,PLAIN-3211,MED-887,273.05
jev-score,PLAIN-3211,MED-1515,353.98
jev-score,PLAIN-3211,MED-3348,307.32
jev-score,PLAIN-3211,MED-2070,299.16
jev-score,PLAIN-3211,MED-3012,263.29
jev-score,PLAIN-3211,MED-2790,318.45
jev-score,PLAIN-3211,MED-5052,303.95
jev-score,PLAIN-3211,MED-1739,311.91
jev-score,PLAIN-3211,MED-898,289.51
jev-score,PLAIN-3221,MED-2212,286.56
jev-score,PLAIN-3221,MED-2216,276.5
jev-score,PLAIN-3221,MED-4580,293.31
jev-score,PLAIN-3221,MED-1705,295.01
jev-score,PLAIN-3221,MED-1499,287.41
jev-score,PLAIN-3221,MED-1506,275.0
jev-score,PLAIN-3221,MED-987,327.86
jev-score,PLAIN-3221,MED-1500,319.04
jev-score,PLAIN-3221,MED-1433,445.78
jev-score,PLAIN-3221,MED-4790,324.06
jev-score,PLAIN-3221,MED-726,281.41
jev-score,PLAIN-3221,MED-1699,315.23
jev-score,PLAIN-3221,MED-4582,328.72
jev-score,PLAIN-3221,MED-980,285.75
jev-score,PLAIN-3221,MED-4553,346.75
jev-score,PLAIN-3221,MED-1851,342.03
jev-score,PLAIN-3221,MED-1498,283.28
jev-score,PLAIN-3221,MED-1703,290.45
jev-score,PLAIN-3221,MED-985,310.92
jev-score,PLAIN-3221,MED-1702,257.01
jev-score,PLAIN-3231,MED-1105,295.6
jev-score,PLAIN-3231,MED-1114,353.72
jev-score,PLAIN-3231,MED-1109,315.86
jev-score,PLAIN-3231,MED-3787,249.74
jev-score,PLAIN-3231,MED-3193,324.51
jev-score,PLAIN-3231,MED-1115,250.28
jev-score,PLAIN-3231,MED-1104,285.38
jev-score,PLAIN-3231,MED-1107,282.42
jev-score,PLAIN-3231,MED-1113,253.62
jev-score,PLAIN-3231,MED-1106,294.45
jev-score,PLAIN-3231,MED-5188,314.87
jev-score,PLAIN-3231,MED-4485,271.97
jev-score,PLAIN-3231,MED-1111,337.26
jev-score,PLAIN-3231,MED-5035,254.32
jev-score,PLAIN-3231,MED-5195,312.45
jev-score,PLAIN-3231,MED-4057,282.93
jev-score,PLAIN-3231,MED-5235,267.4
jev-score,PLAIN-3231,MED-4482,283.49
jev-score,PLAIN-3231,MED-1108,346.87
jev-score,PLAIN-3231,MED-847,289.25
jev-score,PLAIN-3241,MED-2821,291.01
jev-score,PLAIN-3241,MED-735,304.15
jev-score,PLAIN-3241,MED-5256,417.61
jev-score,PLAIN-3241,MED-2270,316.28
jev-score,PLAIN-3241,MED-721,287.63
jev-score,PLAIN-3241,MED-2809,324.08
jev-score,PLAIN-3241,MED-722,297.16
jev-score,PLAIN-3241,MED-2281,303.59
jev-score,PLAIN-3241,MED-2788,315.98
jev-score,PLAIN-3241,MED-2287,293.34
jev-score,PLAIN-3241,MED-720,343.95
jev-score,PLAIN-3241,MED-731,283.93
jev-score,PLAIN-3241,MED-4841,280.63
jev-score,PLAIN-3241,MED-1041,254.9
jev-score,PLAIN-3241,MED-733,303.59
jev-score,PLAIN-3241,MED-1947,276.51
jev-score,PLAIN-3241,MED-3705,283.2
jev-score,PLAIN-3241,MED-2279,349.88
jev-score,PLAIN-3241,MED-1295,295.37
jev-score,PLAIN-3241,MED-4498,331.61
jev-score,PLAIN-3251,MED-5236,286.4
jev-score,PLAIN-3251,MED-4261,329.2
jev-score,PLAIN-3251,MED-3699,294.27
jev-score,PLAIN-3251,MED-4278,297.12
jev-score,PLAIN-3251,MED-1380,341.17
jev-score,PLAIN-3251,MED-3435,3984.54
jev-score,PLAIN-3251,MED-4243,272.2
jev-score,PLAIN-3251,MED-4247,308.54
jev-score,PLAIN-3251,MED-5145,310.66
jev-score,PLAIN-3251,MED-4616,264.26
jev-score,PLAIN-3251,MED-1483,289.01
jev-score,PLAIN-3251,MED-3314,264.46
jev-score,PLAIN-3251,MED-3854,296.32
jev-score,PLAIN-3251,MED-1817,288.58
jev-score,PLAIN-3251,MED-3439,276.35
jev-score,PLAIN-3251,MED-3436,467.54
jev-score,PLAIN-3251,MED-1529,264.93
jev-score,PLAIN-3251,MED-745,285.84
jev-score,PLAIN-3251,MED-4255,322.05
jev-score,PLAIN-3251,MED-5268,291.0
jev-score,PLAIN-3261,MED-5158,302.71
jev-score,PLAIN-3261,MED-5157,312.92
jev-score,PLAIN-3261,MED-945,277.88
jev-score,PLAIN-3261,MED-4251,284.45
jev-score,PLAIN-3261,MED-3489,262.16
jev-score,PLAIN-3261,MED-2349,329.83
jev-score,PLAIN-3261,MED-743,285.17
jev-score,PLAIN-3261,MED-3766,348.11
jev-score,PLAIN-3261,MED-949,282.99
jev-score,PLAIN-3261,MED-5138,295.73
jev-score,PLAIN-3261,MED-1126,294.01
jev-score,PLAIN-3261,MED-3750,285.56
jev-score,PLAIN-3261,MED-2891,333.65
jev-score,PLAIN-3261,MED-4873,319.8
jev-score,PLAIN-3261,MED-3102,260.13
jev-score,PLAIN-3261,MED-4157,298.38
jev-score,PLAIN-3261,MED-3618,293.9
jev-score,PLAIN-3261,MED-3832,312.43
jev-score,PLAIN-3261,MED-1240,295.33
jev-score,PLAIN-3261,MED-820,278.03
jev-score,PLAIN-3271,MED-4823,268.12
jev-score,PLAIN-3271,MED-4450,261.5
jev-score,PLAIN-3271,MED-1556,258.02
jev-score,PLAIN-3271,MED-4069,347.36
jev-score,PLAIN-3271,MED-3878,280.09
jev-score,PLAIN-3271,MED-3862,307.6
jev-score,PLAIN-3271,MED-2434,294.0
jev-score,PLAIN-3271,MED-4233,316.5
jev-score,PLAIN-3271,MED-1455,275.32
jev-score,PLAIN-3271,MED-4556,298.2
jev-score,PLAIN-3271,MED-3243,314.83
jev-score,PLAIN-3271,MED-3790,263.38
jev-score,PLAIN-3271,MED-1068,292.65
jev-score,PLAIN-3271,MED-3874,307.17
jev-score,PLAIN-3271,MED-3245,270.98
jev-score,PLAIN-3271,MED-1454,301.24
jev-score,PLAIN-3271,MED-4885,297.49
jev-score,PLAIN-3271,MED-1873,286.15
jev-score,PLAIN-3271,MED-4278,333.88
jev-score,PLAIN-3271,MED-1072,275.84
jev-score,PLAIN-3281,MED-4909,300.72
jev-score,PLAIN-3281,MED-3087,288.37
jev-score,PLAIN-3281,MED-1850,285.65
jev-score,PLAIN-3281,MED-1851,332.92
jev-score,PLAIN-3281,MED-1841,263.2
jev-score,PLAIN-3281,MED-2264,280.95
jev-score,PLAIN-3281,MED-1844,294.43
jev-score,PLAIN-3281,MED-2906,320.83
jev-score,PLAIN-3281,MED-1849,249.71
jev-score,PLAIN-3281,MED-5198,301.98
jev-score,PLAIN-3281,MED-1843,272.3
jev-score,PLAIN-3281,MED-1839,279.2
jev-score,PLAIN-3281,MED-5097,261.41
jev-score,PLAIN-3281,MED-1845,273.4
jev-score,PLAIN-3281,MED-2353,332.22
jev-score,PLAIN-3281,MED-1852,283.87
jev-score,PLAIN-3281,MED-3601,259.32
jev-score,PLAIN-3281,MED-4908,251.41
jev-score,PLAIN-3281,MED-1848,272.96
jev-score,PLAIN-3281,MED-2747,306.29
jev-score,PLAIN-3292,MED-2761,313.36
jev-score,PLAIN-3292,MED-4925,263.22
jev-score,PLAIN-3292,MED-2759,357.15
jev-score,PLAIN-3292,MED-4645,274.73
jev-score,PLAIN-3292,MED-2757,273.82
jev-score,PLAIN-3292,MED-2758,281.56
jev-score,PLAIN-3292,MED-2762,295.16
jev-score,PLAIN-3292,MED-951,312.39
jev-score,PLAIN-3292,MED-950,314.2
jev-score,PLAIN-3292,MED-4924,287.3
jev-score,PLAIN-3292,MED-2760,309.07
jev-score,PLAIN-3292,MED-4600,257.3
jev-score,PLAIN-3292,MED-4366,268.26
jev-score,PLAIN-3292,MED-3109,240.36
jev-score,PLAIN-3292,MED-4647,268.18
jev-score,PLAIN-3292,MED-4087,305.97
jev-score,PLAIN-3292,MED-2291,360.19
jev-score,PLAIN-3292,MED-4695,279.81
jev-score,PLAIN-3292,MED-4236,367.77
jev-score,PLAIN-3292,MED-4872,251.19
jev-score,PLAIN-3302,MED-4959,291.74
jev-score,PLAIN-3302,MED-2907,306.45
jev-score,PLAIN-3302,MED-3029,1090.9
jev-score,PLAIN-3302,MED-3592,318.2
jev-score,PLAIN-3302,MED-1572,261.81
jev-score,PLAIN-3302,MED-5100,303.36
jev-score,PLAIN-3302,MED-4735,289.78
jev-score,PLAIN-3302,MED-4934,304.37
jev-score,PLAIN-3302,MED-1573,282.09
jev-score,PLAIN-3302,MED-3783,292.88
jev-score,PLAIN-3302,MED-5099,277.45
jev-score,PLAIN-3302,MED-4944,281.01
jev-score,PLAIN-3302,MED-4966,312.42
jev-score,PLAIN-3302,MED-3012,326.13
jev-score,PLAIN-3302,MED-2410,420.95
jev-score,PLAIN-3302,MED-4733,351.95
jev-score,PLAIN-3302,MED-2397,307.22
jev-score,PLAIN-3302,MED-1568,275.09
jev-score,PLAIN-3302,MED-4961,336.15
jev-score,PLAIN-3302,MED-3034,323.38
jev-score,PLAIN-3312,MED-4360,301.86
jev-score,PLAIN-3312,MED-4961,275.28
jev-score,PLAIN-3312,MED-4966,271.86
jev-score,PLAIN-3312,MED-4959,257.19
jev-score,PLAIN-3312,MED-1570,287.37
jev-score,PLAIN-3312,MED-4380,313.18
jev-score,PLAIN-3312,MED-1572,279.21
jev-score,PLAIN-3312,MED-4968,274.15
jev-score,PLAIN-3312,MED-1569,366.4
jev-score,PLAIN-3312,MED-3717,400.75
jev-score,PLAIN-3312,MED-3783,296.8
jev-score,PLAIN-3312,MED-1573,287.57
jev-score,PLAIN-3312,MED-3561,284.5
jev-score,PLAIN-3312,MED-5097,308.88
jev-score,PLAIN-3312,MED-5100,326.46
jev-score,PLAIN-3312,MED-3592,315.43
jev-score,PLAIN-3312,MED-4791,336.11
jev-score,PLAIN-3312,MED-4958,274.3
jev-score,PLAIN-3312,MED-4376,274.13
jev-score,PLAIN-3312,MED-4807,379.98
jev-score,PLAIN-3322,MED-4714,411.99
jev-score,PLAIN-3322,MED-5111,267.56
jev-score,PLAIN-3322,MED-1151,303.67
jev-score,PLAIN-3322,MED-5066,282.66
jev-score,PLAIN-3322,MED-3862,308.44
jev-score,PLAIN-3322,MED-4486,310.89
jev-score,PLAIN-3322,MED-2696,267.28
jev-score,PLAIN-3322,MED-2577,283.36
jev-score,PLAIN-3322,MED-2584,291.06
jev-score,PLAIN-3322,MED-5191,337.5
jev-score,PLAIN-3322,MED-3782,326.05
jev-score,PLAIN-3322,MED-4741,308.64
jev-score,PLAIN-3322,MED-5349,390.78
jev-score,PLAIN-3322,MED-2174,310.64
jev-score,PLAIN-3322,MED-4861,288.23
jev-score,PLAIN-3322,MED-3557,299.13
jev-score,PLAIN-3322,MED-4823,354.2
jev-score,PLAIN-3322,MED-2139,297.7
jev-score,PLAIN-3322,MED-4070,938.42
jev-score,PLAIN-3322,MED-861,287.64
jev-score,PLAIN-3332,MED-3696,312.5
jev-score,PLAIN-3332,MED-4994,302.94
jev-score,PLAIN-3332,MED-3762,300.52
jev-score,PLAIN-3332,MED-1680,247.59
jev-score,PLAIN-3332,MED-3763,290.86
jev-score,PLAIN-3332,MED-4622,300.2
jev-score,PLAIN-3332,MED-1646,294.87
jev-score,PLAIN-3332,MED-3768,254.98
jev-score,PLAIN-3332,MED-3766,334.93
jev-score,PLAIN-3332,MED-5293,390.89
jev-score,PLAIN-3332,MED-4445,292.17
jev-score,PLAIN-3332,MED-5100,328.55
jev-score,PLAIN-3332,MED-3765,267.61
jev-score,PLAIN-3332,MED-3767,308.43
jev-score,PLAIN-3332,MED-2237,248.83
jev-score,PLAIN-3332,MED-4365,310.05
jev-score,PLAIN-3332,MED-1677,312.8
jev-score,PLAIN-3332,MED-2437,256.49
jev-score,PLAIN-3332,MED-2160,277.76
jev-score,PLAIN-3332,MED-3700,284.51
jev-score,PLAIN-3342,MED-5012,286.58
jev-score,PLAIN-3342,MED-4000,335.31
jev-score,PLAIN-3342,MED-5014,267.52
jev-score,PLAIN-3342,MED-4001,290.61
jev-score,PLAIN-3342,MED-5015,257.58
jev-score,PLAIN-3342,MED-5016,263.65
jev-score,PLAIN-3342,MED-2772,311.85
jev-score,PLAIN-3342,MED-4002,339.04
jev-score,PLAIN-3342,MED-1337,321.19
jev-score,PLAIN-3342,MED-5013,310.85
jev-score,PLAIN-3342,MED-5189,281.27
jev-score,PLAIN-3342,MED-2291,278.03
jev-score,PLAIN-3342,MED-4004,276.14
jev-score,PLAIN-3342,MED-904,343.32
jev-score,PLAIN-3342,MED-4899,285.88
jev-score,PLAIN-3342,MED-4902,304.23
jev-score,PLAIN-3342,MED-4682,317.84
jev-score,PLAIN-3342,MED-2771,273.55
jev-score,PLAIN-3342,MED-1340,314.13
jev-score,PLAIN-3342,MED-2136,266.8
jev-score,PLAIN-3352,MED-3515,298.9
jev-score,PLAIN-3352,MED-3663,347.41
jev-score,PLAIN-3352,MED-4247,356.21
jev-score,PLAIN-3352,MED-4243,335.24
jev-score,PLAIN-3352,MED-4616,321.84
jev-score,PLAIN-3352,MED-4789,258.8
jev-score,PLAIN-3352,MED-2724,272.68
jev-score,PLAIN-3352,MED-4315,367.91
jev-score,PLAIN-3352,MED-2047,308.14
jev-score,PLAIN-3352,MED-4613,313.47
jev-score,PLAIN-3352,MED-4255,291.45
jev-score,PLAIN-3352,MED-5290,288.61
jev-score,PLAIN-3352,MED-2050,329.66
jev-score,PLAIN-3352,MED-1548,334.52
jev-score,PLAIN-3352,MED-5026,329.48
jev-score,PLAIN-3352,MED-5151,299.61
jev-score,PLAIN-3352,MED-3460,288.45
jev-score,PLAIN-3352,MED-3504,283.3
jev-score,PLAIN-3352,MED-3316,327.99
jev-score,PLAIN-3352,MED-5248,323.39
jev-score,PLAIN-3362,MED-5042,253.78
jev-score,PLAIN-3362,MED-2780,348.77
jev-score,PLAIN-3362,MED-4533,265.03
jev-score,PLAIN-3362,MED-2227,293.47
jev-score,PLAIN-3362,MED-4529,302.17
jev-score,PLAIN-3362,MED-5041,269.81
jev-score,PLAIN-3362,MED-4534,342.52
jev-score,PLAIN-3362,MED-4544,295.63
jev-score,PLAIN-3362,MED-3607,262.08
jev-score,PLAIN-3362,MED-712,253.02
jev-score,PLAIN-3362,MED-2468,304.7
jev-score,PLAIN-3362,MED-818,289.02
jev-score,PLAIN-3362,MED-2810,256.08
jev-score,PLAIN-3362,MED-706,310.3
jev-score,PLAIN-3362,MED-820,279.66
jev-score,PLAIN-3362,MED-744,243.02
jev-score,PLAIN-3362,MED-828,263.93
jev-score,PLAIN-3362,MED-4712,297.13
jev-score,PLAIN-3362,MED-2792,292.49
jev-score,PLAIN-3362,MED-711,344.06
jev-score,PLAIN-3372,MED-4868,342.53
jev-score,PLAIN-3372,MED-1625,353.5
jev-score,PLAIN-3372,MED-5054,374.25
jev-score,PLAIN-3372,MED-1627,278.18
jev-score,PLAIN-3372,MED-5053,256.85
jev-score,PLAIN-3372,MED-1108,316.31
jev-score,PLAIN-3372,MED-4126,245.76
jev-score,PLAIN-3372,MED-1624,266.89
jev-score,PLAIN-3372,MED-1630,315.31
jev-score,PLAIN-3372,MED-2490,310.59
jev-score,PLAIN-3372,MED-4120,288.59
jev-score,PLAIN-3372,MED-2191,275.21
jev-score,PLAIN-3372,MED-4994,256.38
jev-score,PLAIN-3372,MED-5056,432.66
jev-score,PLAIN-3372,MED-1743,304.6
jev-score,PLAIN-3372,MED-3535,307.91
jev-score,PLAIN-3372,MED-4822,307.73
jev-score,PLAIN-3372,MED-1708,329.83
jev-score,PLAIN-3372,MED-4028,362.69
jev-score,PLAIN-3372,MED-1626,339.38
jev-score,PLAIN-3382,MED-3381,352.31
jev-score,PLAIN-3382,MED-1625,346.52
jev-score,PLAIN-3382,MED-3380,295.23
jev-score,PLAIN-3382,MED-5054,296.65
jev-score,PLAIN-3382,MED-3359,323.8
jev-score,PLAIN-3382,MED-3382,299.4
jev-score,PLAIN-3382,MED-2924,239.01
jev-score,PLAIN-3382,MED-887,309.61
jev-score,PLAIN-3382,MED-4332,1159.65
jev-score,PLAIN-3382,MED-5062,304.98
jev-score,PLAIN-3382,MED-1108,261.14
jev-score,PLAIN-3382,MED-2618,348.69
jev-score,PLAIN-3382,MED-3109,306.79
jev-score,PLAIN-3382,MED-2939,330.24
jev-score,PLAIN-3382,MED-5063,275.17
jev-score,PLAIN-3382,MED-2994,349.45
jev-score,PLAIN-3382,MED-4385,253.2
jev-score,PLAIN-3382,MED-2616,306.57
jev-score,PLAIN-3382,MED-1407,329.91
jev-score,PLAIN-3382,MED-4604,264.85
jev-score,PLAIN-3392,MED-1646,246.54
jev-score,PLAIN-3392,MED-4994,327.79
jev-score,PLAIN-3392,MED-3533,285.89
jev-score,PLAIN-3392,MED-3763,278.37
jev-score,PLAIN-3392,MED-1844,239.36
jev-score,PLAIN-3392,MED-1710,294.61
jev-score,PLAIN-3392,MED-5050,313.27
jev-score,PLAIN-3392,MED-5249,277.18
jev-score,PLAIN-3392,MED-4587,315.22
jev-score,PLAIN-3392,MED-5046,311.67
jev-score,PLAIN-3392,MED-1637,298.03
jev-score,PLAIN-3392,MED-2155,313.17
jev-score,PLAIN-3392,MED-5244,325.83
jev-score,PLAIN-3392,MED-870,258.38
jev-score,PLAIN-3392,MED-5243,257.83
jev-score,PLAIN-3392,MED-4050,232.96
jev-score,PLAIN-3392,MED-3588,291.8
jev-score,PLAIN-3392,MED-1707,288.39
jev-score,PLAIN-3392,MED-5041,260.96
jev-score,PLAIN-3392,MED-1627,266.4
jev-score,PLAIN-3402,MED-2951,287.47
jev-score,PLAIN-3402,MED-4413,294.99
jev-score,PLAIN-3402,MED-4689,359.25
jev-score,PLAIN-3402,MED-4523,274.24
jev-score,PLAIN-3402,MED-887,318.69
jev-score,PLAIN-3402,MED-5056,307.93
jev-score,PLAIN-3402,MED-2696,262.43
jev-score,PLAIN-3402,MED-2285,338.4
jev-score,PLAIN-3402,MED-4149,298.19
jev-score,PLAIN-3402,MED-4516,296.98
jev-score,PLAIN-3402,MED-2223,272.32
jev-score,PLAIN-3402,MED-4047,260.34
jev-score,PLAIN-3402,MED-2693,341.93
jev-score,PLAIN-3402,MED-3744,264.22
jev-score,PLAIN-3402,MED-2695,311.92
jev-score,PLAIN-3402,MED-4165,275.26
jev-score,PLAIN-3402,MED-4686,271.41
jev-score,PLAIN-3402,MED-4901,252.42
jev-score,PLAIN-3402,MED-4522,268.87
jev-score,PLAIN-3402,MED-3451,288.82
jev-score,PLAIN-3412,MED-4682,344.42
jev-score,PLAIN-3412,MED-3227,301.25
jev-score,PLAIN-3412,MED-3233,268.71
jev-score,PLAIN-3412,MED-4894,261.92
jev-score,PLAIN-3412,MED-936,296.18
jev-score,PLAIN-3412,MED-1339,272.19
jev-score,PLAIN-3412,MED-3229,263.09
jev-score,PLAIN-3412,MED-3216,305.74
jev-score,PLAIN-3412,MED-1135,337.92
jev-score,PLAIN-3412,MED-1791,337.88
jev-score,PLAIN-3412,MED-2053,270.71
jev-score,PLAIN-3412,MED-3232,305.15
jev-score,PLAIN-3412,MED-5192,273.92
jev-score,PLAIN-3412,MED-3918,287.08
jev-score,PLAIN-3412,MED-2264,285.26
jev-score,PLAIN-3412,MED-1136,457.18
jev-score,PLAIN-3412,MED-4898,296.38
jev-score,PLAIN-3412,MED-4469,262.42
jev-score,PLAIN-3412,MED-4373,323.16
jev-score,PLAIN-3412,MED-3215,306.86
jev-score,PLAIN-3422,MED-2761,256.46
jev-score,PLAIN-3422,MED-2762,243.18
jev-score,PLAIN-3422,MED-4930,327.25
jev-score,PLAIN-3422,MED-3157,319.97
jev-score,PLAIN-3422,MED-4872,261.42
jev-score,PLAIN-3422,MED-4929,271.12
jev-score,PLAIN-3422,MED-4645,332.72
jev-score,PLAIN-3422,MED-4566,356.78
jev-score,PLAIN-3422,MED-4511,274.88
jev-score,PLAIN-3422,MED-5136,295.58
jev-score,PLAIN-3422,MED-2452,279.42
jev-score,PLAIN-3422,MED-4366,365.74
jev-score,PLAIN-3422,MED-4373,367.4
jev-score,PLAIN-3422,MED-4873,264.17
jev-score,PLAIN-3422,MED-4647,370.32
jev-score,PLAIN-3422,MED-714,274.73
jev-score,PLAIN-3422,MED-4924,242.45
jev-score,PLAIN-3422,MED-3988,293.63
jev-score,PLAIN-3422,MED-5131,381.71
jev-score,PLAIN-3422,MED-2942,292.83
jev-score,PLAIN-3432,MED-2227,985.92
jev-score,PLAIN-3432,MED-4336,323.19
jev-score,PLAIN-3432,MED-5283,391.91
jev-score,PLAIN-3432,MED-5040,281.79
jev-score,PLAIN-3432,MED-4782,299.33
jev-score,PLAIN-3432,MED-5038,280.85
jev-score,PLAIN-3432,MED-2223,281.99
jev-score,PLAIN-3432,MED-5284,309.02
jev-score,PLAIN-3432,MED-2224,321.61
jev-score,PLAIN-3432,MED-3166,288.07
jev-score,PLAIN-3432,MED-2225,264.36
jev-score,PLAIN-3432,MED-5289,295.89
jev-score,PLAIN-3432,MED-4600,275.36
jev-score,PLAIN-3432,MED-2228,256.99
jev-score,PLAIN-3432,MED-5286,302.88
jev-score,PLAIN-3432,MED-4822,263.89
jev-score,PLAIN-3432,MED-5287,259.75
jev-score,PLAIN-3432,MED-5151,269.84
jev-score,PLAIN-3432,MED-4335,297.49
jev-score,PLAIN-3432,MED-1534,283.14
jev-score,PLAIN-3442,MED-2201,356.27
jev-score,PLAIN-3442,MED-3369,341.58
jev-score,PLAIN-3442,MED-3371,279.62
jev-score,PLAIN-3442,MED-5076,297.75
jev-score,PLAIN-3442,MED-2066,274.47
jev-score,PLAIN-3442,MED-4714,336.62
jev-score,PLAIN-3442,MED-4496,286.14
jev-score,PLAIN-3442,MED-4861,294.1
jev-score,PLAIN-3442,MED-759,285.42
jev-score,PLAIN-3442,MED-3474,277.69
jev-score,PLAIN-3442,MED-3480,271.37
jev-score,PLAIN-3442,MED-2098,267.49
jev-score,PLAIN-3442,MED-1604,299.58
jev-score,PLAIN-3442,MED-3620,281.17
jev-score,PLAIN-3442,MED-3485,271.31
jev-score,PLAIN-3442,MED-5026,287.66
jev-score,PLAIN-3442,MED-3370,360.93
jev-score,PLAIN-3442,MED-4393,301.57
jev-score,PLAIN-3442,MED-2064,292.93
jev-score,PLAIN-3442,MED-1686,303.7
jev-score,PLAIN-3452,MED-1049,434.36
jev-score,PLAIN-3452,MED-5175,263.62
jev-score,PLAIN-3452,MED-1035,287.03
jev-score,PLAIN-3452,MED-1048,255.43
jev-score,PLAIN-3452,MED-1031,331.19
jev-score,PLAIN-3452,MED-4810,238.12
jev-score,PLAIN-3452,MED-1034,265.01
jev-score,PLAIN-3452,MED-1029,298.86
jev-score,PLAIN-3452,MED-4638,401.53
jev-score,PLAIN-3452,MED-2055,291.38
jev-score,PLAIN-3452,MED-1040,257.66
jev-score,PLAIN-3452,MED-2100,306.19
jev-score,PLAIN-3452,MED-4641,269.18
jev-score,PLAIN-3452,MED-1007,343.25
jev-score,PLAIN-3452,MED-4325,311.11
jev-score,PLAIN-3452,MED-949,240.36
jev-score,PLAIN-3452,MED-4637,318.08
jev-score,PLAIN-3452,MED-4517,340.03
jev-score,PLAIN-3452,MED-1033,325.57
jev-score,PLAIN-3452,MED-4639,269.54
jev-score,PLAIN-3462,MED-5271,256.81
jev-score,PLAIN-3462,MED-1373,303.04
jev-score,PLAIN-3462,MED-1390,264.23
jev-score,PLAIN-3462,MED-5260,286.41
jev-score,PLAIN-3462,MED-5274,323.82
jev-score,PLAIN-3462,MED-5263,275.18
jev-score,PLAIN-3462,MED-5269,401.6
jev-score,PLAIN-3462,MED-5153,259.39
jev-score,PLAIN-3462,MED-5273,270.87
jev-score,PLAIN-3462,MED-5268,295.55
jev-score,PLAIN-3462,MED-1363,317.27
jev-score,PLAIN-3462,MED-4006,326.69
jev-score,PLAIN-3462,MED-5272,247.36
jev-score,PLAIN-3462,MED-1394,312.47
jev-score,PLAIN-3462,MED-3432,269.36
jev-score,PLAIN-3462,MED-2378,263.62
jev-score,PLAIN-3462,MED-5262,249.32
jev-score,PLAIN-3462,MED-4249,302.63
jev-score,PLAIN-3462,MED-4709,322.86
jev-score,PLAIN-3462,MED-5261,320.24
jev-score,PLAIN-3472,MED-3755,252.26
jev-score,PLAIN-3472,MED-3760,334.85
jev-score,PLAIN-3472,MED-2928,288.6
jev-score,PLAIN-3472,MED-3757,291.81
jev-score,PLAIN-3472,MED-3759,327.13
jev-score,PLAIN-3472,MED-3604,264.05
jev-score,PLAIN-3472,MED-1350,308.31
jev-score,PLAIN-3472,MED-2525,323.46
jev-score,PLAIN-3472,MED-2112,296.21
jev-score,PLAIN-3472,MED-2923,306.82
jev-score,PLAIN-3472,MED-3625,265.92
jev-score,PLAIN-3472,MED-2082,269.28
jev-score,PLAIN-3472,MED-2284,363.6
jev-score,PLAIN-3472,MED-3603,282.67
jev-score,PLAIN-3472,MED-2527,305.76
jev-score,PLAIN-3472,MED-3636,301.75
jev-score,PLAIN-3472,MED-1097,262.64
jev-score,PLAIN-3472,MED-3374,268.69
jev-score,PLAIN-3472,MED-2744,342.91
jev-score,PLAIN-3472,MED-3382,299.94
cross-encoder,PLAIN-2,MED-14,25.46
cross-encoder,PLAIN-2,MED-2429,9.26
cross-encoder,PLAIN-2,MED-10,8.56
cross-encoder,PLAIN-2,MED-2431,8.52
cross-encoder,PLAIN-2,MED-4827,8.72
cross-encoder,PLAIN-2,MED-2427,8.66
cross-encoder,PLAIN-2,MED-1193,11.14
cross-encoder,PLAIN-2,MED-2434,12.09
cross-encoder,PLAIN-2,MED-2428,10.94
cross-encoder,PLAIN-2,MED-2439,7.41
cross-encoder,PLAIN-2,MED-2440,9.67
cross-encoder,PLAIN-2,MED-3832,9.05
cross-encoder,PLAIN-2,MED-2435,8.6
cross-encoder,PLAIN-2,MED-5116,8.55
cross-encoder,PLAIN-2,MED-2525,8.5
cross-encoder,PLAIN-2,MED-4650,8.57
cross-encoder,PLAIN-2,MED-3551,8.42
cross-encoder,PLAIN-2,MED-4559,8.4
cross-encoder,PLAIN-2,MED-5352,7.67
cross-encoder,PLAIN-2,MED-2103,7.82
cross-encoder,PLAIN-12,MED-2501,6.84
cross-encoder,PLAIN-12,MED-4711,7.87
cross-encoder,PLAIN-12,MED-2603,6.73
cross-encoder,PLAIN-12,MED-4698,8.22
cross-encoder,PLAIN-12,MED-1167,8.69
cross-encoder,PLAIN-12,MED-2519,7.67
cross-encoder,PLAIN-12,MED-2502,6.84
cross-encoder,PLAIN-12,MED-2325,7.66
cross-encoder,PLAIN-12,MED-2333,6.99
cross-encoder,PLAIN-12,MED-2514,7.64
cross-encoder,PLAIN-12,MED-4884,7.66
cross-encoder,PLAIN-12,MED-2510,7.46
cross-encoder,PLAIN-12,MED-5042,7.07
cross-encoder,PLAIN-12,MED-2136,7.97
cross-encoder,PLAIN-12,MED-2498,6.71
cross-encoder,PLAIN-12,MED-4156,7.65
cross-encoder,PLAIN-12,MED-4699,7.58
cross-encoder,PLAIN-12,MED-1376,7.68
cross-encoder,PLAIN-12,MED-4115,7.38
cross-encoder,PLAIN-12,MED-2815,7.68
cross-encoder,PLAIN-23,MED-2658,7.67
cross-encoder,PLAIN-23,MED-118,8.15
cross-encoder,PLAIN-23,MED-2651,8.11
cross-encoder,PLAIN-23,MED-1174,7.6
cross-encoder,PLAIN-23,MED-1961,6.65
cross-encoder,PLAIN-23,MED-1164,6.73
cross-encoder,PLAIN-23,MED-1169,6.75
cross-encoder,PLAIN-23,MED-3498,6.9
cross-encoder,PLAIN-23,MED-2661,7.1
cross-encoder,PLAIN-23,MED-999,6.63
cross-encoder,PLAIN-23,MED-3102,6.93
cross-encoder,PLAIN-23,MED-3925,6.82
cross-encoder,PLAIN-23,MED-1172,6.61
cross-encoder,PLAIN-23,MED-2212,6.48
cross-encoder,PLAIN-23,MED-835,7.49
cross-encoder,PLAIN-23,MED-1004,6.95
cross-encoder,PLAIN-23,MED-1831,6.67
cross-encoder,PLAIN-23,MED-1221,7.07
cross-encoder,PLAIN-23,MED-2643,6.88
cross-encoder,PLAIN-23,MED-1845,7.0
cross-encoder,PLAIN-33,MED-1056,7.91
cross-encoder,PLAIN-33,MED-2763,6.81
cross-encoder,PLAIN-33,MED-1448,6.59
cross-encoder,PLAIN-33,MED-2162,6.7
cross-encoder,PLAIN-33,MED-1334,6.96
cross-encoder,PLAIN-33,MED-1468,6.93
cross-encoder,PLAIN-33,MED-1366,7.08
cross-encoder,PLAIN-33,MED-2717,7.23
cross-encoder,PLAIN-33,MED-1994,6.89
cross-encoder,PLAIN-33,MED-2718,6.88
cross-encoder,PLAIN-33,MED-5299,6.59
cross-encoder,PLAIN-33,MED-4699,6.72
cross-encoder,PLAIN-33,MED-4891,7.17
cross-encoder,PLAIN-33,MED-1718,7.04
cross-encoder,PLAIN-33,MED-1506,6.77
cross-encoder,PLAIN-33,MED-3052,6.84
cross-encoder,PLAIN-33,MED-5311,6.68
cross-encoder,PLAIN-33,MED-1230,6.67
cross-encoder,PLAIN-33,MED-3055,7.0
cross-encoder,PLAIN-33,MED-1707,6.57
cross-encoder,PLAIN-44,MED-1811,6.62
cross-encoder,PLAIN-44,MED-2791,6.93
cross-encoder,PLAIN-44,MED-2607,6.53
cross-encoder,PLAIN-44,MED-2810,6.61
cross-encoder,PLAIN-44,MED-2783,6.8
cross-encoder,PLAIN-44,MED-2821,6.95
cross-encoder,PLAIN-44,MED-2817,6.66
cross-encoder,PLAIN-44,MED-2800,7.09
cross-encoder,PLAIN-44,MED-2812,7.1
cross-encoder,PLAIN-44,MED-2818,6.58
cross-encoder,PLAIN-44,MED-2786,6.93
cross-encoder,PLAIN-44,MED-2782,6.92
cross-encoder,PLAIN-44,MED-2785,8.35
cross-encoder,PLAIN-44,MED-2815,9.34
cross-encoder,PLAIN-44,MED-2604,8.5
cross-encoder,PLAIN-44,MED-2823,7.06
cross-encoder,PLAIN-44,MED-2240,7.24
cross-encoder,PLAIN-44,MED-1948,7.63
cross-encoder,PLAIN-44,MED-2814,6.84
cross-encoder,PLAIN-44,MED-2602,7.38
cross-encoder,PLAIN-56,MED-2896,6.53
cross-encoder,PLAIN-56,MED-2901,6.9
cross-encoder,PLAIN-56,MED-2900,6.64
cross-encoder,PLAIN-56,MED-4384,7.07
cross-encoder,PLAIN-56,MED-5247,6.87
cross-encoder,PLAIN-56,MED-2894,6.91
cross-encoder,PLAIN-56,MED-5246,7.03
cross-encoder,PLAIN-56,MED-4028,6.83
cross-encoder,PLAIN-56,MED-2380,6.84
cross-encoder,PLAIN-56,MED-4554,6.89
cross-encoder,PLAIN-56,MED-5134,6.56
cross-encoder,PLAIN-56,MED-2895,6.84
cross-encoder,PLAIN-56,MED-2888,7.0
cross-encoder,PLAIN-56,MED-3356,6.92
cross-encoder,PLAIN-56,MED-2886,7.08
cross-encoder,PLAIN-56,MED-3770,6.96
cross-encoder,PLAIN-56,MED-1178,6.67
cross-encoder,PLAIN-56,MED-5218,6.56
cross-encoder,PLAIN-56,MED-3786,6.63
cross-encoder,PLAIN-56,MED-3397,6.87
cross-encoder,PLAIN-68,MED-2991,6.62
cross-encoder,PLAIN-68,MED-2492,6.6
cross-encoder,PLAIN-68,MED-4800,6.91
cross-encoder,PLAIN-68,MED-1801,6.56
cross-encoder,PLAIN-68,MED-4429,6.63
cross-encoder,PLAIN-68,MED-3086,6.56
cross-encoder,PLAIN-68,MED-1962,6.64
cross-encoder,PLAIN-68,MED-3095,6.92
cross-encoder,PLAIN-68,MED-1956,6.99
cross-encoder,PLAIN-68,MED-4626,6.97
cross-encoder,PLAIN-68,MED-2745,6.92
cross-encoder,PLAIN-68,MED-2339,6.62
cross-encoder,PLAIN-68,MED-2168,6.97
cross-encoder,PLAIN-68,MED-2736,6.58
cross-encoder,PLAIN-68,MED-4978,6.89
cross-encoder,PLAIN-68,MED-3651,8.31
cross-encoder,PLAIN-68,MED-4972,6.68
cross-encoder,PLAIN-68,MED-4428,6.62
cross-encoder,PLAIN-68,MED-3889,6.59
cross-encoder,PLAIN-68,MED-733,6.81
cross-encoder,PLAIN-78,MED-5110,7.04
cross-encoder,PLAIN-78,MED-4746,6.72
cross-encoder,PLAIN-78,MED-2671,6.61
cross-encoder,PLAIN-78,MED-4318,6.92
cross-encoder,PLAIN-78,MED-1601,7.16
cross-encoder,PLAIN-78,MED-3499,10.43
cross-encoder,PLAIN-78,MED-335,10.98
cross-encoder,PLAIN-78,MED-4145,12.42
cross-encoder,PLAIN-78,MED-1407,6.91
cross-encoder,PLAIN-78,MED-4493,6.89
cross-encoder,PLAIN-78,MED-4182,6.88
cross-encoder,PLAIN-78,MED-5326,7.0
cross-encoder,PLAIN-78,MED-4814,6.94
cross-encoder,PLAIN-78,MED-2219,6.59
cross-encoder,PLAIN-78,MED-3494,6.6
cross-encoder,PLAIN-78,MED-1540,6.79
cross-encoder,PLAIN-78,MED-5235,7.22
cross-encoder,PLAIN-78,MED-1366,6.43
cross-encoder,PLAIN-78,MED-4087,6.55
cross-encoder,PLAIN-78,MED-1600,6.92
cross-encoder,PLAIN-91,MED-3288,6.72
cross-encoder,PLAIN-91,MED-4963,7.16
cross-encoder,PLAIN-91,MED-4818,6.72
cross-encoder,PLAIN-91,MED-3171,7.0
cross-encoder,PLAIN-91,MED-1979,6.76
cross-encoder,PLAIN-91,MED-1977,6.63
cross-encoder,PLAIN-91,MED-3319,6.77
cross-encoder,PLAIN-91,MED-3515,6.78
cross-encoder,PLAIN-91,MED-3169,6.66
cross-encoder,PLAIN-91,MED-3175,6.67
cross-encoder,PLAIN-91,MED-3178,6.65
cross-encoder,PLAIN-91,MED-4138,6.51
cross-encoder,PLAIN-91,MED-4797,7.0
cross-encoder,PLAIN-91,MED-3307,6.79
cross-encoder,PLAIN-91,MED-1983,6.79
cross-encoder,PLAIN-91,MED-2346,6.77
cross-encoder,PLAIN-91,MED-4957,6.74
cross-encoder,PLAIN-91,MED-2352,7.17
cross-encoder,PLAIN-91,MED-4134,6.63
cross-encoder,PLAIN-91,MED-4814,6.55
cross-encoder,PLAIN-102,MED-3954,6.6
cross-encoder,PLAIN-102,MED-3253,6.54
cross-encoder,PLAIN-102,MED-1366,6.72
cross-encoder,PLAIN-102,MED-2590,6.56
cross-encoder,PLAIN-102,MED-4247,6.61
cross-encoder,PLAIN-102,MED-4616,6.88
cross-encoder,PLAIN-102,MED-1548,6.81
cross-encoder,PLAIN-102,MED-4255,6.55
cross-encoder,PLAIN-102,MED-4613,7.31
cross-encoder,PLAIN-102,MED-2476,6.54
cross-encoder,PLAIN-102,MED-2111,6.67
cross-encoder,PLAIN-102,MED-1987,6.52
cross-encoder,PLAIN-102,MED-1409,6.9
cross-encoder,PLAIN-102,MED-1190,6.71
cross-encoder,PLAIN-102,MED-1991,6.86
cross-encoder,PLAIN-102,MED-4680,6.83
cross-encoder,PLAIN-102,MED-1997,6.82
cross-encoder,PLAIN-102,MED-1996,9.27
cross-encoder,PLAIN-102,MED-1381,9.44
cross-encoder,PLAIN-102,MED-4243,6.97
cross-encoder,PLAIN-112,MED-3380,7.67
cross-encoder,PLAIN-112,MED-3382,7.01
cross-encoder,PLAIN-112,MED-2618,6.84
cross-encoder,PLAIN-112,MED-1153,6.6
cross-encoder,PLAIN-112,MED-4655,7.49
cross-encoder,PLAIN-112,MED-2616,6.67
cross-encoder,PLAIN-112,MED-4604,6.91
cross-encoder,PLAIN-112,MED-3381,6.57
cross-encoder,PLAIN-112,MED-3383,6.72
cross-encoder,PLAIN-112,MED-3351,6.63
cross-encoder,PLAIN-112,MED-2059,7.02
cross-encoder,PLAIN-112,MED-2063,6.98
cross-encoder,PLAIN-112,MED-3050,7.06
cross-encoder,PLAIN-112,MED-2036,6.71
cross-encoder,PLAIN-112,MED-5063,6.1
cross-encoder,PLAIN-112,MED-5062,6.88
cross-encoder,PLAIN-112,MED-2619,6.63
cross-encoder,PLAIN-112,MED-906,6.61
cross-encoder,PLAIN-112,MED-2643,6.97
cross-encoder,PLAIN-112,MED-1502,6.65
cross-encoder,PLAIN-123,MED-4392,6.62
cross-encoder,PLAIN-123,MED-3483,6.61
cross-encoder,PLAIN-123,MED-2083,6.78
cross-encoder,PLAIN-123,MED-2265,6.81
cross-encoder,PLAIN-123,MED-4804,6.6
cross-encoder,PLAIN-123,MED-1982,6.44
cross-encoder,PLAIN-123,MED-2707,6.91
cross-encoder,PLAIN-123,MED-2711,6.68
cross-encoder,PLAIN-123,MED-2803,7.21
cross-encoder,PLAIN-123,MED-2713,6.77
cross-encoder,PLAIN-123,MED-3474,6.64
cross-encoder,PLAIN-123,MED-2073,7.04
cross-encoder,PLAIN-123,MED-4256,6.72
cross-encoder,PLAIN-123,MED-4969,8.18
cross-encoder,PLAIN-123,MED-3204,6.81
cross-encoder,PLAIN-123,MED-3210,6.54
cross-encoder,PLAIN-123,MED-4429,6.65
cross-encoder,PLAIN-123,MED-1020,7.12
cross-encoder,PLAIN-123,MED-3476,6.66
cross-encoder,PLAIN-123,MED-2336,6.73
cross-encoder,PLAIN-133,MED-2513,6.61
cross-encoder,PLAIN-133,MED-4116,6.75
cross-encoder,PLAIN-133,MED-2357,6.74
cross-encoder,PLAIN-133,MED-4464,6.55
cross-encoder,PLAIN-133,MED-5034,6.62
cross-encoder,PLAIN-133,MED-2993,6.96
cross-encoder,PLAIN-133,MED-3280,6.6
cross-encoder,PLAIN-133,MED-2129,6.85
cross-encoder,PLAIN-133,MED-1666,6.57
cross-encoder,PLAIN-133,MED-2923,6.56
cross-encoder,PLAIN-133,MED-4095,6.75
cross-encoder,PLAIN-133,MED-5292,6.59
cross-encoder,PLAIN-133,MED-1665,6.8
cross-encoder,PLAIN-133,MED-3311,6.69
cross-encoder,PLAIN-133,MED-2751,6.62
cross-encoder,PLAIN-133,MED-5032,6.69
cross-encoder,PLAIN-133,MED-4423,6.58
cross-encoder,PLAIN-133,MED-2577,6.81
cross-encoder,PLAIN-133,MED-3277,6.59
cross-encoder,PLAIN-133,MED-1719,6.48
cross-encoder,PLAIN-143,MED-3621,6.74
cross-encoder,PLAIN-143,MED-3618,6.5
cross-encoder,PLAIN-143,MED-2093,6.8
cross-encoder,PLAIN-143,MED-3619,6.65
cross-encoder,PLAIN-143,MED-872,6.9
cross-encoder,PLAIN-143,MED-4036,7.27
cross-encoder,PLAIN-143,MED-4028,6.64
cross-encoder,PLAIN-143,MED-1858,6.52
cross-encoder,PLAIN-143,MED-4026,7.16
cross-encoder,PLAIN-143,MED-859,7.45
cross-encoder,PLAIN-143,MED-3639,6.55
cross-encoder,PLAIN-143,MED-4027,6.67
cross-encoder,PLAIN-143,MED-3640,6.89
cross-encoder,PLAIN-143,MED-1857,6.57
cross-encoder,PLAIN-143,MED-4019,6.82
cross-encoder,PLAIN-143,MED-2982,6.7
cross-encoder,PLAIN-143,MED-4034,7.03
cross-encoder,PLAIN-143,MED-2096,6.55
cross-encoder,PLAIN-143,MED-2094,6.62
cross-encoder,PLAIN-143,MED-4373,6.69
cross-encoder,PLAIN-153,MED-3677,6.58
cross-encoder,PLAIN-153,MED-3695,6.91
cross-encoder,PLAIN-153,MED-3692,7.08
cross-encoder,PLAIN-153,MED-3690,7.07
cross-encoder,PLAIN-153,MED-3680,6.6
cross-encoder,PLAIN-153,MED-3679,6.73
cross-encoder,PLAIN-153,MED-3691,6.84
cross-encoder,PLAIN-153,MED-3693,6.76
cross-encoder,PLAIN-153,MED-2105,6.64
cross-encoder,PLAIN-153,MED-4266,6.66
cross-encoder,PLAIN-153,MED-3673,6.94
cross-encoder,PLAIN-153,MED-4762,10.53
cross-encoder,PLAIN-153,MED-4760,10.74
cross-encoder,PLAIN-153,MED-3683,11.83
cross-encoder,PLAIN-153,MED-1413,8.21
cross-encoder,PLAIN-153,MED-4442,6.75
cross-encoder,PLAIN-153,MED-1981,6.74
cross-encoder,PLAIN-153,MED-3967,6.67
cross-encoder,PLAIN-153,MED-3688,7.26
cross-encoder,PLAIN-153,MED-1248,6.76
cross-encoder,PLAIN-165,MED-4445,6.78
cross-encoder,PLAIN-165,MED-3766,6.88
cross-encoder,PLAIN-165,MED-3767,9.1
cross-encoder,PLAIN-165,MED-3696,8.65
cross-encoder,PLAIN-165,MED-3762,8.37
cross-encoder,PLAIN-165,MED-2437,6.6
cross-encoder,PLAIN-165,MED-3768,6.56
cross-encoder,PLAIN-165,MED-1564,6.59
cross-encoder,PLAIN-165,MED-4450,6.59
cross-encoder,PLAIN-165,MED-3855,6.62
cross-encoder,PLAIN-165,MED-3765,6.59
cross-encoder,PLAIN-165,MED-4096,6.52
cross-encoder,PLAIN-165,MED-3205,6.62
cross-encoder,PLAIN-165,MED-3697,6.59
cross-encoder,PLAIN-165,MED-3844,6.6
cross-encoder,PLAIN-165,MED-3832,6.65
cross-encoder,PLAIN-165,MED-2258,6.64
cross-encoder,PLAIN-165,MED-3447,6.77
cross-encoder,PLAIN-165,MED-2237,6.61
cross-encoder,PLAIN-165,MED-3701,6.54
cross-encoder,PLAIN-175,MED-3818,6.61
cross-encoder,PLAIN-175,MED-3822,6.6
cross-encoder,PLAIN-175,MED-3816,6.69
cross-encoder,PLAIN-175,MED-4515,7.1
cross-encoder,PLAIN-175,MED-2459,6.69
cross-encoder,PLAIN-175,MED-2529,6.84
cross-encoder,PLAIN-175,MED-4985,6.71
cross-encoder,PLAIN-175,MED-1445,6.56
cross-encoder,PLAIN-175,MED-4239,6.56
cross-encoder,PLAIN-175,MED-836,6.57
cross-encoder,PLAIN-175,MED-5262,6.54
cross-encoder,PLAIN-175,MED-825,6.89
cross-encoder,PLAIN-175,MED-4710,8.52
cross-encoder,PLAIN-175,MED-2148,7.26
cross-encoder,PLAIN-175,MED-2008,7.07
cross-encoder,PLAIN-175,MED-1450,6.65
cross-encoder,PLAIN-175,MED-4299,6.62
cross-encoder,PLAIN-175,MED-1258,6.82
cross-encoder,PLAIN-175,MED-5200,6.65
cross-encoder,PLAIN-175,MED-4154,7.19
cross-encoder,PLAIN-186,MED-2054,6.74
cross-encoder,PLAIN-186,MED-3904,6.74
cross-encoder,PLAIN-186,MED-949,7.8
cross-encoder,PLAIN-186,MED-2057,6.66
cross-encoder,PLAIN-186,MED-2059,6.6
cross-encoder,PLAIN-186,MED-2203,6.59
cross-encoder,PLAIN-186,MED-2053,6.75
cross-encoder,PLAIN-186,MED-1031,6.59
cross-encoder,PLAIN-186,MED-2055,6.81
cross-encoder,PLAIN-186,MED-1017,6.61
cross-encoder,PLAIN-186,MED-2058,6.71
cross-encoder,PLAIN-186,MED-2062,6.65
cross-encoder,PLAIN-186,MED-2060,6.71
cross-encoder,PLAIN-186,MED-4325,6.86
cross-encoder,PLAIN-186,MED-1006,6.64
cross-encoder,PLAIN-186,MED-5005,6.8
cross-encoder,PLAIN-186,MED-2061,7.07
cross-encoder,PLAIN-186,MED-4638,7.13
cross-encoder,PLAIN-186,MED-3933,6.44
cross-encoder,PLAIN-186,MED-1016,6.28
cross-encoder,PLAIN-196,MED-3969,6.81
cross-encoder,PLAIN-196,MED-3970,6.68
cross-encoder,PLAIN-196,MED-3963,6.6
cross-encoder,PLAIN-196,MED-895,6.63
cross-encoder,PLAIN-196,MED-1185,6.63
cross-encoder,PLAIN-196,MED-4602,6.55
cross-encoder,PLAIN-196,MED-855,6.76
cross-encoder,PLAIN-196,MED-2994,6.71
cross-encoder,PLAIN-196,MED-3619,7.21
cross-encoder,PLAIN-196,MED-3606,6.66
cross-encoder,PLAIN-196,MED-3964,6.67
cross-encoder,PLAIN-196,MED-2643,6.65
cross-encoder,PLAIN-196,MED-3960,6.58
cross-encoder,PLAIN-196,MED-4949,7.66
cross-encoder,PLAIN-196,MED-5059,7.33
cross-encoder,PLAIN-196,MED-859,7.07
cross-encoder,PLAIN-196,MED-4391,6.76
cross-encoder,PLAIN-196,MED-3022,6.51
cross-encoder,PLAIN-196,MED-4479,6.67
cross-encoder,PLAIN-196,MED-5133,7.24
cross-encoder,PLAIN-207,MED-5197,6.96
cross-encoder,PLAIN-207,MED-3000,6.66
cross-encoder,PLAIN-207,MED-4057,6.59
cross-encoder,PLAIN-207,MED-4482,6.63
cross-encoder,PLAIN-207,MED-4053,7.1
cross-encoder,PLAIN-207,MED-4040,6.6
cross-encoder,PLAIN-207,MED-5326,6.64
cross-encoder,PLAIN-207,MED-4976,7.05
cross-encoder,PLAIN-207,MED-2168,7.38
cross-encoder,PLAIN-207,MED-847,6.89
cross-encoder,PLAIN-207,MED-4972,6.73
cross-encoder,PLAIN-207,MED-4485,6.77
cross-encoder,PLAIN-207,MED-4060,6.64
cross-encoder,PLAIN-207,MED-4451,6.72
cross-encoder,PLAIN-207,MED-5188,6.82
cross-encoder,PLAIN-207,MED-4493,6.86
cross-encoder,PLAIN-207,MED-2492,6.62
cross-encoder,PLAIN-207,MED-4492,6.66
cross-encoder,PLAIN-207,MED-1165,7.07
cross-encoder,PLAIN-207,MED-3311,6.69
cross-encoder,PLAIN-217,MED-4831,6.74
cross-encoder,PLAIN-217,MED-1991,6.64
cross-encoder,PLAIN-217,MED-4389,6.73
cross-encoder,PLAIN-217,MED-4206,7.3
cross-encoder,PLAIN-217,MED-1386,6.62
cross-encoder,PLAIN-217,MED-1319,6.63
cross-encoder,PLAIN-217,MED-4687,6.8
cross-encoder,PLAIN-217,MED-1258,6.95
cross-encoder,PLAIN-217,MED-4349,6.51
cross-encoder,PLAIN-217,MED-4515,6.83
cross-encoder,PLAIN-217,MED-2444,6.7
cross-encoder,PLAIN-217,MED-2951,6.55
cross-encoder,PLAIN-217,MED-4689,6.7
cross-encoder,PLAIN-217,MED-5069,6.6
cross-encoder,PLAIN-217,MED-1445,6.65
cross-encoder,PLAIN-217,MED-4255,6.81
cross-encoder,PLAIN-217,MED-4613,7.07
cross-encoder,PLAIN-217,MED-2578,6.91
cross-encoder,PLAIN-217,MED-2439,6.88
cross-encoder,PLAIN-217,MED-4846,6.7
cross-encoder,PLAIN-227,MED-3534,6.57
cross-encoder,PLAIN-227,MED-4830,6.62
cross-encoder,PLAIN-227,MED-3459,6.64
cross-encoder,PLAIN-227,MED-4829,6.66
cross-encoder,PLAIN-227,MED-1491,6.99
cross-encoder,PLAIN-227,MED-3466,7.1
cross-encoder,PLAIN-227,MED-3462,6.76
cross-encoder,PLAIN-227,MED-4405,6.81
cross-encoder,PLAIN-227,MED-3460,6.63
cross-encoder,PLAIN-227,MED-3499,7.2
cross-encoder,PLAIN-227,MED-2271,6.74
cross-encoder,PLAIN-227,MED-3453,6.64
cross-encoder,PLAIN-227,MED-1466,7.79
cross-encoder,PLAIN-227,MED-1474,8.55
cross-encoder,PLAIN-227,MED-4828,6.62
cross-encoder,PLAIN-227,MED-3165,6.56
cross-encoder,PLAIN-227,MED-923,6.85
cross-encoder,PLAIN-227,MED-1460,10.52
cross-encoder,PLAIN-227,MED-4145,10.56
cross-encoder,PLAIN-227,MED-4508,11.29
cross-encoder,PLAIN-238,MED-5104,7.0
cross-encoder,PLAIN-238,MED-3630,6.85
cross-encoder,PLAIN-238,MED-2105,6.62
cross-encoder,PLAIN-238,MED-4976,7.36
cross-encoder,PLAIN-238,MED-4739,6.8
cross-encoder,PLAIN-238,MED-4381,6.6
cross-encoder,PLAIN-238,MED-2994,6.52
cross-encoder,PLAIN-238,MED-2627,6.58
cross-encoder,PLAIN-238,MED-4949,6.63
cross-encoder,PLAIN-238,MED-4451,6.68
cross-encoder,PLAIN-238,MED-999,6.57
cross-encoder,PLAIN-238,MED-4181,6.7
cross-encoder,PLAIN-238,MED-2746,6.68
cross-encoder,PLAIN-238,MED-4911,6.55
cross-encoder,PLAIN-238,MED-2391,6.73
cross-encoder,PLAIN-238,MED-4465,6.85
cross-encoder,PLAIN-238,MED-5224,6.64
cross-encoder,PLAIN-238,MED-3880,6.61
cross-encoder,PLAIN-238,MED-956,6.67
cross-encoder,PLAIN-238,MED-2643,6.66
cross-encoder,PLAIN-248,MED-4233,6.62
cross-encoder,PLAIN-248,MED-3874,6.77
cross-encoder,PLAIN-248,MED-3790,6.58
cross-encoder,PLAIN-248,MED-4885,6.67
cross-encoder,PLAIN-248,MED-4886,6.66
cross-encoder,PLAIN-248,MED-3243,6.66
cross-encoder,PLAIN-248,MED-3789,6.75
cross-encoder,PLAIN-248,MED-5337,6.55
cross-encoder,PLAIN-248,MED-5356,6.75
cross-encoder,PLAIN-248,MED-3877,6.64
cross-encoder,PLAIN-248,MED-5355,6.72
cross-encoder,PLAIN-248,MED-861,6.79
cross-encoder,PLAIN-248,MED-4888,6.67
cross-encoder,PLAIN-248,MED-3245,6.78
cross-encoder,PLAIN-248,MED-3878,6.78
cross-encoder,PLAIN-248,MED-3782,6.57
cross-encoder,PLAIN-248,MED-865,6.55
cross-encoder,PLAIN-248,MED-5192,6.67
cross-encoder,PLAIN-248,MED-2769,6.57
cross-encoder,PLAIN-248,MED-4898,7.43
cross-encoder,PLAIN-259,MED-4295,9.48
cross-encoder,PLAIN-259,MED-4296,9.0
cross-encoder,PLAIN-259,MED-4913,7.12
cross-encoder,PLAIN-259,MED-752,7.5
cross-encoder,PLAIN-259,MED-3492,7.94
cross-encoder,PLAIN-259,MED-2430,6.75
cross-encoder,PLAIN-259,MED-3530,6.92
cross-encoder,PLAIN-259,MED-5165,6.75
cross-encoder,PLAIN-259,MED-5115,6.6
cross-encoder,PLAIN-259,MED-5069,6.62
cross-encoder,PLAIN-259,MED-3521,6.66
cross-encoder,PLAIN-259,MED-3606,7.21
cross-encoder,PLAIN-259,MED-1444,6.74
cross-encoder,PLAIN-259,MED-3688,6.83
cross-encoder,PLAIN-259,MED-3144,6.79
cross-encoder,PLAIN-259,MED-2235,6.8
cross-encoder,PLAIN-259,MED-4739,6.94
cross-encoder,PLAIN-259,MED-3854,6.71
cross-encoder,PLAIN-259,MED-862,6.63
cross-encoder,PLAIN-259,MED-2233,6.58
cross-encoder,PLAIN-270,MED-4331,6.89
cross-encoder,PLAIN-270,MED-1640,6.67
cross-encoder,PLAIN-270,MED-1645,6.87
cross-encoder,PLAIN-270,MED-4776,6.56
cross-encoder,PLAIN-270,MED-5245,6.86
cross-encoder,PLAIN-270,MED-1648,6.74
cross-encoder,PLAIN-270,MED-898,6.59
cross-encoder,PLAIN-270,MED-1635,6.86
cross-encoder,PLAIN-270,MED-5123,7.08
cross-encoder,PLAIN-270,MED-5047,6.75
cross-encoder,PLAIN-270,MED-5050,6.7
cross-encoder,PLAIN-270,MED-4713,6.97
cross-encoder,PLAIN-270,MED-1631,6.61
cross-encoder,PLAIN-270,MED-1647,6.64
cross-encoder,PLAIN-270,MED-4365,6.62
cross-encoder,PLAIN-270,MED-1637,6.6
cross-encoder,PLAIN-270,MED-5247,6.88
cross-encoder,PLAIN-270,MED-4902,6.91
cross-encoder,PLAIN-270,MED-4097,6.59
cross-encoder,PLAIN-270,MED-878,6.73
cross-encoder,PLAIN-280,MED-4376,6.76
cross-encoder,PLAIN-280,MED-5097,6.64
cross-encoder,PLAIN-280,MED-3023,6.59
cross-encoder,PLAIN-280,MED-3595,6.73
cross-encoder,PLAIN-280,MED-4739,6.79
cross-encoder,PLAIN-280,MED-2906,6.81
cross-encoder,PLAIN-280,MED-3020,6.85
cross-encoder,PLAIN-280,MED-3013,6.43
cross-encoder,PLAIN-280,MED-4949,6.63
cross-encoder,PLAIN-280,MED-3025,6.98
cross-encoder,PLAIN-280,MED-3034,6.74
cross-encoder,PLAIN-280,MED-4733,8.27
cross-encoder,PLAIN-280,MED-3026,6.86
cross-encoder,PLAIN-280,MED-2904,6.6
cross-encoder,PLAIN-280,MED-2905,6.7
cross-encoder,PLAIN-280,MED-4948,6.61
cross-encoder,PLAIN-280,MED-3032,6.58
cross-encoder,PLAIN-280,MED-2386,6.58
cross-encoder,PLAIN-280,MED-4947,6.78
cross-encoder,PLAIN-280,MED-4370,6.53
cross-encoder,PLAIN-291,MED-4517,6.86
cross-encoder,PLAIN-291,MED-4639,6.69
cross-encoder,PLAIN-291,MED-3860,6.85
cross-encoder,PLAIN-291,MED-2437,6.58
cross-encoder,PLAIN-291,MED-3858,6.61
cross-encoder,PLAIN-291,MED-1038,6.62
cross-encoder,PLAIN-291,MED-2424,6.71
cross-encoder,PLAIN-291,MED-2423,7.03
cross-encoder,PLAIN-291,MED-3696,6.86
cross-encoder,PLAIN-291,MED-5182,6.66
cross-encoder,PLAIN-291,MED-1826,6.66
cross-encoder,PLAIN-291,MED-4050,8.0
cross-encoder,PLAIN-291,MED-3862,6.77
cross-encoder,PLAIN-291,MED-1048,6.65
cross-encoder,PLAIN-291,MED-3845,6.66
cross-encoder,PLAIN-291,MED-4643,6.57
cross-encoder,PLAIN-291,MED-5352,6.57
cross-encoder,PLAIN-291,MED-2417,6.55
cross-encoder,PLAIN-291,MED-5066,6.84
cross-encoder,PLAIN-291,MED-3848,6.62
cross-encoder,PLAIN-307,MED-714,6.78
cross-encoder,PLAIN-307,MED-3990,6.68
cross-encoder,PLAIN-307,MED-919,6.54
cross-encoder,PLAIN-307,MED-3987,6.6
cross-encoder,PLAIN-307,MED-4872,6.6
cross-encoder,PLAIN-307,MED-921,6.63
cross-encoder,PLAIN-307,MED-4566,6.76
cross-encoder,PLAIN-307,MED-3988,6.89
cross-encoder,PLAIN-307,MED-4574,7.55
cross-encoder,PLAIN-307,MED-3991,6.97
cross-encoder,PLAIN-307,MED-920,6.71
cross-encoder,PLAIN-307,MED-4573,6.81
cross-encoder,PLAIN-307,MED-716,6.61
cross-encoder,PLAIN-307,MED-2765,6.56
cross-encoder,PLAIN-307,MED-962,7.35
cross-encoder,PLAIN-307,MED-4575,7.89
cross-encoder,PLAIN-307,MED-4570,6.74
cross-encoder,PLAIN-307,MED-862,6.75
cross-encoder,PLAIN-307,MED-3986,6.91
cross-encoder,PLAIN-307,MED-3985,6.64
cross-encoder,PLAIN-320,MED-2437,6.63
cross-encoder,PLAIN-320,MED-4450,6.57
cross-encoder,PLAIN-320,MED-5066,6.61
cross-encoder,PLAIN-320,MED-2417,9.37
cross-encoder,PLAIN-320,MED-2424,10.89
cross-encoder,PLAIN-320,MED-3123,12.07
cross-encoder,PLAIN-320,MED-3834,10.08
cross-encoder,PLAIN-320,MED-3830,8.66
cross-encoder,PLAIN-320,MED-1564,6.88
cross-encoder,PLAIN-320,MED-3862,6.8
cross-encoder,PLAIN-320,MED-5352,6.81
cross-encoder,PLAIN-320,MED-3698,6.55
cross-encoder,PLAIN-320,MED-3799,6.58
cross-encoder,PLAIN-320,MED-3791,6.5
cross-encoder,PLAIN-320,MED-1826,6.62
cross-encoder,PLAIN-320,MED-2423,6.6
cross-encoder,PLAIN-320,MED-5111,6.53
cross-encoder,PLAIN-320,MED-4787,6.59
cross-encoder,PLAIN-320,MED-3551,6.53
cross-encoder,PLAIN-320,MED-3832,6.57
cross-encoder,PLAIN-332,MED-760,7.16
cross-encoder,PLAIN-332,MED-2951,6.6
cross-encoder,PLAIN-332,MED-4689,6.63
cross-encoder,PLAIN-332,MED-5265,6.91
cross-encoder,PLAIN-332,MED-5263,6.75
cross-encoder,PLAIN-332,MED-2697,6.9
cross-encoder,PLAIN-332,MED-5271,9.09
cross-encoder,PLAIN-332,MED-2830,9.02
cross-encoder,PLAIN-332,MED-2459,6.85
cross-encoder,PLAIN-332,MED-2970,6.68
cross-encoder,PLAIN-332,MED-5137,6.86
cross-encoder,PLAIN-332,MED-2458,6.86
cross-encoder,PLAIN-332,MED-2972,6.71
cross-encoder,PLAIN-332,MED-5277,6.6
cross-encoder,PLAIN-332,MED-4320,7.05
cross-encoder,PLAIN-332,MED-4006,6.7
cross-encoder,PLAIN-332,MED-3925,6.66
cross-encoder,PLAIN-332,MED-5013,6.71
cross-encoder,PLAIN-332,MED-3942,6.62
cross-encoder,PLAIN-332,MED-4005,6.94
cross-encoder,PLAIN-344,MED-1961,6.48
cross-encoder,PLAIN-344,MED-2388,6.63
cross-encoder,PLAIN-344,MED-1962,6.57
cross-encoder,PLAIN-344,MED-5238,6.71
cross-encoder,PLAIN-344,MED-1062,6.63
cross-encoder,PLAIN-344,MED-1468,7.71
cross-encoder,PLAIN-344,MED-4735,6.85
cross-encoder,PLAIN-344,MED-1681,6.6
cross-encoder,PLAIN-344,MED-1063,6.61
cross-encoder,PLAIN-344,MED-4333,8.44
cross-encoder,PLAIN-344,MED-1611,6.63
cross-encoder,PLAIN-344,MED-5102,6.98
cross-encoder,PLAIN-344,MED-1238,6.81
cross-encoder,PLAIN-344,MED-4559,6.57
cross-encoder,PLAIN-344,MED-2850,6.73
cross-encoder,PLAIN-344,MED-1457,7.24
cross-encoder,PLAIN-344,MED-2146,6.72
cross-encoder,PLAIN-344,MED-5105,6.93
cross-encoder,PLAIN-344,MED-4984,6.62
cross-encoder,PLAIN-344,MED-4299,6.57
cross-encoder,PLAIN-358,MED-3788,6.74
cross-encoder,PLAIN-358,MED-2762,6.84
cross-encoder,PLAIN-358,MED-1366,7.11
cross-encoder,PLAIN-358,MED-2163,6.79
cross-encoder,PLAIN-358,MED-5161,6.69
cross-encoder,PLAIN-358,MED-4578,6.96
cross-encoder,PLAIN-358,MED-2753,6.68
cross-encoder,PLAIN-358,MED-4956,6.72
cross-encoder,PLAIN-358,MED-2228,6.74
cross-encoder,PLAIN-358,MED-5253,6.62
cross-encoder,PLAIN-358,MED-3155,7.17
cross-encoder,PLAIN-358,MED-1261,6.71
cross-encoder,PLAIN-358,MED-5217,6.78
cross-encoder,PLAIN-358,MED-5136,6.84
cross-encoder,PLAIN-358,MED-5333,6.75
cross-encoder,PLAIN-358,MED-4878,6.72
cross-encoder,PLAIN-358,MED-5151,6.86
cross-encoder,PLAIN-358,MED-5283,6.89
cross-encoder,PLAIN-358,MED-2047,6.89
cross-encoder,PLAIN-358,MED-5148,7.0
cross-encoder,PLAIN-371,MED-4620,6.69
cross-encoder,PLAIN-371,MED-5010,6.7
cross-encoder,PLAIN-371,MED-5011,6.78
cross-encoder,PLAIN-371,MED-4618,6.71
cross-encoder,PLAIN-371,MED-5009,6.74
cross-encoder,PLAIN-371,MED-5082,6.95
cross-encoder,PLAIN-371,MED-2570,7.53
cross-encoder,PLAIN-371,MED-3946,6.65
cross-encoder,PLAIN-371,MED-5115,6.61
cross-encoder,PLAIN-371,MED-913,6.6
cross-encoder,PLAIN-371,MED-1291,6.8
cross-encoder,PLAIN-371,MED-3766,6.75
cross-encoder,PLAIN-371,MED-4716,7.38
cross-encoder,PLAIN-371,MED-1655,6.6
cross-encoder,PLAIN-371,MED-1182,6.64
cross-encoder,PLAIN-371,MED-4369,6.57
cross-encoder,PLAIN-371,MED-2816,6.79
cross-encoder,PLAIN-371,MED-4452,6.57
cross-encoder,PLAIN-371,MED-3906,6.69
cross-encoder,PLAIN-371,MED-4619,6.66
cross-encoder,PLAIN-383,MED-1479,6.95
cross-encoder,PLAIN-383,MED-4469,6.62
cross-encoder,PLAIN-383,MED-4299,6.62
cross-encoder,PLAIN-383,MED-1540,6.81
cross-encoder,PLAIN-383,MED-1478,6.58
cross-encoder,PLAIN-383,MED-1366,6.46
cross-encoder,PLAIN-383,MED-2510,6.67
cross-encoder,PLAIN-383,MED-2572,6.87
cross-encoder,PLAIN-383,MED-4831,6.57
cross-encoder,PLAIN-383,MED-4389,6.57
cross-encoder,PLAIN-383,MED-2432,6.63
cross-encoder,PLAIN-383,MED-1874,8.09
cross-encoder,PLAIN-383,MED-4292,7.18
cross-encoder,PLAIN-383,MED-2763,7.11
cross-encoder,PLAIN-383,MED-3776,10.53
cross-encoder,PLAIN-383,MED-2112,12.35
cross-encoder,PLAIN-383,MED-3109,10.37
cross-encoder,PLAIN-383,MED-3149,11.67
cross-encoder,PLAIN-383,MED-1655,10.8
cross-encoder,PLAIN-383,MED-4087,12.16
cross-encoder,PLAIN-395,MED-2783,10.83
cross-encoder,PLAIN-395,MED-3511,11.39
cross-encoder,PLAIN-395,MED-2794,11.27
cross-encoder,PLAIN-395,MED-2271,12.82
cross-encoder,PLAIN-395,MED-3476,11.05
cross-encoder,PLAIN-395,MED-5137,10.2
cross-encoder,PLAIN-395,MED-3512,9.71
cross-encoder,PLAIN-395,MED-4576,11.0
cross-encoder,PLAIN-395,MED-2825,13.15
cross-encoder,PLAIN-395,MED-2816,9.11
cross-encoder,PLAIN-395,MED-2786,9.67
cross-encoder,PLAIN-395,MED-2926,9.26
cross-encoder,PLAIN-395,MED-3482,9.15
cross-encoder,PLAIN-395,MED-2817,9.19
cross-encoder,PLAIN-395,MED-2824,10.43
cross-encoder,PLAIN-395,MED-957,11.26
cross-encoder,PLAIN-395,MED-5000,13.64
cross-encoder,PLAIN-395,MED-2606,15.83
cross-encoder,PLAIN-395,MED-2811,14.55
cross-encoder,PLAIN-395,MED-2285,14.25
cross-encoder,PLAIN-407,MED-906,10.03
cross-encoder,PLAIN-407,MED-2994,10.36
cross-encoder,PLAIN-407,MED-4205,9.2
cross-encoder,PLAIN-407,MED-2618,9.34
cross-encoder,PLAIN-407,MED-1140,11.76
cross-encoder,PLAIN-407,MED-4972,10.13
cross-encoder,PLAIN-407,MED-914,8.51
cross-encoder,PLAIN-407,MED-2742,9.64
cross-encoder,PLAIN-407,MED-2738,9.06
cross-encoder,PLAIN-407,MED-957,9.29
cross-encoder,PLAIN-407,MED-2346,9.54
cross-encoder,PLAIN-407,MED-2817,9.1
cross-encoder,PLAIN-407,MED-2202,9.21
cross-encoder,PLAIN-407,MED-5063,8.5
cross-encoder,PLAIN-407,MED-2619,9.63
cross-encoder,PLAIN-407,MED-2616,9.24
cross-encoder,PLAIN-407,MED-3381,9.64
cross-encoder,PLAIN-407,MED-5139,10.78
cross-encoder,PLAIN-407,MED-4187,9.82
cross-encoder,PLAIN-407,MED-3146,9.33
cross-encoder,PLAIN-418,MED-917,9.45
cross-encoder,PLAIN-418,MED-3714,9.46
cross-encoder,PLAIN-418,MED-2453,9.98
cross-encoder,PLAIN-418,MED-2074,9.33
cross-encoder,PLAIN-418,MED-2285,9.48
cross-encoder,PLAIN-418,MED-3469,9.41
cross-encoder,PLAIN-418,MED-3738,9.36
cross-encoder,PLAIN-418,MED-3734,9.58
cross-encoder,PLAIN-418,MED-3528,9.59
cross-encoder,PLAIN-418,MED-4414,9.45
cross-encoder,PLAIN-418,MED-2068,9.54
cross-encoder,PLAIN-418,MED-1790,8.92
cross-encoder,PLAIN-418,MED-5170,9.35
cross-encoder,PLAIN-418,MED-1262,9.15
cross-encoder,PLAIN-418,MED-1182,9.41
cross-encoder,PLAIN-418,MED-3942,9.21
cross-encoder,PLAIN-418,MED-1792,9.38
cross-encoder,PLAIN-418,MED-4411,9.31
cross-encoder,PLAIN-418,MED-4859,9.38
cross-encoder,PLAIN-418,MED-1500,9.31
cross-encoder,PLAIN-430,MED-928,9.58
cross-encoder,PLAIN-430,MED-927,9.48
cross-encoder,PLAIN-430,MED-4936,9.72
cross-encoder,PLAIN-430,MED-1620,9.6
cross-encoder,PLAIN-430,MED-5095,10.51
cross-encoder,PLAIN-430,MED-4731,10.66
cross-encoder,PLAIN-430,MED-4631,10.37
cross-encoder,PLAIN-430,MED-2750,9.53
cross-encoder,PLAIN-430,MED-2412,9.16
cross-encoder,PLAIN-430,MED-2753,9.37
cross-encoder,PLAIN-430,MED-2751,9.23
cross-encoder,PLAIN-430,MED-1831,9.26
cross-encoder,PLAIN-430,MED-118,9.59
cross-encoder,PLAIN-430,MED-839,9.31
cross-encoder,PLAIN-430,MED-2651,9.82
cross-encoder,PLAIN-430,MED-4366,9.42
cross-encoder,PLAIN-430,MED-4943,9.9
cross-encoder,PLAIN-430,MED-2754,9.27
cross-encoder,PLAIN-430,MED-5100,9.24
cross-encoder,PLAIN-430,MED-5271,9.23
cross-encoder,PLAIN-441,MED-942,9.31
cross-encoder,PLAIN-441,MED-4701,9.34
cross-encoder,PLAIN-441,MED-4703,11.5
cross-encoder,PLAIN-441,MED-1792,9.14
cross-encoder,PLAIN-441,MED-4702,10.12
cross-encoder,PLAIN-441,MED-5019,9.23
cross-encoder,PLAIN-441,MED-4590,9.16
cross-encoder,PLAIN-441,MED-4580,8.98
cross-encoder,PLAIN-441,MED-5082,9.36
cross-encoder,PLAIN-441,MED-941,9.2
cross-encoder,PLAIN-441,MED-3908,8.99
cross-encoder,PLAIN-441,MED-2491,9.52
cross-encoder,PLAIN-441,MED-4862,9.28
cross-encoder,PLAIN-441,MED-4414,9.17
cross-encoder,PLAIN-441,MED-3109,8.83
cross-encoder,PLAIN-441,MED-1841,9.37
cross-encoder,PLAIN-441,MED-2291,9.33
cross-encoder,PLAIN-441,MED-3452,9.1
cross-encoder,PLAIN-441,MED-4695,9.01
cross-encoder,PLAIN-441,MED-3157,9.25
cross-encoder,PLAIN-457,MED-2112,9.02
cross-encoder,PLAIN-457,MED-745,9.17
cross-encoder,PLAIN-457,MED-1754,9.15
cross-encoder,PLAIN-457,MED-4922,8.95
cross-encoder,PLAIN-457,MED-4354,9.68
cross-encoder,PLAIN-457,MED-4695,9.34
cross-encoder,PLAIN-457,MED-2716,9.13
cross-encoder,PLAIN-457,MED-3754,9.42
cross-encoder,PLAIN-457,MED-2291,9.12
cross-encoder,PLAIN-457,MED-3109,10.09
cross-encoder,PLAIN-457,MED-1407,10.11
cross-encoder,PLAIN-457,MED-748,9.06
cross-encoder,PLAIN-457,MED-3604,9.13
cross-encoder,PLAIN-457,MED-3776,8.82
cross-encoder,PLAIN-457,MED-1496,9.06
cross-encoder,PLAIN-457,MED-3749,9.08
cross-encoder,PLAIN-457,MED-2765,9.4
cross-encoder,PLAIN-457,MED-5219,9.5
cross-encoder,PLAIN-457,MED-3601,9.32
cross-encoder,PLAIN-457,MED-5288,9.08
cross-encoder,PLAIN-468,MED-3988,9.45
cross-encoder,PLAIN-468,MED-961,9.77
cross-encoder,PLAIN-468,MED-3990,9.38
cross-encoder,PLAIN-468,MED-4573,9.31
cross-encoder,PLAIN-468,MED-3991,12.21
cross-encoder,PLAIN-468,MED-3987,11.72
cross-encoder,PLAIN-468,MED-4566,10.48
cross-encoder,PLAIN-468,MED-962,12.7
cross-encoder,PLAIN-468,MED-3989,12.22
cross-encoder,PLAIN-468,MED-4575,12.22
cross-encoder,PLAIN-468,MED-921,13.57
cross-encoder,PLAIN-468,MED-716,11.92
cross-encoder,PLAIN-468,MED-714,14.75
cross-encoder,PLAIN-468,MED-981,12.15
cross-encoder,PLAIN-468,MED-919,11.23
cross-encoder,PLAIN-468,MED-4574,9.19
cross-encoder,PLAIN-468,MED-3985,8.86
cross-encoder,PLAIN-468,MED-4866,9.24
cross-encoder,PLAIN-468,MED-4570,9.43
cross-encoder,PLAIN-468,MED-994,9.25
cross-encoder,PLAIN-478,MED-3636,9.05
cross-encoder,PLAIN-478,MED-1144,9.18
cross-encoder,PLAIN-478,MED-2082,9.09
cross-encoder,PLAIN-478,MED-2309,9.78
cross-encoder,PLAIN-478,MED-3567,9.41
cross-encoder,PLAIN-478,MED-2350,9.52
cross-encoder,PLAIN-478,MED-5343,8.97
cross-encoder,PLAIN-478,MED-1451,8.82
cross-encoder,PLAIN-478,MED-4983,9.09
cross-encoder,PLAIN-478,MED-2944,11.48
cross-encoder,PLAIN-478,MED-5258,10.19
cross-encoder,PLAIN-478,MED-4617,10.58
cross-encoder,PLAIN-478,MED-2738,8.51
cross-encoder,PLAIN-478,MED-5299,9.87
cross-encoder,PLAIN-478,MED-10,10.96
cross-encoder,PLAIN-478,MED-2238,11.22
cross-encoder,PLAIN-478,MED-14,10.99
cross-encoder,PLAIN-478,MED-4960,8.71
cross-encoder,PLAIN-478,MED-118,11.64
cross-encoder,PLAIN-478,MED-5347,8.07
cross-encoder,PLAIN-488,MED-1808,9.62
cross-encoder,PLAIN-488,MED-1798,10.62
cross-encoder,PLAIN-488,MED-1800,11.08
cross-encoder,PLAIN-488,MED-1804,10.77
cross-encoder,PLAIN-488,MED-1799,10.97
cross-encoder,PLAIN-488,MED-4769,11.04
cross-encoder,PLAIN-488,MED-1796,10.5
cross-encoder,PLAIN-488,MED-1810,9.5
cross-encoder,PLAIN-488,MED-1806,9.38
cross-encoder,PLAIN-488,MED-1803,9.35
cross-encoder,PLAIN-488,MED-4766,9.39
cross-encoder,PLAIN-488,MED-4767,9.43
cross-encoder,PLAIN-488,MED-3556,9.28
cross-encoder,PLAIN-488,MED-2045,13.41
cross-encoder,PLAIN-488,MED-3294,9.97
cross-encoder,PLAIN-488,MED-3591,10.05
cross-encoder,PLAIN-488,MED-1458,10.31
cross-encoder,PLAIN-488,MED-2748,12.09
cross-encoder,PLAIN-488,MED-3292,11.23
cross-encoder,PLAIN-488,MED-5025,10.51
cross-encoder,PLAIN-499,MED-1747,9.35
cross-encoder,PLAIN-499,MED-2900,9.12
cross-encoder,PLAIN-499,MED-4095,9.05
cross-encoder,PLAIN-499,MED-1417,9.09
cross-encoder,PLAIN-499,MED-2213,9.12
cross-encoder,PLAIN-499,MED-5201,9.34
cross-encoder,PLAIN-499,MED-5198,9.3
cross-encoder,PLAIN-499,MED-1115,9.01
cross-encoder,PLAIN-499,MED-4893,10.1
cross-encoder,PLAIN-499,MED-1993,10.13
cross-encoder,PLAIN-499,MED-5208,9.32
cross-encoder,PLAIN-499,MED-1190,9.39
cross-encoder,PLAIN-499,MED-4950,9.17
cross-encoder,PLAIN-499,MED-3865,9.33
cross-encoder,PLAIN-499,MED-2184,9.14
cross-encoder,PLAIN-499,MED-1872,9.27
cross-encoder,PLAIN-499,MED-3657,10.14
cross-encoder,PLAIN-499,MED-1546,11.25
cross-encoder,PLAIN-499,MED-757,11.92
cross-encoder,PLAIN-499,MED-1994,8.02
cross-encoder,PLAIN-510,MED-762,10.79
cross-encoder,PLAIN-510,MED-10,10.85
cross-encoder,PLAIN-510,MED-958,11.52
cross-encoder,PLAIN-510,MED-14,11.83
cross-encoder,PLAIN-510,MED-3618,10.68
cross-encoder,PLAIN-510,MED-118,10.89
cross-encoder,PLAIN-510,MED-4980,10.86
cross-encoder,PLAIN-510,MED-2940,9.89
cross-encoder,PLAIN-510,MED-301,9.56
cross-encoder,PLAIN-510,MED-1307,10.99
cross-encoder,PLAIN-510,MED-306,11.77
cross-encoder,PLAIN-510,MED-3278,10.95
cross-encoder,PLAIN-510,MED-329,12.24
cross-encoder,PLAIN-510,MED-330,11.25
cross-encoder,PLAIN-510,MED-995,13.05
cross-encoder,PLAIN-510,MED-332,10.32
cross-encoder,PLAIN-510,MED-3636,10.48
cross-encoder,PLAIN-510,MED-334,10.94
cross-encoder,PLAIN-510,MED-3627,11.08
cross-encoder,PLAIN-510,MED-335,11.14
cross-encoder,PLAIN-520,MED-818,10.62
cross-encoder,PLAIN-520,MED-828,10.38
cross-encoder,PLAIN-520,MED-734,11.13
cross-encoder,PLAIN-520,MED-762,13.28
cross-encoder,PLAIN-520,MED-744,11.19
cross-encoder,PLAIN-520,MED-10,10.45
cross-encoder,PLAIN-520,MED-1953,10.22
cross-encoder,PLAIN-520,MED-14,10.41
cross-encoder,PLAIN-520,MED-2340,10.48
cross-encoder,PLAIN-520,MED-118,11.93
cross-encoder,PLAIN-520,MED-3702,13.43
cross-encoder,PLAIN-520,MED-301,12.17
cross-encoder,PLAIN-520,MED-4956,11.92
cross-encoder,PLAIN-520,MED-306,11.02
cross-encoder,PLAIN-520,MED-329,9.5
cross-encoder,PLAIN-520,MED-2344,6.92
cross-encoder,PLAIN-520,MED-330,6.81
cross-encoder,PLAIN-520,MED-332,6.57
cross-encoder,PLAIN-520,MED-3703,6.76
cross-encoder,PLAIN-520,MED-334,7.62
cross-encoder,PLAIN-531,MED-3113,6.86
cross-encoder,PLAIN-531,MED-2112,6.55
cross-encoder,PLAIN-531,MED-3001,6.86
cross-encoder,PLAIN-531,MED-1017,6.72
cross-encoder,PLAIN-531,MED-4358,6.75
cross-encoder,PLAIN-531,MED-2298,6.32
cross-encoder,PLAIN-531,MED-1097,6.59
cross-encoder,PLAIN-531,MED-4374,6.53
cross-encoder,PLAIN-531,MED-1037,6.36
cross-encoder,PLAIN-531,MED-3607,7.1
cross-encoder,PLAIN-531,MED-2472,6.83
cross-encoder,PLAIN-531,MED-4371,7.06
cross-encoder,PLAIN-531,MED-1981,6.59
cross-encoder,PLAIN-531,MED-4157,6.81
cross-encoder,PLAIN-531,MED-4629,6.57
cross-encoder,PLAIN-531,MED-4372,6.77
cross-encoder,PLAIN-531,MED-4533,6.79
cross-encoder,PLAIN-531,MED-5172,7.0
cross-encoder,PLAIN-531,MED-2831,7.37
cross-encoder,PLAIN-531,MED-2322,6.4
cross-encoder,PLAIN-541,MED-4036,6.56
cross-encoder,PLAIN-541,MED-4019,6.8
cross-encoder,PLAIN-541,MED-3618,6.54
cross-encoder,PLAIN-541,MED-4028,6.75
cross-encoder,PLAIN-541,MED-4034,6.8
cross-encoder,PLAIN-541,MED-4027,6.8
cross-encoder,PLAIN-541,MED-4026,6.75
cross-encoder,PLAIN-541,MED-1857,6.68
cross-encoder,PLAIN-541,MED-1858,6.55
cross-encoder,PLAIN-541,MED-1988,8.37
cross-encoder,PLAIN-541,MED-3640,6.77
cross-encoder,PLAIN-541,MED-3639,6.81
cross-encoder,PLAIN-541,MED-872,6.84
cross-encoder,PLAIN-541,MED-2096,6.28
cross-encoder,PLAIN-541,MED-2093,6.94
cross-encoder,PLAIN-541,MED-2707,6.74
cross-encoder,PLAIN-541,MED-3718,6.62
cross-encoder,PLAIN-541,MED-2094,6.72
cross-encoder,PLAIN-541,MED-2900,6.63
cross-encoder,PLAIN-541,MED-4032,6.73
cross-encoder,PLAIN-551,MED-306,6.91
cross-encoder,PLAIN-551,MED-745,6.55
cross-encoder,PLAIN-551,MED-10,6.77
cross-encoder,PLAIN-551,MED-4860,6.67
cross-encoder,PLAIN-551,MED-14,6.68
cross-encoder,PLAIN-551,MED-2669,6.57
cross-encoder,PLAIN-551,MED-118,6.9
cross-encoder,PLAIN-551,MED-2668,6.72
cross-encoder,PLAIN-551,MED-1506,6.64
cross-encoder,PLAIN-551,MED-301,6.64
cross-encoder,PLAIN-551,MED-4161,6.62
cross-encoder,PLAIN-551,MED-329,6.91
cross-encoder,PLAIN-551,MED-5343,6.56
cross-encoder,PLAIN-551,MED-1501,6.52
cross-encoder,PLAIN-551,MED-330,6.79
cross-encoder,PLAIN-551,MED-1704,6.64
cross-encoder,PLAIN-551,MED-332,6.62
cross-encoder,PLAIN-551,MED-334,6.68
cross-encoder,PLAIN-551,MED-5002,6.68
cross-encoder,PLAIN-551,MED-335,6.82
cross-encoder,PLAIN-561,MED-3180,6.52
cross-encoder,PLAIN-561,MED-4555,6.91
cross-encoder,PLAIN-561,MED-854,6.59
cross-encoder,PLAIN-561,MED-557,6.71
cross-encoder,PLAIN-561,MED-722,6.38
cross-encoder,PLAIN-561,MED-731,6.83
cross-encoder,PLAIN-561,MED-10,6.8
cross-encoder,PLAIN-561,MED-4423,6.6
cross-encoder,PLAIN-561,MED-14,6.78
cross-encoder,PLAIN-561,MED-118,6.65
cross-encoder,PLAIN-561,MED-4883,6.21
cross-encoder,PLAIN-561,MED-301,6.78
cross-encoder,PLAIN-561,MED-4427,6.36
cross-encoder,PLAIN-561,MED-306,6.9
cross-encoder,PLAIN-561,MED-911,6.73
cross-encoder,PLAIN-561,MED-1657,6.71
cross-encoder,PLAIN-561,MED-329,6.71
cross-encoder,PLAIN-561,MED-330,6.64
cross-encoder,PLAIN-561,MED-926,6.8
cross-encoder,PLAIN-561,MED-3308,6.35
cross-encoder,PLAIN-571,MED-2346,6.63
cross-encoder,PLAIN-571,MED-2345,6.71
cross-encoder,PLAIN-571,MED-2339,6.85
cross-encoder,PLAIN-571,MED-4742,6.63
cross-encoder,PLAIN-571,MED-2338,6.87
cross-encoder,PLAIN-571,MED-731,7.01
cross-encoder,PLAIN-571,MED-744,7.56
cross-encoder,PLAIN-571,MED-691,6.57
cross-encoder,PLAIN-571,MED-4883,6.68
cross-encoder,PLAIN-571,MED-10,6.93
cross-encoder,PLAIN-571,MED-4963,6.57
cross-encoder,PLAIN-571,MED-1097,7.89
cross-encoder,PLAIN-571,MED-14,6.88
cross-encoder,PLAIN-571,MED-118,6.81
cross-encoder,PLAIN-571,MED-1041,8.07
cross-encoder,PLAIN-571,MED-301,6.89
cross-encoder,PLAIN-571,MED-2116,6.47
cross-encoder,PLAIN-571,MED-306,6.6
cross-encoder,PLAIN-571,MED-1314,6.59
cross-encoder,PLAIN-571,MED-329,6.86
cross-encoder,PLAIN-583,MED-706,7.09
cross-encoder,PLAIN-583,MED-10,6.97
cross-encoder,PLAIN-583,MED-2022,6.61
cross-encoder,PLAIN-583,MED-14,6.72
cross-encoder,PLAIN-583,MED-3452,6.6
cross-encoder,PLAIN-583,MED-118,6.76
cross-encoder,PLAIN-583,MED-4393,6.71
cross-encoder,PLAIN-583,MED-301,6.69
cross-encoder,PLAIN-583,MED-3485,6.59
cross-encoder,PLAIN-583,MED-306,6.64
cross-encoder,PLAIN-583,MED-4686,6.69
cross-encoder,PLAIN-583,MED-329,6.66
cross-encoder,PLAIN-583,MED-4391,6.63
cross-encoder,PLAIN-583,MED-330,6.75
cross-encoder,PLAIN-583,MED-5083,6.77
cross-encoder,PLAIN-583,MED-1397,6.61
cross-encoder,PLAIN-583,MED-332,6.79
cross-encoder,PLAIN-583,MED-334,6.7
cross-encoder,PLAIN-583,MED-3531,6.92
cross-encoder,PLAIN-583,MED-335,6.84
cross-encoder,PLAIN-593,MED-4402,6.62
cross-encoder,PLAIN-593,MED-329,6.61
cross-encoder,PLAIN-593,MED-854,6.6
cross-encoder,PLAIN-593,MED-718,6.7
cross-encoder,PLAIN-593,MED-831,7.01
cross-encoder,PLAIN-593,MED-2110,6.66
cross-encoder,PLAIN-593,MED-957,6.73
cross-encoder,PLAIN-593,MED-10,6.61
cross-encoder,PLAIN-593,MED-2109,6.6
cross-encoder,PLAIN-593,MED-14,6.65
cross-encoder,PLAIN-593,MED-4677,6.73
cross-encoder,PLAIN-593,MED-118,6.69
cross-encoder,PLAIN-593,MED-1526,6.65
cross-encoder,PLAIN-593,MED-2890,6.42
cross-encoder,PLAIN-593,MED-301,6.66
cross-encoder,PLAIN-593,MED-306,6.59
cross-encoder,PLAIN-593,MED-4883,6.15
cross-encoder,PLAIN-593,MED-1241,7.25
cross-encoder,PLAIN-593,MED-330,9.14
cross-encoder,PLAIN-593,MED-5324,11.22
cross-encoder,PLAIN-603,MED-3769,10.58
cross-encoder,PLAIN-603,MED-727,11.26
cross-encoder,PLAIN-603,MED-762,7.7
cross-encoder,PLAIN-603,MED-1957,6.7
cross-encoder,PLAIN-603,MED-3379,6.68
cross-encoder,PLAIN-603,MED-1960,6.68
cross-encoder,PLAIN-603,MED-2645,6.7
cross-encoder,PLAIN-603,MED-10,6.76
cross-encoder,PLAIN-603,MED-2361,6.61
cross-encoder,PLAIN-603,MED-14,6.57
cross-encoder,PLAIN-603,MED-2215,6.59
cross-encoder,PLAIN-603,MED-118,7.07
cross-encoder,PLAIN-603,MED-1747,6.67
cross-encoder,PLAIN-603,MED-301,6.77
cross-encoder,PLAIN-603,MED-306,6.69
cross-encoder,PLAIN-603,MED-4427,6.36
cross-encoder,PLAIN-603,MED-329,6.94
cross-encoder,PLAIN-603,MED-4363,6.84
cross-encoder,PLAIN-603,MED-1560,6.64
cross-encoder,PLAIN-603,MED-330,9.52
cross-encoder,PLAIN-613,MED-909,10.4
cross-encoder,PLAIN-613,MED-2983,8.85
cross-encoder,PLAIN-613,MED-1846,9.18
cross-encoder,PLAIN-613,MED-3476,10.59
cross-encoder,PLAIN-613,MED-1198,9.91
cross-encoder,PLAIN-613,MED-860,10.28
cross-encoder,PLAIN-613,MED-4468,8.71
cross-encoder,PLAIN-613,MED-4901,6.98
cross-encoder,PLAIN-613,MED-4206,6.73
cross-encoder,PLAIN-613,MED-4687,6.58
cross-encoder,PLAIN-613,MED-3921,6.69
cross-encoder,PLAIN-613,MED-4995,6.93
cross-encoder,PLAIN-613,MED-846,6.83
cross-encoder,PLAIN-613,MED-1784,6.82
cross-encoder,PLAIN-613,MED-843,6.74
cross-encoder,PLAIN-613,MED-4091,7.47
cross-encoder,PLAIN-613,MED-4381,6.71
cross-encoder,PLAIN-613,MED-1841,6.61
cross-encoder,PLAIN-613,MED-4703,6.59
cross-encoder,PLAIN-613,MED-2664,6.96
cross-encoder,PLAIN-623,MED-1674,6.74
cross-encoder,PLAIN-623,MED-4515,6.91
cross-encoder,PLAIN-623,MED-4880,6.84
cross-encoder,PLAIN-623,MED-1374,7.12
cross-encoder,PLAIN-623,MED-1394,6.72
cross-encoder,PLAIN-623,MED-4985,6.73
cross-encoder,PLAIN-623,MED-825,6.82
cross-encoder,PLAIN-623,MED-5267,8.27
cross-encoder,PLAIN-623,MED-1366,6.46
cross-encoder,PLAIN-623,MED-1669,6.6
cross-encoder,PLAIN-623,MED-1398,6.62
cross-encoder,PLAIN-623,MED-2294,6.62
cross-encoder,PLAIN-623,MED-2459,6.66
cross-encoder,PLAIN-623,MED-1383,6.74
cross-encoder,PLAIN-623,MED-5271,6.57
cross-encoder,PLAIN-623,MED-1502,6.72
cross-encoder,PLAIN-623,MED-2008,6.82
cross-encoder,PLAIN-623,MED-3422,6.65
cross-encoder,PLAIN-623,MED-4104,6.69
cross-encoder,PLAIN-623,MED-5272,6.66
cross-encoder,PLAIN-634,MED-719,6.59
cross-encoder,PLAIN-634,MED-724,6.66
cross-encoder,PLAIN-634,MED-830,6.69
cross-encoder,PLAIN-634,MED-1378,6.61
cross-encoder,PLAIN-634,MED-5010,8.25
cross-encoder,PLAIN-634,MED-4619,6.74
cross-encoder,PLAIN-634,MED-4620,6.63
cross-encoder,PLAIN-634,MED-10,6.85
cross-encoder,PLAIN-634,MED-3370,6.56
cross-encoder,PLAIN-634,MED-14,6.59
cross-encoder,PLAIN-634,MED-2009,6.74
cross-encoder,PLAIN-634,MED-118,6.88
cross-encoder,PLAIN-634,MED-4295,6.65
cross-encoder,PLAIN-634,MED-301,6.63
cross-encoder,PLAIN-634,MED-4863,6.76
cross-encoder,PLAIN-634,MED-306,6.7
cross-encoder,PLAIN-634,MED-3374,6.61
cross-encoder,PLAIN-634,MED-2206,6.6
cross-encoder,PLAIN-634,MED-329,6.87
cross-encoder,PLAIN-634,MED-1182,6.61
cross-encoder,PLAIN-645,MED-719,6.61
cross-encoder,PLAIN-645,MED-724,6.78
cross-encoder,PLAIN-645,MED-722,6.69
cross-encoder,PLAIN-645,MED-10,6.58
cross-encoder,PLAIN-645,MED-14,6.81
cross-encoder,PLAIN-645,MED-1047,6.58
cross-encoder,PLAIN-645,MED-118,6.69
cross-encoder,PLAIN-645,MED-301,6.6
cross-encoder,PLAIN-645,MED-3136,6.88
cross-encoder,PLAIN-645,MED-306,6.94
cross-encoder,PLAIN-645,MED-3138,7.03
cross-encoder,PLAIN-645,MED-329,6.58
cross-encoder,PLAIN-645,MED-4991,6.75
cross-encoder,PLAIN-645,MED-1365,8.24
cross-encoder,PLAIN-645,MED-330,6.86
cross-encoder,PLAIN-645,MED-2180,6.59
cross-encoder,PLAIN-645,MED-332,6.6
cross-encoder,PLAIN-645,MED-334,6.77
cross-encoder,PLAIN-645,MED-3370,6.81
cross-encoder,PLAIN-645,MED-3132,7.17
cross-encoder,PLAIN-660,MED-3138,6.84
cross-encoder,PLAIN-660,MED-3136,6.64
cross-encoder,PLAIN-660,MED-4991,6.57
cross-encoder,PLAIN-660,MED-1880,6.68
cross-encoder,PLAIN-660,MED-3584,6.84
cross-encoder,PLAIN-660,MED-2147,6.82
cross-encoder,PLAIN-660,MED-2144,6.61
cross-encoder,PLAIN-660,MED-5079,6.86
cross-encoder,PLAIN-660,MED-2140,6.73
cross-encoder,PLAIN-660,MED-2010,6.59
cross-encoder,PLAIN-660,MED-2141,7.17
cross-encoder,PLAIN-660,MED-3141,6.98
cross-encoder,PLAIN-660,MED-2570,6.86
cross-encoder,PLAIN-660,MED-3132,6.89
cross-encoder,PLAIN-660,MED-724,6.57
cross-encoder,PLAIN-660,MED-719,6.76
cross-encoder,PLAIN-660,MED-4510,6.69
cross-encoder,PLAIN-660,MED-2145,6.62
cross-encoder,PLAIN-660,MED-720,6.57
cross-encoder,PLAIN-660,MED-5069,6.75
cross-encoder,PLAIN-671,MED-4857,6.59
cross-encoder,PLAIN-671,MED-4602,6.67
cross-encoder,PLAIN-671,MED-691,6.65
cross-encoder,PLAIN-671,MED-708,7.11
cross-encoder,PLAIN-671,MED-2677,6.73
cross-encoder,PLAIN-671,MED-4037,7.16
cross-encoder,PLAIN-671,MED-2678,6.69
cross-encoder,PLAIN-671,MED-5122,6.67
cross-encoder,PLAIN-671,MED-957,6.88
cross-encoder,PLAIN-671,MED-10,6.89
cross-encoder,PLAIN-671,MED-4973,6.94
cross-encoder,PLAIN-671,MED-14,6.62
cross-encoder,PLAIN-671,MED-999,6.6
cross-encoder,PLAIN-671,MED-1165,7.02
cross-encoder,PLAIN-671,MED-118,6.68
cross-encoder,PLAIN-671,MED-2652,6.62
cross-encoder,PLAIN-671,MED-301,6.66
cross-encoder,PLAIN-671,MED-306,6.54
cross-encoder,PLAIN-671,MED-996,6.68
cross-encoder,PLAIN-671,MED-2172,6.74
cross-encoder,PLAIN-681,MED-5017,6.66
cross-encoder,PLAIN-681,MED-2383,6.55
cross-encoder,PLAIN-681,MED-4300,8.21
cross-encoder,PLAIN-681,MED-4314,10.27
cross-encoder,PLAIN-681,MED-4286,11.06
cross-encoder,PLAIN-681,MED-2595,10.15
cross-encoder,PLAIN-681,MED-2597,7.07
cross-encoder,PLAIN-681,MED-4292,6.97
cross-encoder,PLAIN-681,MED-4295,6.79
cross-encoder,PLAIN-681,MED-2381,6.69
cross-encoder,PLAIN-681,MED-4707,7.0
cross-encoder,PLAIN-681,MED-4291,7.0
cross-encoder,PLAIN-681,MED-2380,6.61
cross-encoder,PLAIN-681,MED-1381,6.62
cross-encoder,PLAIN-681,MED-4706,6.64
cross-encoder,PLAIN-681,MED-4287,6.93
cross-encoder,PLAIN-681,MED-3896,6.82
cross-encoder,PLAIN-681,MED-4249,6.61
cross-encoder,PLAIN-681,MED-4298,6.61
cross-encoder,PLAIN-681,MED-3399,6.65
cross-encoder,PLAIN-691,MED-4909,6.92
cross-encoder,PLAIN-691,MED-2265,8.7
cross-encoder,PLAIN-691,MED-885,6.67
cross-encoder,PLAIN-691,MED-5131,6.71
cross-encoder,PLAIN-691,MED-4454,6.76
cross-encoder,PLAIN-691,MED-3209,6.92
cross-encoder,PLAIN-691,MED-2791,6.89
cross-encoder,PLAIN-691,MED-3479,6.77
cross-encoder,PLAIN-691,MED-3986,6.77
cross-encoder,PLAIN-691,MED-5095,6.89
cross-encoder,PLAIN-691,MED-1793,6.68
cross-encoder,PLAIN-691,MED-2830,6.68
cross-encoder,PLAIN-691,MED-2235,6.96
cross-encoder,PLAIN-691,MED-4658,6.8
cross-encoder,PLAIN-691,MED-4903,7.14
cross-encoder,PLAIN-691,MED-953,6.81
cross-encoder,PLAIN-691,MED-3922,6.66
cross-encoder,PLAIN-691,MED-4318,6.72
cross-encoder,PLAIN-691,MED-4317,6.67
cross-encoder,PLAIN-691,MED-1693,6.74
cross-encoder,PLAIN-701,MED-3720,6.7
cross-encoder,PLAIN-701,MED-917,6.81
cross-encoder,PLAIN-701,MED-3721,6.95
cross-encoder,PLAIN-701,MED-2922,6.66
cross-encoder,PLAIN-701,MED-2280,7.17
cross-encoder,PLAIN-701,MED-1676,6.68
cross-encoder,PLAIN-701,MED-1844,7.09
cross-encoder,PLAIN-701,MED-4907,6.64
cross-encoder,PLAIN-701,MED-5137,6.66
cross-encoder,PLAIN-701,MED-4331,6.67
cross-encoder,PLAIN-701,MED-5080,6.66
cross-encoder,PLAIN-701,MED-3719,6.76
cross-encoder,PLAIN-701,MED-3716,6.91
cross-encoder,PLAIN-701,MED-2677,6.69
cross-encoder,PLAIN-701,MED-1671,6.63
cross-encoder,PLAIN-701,MED-3942,6.57
cross-encoder,PLAIN-701,MED-2924,6.55
cross-encoder,PLAIN-701,MED-3748,6.87
cross-encoder,PLAIN-701,MED-2085,6.69
cross-encoder,PLAIN-701,MED-3738,6.65
cross-encoder,PLAIN-711,MED-2077,6.53
cross-encoder,PLAIN-711,MED-2095,6.63
cross-encoder,PLAIN-711,MED-2005,6.6
cross-encoder,PLAIN-711,MED-2938,6.77
cross-encoder,PLAIN-711,MED-1027,6.42
cross-encoder,PLAIN-711,MED-1492,6.55
cross-encoder,PLAIN-711,MED-2523,8.81
cross-encoder,PLAIN-711,MED-4497,8.36
cross-encoder,PLAIN-711,MED-5295,7.84
cross-encoder,PLAIN-711,MED-854,6.73
cross-encoder,PLAIN-711,MED-3520,6.71
cross-encoder,PLAIN-711,MED-4427,6.43
cross-encoder,PLAIN-711,MED-1691,6.7
cross-encoder,PLAIN-711,MED-2522,6.9
cross-encoder,PLAIN-711,MED-1192,6.85
cross-encoder,PLAIN-711,MED-2080,7.32
cross-encoder,PLAIN-711,MED-3353,6.4
cross-encoder,PLAIN-711,MED-4031,6.98
cross-encoder,PLAIN-711,MED-3021,6.79
cross-encoder,PLAIN-711,MED-3603,6.75
cross-encoder,PLAIN-721,MED-4876,6.75
cross-encoder,PLAIN-721,MED-1267,6.87
cross-encoder,PLAIN-721,MED-1282,6.77
cross-encoder,PLAIN-721,MED-1278,6.74
cross-encoder,PLAIN-721,MED-1287,6.76
cross-encoder,PLAIN-721,MED-1289,6.9
cross-encoder,PLAIN-721,MED-1290,6.35
cross-encoder,PLAIN-721,MED-1284,6.88
cross-encoder,PLAIN-721,MED-1266,6.76
cross-encoder,PLAIN-721,MED-1271,6.64
cross-encoder,PLAIN-721,MED-1274,6.89
cross-encoder,PLAIN-721,MED-1268,6.81
cross-encoder,PLAIN-721,MED-1265,7.35
cross-encoder,PLAIN-721,MED-1288,6.6
cross-encoder,PLAIN-721,MED-1279,6.63
cross-encoder,PLAIN-721,MED-828,8.44
cross-encoder,PLAIN-721,MED-818,7.24
cross-encoder,PLAIN-721,MED-4544,6.94
cross-encoder,PLAIN-721,MED-3354,6.97
cross-encoder,PLAIN-721,MED-4659,6.75
cross-encoder,PLAIN-731,MED-1337,7.35
cross-encoder,PLAIN-731,MED-5243,7.27
cross-encoder,PLAIN-731,MED-5253,7.18
cross-encoder,PLAIN-731,MED-1340,7.05
cross-encoder,PLAIN-731,MED-3229,6.85
cross-encoder,PLAIN-731,MED-5145,7.01
cross-encoder,PLAIN-731,MED-4722,6.88
cross-encoder,PLAIN-731,MED-1339,6.74
cross-encoder,PLAIN-731,MED-1341,6.67
cross-encoder,PLAIN-731,MED-5241,6.87
cross-encoder,PLAIN-731,MED-4226,6.88
cross-encoder,PLAIN-731,MED-2987,7.2
cross-encoder,PLAIN-731,MED-3193,7.12
cross-encoder,PLAIN-731,MED-3787,6.84
cross-encoder,PLAIN-731,MED-3228,6.7
cross-encoder,PLAIN-731,MED-1338,6.63
cross-encoder,PLAIN-731,MED-3216,6.81
cross-encoder,PLAIN-731,MED-2985,6.81
cross-encoder,PLAIN-731,MED-2990,6.69
cross-encoder,PLAIN-731,MED-1791,6.63
cross-encoder,PLAIN-741,MED-4236,8.47
cross-encoder,PLAIN-741,MED-4237,6.71
cross-encoder,PLAIN-741,MED-4232,7.35
cross-encoder,PLAIN-741,MED-4234,6.69
cross-encoder,PLAIN-741,MED-4231,6.63
cross-encoder,PLAIN-741,MED-4235,6.49
cross-encoder,PLAIN-741,MED-4230,6.65
cross-encoder,PLAIN-741,MED-301,6.63
cross-encoder,PLAIN-741,MED-4185,6.74
cross-encoder,PLAIN-741,MED-4186,6.72
cross-encoder,PLAIN-741,MED-1872,6.98
cross-encoder,PLAIN-741,MED-4890,6.9
cross-encoder,PLAIN-741,MED-2913,7.28
cross-encoder,PLAIN-741,MED-5176,7.22
cross-encoder,PLAIN-741,MED-1869,6.72
cross-encoder,PLAIN-741,MED-3924,6.64
cross-encoder,PLAIN-741,MED-4439,6.83
cross-encoder,PLAIN-741,MED-1409,6.74
cross-encoder,PLAIN-741,MED-2831,6.72
cross-encoder,PLAIN-741,MED-10,6.65
cross-encoder,PLAIN-751,MED-3130,6.87
cross-encoder,PLAIN-751,MED-3129,6.63
cross-encoder,PLAIN-751,MED-3135,7.04
cross-encoder,PLAIN-751,MED-5037,6.69
cross-encoder,PLAIN-751,MED-2247,7.92
cross-encoder,PLAIN-751,MED-1457,6.9
cross-encoder,PLAIN-751,MED-4451,6.77
cross-encoder,PLAIN-751,MED-2848,8.41
cross-encoder,PLAIN-751,MED-5333,10.37
cross-encoder,PLAIN-751,MED-1797,11.59
cross-encoder,PLAIN-751,MED-1101,9.08
cross-encoder,PLAIN-751,MED-3882,6.92
cross-encoder,PLAIN-751,MED-3709,6.41
cross-encoder,PLAIN-751,MED-1750,6.58
cross-encoder,PLAIN-751,MED-2328,6.15
cross-encoder,PLAIN-751,MED-2106,6.7
cross-encoder,PLAIN-751,MED-1442,7.0
cross-encoder,PLAIN-751,MED-1924,6.67
cross-encoder,PLAIN-751,MED-1748,6.57
cross-encoder,PLAIN-751,MED-2332,6.35
cross-encoder,PLAIN-761,MED-3800,6.55
cross-encoder,PLAIN-761,MED-3797,6.63
cross-encoder,PLAIN-761,MED-3795,6.6
cross-encoder,PLAIN-761,MED-666,6.57
cross-encoder,PLAIN-761,MED-4127,6.63
cross-encoder,PLAIN-761,MED-4651,6.67
cross-encoder,PLAIN-761,MED-5184,6.31
cross-encoder,PLAIN-761,MED-4162,6.51
cross-encoder,PLAIN-761,MED-4445,6.52
cross-encoder,PLAIN-761,MED-4117,6.8
cross-encoder,PLAIN-761,MED-1667,6.65
cross-encoder,PLAIN-761,MED-958,8.95
cross-encoder,PLAIN-761,MED-5352,8.94
cross-encoder,PLAIN-761,MED-3766,7.32
cross-encoder,PLAIN-761,MED-3696,6.75
cross-encoder,PLAIN-761,MED-2437,6.81
cross-encoder,PLAIN-761,MED-4694,7.27
cross-encoder,PLAIN-761,MED-3832,6.79
cross-encoder,PLAIN-761,MED-1829,6.65
cross-encoder,PLAIN-761,MED-2424,6.59
cross-encoder,PLAIN-771,MED-3386,6.7
cross-encoder,PLAIN-771,MED-3387,6.75
cross-encoder,PLAIN-771,MED-3385,6.61
cross-encoder,PLAIN-771,MED-731,6.54
cross-encoder,PLAIN-771,MED-854,7.0
cross-encoder,PLAIN-771,MED-844,6.79
cross-encoder,PLAIN-771,MED-722,6.6
cross-encoder,PLAIN-771,MED-4704,6.64
cross-encoder,PLAIN-771,MED-4839,6.65
cross-encoder,PLAIN-771,MED-734,7.26
cross-encoder,PLAIN-771,MED-10,7.6
cross-encoder,PLAIN-771,MED-3979,6.68
cross-encoder,PLAIN-771,MED-14,6.71
cross-encoder,PLAIN-771,MED-3704,6.64
cross-encoder,PLAIN-771,MED-118,7.1
cross-encoder,PLAIN-771,MED-3310,6.71
cross-encoder,PLAIN-771,MED-301,6.59
cross-encoder,PLAIN-771,MED-306,7.27
cross-encoder,PLAIN-771,MED-4564,7.11
cross-encoder,PLAIN-771,MED-329,7.23
cross-encoder,PLAIN-782,MED-1055,6.6
cross-encoder,PLAIN-782,MED-5139,6.67
cross-encoder,PLAIN-782,MED-1519,6.4
cross-encoder,PLAIN-782,MED-3486,6.7
cross-encoder,PLAIN-782,MED-1058,6.71
cross-encoder,PLAIN-782,MED-1248,6.44
cross-encoder,PLAIN-782,MED-1753,6.47
cross-encoder,PLAIN-782,MED-2208,6.7
cross-encoder,PLAIN-782,MED-3056,6.63
cross-encoder,PLAIN-782,MED-3385,6.59
cross-encoder,PLAIN-782,MED-1811,6.68
cross-encoder,PLAIN-782,MED-2489,6.13
cross-encoder,PLAIN-782,MED-2726,6.6
cross-encoder,PLAIN-782,MED-880,6.81
cross-encoder,PLAIN-782,MED-1751,6.88
cross-encoder,PLAIN-782,MED-713,6.84
cross-encoder,PLAIN-782,MED-2725,6.62
cross-encoder,PLAIN-782,MED-3209,6.77
cross-encoder,PLAIN-782,MED-1754,6.68
cross-encoder,PLAIN-782,MED-3987,8.62
cross-encoder,PLAIN-792,MED-4958,6.7
cross-encoder,PLAIN-792,MED-4546,6.78
cross-encoder,PLAIN-792,MED-729,6.75
cross-encoder,PLAIN-792,MED-732,6.46
cross-encoder,PLAIN-792,MED-744,6.66
cross-encoder,PLAIN-792,MED-748,6.49
cross-encoder,PLAIN-792,MED-854,7.14
cross-encoder,PLAIN-792,MED-3601,6.65
cross-encoder,PLAIN-792,MED-4547,6.72
cross-encoder,PLAIN-792,MED-10,6.59
cross-encoder,PLAIN-792,MED-4423,6.62
cross-encoder,PLAIN-792,MED-1037,6.33
cross-encoder,PLAIN-792,MED-14,6.71
cross-encoder,PLAIN-792,MED-118,7.31
cross-encoder,PLAIN-792,MED-1977,6.76
cross-encoder,PLAIN-792,MED-1584,6.63
cross-encoder,PLAIN-792,MED-301,6.75
cross-encoder,PLAIN-792,MED-1041,8.07
cross-encoder,PLAIN-792,MED-306,7.59
cross-encoder,PLAIN-792,MED-329,6.6
cross-encoder,PLAIN-806,MED-2519,6.66
cross-encoder,PLAIN-806,MED-2138,7.2
cross-encoder,PLAIN-806,MED-4996,6.96
cross-encoder,PLAIN-806,MED-2513,6.72
cross-encoder,PLAIN-806,MED-2506,6.72
cross-encoder,PLAIN-806,MED-3201,6.66
cross-encoder,PLAIN-806,MED-2717,6.69
cross-encoder,PLAIN-806,MED-3273,6.73
cross-encoder,PLAIN-806,MED-2325,6.56
cross-encoder,PLAIN-806,MED-2502,6.42
cross-encoder,PLAIN-806,MED-825,6.82
cross-encoder,PLAIN-806,MED-4121,6.9
cross-encoder,PLAIN-806,MED-2510,6.75
cross-encoder,PLAIN-806,MED-4100,6.99
cross-encoder,PLAIN-806,MED-1712,7.13
cross-encoder,PLAIN-806,MED-2718,6.75
cross-encoder,PLAIN-806,MED-1715,6.78
cross-encoder,PLAIN-806,MED-1617,6.65
cross-encoder,PLAIN-806,MED-3375,6.58
cross-encoder,PLAIN-806,MED-1646,6.55
cross-encoder,PLAIN-817,MED-731,6.61
cross-encoder,PLAIN-817,MED-10,6.78
cross-encoder,PLAIN-817,MED-3462,6.94
cross-encoder,PLAIN-817,MED-14,6.6
cross-encoder,PLAIN-817,MED-3461,6.66
cross-encoder,PLAIN-817,MED-118,6.78
cross-encoder,PLAIN-817,MED-4811,6.62
cross-encoder,PLAIN-817,MED-301,6.62
cross-encoder,PLAIN-817,MED-941,6.64
cross-encoder,PLAIN-817,MED-306,6.58
cross-encoder,PLAIN-817,MED-863,6.6
cross-encoder,PLAIN-817,MED-1443,6.9
cross-encoder,PLAIN-817,MED-329,6.64
cross-encoder,PLAIN-817,MED-2056,6.82
cross-encoder,PLAIN-817,MED-330,6.76
cross-encoder,PLAIN-817,MED-853,7.38
cross-encoder,PLAIN-817,MED-2672,6.76
cross-encoder,PLAIN-817,MED-332,6.57
cross-encoder,PLAIN-817,MED-334,8.04
cross-encoder,PLAIN-817,MED-4312,8.88
cross-encoder,PLAIN-827,MED-4391,7.83
cross-encoder,PLAIN-827,MED-4451,6.7
cross-encoder,PLAIN-827,MED-1605,6.68
cross-encoder,PLAIN-827,MED-2106,6.84
cross-encoder,PLAIN-827,MED-3000,6.69
cross-encoder,PLAIN-827,MED-2618,6.97
cross-encoder,PLAIN-827,MED-4049,7.84
cross-encoder,PLAIN-827,MED-4057,6.64
cross-encoder,PLAIN-827,MED-3311,6.63
cross-encoder,PLAIN-827,MED-4194,6.81
cross-encoder,PLAIN-827,MED-4040,6.99
cross-encoder,PLAIN-827,MED-4483,6.72
cross-encoder,PLAIN-827,MED-5197,6.84
cross-encoder,PLAIN-827,MED-4470,9.14
cross-encoder,PLAIN-827,MED-1602,11.36
cross-encoder,PLAIN-827,MED-4492,11.94
cross-encoder,PLAIN-827,MED-5122,8.46
cross-encoder,PLAIN-827,MED-5188,7.04
cross-encoder,PLAIN-827,MED-4482,6.84
cross-encoder,PLAIN-827,MED-4060,6.75
cross-encoder,PLAIN-838,MED-3502,6.81
cross-encoder,PLAIN-838,MED-3495,6.99
cross-encoder,PLAIN-838,MED-3501,7.13
cross-encoder,PLAIN-838,MED-3499,6.64
cross-encoder,PLAIN-838,MED-3500,6.83
cross-encoder,PLAIN-838,MED-3496,6.91
cross-encoder,PLAIN-838,MED-719,6.91
cross-encoder,PLAIN-838,MED-724,6.96
cross-encoder,PLAIN-838,MED-713,6.87
cross-encoder,PLAIN-838,MED-2244,6.66
cross-encoder,PLAIN-838,MED-3494,6.61
cross-encoder,PLAIN-838,MED-3549,7.01
cross-encoder,PLAIN-838,MED-10,7.05
cross-encoder,PLAIN-838,MED-3548,6.78
cross-encoder,PLAIN-838,MED-14,6.75
cross-encoder,PLAIN-838,MED-3637,6.83
cross-encoder,PLAIN-838,MED-118,7.37
cross-encoder,PLAIN-838,MED-4782,8.18
cross-encoder,PLAIN-838,MED-301,7.49
cross-encoder,PLAIN-838,MED-4371,6.94
cross-encoder,PLAIN-850,MED-2064,7.09
cross-encoder,PLAIN-850,MED-2075,7.05
cross-encoder,PLAIN-850,MED-2070,7.12
cross-encoder,PLAIN-850,MED-4455,6.79
cross-encoder,PLAIN-850,MED-2066,6.82
cross-encoder,PLAIN-850,MED-759,6.91
cross-encoder,PLAIN-850,MED-3370,6.81
cross-encoder,PLAIN-850,MED-1407,7.23
cross-encoder,PLAIN-850,MED-2206,6.78
cross-encoder,PLAIN-850,MED-5074,6.62
cross-encoder,PLAIN-850,MED-3199,6.6
cross-encoder,PLAIN-850,MED-3750,6.71
cross-encoder,PLAIN-850,MED-2204,6.64
cross-encoder,PLAIN-850,MED-3377,6.69
cross-encoder,PLAIN-850,MED-10,6.82
cross-encoder,PLAIN-850,MED-842,6.99
cross-encoder,PLAIN-850,MED-14,6.93
cross-encoder,PLAIN-850,MED-3748,6.64
cross-encoder,PLAIN-850,MED-118,6.69
cross-encoder,PLAIN-850,MED-1293,6.86
cross-encoder,PLAIN-872,MED-3989,7.07
cross-encoder,PLAIN-872,MED-1291,6.6
cross-encoder,PLAIN-872,MED-4098,6.64
cross-encoder,PLAIN-872,MED-3712,6.65
cross-encoder,PLAIN-872,MED-1292,6.57
cross-encoder,PLAIN-872,MED-4916,7.07
cross-encoder,PLAIN-872,MED-3991,7.21
cross-encoder,PLAIN-872,MED-3985,8.03
cross-encoder,PLAIN-872,MED-3986,7.3
cross-encoder,PLAIN-872,MED-719,6.69
cross-encoder,PLAIN-872,MED-724,6.69
cross-encoder,PLAIN-872,MED-707,6.74
cross-encoder,PLAIN-872,MED-709,6.67
cross-encoder,PLAIN-872,MED-734,7.02
cross-encoder,PLAIN-872,MED-864,6.81
cross-encoder,PLAIN-872,MED-4583,6.6
cross-encoder,PLAIN-872,MED-4869,6.68
cross-encoder,PLAIN-872,MED-2521,6.6
cross-encoder,PLAIN-872,MED-4165,6.67
cross-encoder,PLAIN-872,MED-2169,7.17
cross-encoder,PLAIN-882,MED-3632,6.62
cross-encoder,PLAIN-882,MED-3622,6.59
cross-encoder,PLAIN-882,MED-3636,6.66
cross-encoder,PLAIN-882,MED-10,6.57
cross-encoder,PLAIN-882,MED-3630,6.7
cross-encoder,PLAIN-882,MED-14,6.67
cross-encoder,PLAIN-882,MED-118,6.63
cross-encoder,PLAIN-882,MED-3620,6.72
cross-encoder,PLAIN-882,MED-301,6.9
cross-encoder,PLAIN-882,MED-3635,6.62
cross-encoder,PLAIN-882,MED-306,6.94
cross-encoder,PLAIN-882,MED-3629,6.63
cross-encoder,PLAIN-882,MED-329,6.95
cross-encoder,PLAIN-882,MED-859,6.77
cross-encoder,PLAIN-882,MED-2274,7.39
cross-encoder,PLAIN-882,MED-330,6.62
cross-encoder,PLAIN-882,MED-332,6.59
cross-encoder,PLAIN-882,MED-3626,7.72
cross-encoder,PLAIN-882,MED-334,7.2
cross-encoder,PLAIN-882,MED-3628,6.59
cross-encoder,PLAIN-892,MED-3132,7.08
cross-encoder,PLAIN-892,MED-2010,7.28
cross-encoder,PLAIN-892,MED-4347,8.89
cross-encoder,PLAIN-892,MED-2148,9.03
cross-encoder,PLAIN-892,MED-2145,7.49
cross-encoder,PLAIN-892,MED-734,7.15
cross-encoder,PLAIN-892,MED-733,6.5
cross-encoder,PLAIN-892,MED-719,7.31
cross-encoder,PLAIN-892,MED-724,6.6
cross-encoder,PLAIN-892,MED-2009,6.9
cross-encoder,PLAIN-892,MED-2991,6.87
cross-encoder,PLAIN-892,MED-2008,6.75
cross-encoder,PLAIN-892,MED-4201,6.73
cross-encoder,PLAIN-892,MED-3095,6.64
cross-encoder,PLAIN-892,MED-10,6.63
cross-encoder,PLAIN-892,MED-5164,6.81
cross-encoder,PLAIN-892,MED-828,6.64
cross-encoder,PLAIN-892,MED-14,6.6
cross-encoder,PLAIN-892,MED-4972,6.61
cross-encoder,PLAIN-892,MED-118,6.64
cross-encoder,PLAIN-902,MED-4197,6.71
cross-encoder,PLAIN-902,MED-4195,6.69
cross-encoder,PLAIN-902,MED-3555,6.7
cross-encoder,PLAIN-902,MED-301,7.44
cross-encoder,PLAIN-902,MED-5024,6.87
cross-encoder,PLAIN-902,MED-1160,6.82
cross-encoder,PLAIN-902,MED-2093,6.82
cross-encoder,PLAIN-902,MED-4849,6.73
cross-encoder,PLAIN-902,MED-930,6.59
cross-encoder,PLAIN-902,MED-10,6.71
cross-encoder,PLAIN-902,MED-4187,6.98
cross-encoder,PLAIN-902,MED-14,6.9
cross-encoder,PLAIN-902,MED-842,7.16
cross-encoder,PLAIN-902,MED-118,6.68
cross-encoder,PLAIN-902,MED-2070,6.72
cross-encoder,PLAIN-902,MED-1746,6.66
cross-encoder,PLAIN-902,MED-306,8.53
cross-encoder,PLAIN-902,MED-329,6.79
cross-encoder,PLAIN-902,MED-4660,6.94
cross-encoder,PLAIN-902,MED-1142,7.02
cross-encoder,PLAIN-913,MED-4415,6.6
cross-encoder,PLAIN-913,MED-3811,6.61
cross-encoder,PLAIN-913,MED-4416,6.84
cross-encoder,PLAIN-913,MED-3812,6.73
cross-encoder,PLAIN-913,MED-3813,7.62
cross-encoder,PLAIN-913,MED-5000,6.95
cross-encoder,PLAIN-913,MED-4417,7.76
cross-encoder,PLAIN-913,MED-3810,6.66
cross-encoder,PLAIN-913,MED-2780,6.65
cross-encoder,PLAIN-913,MED-894,6.75
cross-encoder,PLAIN-913,MED-5084,6.86
cross-encoder,PLAIN-913,MED-691,6.97
cross-encoder,PLAIN-913,MED-760,6.91
cross-encoder,PLAIN-913,MED-712,7.46
cross-encoder,PLAIN-913,MED-692,6.84
cross-encoder,PLAIN-913,MED-4418,6.73
cross-encoder,PLAIN-913,MED-2783,6.66
cross-encoder,PLAIN-913,MED-1442,8.53
cross-encoder,PLAIN-913,MED-1444,10.94
cross-encoder,PLAIN-913,MED-1293,11.51
cross-encoder,PLAIN-924,MED-3044,8.34
cross-encoder,PLAIN-924,MED-10,6.65
cross-encoder,PLAIN-924,MED-3054,6.69
cross-encoder,PLAIN-924,MED-14,6.6
cross-encoder,PLAIN-924,MED-3052,6.86
cross-encoder,PLAIN-924,MED-118,6.89
cross-encoder,PLAIN-924,MED-3055,6.56
cross-encoder,PLAIN-924,MED-301,6.64
cross-encoder,PLAIN-924,MED-4790,6.65
cross-encoder,PLAIN-924,MED-306,6.59
cross-encoder,PLAIN-924,MED-3544,6.63
cross-encoder,PLAIN-924,MED-329,8.13
cross-encoder,PLAIN-924,MED-4720,6.2
cross-encoder,PLAIN-924,MED-3046,6.63
cross-encoder,PLAIN-924,MED-330,6.75
cross-encoder,PLAIN-924,MED-3058,7.0
cross-encoder,PLAIN-924,MED-332,6.86
cross-encoder,PLAIN-924,MED-2178,7.08
cross-encoder,PLAIN-924,MED-334,6.86
cross-encoder,PLAIN-924,MED-2177,6.36
cross-encoder,PLAIN-934,MED-1640,6.94
cross-encoder,PLAIN-934,MED-5244,6.54
cross-encoder,PLAIN-934,MED-2155,6.62
cross-encoder,PLAIN-934,MED-5249,6.67
cross-encoder,PLAIN-934,MED-1621,6.7
cross-encoder,PLAIN-934,MED-1648,6.76
cross-encoder,PLAIN-934,MED-1649,6.83
cross-encoder,PLAIN-934,MED-5245,6.72
cross-encoder,PLAIN-934,MED-1628,6.49
cross-encoder,PLAIN-934,MED-2161,6.65
cross-encoder,PLAIN-934,MED-5258,6.75
cross-encoder,PLAIN-934,MED-878,6.84
cross-encoder,PLAIN-934,MED-1622,6.81
cross-encoder,PLAIN-934,MED-5251,6.3
cross-encoder,PLAIN-934,MED-1636,6.74
cross-encoder,PLAIN-934,MED-5250,6.61
cross-encoder,PLAIN-934,MED-5259,6.59
cross-encoder,PLAIN-934,MED-2156,6.76
cross-encoder,PLAIN-934,MED-2160,7.02
cross-encoder,PLAIN-934,MED-1642,6.88
cross-encoder,PLAIN-946,MED-4380,6.79
cross-encoder,PLAIN-946,MED-4381,6.6
cross-encoder,PLAIN-946,MED-722,6.24
cross-encoder,PLAIN-946,MED-926,6.55
cross-encoder,PLAIN-946,MED-4960,6.13
cross-encoder,PLAIN-946,MED-866,6.67
cross-encoder,PLAIN-946,MED-3937,7.03
cross-encoder,PLAIN-946,MED-855,6.98
cross-encoder,PLAIN-946,MED-4668,6.61
cross-encoder,PLAIN-946,MED-1570,6.59
cross-encoder,PLAIN-946,MED-3939,6.39
cross-encoder,PLAIN-946,MED-10,7.12
cross-encoder,PLAIN-946,MED-4439,6.67
cross-encoder,PLAIN-946,MED-14,6.65
cross-encoder,PLAIN-946,MED-4356,6.71
cross-encoder,PLAIN-946,MED-118,7.06
cross-encoder,PLAIN-946,MED-3772,6.56
cross-encoder,PLAIN-946,MED-301,6.91
cross-encoder,PLAIN-946,MED-925,6.43
cross-encoder,PLAIN-946,MED-306,6.6
cross-encoder,PLAIN-956,MED-2182,7.19
cross-encoder,PLAIN-956,MED-5074,7.06
cross-encoder,PLAIN-956,MED-2572,6.87
cross-encoder,PLAIN-956,MED-2183,6.74
cross-encoder,PLAIN-956,MED-5076,7.01
cross-encoder,PLAIN-956,MED-5191,6.97
cross-encoder,PLAIN-956,MED-884,6.76
cross-encoder,PLAIN-956,MED-2179,7.05
cross-encoder,PLAIN-956,MED-4554,7.04
cross-encoder,PLAIN-956,MED-2184,6.74
cross-encoder,PLAIN-956,MED-4053,7.17
cross-encoder,PLAIN-956,MED-4972,6.64
cross-encoder,PLAIN-956,MED-3651,6.63
cross-encoder,PLAIN-956,MED-1165,6.65
cross-encoder,PLAIN-956,MED-2098,6.58
cross-encoder,PLAIN-956,MED-2209,8.27
cross-encoder,PLAIN-956,MED-4482,7.17
cross-encoder,PLAIN-956,MED-909,6.75
cross-encoder,PLAIN-956,MED-910,7.23
cross-encoder,PLAIN-956,MED-1441,7.85
cross-encoder,PLAIN-966,MED-3671,6.97
cross-encoder,PLAIN-966,MED-4323,6.87
cross-encoder,PLAIN-966,MED-4192,7.18
cross-encoder,PLAIN-966,MED-831,7.01
cross-encoder,PLAIN-966,MED-3919,6.83
cross-encoder,PLAIN-966,MED-2039,6.81
cross-encoder,PLAIN-966,MED-3465,6.89
cross-encoder,PLAIN-966,MED-2324,6.58
cross-encoder,PLAIN-966,MED-3316,6.71
cross-encoder,PLAIN-966,MED-1299,6.77
cross-encoder,PLAIN-966,MED-4789,6.6
cross-encoder,PLAIN-966,MED-1358,6.62
cross-encoder,PLAIN-966,MED-4152,6.66
cross-encoder,PLAIN-966,MED-743,6.62
cross-encoder,PLAIN-966,MED-1613,6.66
cross-encoder,PLAIN-966,MED-4103,6.61
cross-encoder,PLAIN-966,MED-5365,6.64
cross-encoder,PLAIN-966,MED-3317,6.87
cross-encoder,PLAIN-966,MED-3676,6.81
cross-encoder,PLAIN-966,MED-1198,6.78
cross-encoder,PLAIN-977,MED-2603,6.56
cross-encoder,PLAIN-977,MED-2598,6.62
cross-encoder,PLAIN-977,MED-4402,6.67
cross-encoder,PLAIN-977,MED-2082,6.83
cross-encoder,PLAIN-977,MED-4427,6.5
cross-encoder,PLAIN-977,MED-4891,6.63
cross-encoder,PLAIN-977,MED-2944,6.67
cross-encoder,PLAIN-977,MED-4617,6.68
cross-encoder,PLAIN-977,MED-2602,6.7
cross-encoder,PLAIN-977,MED-2770,6.56
cross-encoder,PLAIN-977,MED-1410,6.61
cross-encoder,PLAIN-977,MED-2179,6.65
cross-encoder,PLAIN-977,MED-1586,7.02
cross-encoder,PLAIN-977,MED-3394,6.74
cross-encoder,PLAIN-977,MED-1986,6.63
cross-encoder,PLAIN-977,MED-1786,6.86
cross-encoder,PLAIN-977,MED-2773,6.58
cross-encoder,PLAIN-977,MED-3306,6.81
cross-encoder,PLAIN-977,MED-3717,6.34
cross-encoder,PLAIN-977,MED-4960,8.21
cross-encoder,PLAIN-987,MED-557,8.91
cross-encoder,PLAIN-987,MED-746,8.02
cross-encoder,PLAIN-987,MED-828,6.84
cross-encoder,PLAIN-987,MED-732,6.77
cross-encoder,PLAIN-987,MED-1787,6.69
cross-encoder,PLAIN-987,MED-2780,6.79
cross-encoder,PLAIN-987,MED-1293,6.97
cross-encoder,PLAIN-987,MED-4954,7.97
cross-encoder,PLAIN-987,MED-1781,6.85
cross-encoder,PLAIN-987,MED-2830,6.77
cross-encoder,PLAIN-987,MED-10,6.72
cross-encoder,PLAIN-987,MED-3589,6.87
cross-encoder,PLAIN-987,MED-843,6.85
cross-encoder,PLAIN-987,MED-14,6.81
cross-encoder,PLAIN-987,MED-1762,6.97
cross-encoder,PLAIN-987,MED-118,7.06
cross-encoder,PLAIN-987,MED-1778,7.13
cross-encoder,PLAIN-987,MED-301,6.62
cross-encoder,PLAIN-987,MED-3591,6.71
cross-encoder,PLAIN-987,MED-1773,6.67
cross-encoder,PLAIN-997,MED-691,6.79
cross-encoder,PLAIN-997,MED-748,6.56
cross-encoder,PLAIN-997,MED-744,6.7
cross-encoder,PLAIN-997,MED-10,8.05
cross-encoder,PLAIN-997,MED-5331,10.5
cross-encoder,PLAIN-997,MED-14,11.3
cross-encoder,PLAIN-997,MED-4300,8.86
cross-encoder,PLAIN-997,MED-745,6.82
cross-encoder,PLAIN-997,MED-118,6.75
cross-encoder,PLAIN-997,MED-2082,6.7
cross-encoder,PLAIN-997,MED-1276,6.64
cross-encoder,PLAIN-997,MED-301,6.63
cross-encoder,PLAIN-997,MED-1376,6.8
cross-encoder,PLAIN-997,MED-306,6.86
cross-encoder,PLAIN-997,MED-822,6.7
cross-encoder,PLAIN-997,MED-2202,6.89
cross-encoder,PLAIN-997,MED-329,6.86
cross-encoder,PLAIN-997,MED-330,6.97
cross-encoder,PLAIN-997,MED-5369,7.04
cross-encoder,PLAIN-997,MED-1055,7.04
cross-encoder,PLAIN-1008,MED-306,6.94
cross-encoder,PLAIN-1008,MED-666,6.59
cross-encoder,PLAIN-1008,MED-10,7.1
cross-encoder,PLAIN-1008,MED-4668,6.78
cross-encoder,PLAIN-1008,MED-14,6.86
cross-encoder,PLAIN-1008,MED-901,7.07
cross-encoder,PLAIN-1008,MED-745,6.96
cross-encoder,PLAIN-1008,MED-118,7.06
cross-encoder,PLAIN-1008,MED-3863,6.58
cross-encoder,PLAIN-1008,MED-1519,6.46
cross-encoder,PLAIN-1008,MED-301,6.59
cross-encoder,PLAIN-1008,MED-4694,6.61
cross-encoder,PLAIN-1008,MED-329,6.61
cross-encoder,PLAIN-1008,MED-5216,7.44
cross-encoder,PLAIN-1008,MED-2036,7.41
cross-encoder,PLAIN-1008,MED-330,6.66
cross-encoder,PLAIN-1008,MED-3319,6.64
cross-encoder,PLAIN-1008,MED-332,6.56
cross-encoder,PLAIN-1008,MED-334,6.79
cross-encoder,PLAIN-1008,MED-900,6.67
cross-encoder,PLAIN-1018,MED-839,6.67
cross-encoder,PLAIN-1018,MED-5091,6.7
cross-encoder,PLAIN-1018,MED-5095,7.1
cross-encoder,PLAIN-1018,MED-5093,6.69
cross-encoder,PLAIN-1018,MED-3012,6.73
cross-encoder,PLAIN-1018,MED-838,6.68
cross-encoder,PLAIN-1018,MED-928,6.73
cross-encoder,PLAIN-1018,MED-1832,6.64
cross-encoder,PLAIN-1018,MED-5364,7.08
cross-encoder,PLAIN-1018,MED-5092,7.6
cross-encoder,PLAIN-1018,MED-4936,7.08
cross-encoder,PLAIN-1018,MED-557,6.7
cross-encoder,PLAIN-1018,MED-5361,6.79
cross-encoder,PLAIN-1018,MED-828,6.6
cross-encoder,PLAIN-1018,MED-818,6.74
cross-encoder,PLAIN-1018,MED-820,6.73
cross-encoder,PLAIN-1018,MED-4323,7.01
cross-encoder,PLAIN-1018,MED-4322,6.68
cross-encoder,PLAIN-1018,MED-762,6.78
cross-encoder,PLAIN-1018,MED-831,6.67
cross-encoder,PLAIN-1028,MED-2290,6.58
cross-encoder,PLAIN-1028,MED-4102,6.65
cross-encoder,PLAIN-1028,MED-1558,6.69
cross-encoder,PLAIN-1028,MED-4627,6.64
cross-encoder,PLAIN-1028,MED-2984,6.61
cross-encoder,PLAIN-1028,MED-5363,6.7
cross-encoder,PLAIN-1028,MED-1553,6.97
cross-encoder,PLAIN-1028,MED-5181,6.8
cross-encoder,PLAIN-1028,MED-3722,6.88
cross-encoder,PLAIN-1028,MED-3654,6.88
cross-encoder,PLAIN-1028,MED-4178,6.73
cross-encoder,PLAIN-1028,MED-2180,6.84
cross-encoder,PLAIN-1028,MED-3248,6.68
cross-encoder,PLAIN-1028,MED-2412,6.85
cross-encoder,PLAIN-1028,MED-3900,6.64
cross-encoder,PLAIN-1028,MED-1861,6.62
cross-encoder,PLAIN-1028,MED-2220,6.86
cross-encoder,PLAIN-1028,MED-4555,6.62
cross-encoder,PLAIN-1028,MED-2294,6.84
cross-encoder,PLAIN-1028,MED-4131,7.25
cross-encoder,PLAIN-1039,MED-4380,8.09
cross-encoder,PLAIN-1039,MED-4381,6.92
cross-encoder,PLAIN-1039,MED-4995,7.15
cross-encoder,PLAIN-1039,MED-3867,7.26
cross-encoder,PLAIN-1039,MED-909,9.48
cross-encoder,PLAIN-1039,MED-1841,8.85
cross-encoder,PLAIN-1039,MED-4634,7.16
cross-encoder,PLAIN-1039,MED-1839,6.63
cross-encoder,PLAIN-1039,MED-4625,7.01
cross-encoder,PLAIN-1039,MED-3215,6.86
cross-encoder,PLAIN-1039,MED-1395,6.71
cross-encoder,PLAIN-1039,MED-2544,6.76
cross-encoder,PLAIN-1039,MED-4626,7.07
cross-encoder,PLAIN-1039,MED-4092,6.84
cross-encoder,PLAIN-1039,MED-4176,7.27
cross-encoder,PLAIN-1039,MED-1832,6.79
cross-encoder,PLAIN-1039,MED-3846,6.64
cross-encoder,PLAIN-1039,MED-2983,6.75
cross-encoder,PLAIN-1039,MED-2578,6.67
cross-encoder,PLAIN-1039,MED-3236,6.7
cross-encoder,PLAIN-1050,MED-2510,6.59
cross-encoder,PLAIN-1050,MED-728,6.6
cross-encoder,PLAIN-1050,MED-761,6.61
cross-encoder,PLAIN-1050,MED-1021,6.61
cross-encoder,PLAIN-1050,MED-749,6.92
cross-encoder,PLAIN-1050,MED-731,6.67
cross-encoder,PLAIN-1050,MED-748,6.6
cross-encoder,PLAIN-1050,MED-727,6.66
cross-encoder,PLAIN-1050,MED-1097,6.63
cross-encoder,PLAIN-1050,MED-1712,6.73
cross-encoder,PLAIN-1050,MED-1655,6.86
cross-encoder,PLAIN-1050,MED-2498,6.81
cross-encoder,PLAIN-1050,MED-843,6.95
cross-encoder,PLAIN-1050,MED-2112,6.65
cross-encoder,PLAIN-1050,MED-2324,6.66
cross-encoder,PLAIN-1050,MED-1543,6.64
cross-encoder,PLAIN-1050,MED-3283,6.64
cross-encoder,PLAIN-1050,MED-2509,6.91
cross-encoder,PLAIN-1050,MED-4842,6.96
cross-encoder,PLAIN-1050,MED-2502,7.45
cross-encoder,PLAIN-1066,MED-727,7.32
cross-encoder,PLAIN-1066,MED-728,6.56
cross-encoder,PLAIN-1066,MED-2763,6.32
cross-encoder,PLAIN-1066,MED-749,6.56
cross-encoder,PLAIN-1066,MED-761,6.66
cross-encoder,PLAIN-1066,MED-1097,6.77
cross-encoder,PLAIN-1066,MED-1712,7.03
cross-encoder,PLAIN-1066,MED-2510,6.79
cross-encoder,PLAIN-1066,MED-3759,7.24
cross-encoder,PLAIN-1066,MED-748,7.23
cross-encoder,PLAIN-1066,MED-2112,6.4
cross-encoder,PLAIN-1066,MED-2498,6.59
cross-encoder,PLAIN-1066,MED-1021,6.64
cross-encoder,PLAIN-1066,MED-3604,8.18
cross-encoder,PLAIN-1066,MED-2324,6.68
cross-encoder,PLAIN-1066,MED-2525,6.96
cross-encoder,PLAIN-1066,MED-3283,6.7
cross-encoder,PLAIN-1066,MED-743,6.72
cross-encoder,PLAIN-1066,MED-762,6.66
cross-encoder,PLAIN-1066,MED-2509,6.61
cross-encoder,PLAIN-1088,MED-2109,6.8
cross-encoder,PLAIN-1088,MED-2110,6.93
cross-encoder,PLAIN-1088,MED-301,6.62
cross-encoder,PLAIN-1088,MED-762,6.53
cross-encoder,PLAIN-1088,MED-557,6.68
cross-encoder,PLAIN-1088,MED-10,6.65
cross-encoder,PLAIN-1088,MED-1314,6.78
cross-encoder,PLAIN-1088,MED-14,6.94
cross-encoder,PLAIN-1088,MED-118,6.76
cross-encoder,PLAIN-1088,MED-3630,10.55
cross-encoder,PLAIN-1088,MED-5345,10.86
cross-encoder,PLAIN-1088,MED-3056,11.11
cross-encoder,PLAIN-1088,MED-306,7.05
cross-encoder,PLAIN-1088,MED-1311,7.03
cross-encoder,PLAIN-1088,MED-329,6.74
cross-encoder,PLAIN-1088,MED-1594,6.74
cross-encoder,PLAIN-1088,MED-330,6.76
cross-encoder,PLAIN-1088,MED-332,6.68
cross-encoder,PLAIN-1088,MED-4602,7.25
cross-encoder,PLAIN-1088,MED-334,7.06
cross-encoder,PLAIN-1098,MED-734,7.18
cross-encoder,PLAIN-1098,MED-692,6.68
cross-encoder,PLAIN-1098,MED-733,6.48
cross-encoder,PLAIN-1098,MED-719,6.6
cross-encoder,PLAIN-1098,MED-724,7.05
cross-encoder,PLAIN-1098,MED-10,6.74
cross-encoder,PLAIN-1098,MED-2371,6.92
cross-encoder,PLAIN-1098,MED-14,7.03
cross-encoder,PLAIN-1098,MED-963,7.15
cross-encoder,PLAIN-1098,MED-118,7.01
cross-encoder,PLAIN-1098,MED-5124,6.69
cross-encoder,PLAIN-1098,MED-301,6.73
cross-encoder,PLAIN-1098,MED-4676,6.98
cross-encoder,PLAIN-1098,MED-2977,6.72
cross-encoder,PLAIN-1098,MED-306,6.79
cross-encoder,PLAIN-1098,MED-329,6.71
cross-encoder,PLAIN-1098,MED-4892,6.64
cross-encoder,PLAIN-1098,MED-2884,6.81
cross-encoder,PLAIN-1098,MED-330,6.63
cross-encoder,PLAIN-1098,MED-332,6.76
cross-encoder,PLAIN-1109,MED-2643,6.68
cross-encoder,PLAIN-1109,MED-2650,6.89
cross-encoder,PLAIN-1109,MED-5323,6.79
cross-encoder,PLAIN-1109,MED-1099,6.54
cross-encoder,PLAIN-1109,MED-2087,6.69
cross-encoder,PLAIN-1109,MED-1777,6.6
cross-encoder,PLAIN-1109,MED-5167,6.78
cross-encoder,PLAIN-1109,MED-1763,6.85
cross-encoder,PLAIN-1109,MED-4728,6.94
cross-encoder,PLAIN-1109,MED-2627,8.36
cross-encoder,PLAIN-1109,MED-2658,6.68
cross-encoder,PLAIN-1109,MED-1100,6.79
cross-encoder,PLAIN-1109,MED-2654,6.69
cross-encoder,PLAIN-1109,MED-4941,6.58
cross-encoder,PLAIN-1109,MED-1594,6.68
cross-encoder,PLAIN-1109,MED-3955,6.83
cross-encoder,PLAIN-1109,MED-1736,6.95
cross-encoder,PLAIN-1109,MED-1167,6.81
cross-encoder,PLAIN-1109,MED-1003,6.86
cross-encoder,PLAIN-1109,MED-1741,6.66
cross-encoder,PLAIN-1119,MED-1708,6.99
cross-encoder,PLAIN-1119,MED-1627,7.07
cross-encoder,PLAIN-1119,MED-877,6.64
cross-encoder,PLAIN-1119,MED-3371,6.82
cross-encoder,PLAIN-1119,MED-2718,6.64
cross-encoder,PLAIN-1119,MED-5310,6.65
cross-encoder,PLAIN-1119,MED-1710,6.64
cross-encoder,PLAIN-1119,MED-4438,6.69
cross-encoder,PLAIN-1119,MED-4774,6.55
cross-encoder,PLAIN-1119,MED-1534,6.81
cross-encoder,PLAIN-1119,MED-1646,6.74
cross-encoder,PLAIN-1119,MED-3768,6.67
cross-encoder,PLAIN-1119,MED-4331,6.77
cross-encoder,PLAIN-1119,MED-3588,6.69
cross-encoder,PLAIN-1119,MED-2721,6.55
cross-encoder,PLAIN-1119,MED-3208,6.78
cross-encoder,PLAIN-1119,MED-2148,6.69
cross-encoder,PLAIN-1119,MED-2181,6.78
cross-encoder,PLAIN-1119,MED-3201,7.01
cross-encoder,PLAIN-1119,MED-2715,6.76
cross-encoder,PLAIN-1130,MED-4165,7.12
cross-encoder,PLAIN-1130,MED-691,8.24
cross-encoder,PLAIN-1130,MED-692,7.87
cross-encoder,PLAIN-1130,MED-557,7.12
cross-encoder,PLAIN-1130,MED-10,7.31
cross-encoder,PLAIN-1130,MED-14,7.3
cross-encoder,PLAIN-1130,MED-1732,7.22
cross-encoder,PLAIN-1130,MED-118,7.07
cross-encoder,PLAIN-1130,MED-2619,7.06
cross-encoder,PLAIN-1130,MED-301,6.87
cross-encoder,PLAIN-1130,MED-3971,6.78
cross-encoder,PLAIN-1130,MED-306,8.49
cross-encoder,PLAIN-1130,MED-5050,6.81
cross-encoder,PLAIN-1130,MED-1240,6.76
cross-encoder,PLAIN-1130,MED-329,6.76
cross-encoder,PLAIN-1130,MED-1243,6.79
cross-encoder,PLAIN-1130,MED-330,6.67
cross-encoder,PLAIN-1130,MED-332,6.83
cross-encoder,PLAIN-1130,MED-3670,6.93
cross-encoder,PLAIN-1130,MED-1733,6.93
cross-encoder,PLAIN-1141,MED-2112,6.87
cross-encoder,PLAIN-1141,MED-2428,6.62
cross-encoder,PLAIN-1141,MED-1343,6.81
cross-encoder,PLAIN-1141,MED-3953,6.94
cross-encoder,PLAIN-1141,MED-1037,6.87
cross-encoder,PLAIN-1141,MED-3001,7.11
cross-encoder,PLAIN-1141,MED-1051,6.68
cross-encoder,PLAIN-1141,MED-5343,6.65
cross-encoder,PLAIN-1141,MED-745,6.72
cross-encoder,PLAIN-1141,MED-3113,6.45
cross-encoder,PLAIN-1141,MED-4153,7.1
cross-encoder,PLAIN-1141,MED-3625,6.46
cross-encoder,PLAIN-1141,MED-3680,6.82
cross-encoder,PLAIN-1141,MED-4531,6.94
cross-encoder,PLAIN-1141,MED-1097,6.64
cross-encoder,PLAIN-1141,MED-2298,6.23
cross-encoder,PLAIN-1141,MED-4533,6.63
cross-encoder,PLAIN-1141,MED-4366,6.79
cross-encoder,PLAIN-1141,MED-2086,6.7
cross-encoder,PLAIN-1141,MED-3758,6.62
cross-encoder,PLAIN-1151,MED-3306,6.92
cross-encoder,PLAIN-1151,MED-2182,6.77
cross-encoder,PLAIN-1151,MED-2742,6.69
cross-encoder,PLAIN-1151,MED-1759,6.64
cross-encoder,PLAIN-1151,MED-2738,6.55
cross-encoder,PLAIN-1151,MED-1147,6.64
cross-encoder,PLAIN-1151,MED-1144,6.59
cross-encoder,PLAIN-1151,MED-3314,6.66
cross-encoder,PLAIN-1151,MED-2221,6.95
cross-encoder,PLAIN-1151,MED-1725,6.78
cross-encoder,PLAIN-1151,MED-4139,7.98
cross-encoder,PLAIN-1151,MED-1179,6.62
cross-encoder,PLAIN-1151,MED-3307,6.8
cross-encoder,PLAIN-1151,MED-4489,6.72
cross-encoder,PLAIN-1151,MED-1157,7.02
cross-encoder,PLAIN-1151,MED-2489,6.3
cross-encoder,PLAIN-1151,MED-1181,6.97
cross-encoder,PLAIN-1151,MED-1753,7.05
cross-encoder,PLAIN-1151,MED-2299,6.67
cross-encoder,PLAIN-1151,MED-2572,6.59
cross-encoder,PLAIN-1161,MED-3136,6.59
cross-encoder,PLAIN-1161,MED-3138,6.61
cross-encoder,PLAIN-1161,MED-4991,6.89
cross-encoder,PLAIN-1161,MED-2144,6.43
cross-encoder,PLAIN-1161,MED-2570,6.78
cross-encoder,PLAIN-1161,MED-2147,6.44
cross-encoder,PLAIN-1161,MED-3584,6.78
cross-encoder,PLAIN-1161,MED-1880,6.74
cross-encoder,PLAIN-1161,MED-2010,6.57
cross-encoder,PLAIN-1161,MED-3141,6.75
cross-encoder,PLAIN-1161,MED-3132,6.69
cross-encoder,PLAIN-1161,MED-5079,6.81
cross-encoder,PLAIN-1161,MED-724,6.58
cross-encoder,PLAIN-1161,MED-719,6.89
cross-encoder,PLAIN-1161,MED-2140,7.4
cross-encoder,PLAIN-1161,MED-4510,11.04
cross-encoder,PLAIN-1161,MED-2141,12.68
cross-encoder,PLAIN-1161,MED-2145,11.38
cross-encoder,PLAIN-1161,MED-2148,7.68
cross-encoder,PLAIN-1161,MED-2085,7.01
cross-encoder,PLAIN-1172,MED-4150,6.13
cross-encoder,PLAIN-1172,MED-691,7.14
cross-encoder,PLAIN-1172,MED-702,7.0
cross-encoder,PLAIN-1172,MED-719,6.63
cross-encoder,PLAIN-1172,MED-724,6.67
cross-encoder,PLAIN-1172,MED-10,6.57
cross-encoder,PLAIN-1172,MED-3146,6.81
cross-encoder,PLAIN-1172,MED-14,6.57
cross-encoder,PLAIN-1172,MED-4720,6.25
cross-encoder,PLAIN-1172,MED-118,7.1
cross-encoder,PLAIN-1172,MED-3145,6.72
cross-encoder,PLAIN-1172,MED-301,6.67
cross-encoder,PLAIN-1172,MED-3144,6.6
cross-encoder,PLAIN-1172,MED-306,6.58
cross-encoder,PLAIN-1172,MED-3810,6.68
cross-encoder,PLAIN-1172,MED-329,6.68
cross-encoder,PLAIN-1172,MED-3606,6.7
cross-encoder,PLAIN-1172,MED-330,6.57
cross-encoder,PLAIN-1172,MED-3816,6.57
cross-encoder,PLAIN-1172,MED-2521,6.94
cross-encoder,PLAIN-1183,MED-1276,6.58
cross-encoder,PLAIN-1183,MED-5331,6.77
cross-encoder,PLAIN-1183,MED-4727,6.64
cross-encoder,PLAIN-1183,MED-5369,6.55
cross-encoder,PLAIN-1183,MED-5351,6.71
cross-encoder,PLAIN-1183,MED-10,6.76
cross-encoder,PLAIN-1183,MED-4070,6.86
cross-encoder,PLAIN-1183,MED-1201,6.6
cross-encoder,PLAIN-1183,MED-748,6.51
cross-encoder,PLAIN-1183,MED-2582,6.6
cross-encoder,PLAIN-1183,MED-5353,7.96
cross-encoder,PLAIN-1183,MED-1376,7.18
cross-encoder,PLAIN-1183,MED-3856,6.62
cross-encoder,PLAIN-1183,MED-2202,6.65
cross-encoder,PLAIN-1183,MED-3980,6.58
cross-encoder,PLAIN-1183,MED-3981,6.73
cross-encoder,PLAIN-1183,MED-2082,6.59
cross-encoder,PLAIN-1183,MED-3976,6.81
cross-encoder,PLAIN-1183,MED-2769,7.0
cross-encoder,PLAIN-1183,MED-5192,6.66
cross-encoder,PLAIN-1193,MED-3868,6.73
cross-encoder,PLAIN-1193,MED-3869,6.65
cross-encoder,PLAIN-1193,MED-1825,6.77
cross-encoder,PLAIN-1193,MED-3864,6.59
cross-encoder,PLAIN-1193,MED-1826,6.69
cross-encoder,PLAIN-1193,MED-3796,6.8
cross-encoder,PLAIN-1193,MED-4303,6.67
cross-encoder,PLAIN-1193,MED-2378,6.92
cross-encoder,PLAIN-1193,MED-839,6.64
cross-encoder,PLAIN-1193,MED-4443,6.65
cross-encoder,PLAIN-1193,MED-1443,6.64
cross-encoder,PLAIN-1193,MED-3662,6.61
cross-encoder,PLAIN-1193,MED-3867,6.91
cross-encoder,PLAIN-1193,MED-5179,6.8
cross-encoder,PLAIN-1193,MED-1493,6.61
cross-encoder,PLAIN-1193,MED-3659,6.6
cross-encoder,PLAIN-1193,MED-5016,6.73
cross-encoder,PLAIN-1193,MED-1523,6.58
cross-encoder,PLAIN-1193,MED-1859,6.78
cross-encoder,PLAIN-1193,MED-886,6.8
cross-encoder,PLAIN-1203,MED-4771,6.67
cross-encoder,PLAIN-1203,MED-1203,6.77
cross-encoder,PLAIN-1203,MED-986,6.85
cross-encoder,PLAIN-1203,MED-980,7.74
cross-encoder,PLAIN-1203,MED-922,8.09
cross-encoder,PLAIN-1203,MED-4872,7.04
cross-encoder,PLAIN-1203,MED-994,6.94
cross-encoder,PLAIN-1203,MED-3867,6.85
cross-encoder,PLAIN-1203,MED-2983,6.96
cross-encoder,PLAIN-1203,MED-1846,7.11
cross-encoder,PLAIN-1203,MED-1528,7.19
cross-encoder,PLAIN-1203,MED-2103,6.72
cross-encoder,PLAIN-1203,MED-1395,6.77
cross-encoder,PLAIN-1203,MED-1202,6.96
cross-encoder,PLAIN-1203,MED-3275,6.55
cross-encoder,PLAIN-1203,MED-2102,6.69
cross-encoder,PLAIN-1203,MED-1201,6.72
cross-encoder,PLAIN-1203,MED-4764,6.92
cross-encoder,PLAIN-1203,MED-993,6.86
cross-encoder,PLAIN-1203,MED-4600,8.54
cross-encoder,PLAIN-1214,MED-734,6.96
cross-encoder,PLAIN-1214,MED-10,6.81
cross-encoder,PLAIN-1214,MED-5318,6.81
cross-encoder,PLAIN-1214,MED-14,6.6
cross-encoder,PLAIN-1214,MED-1733,6.71
cross-encoder,PLAIN-1214,MED-118,6.94
cross-encoder,PLAIN-1214,MED-5177,6.66
cross-encoder,PLAIN-1214,MED-828,7.04
cross-encoder,PLAIN-1214,MED-1731,6.87
cross-encoder,PLAIN-1214,MED-301,6.79
cross-encoder,PLAIN-1214,MED-2992,6.97
cross-encoder,PLAIN-1214,MED-306,6.92
cross-encoder,PLAIN-1214,MED-329,6.66
cross-encoder,PLAIN-1214,MED-5317,6.74
cross-encoder,PLAIN-1214,MED-1491,6.83
cross-encoder,PLAIN-1214,MED-330,7.07
cross-encoder,PLAIN-1214,MED-2362,7.2
cross-encoder,PLAIN-1214,MED-332,7.02
cross-encoder,PLAIN-1214,MED-850,6.8
cross-encoder,PLAIN-1214,MED-1738,6.63
cross-encoder,PLAIN-1225,MED-1674,6.67
cross-encoder,PLAIN-1225,MED-717,8.36
cross-encoder,PLAIN-1225,MED-918,8.77
cross-encoder,PLAIN-1225,MED-1669,8.23
cross-encoder,PLAIN-1225,MED-1672,6.73
cross-encoder,PLAIN-1225,MED-1710,6.62
cross-encoder,PLAIN-1225,MED-5057,6.89
cross-encoder,PLAIN-1225,MED-1675,6.66
cross-encoder,PLAIN-1225,MED-3059,6.79
cross-encoder,PLAIN-1225,MED-3734,6.86
cross-encoder,PLAIN-1225,MED-2969,6.8
cross-encoder,PLAIN-1225,MED-1261,7.81
cross-encoder,PLAIN-1225,MED-1707,6.78
cross-encoder,PLAIN-1225,MED-2420,6.86
cross-encoder,PLAIN-1225,MED-2490,7.04
cross-encoder,PLAIN-1225,MED-719,7.23
cross-encoder,PLAIN-1225,MED-724,7.29
cross-encoder,PLAIN-1225,MED-5240,7.08
cross-encoder,PLAIN-1225,MED-720,6.67
cross-encoder,PLAIN-1225,MED-830,6.68
cross-encoder,PLAIN-1236,MED-1341,6.64
cross-encoder,PLAIN-1236,MED-719,6.7
cross-encoder,PLAIN-1236,MED-724,6.89
cross-encoder,PLAIN-1236,MED-720,6.68
cross-encoder,PLAIN-1236,MED-398,6.66
cross-encoder,PLAIN-1236,MED-717,6.61
cross-encoder,PLAIN-1236,MED-10,6.63
cross-encoder,PLAIN-1236,MED-14,6.65
cross-encoder,PLAIN-1236,MED-118,6.84
cross-encoder,PLAIN-1236,MED-2354,6.86
cross-encoder,PLAIN-1236,MED-830,8.58
cross-encoder,PLAIN-1236,MED-301,6.67
cross-encoder,PLAIN-1236,MED-1674,6.72
cross-encoder,PLAIN-1236,MED-306,6.67
cross-encoder,PLAIN-1236,MED-329,6.59
cross-encoder,PLAIN-1236,MED-4595,6.35
cross-encoder,PLAIN-1236,MED-330,6.76
cross-encoder,PLAIN-1236,MED-5058,6.97
cross-encoder,PLAIN-1236,MED-2348,6.71
cross-encoder,PLAIN-1236,MED-332,9.11
cross-encoder,PLAIN-1249,MED-2303,10.62
cross-encoder,PLAIN-1249,MED-2674,11.5
cross-encoder,PLAIN-1249,MED-1780,8.22
cross-encoder,PLAIN-1249,MED-2247,6.9
cross-encoder,PLAIN-1249,MED-1744,6.4
cross-encoder,PLAIN-1249,MED-3706,6.63
cross-encoder,PLAIN-1249,MED-5055,6.7
cross-encoder,PLAIN-1249,MED-2518,6.06
cross-encoder,PLAIN-1249,MED-2848,6.74
cross-encoder,PLAIN-1249,MED-3884,7.03
cross-encoder,PLAIN-1249,MED-4939,6.72
cross-encoder,PLAIN-1249,MED-3886,6.85
cross-encoder,PLAIN-1249,MED-1874,6.59
cross-encoder,PLAIN-1249,MED-2432,6.71
cross-encoder,PLAIN-1249,MED-1442,6.8
cross-encoder,PLAIN-1249,MED-3885,6.62
cross-encoder,PLAIN-1249,MED-4867,6.75
cross-encoder,PLAIN-1249,MED-1229,6.74
cross-encoder,PLAIN-1249,MED-2123,6.67
cross-encoder,PLAIN-1249,MED-1664,6.38
cross-encoder,PLAIN-1262,MED-5293,6.73
cross-encoder,PLAIN-1262,MED-983,6.76
cross-encoder,PLAIN-1262,MED-5303,6.67
cross-encoder,PLAIN-1262,MED-4096,6.68
cross-encoder,PLAIN-1262,MED-2082,6.9
cross-encoder,PLAIN-1262,MED-1054,6.72
cross-encoder,PLAIN-1262,MED-5331,6.83
cross-encoder,PLAIN-1262,MED-2723,6.9
cross-encoder,PLAIN-1262,MED-1680,6.69
cross-encoder,PLAIN-1262,MED-5220,6.73
cross-encoder,PLAIN-1262,MED-4132,7.5
cross-encoder,PLAIN-1262,MED-2211,7.82
cross-encoder,PLAIN-1262,MED-1055,6.74
cross-encoder,PLAIN-1262,MED-1123,6.81
cross-encoder,PLAIN-1262,MED-2000,6.71
cross-encoder,PLAIN-1262,MED-2740,6.72
cross-encoder,PLAIN-1262,MED-3974,6.7
cross-encoder,PLAIN-1262,MED-2214,6.7
cross-encoder,PLAIN-1262,MED-1056,7.06
cross-encoder,PLAIN-1262,MED-1328,6.98
cross-encoder,PLAIN-1275,MED-4712,6.76
cross-encoder,PLAIN-1275,MED-2886,10.39
cross-encoder,PLAIN-1275,MED-2924,10.51
cross-encoder,PLAIN-1275,MED-1676,8.02
cross-encoder,PLAIN-1275,MED-4900,13.61
cross-encoder,PLAIN-1275,MED-2922,7.01
cross-encoder,PLAIN-1275,MED-2076,6.81
cross-encoder,PLAIN-1275,MED-2665,6.71
cross-encoder,PLAIN-1275,MED-3738,7.03
cross-encoder,PLAIN-1275,MED-1671,6.98
cross-encoder,PLAIN-1275,MED-3748,6.77
cross-encoder,PLAIN-1275,MED-4576,6.98
cross-encoder,PLAIN-1275,MED-3728,6.86
cross-encoder,PLAIN-1275,MED-2970,6.65
cross-encoder,PLAIN-1275,MED-5084,7.12
cross-encoder,PLAIN-1275,MED-5069,6.6
cross-encoder,PLAIN-1275,MED-5083,6.96
cross-encoder,PLAIN-1275,MED-3480,7.14
cross-encoder,PLAIN-1275,MED-5070,6.87
cross-encoder,PLAIN-1275,MED-5166,6.64
cross-encoder,PLAIN-1288,MED-2083,6.58
cross-encoder,PLAIN-1288,MED-3701,6.74
cross-encoder,PLAIN-1288,MED-398,8.79
cross-encoder,PLAIN-1288,MED-1538,7.32
cross-encoder,PLAIN-1288,MED-4585,7.08
cross-encoder,PLAIN-1288,MED-2663,6.75
cross-encoder,PLAIN-1288,MED-3700,6.85
cross-encoder,PLAIN-1288,MED-5065,6.72
cross-encoder,PLAIN-1288,MED-3728,6.8
cross-encoder,PLAIN-1288,MED-1795,7.02
cross-encoder,PLAIN-1288,MED-2450,6.79
cross-encoder,PLAIN-1288,MED-4029,7.04
cross-encoder,PLAIN-1288,MED-1533,6.73
cross-encoder,PLAIN-1288,MED-2085,6.84
cross-encoder,PLAIN-1288,MED-3207,6.75
cross-encoder,PLAIN-1288,MED-3200,6.7
cross-encoder,PLAIN-1288,MED-3206,6.63
cross-encoder,PLAIN-1288,MED-3210,6.68
cross-encoder,PLAIN-1288,MED-3205,6.63
cross-encoder,PLAIN-1288,MED-3382,6.84
cross-encoder,PLAIN-1299,MED-4747,6.62
cross-encoder,PLAIN-1299,MED-3135,6.77
cross-encoder,PLAIN-1299,MED-1223,6.62
cross-encoder,PLAIN-1299,MED-2498,6.61
cross-encoder,PLAIN-1299,MED-1229,6.66
cross-encoder,PLAIN-1299,MED-2123,6.87
cross-encoder,PLAIN-1299,MED-1752,6.73
cross-encoder,PLAIN-1299,MED-2774,6.6
cross-encoder,PLAIN-1299,MED-4897,6.74
cross-encoder,PLAIN-1299,MED-4224,6.65
cross-encoder,PLAIN-1299,MED-4394,6.64
cross-encoder,PLAIN-1299,MED-4222,6.59
cross-encoder,PLAIN-1299,MED-1587,6.87
cross-encoder,PLAIN-1299,MED-2114,6.98
cross-encoder,PLAIN-1299,MED-4752,6.69
cross-encoder,PLAIN-1299,MED-4211,6.84
cross-encoder,PLAIN-1299,MED-1750,6.61
cross-encoder,PLAIN-1299,MED-1716,6.69
cross-encoder,PLAIN-1299,MED-1723,6.76
cross-encoder,PLAIN-1299,MED-5107,6.0
cross-encoder,PLAIN-1309,MED-702,10.21
cross-encoder,PLAIN-1309,MED-736,11.24
cross-encoder,PLAIN-1309,MED-721,11.7
cross-encoder,PLAIN-1309,MED-714,12.23
cross-encoder,PLAIN-1309,MED-10,11.39
cross-encoder,PLAIN-1309,MED-4660,11.12
cross-encoder,PLAIN-1309,MED-14,11.91
cross-encoder,PLAIN-1309,MED-4603,11.28
cross-encoder,PLAIN-1309,MED-118,11.72
cross-encoder,PLAIN-1309,MED-5301,12.3
cross-encoder,PLAIN-1309,MED-301,11.19
cross-encoder,PLAIN-1309,MED-4942,11.73
cross-encoder,PLAIN-1309,MED-306,9.57
cross-encoder,PLAIN-1309,MED-3985,9.06
cross-encoder,PLAIN-1309,MED-2046,9.47
cross-encoder,PLAIN-1309,MED-329,11.46
cross-encoder,PLAIN-1309,MED-2116,8.75
cross-encoder,PLAIN-1309,MED-330,10.0
cross-encoder,PLAIN-1309,MED-2121,9.27
cross-encoder,PLAIN-1309,MED-332,9.11
cross-encoder,PLAIN-1320,MED-1543,9.05
cross-encoder,PLAIN-1320,MED-2112,8.65
cross-encoder,PLAIN-1320,MED-761,10.57
cross-encoder,PLAIN-1320,MED-1549,11.94
cross-encoder,PLAIN-1320,MED-2758,10.9
cross-encoder,PLAIN-1320,MED-1545,9.5
cross-encoder,PLAIN-1320,MED-728,9.22
cross-encoder,PLAIN-1320,MED-3759,9.21
cross-encoder,PLAIN-1320,MED-4929,12.11
cross-encoder,PLAIN-1320,MED-2525,13.52
cross-encoder,PLAIN-1320,MED-1986,12.7
cross-encoder,PLAIN-1320,MED-749,12.54
cross-encoder,PLAIN-1320,MED-727,13.7
cross-encoder,PLAIN-1320,MED-1053,9.74
cross-encoder,PLAIN-1320,MED-1097,10.03
cross-encoder,PLAIN-1320,MED-2298,8.6
cross-encoder,PLAIN-1320,MED-2760,9.13
cross-encoder,PLAIN-1320,MED-3749,9.24
cross-encoder,PLAIN-1320,MED-5346,9.09
cross-encoder,PLAIN-1320,MED-2761,9.04
cross-encoder,PLAIN-1331,MED-306,9.23
cross-encoder,PLAIN-1331,MED-745,9.23
cross-encoder,PLAIN-1331,MED-727,9.11
cross-encoder,PLAIN-1331,MED-1049,8.19
cross-encoder,PLAIN-1331,MED-3626,9.46
cross-encoder,PLAIN-1331,MED-3381,10.84
cross-encoder,PLAIN-1331,MED-4883,8.71
cross-encoder,PLAIN-1331,MED-3391,11.65
cross-encoder,PLAIN-1331,MED-3625,8.73
cross-encoder,PLAIN-1331,MED-10,9.23
cross-encoder,PLAIN-1331,MED-5036,9.93
cross-encoder,PLAIN-1331,MED-14,9.39
cross-encoder,PLAIN-1331,MED-5288,9.45
cross-encoder,PLAIN-1331,MED-118,9.43
cross-encoder,PLAIN-1331,MED-1519,9.24
cross-encoder,PLAIN-1331,MED-301,9.46
cross-encoder,PLAIN-1331,MED-901,9.32
cross-encoder,PLAIN-1331,MED-3278,9.11
cross-encoder,PLAIN-1331,MED-329,9.51
cross-encoder,PLAIN-1331,MED-5345,9.11
cross-encoder,PLAIN-1342,MED-4317,9.25
cross-encoder,PLAIN-1342,MED-1403,9.31
cross-encoder,PLAIN-1342,MED-2851,9.66
cross-encoder,PLAIN-1342,MED-2845,9.31
cross-encoder,PLAIN-1342,MED-1401,9.23
cross-encoder,PLAIN-1342,MED-4773,8.8
cross-encoder,PLAIN-1342,MED-4926,9.45
cross-encoder,PLAIN-1342,MED-4316,9.5
cross-encoder,PLAIN-1342,MED-5326,9.3
cross-encoder,PLAIN-1342,MED-4318,9.95
cross-encoder,PLAIN-1342,MED-898,9.39
cross-encoder,PLAIN-1342,MED-4772,9.36
cross-encoder,PLAIN-1342,MED-2844,11.74
cross-encoder,PLAIN-1342,MED-2979,10.33
cross-encoder,PLAIN-1342,MED-2983,9.44
cross-encoder,PLAIN-1342,MED-3918,9.34
cross-encoder,PLAIN-1342,MED-4320,9.35
cross-encoder,PLAIN-1342,MED-1846,9.43
cross-encoder,PLAIN-1342,MED-897,9.61
cross-encoder,PLAIN-1342,MED-2901,9.34
cross-encoder,PLAIN-1353,MED-976,9.13
cross-encoder,PLAIN-1353,MED-2110,9.41
cross-encoder,PLAIN-1353,MED-722,8.62
cross-encoder,PLAIN-1353,MED-719,9.84
cross-encoder,PLAIN-1353,MED-724,9.52
cross-encoder,PLAIN-1353,MED-718,9.4
cross-encoder,PLAIN-1353,MED-666,9.3
cross-encoder,PLAIN-1353,MED-720,9.46
cross-encoder,PLAIN-1353,MED-736,9.45
cross-encoder,PLAIN-1353,MED-1041,11.49
cross-encoder,PLAIN-1353,MED-744,12.73
cross-encoder,PLAIN-1353,MED-10,8.3
cross-encoder,PLAIN-1353,MED-14,9.92
cross-encoder,PLAIN-1353,MED-4883,8.4
cross-encoder,PLAIN-1353,MED-118,9.58
cross-encoder,PLAIN-1353,MED-4359,8.96
cross-encoder,PLAIN-1353,MED-301,9.27
cross-encoder,PLAIN-1353,MED-979,9.21
cross-encoder,PLAIN-1353,MED-306,9.14
cross-encoder,PLAIN-1353,MED-4497,8.41
cross-encoder,PLAIN-1363,MED-3620,9.14
cross-encoder,PLAIN-1363,MED-3632,9.14
cross-encoder,PLAIN-1363,MED-10,9.11
cross-encoder,PLAIN-1363,MED-3630,9.19
cross-encoder,PLAIN-1363,MED-14,9.37
cross-encoder,PLAIN-1363,MED-3635,9.29
cross-encoder,PLAIN-1363,MED-118,9.2
cross-encoder,PLAIN-1363,MED-3636,9.98
cross-encoder,PLAIN-1363,MED-301,9.1
cross-encoder,PLAIN-1363,MED-306,9.17
cross-encoder,PLAIN-1363,MED-3626,9.61
cross-encoder,PLAIN-1363,MED-329,9.79
cross-encoder,PLAIN-1363,MED-3629,9.54
cross-encoder,PLAIN-1363,MED-330,9.07
cross-encoder,PLAIN-1363,MED-3622,9.26
cross-encoder,PLAIN-1363,MED-1166,9.19
cross-encoder,PLAIN-1363,MED-332,9.09
cross-encoder,PLAIN-1363,MED-2940,9.21
cross-encoder,PLAIN-1363,MED-334,9.1
cross-encoder,PLAIN-1363,MED-335,9.01
cross-encoder,PLAIN-1374,MED-3429,8.77
cross-encoder,PLAIN-1374,MED-820,9.24
cross-encoder,PLAIN-1374,MED-1010,9.19
cross-encoder,PLAIN-1374,MED-828,9.49
cross-encoder,PLAIN-1374,MED-557,9.29
cross-encoder,PLAIN-1374,MED-3919,10.49
cross-encoder,PLAIN-1374,MED-1763,9.73
cross-encoder,PLAIN-1374,MED-3795,9.51
cross-encoder,PLAIN-1374,MED-3398,9.17
cross-encoder,PLAIN-1374,MED-4698,9.18
cross-encoder,PLAIN-1374,MED-3434,9.14
cross-encoder,PLAIN-1374,MED-4757,9.71
cross-encoder,PLAIN-1374,MED-835,9.21
cross-encoder,PLAIN-1374,MED-3439,8.86
cross-encoder,PLAIN-1374,MED-4157,9.15
cross-encoder,PLAIN-1374,MED-832,9.37
cross-encoder,PLAIN-1374,MED-1736,9.25
cross-encoder,PLAIN-1374,MED-746,12.06
cross-encoder,PLAIN-1374,MED-826,10.23
cross-encoder,PLAIN-1374,MED-2122,11.33
cross-encoder,PLAIN-1387,MED-3380,11.62
cross-encoder,PLAIN-1387,MED-3383,11.25
cross-encoder,PLAIN-1387,MED-5063,9.96
cross-encoder,PLAIN-1387,MED-5062,10.51
cross-encoder,PLAIN-1387,MED-3381,10.86
cross-encoder,PLAIN-1387,MED-4655,11.16
cross-encoder,PLAIN-1387,MED-3382,10.48
cross-encoder,PLAIN-1387,MED-1153,10.26
cross-encoder,PLAIN-1387,MED-306,10.2
cross-encoder,PLAIN-1387,MED-1686,10.82
cross-encoder,PLAIN-1387,MED-2724,10.6
cross-encoder,PLAIN-1387,MED-2078,9.28
cross-encoder,PLAIN-1387,MED-2298,8.92
cross-encoder,PLAIN-1387,MED-3384,9.55
cross-encoder,PLAIN-1387,MED-1358,9.12
cross-encoder,PLAIN-1387,MED-1053,10.03
cross-encoder,PLAIN-1387,MED-3013,9.82
cross-encoder,PLAIN-1387,MED-3054,9.68
cross-encoder,PLAIN-1387,MED-4840,9.42
cross-encoder,PLAIN-1387,MED-5288,10.12
cross-encoder,PLAIN-1398,MED-1715,11.22
cross-encoder,PLAIN-1398,MED-4228,11.59
cross-encoder,PLAIN-1398,MED-1719,13.4
cross-encoder,PLAIN-1398,MED-4897,10.56
cross-encoder,PLAIN-1398,MED-1722,10.75
cross-encoder,PLAIN-1398,MED-1720,12.92
cross-encoder,PLAIN-1398,MED-1724,11.46
cross-encoder,PLAIN-1398,MED-1723,10.35
cross-encoder,PLAIN-1398,MED-4212,11.23
cross-encoder,PLAIN-1398,MED-4220,9.59
cross-encoder,PLAIN-1398,MED-4216,10.23
cross-encoder,PLAIN-1398,MED-3959,9.97
cross-encoder,PLAIN-1398,MED-1711,11.75
cross-encoder,PLAIN-1398,MED-2114,14.84
cross-encoder,PLAIN-1398,MED-1712,11.09
cross-encoder,PLAIN-1398,MED-1587,9.72
cross-encoder,PLAIN-1398,MED-4225,9.54
cross-encoder,PLAIN-1398,MED-4223,9.49
cross-encoder,PLAIN-1398,MED-4211,10.46
cross-encoder,PLAIN-1398,MED-1716,9.6
cross-encoder,PLAIN-1409,MED-3385,9.34
cross-encoder,PLAIN-1409,MED-1144,9.32
cross-encoder,PLAIN-1409,MED-944,9.54
cross-encoder,PLAIN-1409,MED-5101,9.3
cross-encoder,PLAIN-1409,MED-1598,9.81
cross-encoder,PLAIN-1409,MED-2327,9.68
cross-encoder,PLAIN-1409,MED-2650,11.91
cross-encoder,PLAIN-1409,MED-1958,9.17
cross-encoder,PLAIN-1409,MED-1570,9.46
cross-encoder,PLAIN-1409,MED-4602,10.15
cross-encoder,PLAIN-1409,MED-1675,9.71
cross-encoder,PLAIN-1409,MED-4799,8.74
cross-encoder,PLAIN-1409,MED-1572,9.12
cross-encoder,PLAIN-1409,MED-4976,9.44
cross-encoder,PLAIN-1409,MED-1697,9.2
cross-encoder,PLAIN-1409,MED-1272,9.31
cross-encoder,PLAIN-1409,MED-4870,9.18
cross-encoder,PLAIN-1409,MED-1689,9.19
cross-encoder,PLAIN-1409,MED-4807,9.39
cross-encoder,PLAIN-1409,MED-4205,8.99
cross-encoder,PLAIN-1419,MED-4198,9.18
cross-encoder,PLAIN-1419,MED-2344,9.07
cross-encoder,PLAIN-1419,MED-2327,9.23
cross-encoder,PLAIN-1419,MED-734,9.43
cross-encoder,PLAIN-1419,MED-1150,9.17
cross-encoder,PLAIN-1419,MED-3710,9.2
cross-encoder,PLAIN-1419,MED-5156,10.06
cross-encoder,PLAIN-1419,MED-3279,11.19
cross-encoder,PLAIN-1419,MED-10,12.58
cross-encoder,PLAIN-1419,MED-5094,8.83
cross-encoder,PLAIN-1419,MED-14,10.16
cross-encoder,PLAIN-1419,MED-2089,11.06
cross-encoder,PLAIN-1419,MED-118,13.0
cross-encoder,PLAIN-1419,MED-4915,10.96
cross-encoder,PLAIN-1419,MED-301,10.78
cross-encoder,PLAIN-1419,MED-3923,10.18
cross-encoder,PLAIN-1419,MED-2333,11.18
cross-encoder,PLAIN-1419,MED-306,8.64
cross-encoder,PLAIN-1419,MED-329,9.89
cross-encoder,PLAIN-1419,MED-3522,10.63
cross-encoder,PLAIN-1429,MED-5125,12.56
cross-encoder,PLAIN-1429,MED-1210,11.05
cross-encoder,PLAIN-1429,MED-1559,10.87
cross-encoder,PLAIN-1429,MED-2428,11.22
cross-encoder,PLAIN-1429,MED-4651,11.29
cross-encoder,PLAIN-1429,MED-3696,11.18
cross-encoder,PLAIN-1429,MED-5090,10.84
cross-encoder,PLAIN-1429,MED-5352,10.75
cross-encoder,PLAIN-1429,MED-2304,10.98
cross-encoder,PLAIN-1429,MED-4160,11.31
cross-encoder,PLAIN-1429,MED-2977,10.71
cross-encoder,PLAIN-1429,MED-4892,10.4
cross-encoder,PLAIN-1429,MED-4925,10.59
cross-encoder,PLAIN-1429,MED-4786,10.57
cross-encoder,PLAIN-1429,MED-1677,10.54
cross-encoder,PLAIN-1429,MED-3793,10.62
cross-encoder,PLAIN-1429,MED-5112,10.61
cross-encoder,PLAIN-1429,MED-4514,10.44
cross-encoder,PLAIN-1429,MED-5182,10.63
cross-encoder,PLAIN-1429,MED-4783,11.18
cross-encoder,PLAIN-1441,MED-2770,11.14
cross-encoder,PLAIN-1441,MED-1332,11.04
cross-encoder,PLAIN-1441,MED-2216,12.67
cross-encoder,PLAIN-1441,MED-2773,10.88
cross-encoder,PLAIN-1441,MED-2299,11.92
cross-encoder,PLAIN-1441,MED-2218,8.1
cross-encoder,PLAIN-1441,MED-4963,6.69
cross-encoder,PLAIN-1441,MED-4817,7.3
cross-encoder,PLAIN-1441,MED-1532,6.67
cross-encoder,PLAIN-1441,MED-3629,6.76
cross-encoder,PLAIN-1441,MED-5117,6.95
cross-encoder,PLAIN-1441,MED-2657,6.62
cross-encoder,PLAIN-1441,MED-2511,6.81
cross-encoder,PLAIN-1441,MED-5094,6.44
cross-encoder,PLAIN-1441,MED-2660,6.77
cross-encoder,PLAIN-1441,MED-1376,7.26
cross-encoder,PLAIN-1441,MED-3000,6.62
cross-encoder,PLAIN-1441,MED-3632,6.83
cross-encoder,PLAIN-1441,MED-1425,7.15
cross-encoder,PLAIN-1441,MED-3033,6.73
cross-encoder,PLAIN-1453,MED-1534,6.69
cross-encoder,PLAIN-1453,MED-3376,6.65
cross-encoder,PLAIN-1453,MED-1150,6.63
cross-encoder,PLAIN-1453,MED-3769,6.85
cross-encoder,PLAIN-1453,MED-2308,6.76
cross-encoder,PLAIN-1453,MED-1144,6.7
cross-encoder,PLAIN-1453,MED-2181,6.62
cross-encoder,PLAIN-1453,MED-3372,6.63
cross-encoder,PLAIN-1453,MED-4635,6.56
cross-encoder,PLAIN-1453,MED-2220,6.85
cross-encoder,PLAIN-1453,MED-2182,6.77
cross-encoder,PLAIN-1453,MED-3380,6.72
cross-encoder,PLAIN-1453,MED-4374,6.72
cross-encoder,PLAIN-1453,MED-3381,6.71
cross-encoder,PLAIN-1453,MED-1151,6.94
cross-encoder,PLAIN-1453,MED-4172,6.69
cross-encoder,PLAIN-1453,MED-2654,6.99
cross-encoder,PLAIN-1453,MED-1208,6.77
cross-encoder,PLAIN-1453,MED-2221,6.84
cross-encoder,PLAIN-1453,MED-1149,6.92
cross-encoder,PLAIN-1463,MED-2147,6.69
cross-encoder,PLAIN-1463,MED-3136,8.42
cross-encoder,PLAIN-1463,MED-2140,6.8
cross-encoder,PLAIN-1463,MED-3132,6.86
cross-encoder,PLAIN-1463,MED-3138,6.71
cross-encoder,PLAIN-1463,MED-4991,6.6
cross-encoder,PLAIN-1463,MED-1880,6.92
cross-encoder,PLAIN-1463,MED-2144,6.91
cross-encoder,PLAIN-1463,MED-3584,6.87
cross-encoder,PLAIN-1463,MED-2010,6.64
cross-encoder,PLAIN-1463,MED-3237,6.75
cross-encoder,PLAIN-1463,MED-5079,6.78
cross-encoder,PLAIN-1463,MED-4502,6.72
cross-encoder,PLAIN-1463,MED-1133,6.73
cross-encoder,PLAIN-1463,MED-5017,6.67
cross-encoder,PLAIN-1463,MED-3141,6.65
cross-encoder,PLAIN-1463,MED-2570,6.89
cross-encoder,PLAIN-1463,MED-1137,6.79
cross-encoder,PLAIN-1463,MED-2141,6.56
cross-encoder,PLAIN-1463,MED-884,6.72
cross-encoder,PLAIN-1473,MED-713,6.86
cross-encoder,PLAIN-1473,MED-744,6.76
cross-encoder,PLAIN-1473,MED-709,7.86
cross-encoder,PLAIN-1473,MED-4455,7.0
cross-encoder,PLAIN-1473,MED-712,7.39
cross-encoder,PLAIN-1473,MED-828,6.65
cross-encoder,PLAIN-1473,MED-719,6.75
cross-encoder,PLAIN-1473,MED-724,7.02
cross-encoder,PLAIN-1473,MED-3947,6.91
cross-encoder,PLAIN-1473,MED-10,6.64
cross-encoder,PLAIN-1473,MED-4660,6.78
cross-encoder,PLAIN-1473,MED-14,6.71
cross-encoder,PLAIN-1473,MED-3441,6.51
cross-encoder,PLAIN-1473,MED-118,6.7
cross-encoder,PLAIN-1473,MED-5024,6.8
cross-encoder,PLAIN-1473,MED-301,6.62
cross-encoder,PLAIN-1473,MED-3447,7.3
cross-encoder,PLAIN-1473,MED-306,6.66
cross-encoder,PLAIN-1473,MED-4385,6.58
cross-encoder,PLAIN-1473,MED-329,6.6
cross-encoder,PLAIN-1485,MED-722,6.21
cross-encoder,PLAIN-1485,MED-719,6.82
cross-encoder,PLAIN-1485,MED-724,6.76
cross-encoder,PLAIN-1485,MED-720,6.62
cross-encoder,PLAIN-1485,MED-2099,6.94
cross-encoder,PLAIN-1485,MED-718,6.71
cross-encoder,PLAIN-1485,MED-1041,6.58
cross-encoder,PLAIN-1485,MED-10,7.62
cross-encoder,PLAIN-1485,MED-5256,7.05
cross-encoder,PLAIN-1485,MED-14,6.87
cross-encoder,PLAIN-1485,MED-5350,7.04
cross-encoder,PLAIN-1485,MED-118,6.92
cross-encoder,PLAIN-1485,MED-301,6.71
cross-encoder,PLAIN-1485,MED-4262,6.73
cross-encoder,PLAIN-1485,MED-306,6.71
cross-encoder,PLAIN-1485,MED-329,6.68
cross-encoder,PLAIN-1485,MED-330,6.88
cross-encoder,PLAIN-1485,MED-3730,6.75
cross-encoder,PLAIN-1485,MED-332,6.59
cross-encoder,PLAIN-1485,MED-3499,6.85
cross-encoder,PLAIN-1496,MED-746,6.92
cross-encoder,PLAIN-1496,MED-828,6.6
cross-encoder,PLAIN-1496,MED-759,6.62
cross-encoder,PLAIN-1496,MED-10,6.59
cross-encoder,PLAIN-1496,MED-3374,6.7
cross-encoder,PLAIN-1496,MED-14,6.77
cross-encoder,PLAIN-1496,MED-3370,6.64
cross-encoder,PLAIN-1496,MED-842,6.75
cross-encoder,PLAIN-1496,MED-118,6.67
cross-encoder,PLAIN-1496,MED-4714,6.69
cross-encoder,PLAIN-1496,MED-1268,8.76
cross-encoder,PLAIN-1496,MED-301,8.96
cross-encoder,PLAIN-1496,MED-2991,7.53
cross-encoder,PLAIN-1496,MED-306,6.86
cross-encoder,PLAIN-1496,MED-1315,6.7
cross-encoder,PLAIN-1496,MED-329,6.85
cross-encoder,PLAIN-1496,MED-330,6.68
cross-encoder,PLAIN-1496,MED-4187,6.79
cross-encoder,PLAIN-1496,MED-332,6.57
cross-encoder,PLAIN-1496,MED-3353,6.61
cross-encoder,PLAIN-1506,MED-5239,6.63
cross-encoder,PLAIN-1506,MED-2126,6.62
cross-encoder,PLAIN-1506,MED-2121,6.77
cross-encoder,PLAIN-1506,MED-702,6.69
cross-encoder,PLAIN-1506,MED-2117,6.92
cross-encoder,PLAIN-1506,MED-719,6.6
cross-encoder,PLAIN-1506,MED-724,6.62
cross-encoder,PLAIN-1506,MED-713,6.86
cross-encoder,PLAIN-1506,MED-4306,6.64
cross-encoder,PLAIN-1506,MED-5202,7.06
cross-encoder,PLAIN-1506,MED-1953,6.49
cross-encoder,PLAIN-1506,MED-2509,6.66
cross-encoder,PLAIN-1506,MED-4916,6.74
cross-encoder,PLAIN-1506,MED-3953,6.27
cross-encoder,PLAIN-1506,MED-5025,7.08
cross-encoder,PLAIN-1506,MED-10,6.61
cross-encoder,PLAIN-1506,MED-3487,6.51
cross-encoder,PLAIN-1506,MED-14,6.67
cross-encoder,PLAIN-1506,MED-3492,6.68
cross-encoder,PLAIN-1506,MED-118,6.65
cross-encoder,PLAIN-1516,MED-930,6.61
cross-encoder,PLAIN-1516,MED-4181,6.73
cross-encoder,PLAIN-1516,MED-828,6.75
cross-encoder,PLAIN-1516,MED-761,6.6
cross-encoder,PLAIN-1516,MED-5086,6.69
cross-encoder,PLAIN-1516,MED-1149,6.58
cross-encoder,PLAIN-1516,MED-10,6.84
cross-encoder,PLAIN-1516,MED-2644,6.74
cross-encoder,PLAIN-1516,MED-14,7.97
cross-encoder,PLAIN-1516,MED-4159,10.58
cross-encoder,PLAIN-1516,MED-118,11.39
cross-encoder,PLAIN-1516,MED-2215,9.19
cross-encoder,PLAIN-1516,MED-2087,6.93
cross-encoder,PLAIN-1516,MED-301,6.64
cross-encoder,PLAIN-1516,MED-306,6.64
cross-encoder,PLAIN-1516,MED-5323,6.73
cross-encoder,PLAIN-1516,MED-2116,6.44
cross-encoder,PLAIN-1516,MED-329,6.62
cross-encoder,PLAIN-1516,MED-2093,6.64
cross-encoder,PLAIN-1516,MED-330,6.75
cross-encoder,PLAIN-1527,MED-1304,6.99
cross-encoder,PLAIN-1527,MED-4101,7.96
cross-encoder,PLAIN-1527,MED-1307,6.83
cross-encoder,PLAIN-1527,MED-1302,6.58
cross-encoder,PLAIN-1527,MED-5158,7.21
cross-encoder,PLAIN-1527,MED-2154,7.0
cross-encoder,PLAIN-1527,MED-4873,6.64
cross-encoder,PLAIN-1527,MED-4817,6.8
cross-encoder,PLAIN-1527,MED-2160,6.57
cross-encoder,PLAIN-1527,MED-5163,6.65
cross-encoder,PLAIN-1527,MED-1301,6.71
cross-encoder,PLAIN-1527,MED-1675,6.63
cross-encoder,PLAIN-1527,MED-3491,6.73
cross-encoder,PLAIN-1527,MED-5157,6.94
cross-encoder,PLAIN-1527,MED-2045,6.76
cross-encoder,PLAIN-1527,MED-1868,6.74
cross-encoder,PLAIN-1527,MED-2158,6.81
cross-encoder,PLAIN-1527,MED-1309,6.68
cross-encoder,PLAIN-1527,MED-5233,6.79
cross-encoder,PLAIN-1527,MED-912,7.31
cross-encoder,PLAIN-1537,MED-4880,7.11
cross-encoder,PLAIN-1537,MED-1257,6.78
cross-encoder,PLAIN-1537,MED-2588,7.84
cross-encoder,PLAIN-1537,MED-4515,8.32
cross-encoder,PLAIN-1537,MED-4514,7.05
cross-encoder,PLAIN-1537,MED-1669,7.06
cross-encoder,PLAIN-1537,MED-4831,6.87
cross-encoder,PLAIN-1537,MED-4985,7.0
cross-encoder,PLAIN-1537,MED-5113,6.95
cross-encoder,PLAIN-1537,MED-2529,7.22
cross-encoder,PLAIN-1537,MED-1258,6.86
cross-encoder,PLAIN-1537,MED-4984,6.79
cross-encoder,PLAIN-1537,MED-1323,6.87
cross-encoder,PLAIN-1537,MED-4389,6.74
cross-encoder,PLAIN-1537,MED-5267,6.83
cross-encoder,PLAIN-1537,MED-2943,6.9
cross-encoder,PLAIN-1537,MED-3197,6.83
cross-encoder,PLAIN-1537,MED-2145,6.99
cross-encoder,PLAIN-1537,MED-4353,6.86
cross-encoder,PLAIN-1537,MED-1616,6.84
cross-encoder,PLAIN-1547,MED-2360,6.55
cross-encoder,PLAIN-1547,MED-2361,6.97
cross-encoder,PLAIN-1547,MED-1121,6.78
cross-encoder,PLAIN-1547,MED-2997,6.47
cross-encoder,PLAIN-1547,MED-5196,6.88
cross-encoder,PLAIN-1547,MED-4150,6.32
cross-encoder,PLAIN-1547,MED-3966,6.76
cross-encoder,PLAIN-1547,MED-2024,7.05
cross-encoder,PLAIN-1547,MED-3936,7.06
cross-encoder,PLAIN-1547,MED-911,6.68
cross-encoder,PLAIN-1547,MED-4849,6.64
cross-encoder,PLAIN-1547,MED-2035,6.56
cross-encoder,PLAIN-1547,MED-4921,6.84
cross-encoder,PLAIN-1547,MED-733,6.65
cross-encoder,PLAIN-1547,MED-983,6.59
cross-encoder,PLAIN-1547,MED-2356,8.56
cross-encoder,PLAIN-1547,MED-975,8.27
cross-encoder,PLAIN-1547,MED-2365,8.1
cross-encoder,PLAIN-1547,MED-5030,6.92
cross-encoder,PLAIN-1547,MED-1116,6.48
cross-encoder,PLAIN-1557,MED-1406,6.83
cross-encoder,PLAIN-1557,MED-4315,6.72
cross-encoder,PLAIN-1557,MED-3918,6.72
cross-encoder,PLAIN-1557,MED-2248,6.67
cross-encoder,PLAIN-1557,MED-2380,6.7
cross-encoder,PLAIN-1557,MED-2917,6.64
cross-encoder,PLAIN-1557,MED-329,6.7
cross-encoder,PLAIN-1557,MED-1110,7.69
cross-encoder,PLAIN-1557,MED-1447,7.32
cross-encoder,PLAIN-1557,MED-1844,6.85
cross-encoder,PLAIN-1557,MED-5005,6.98
cross-encoder,PLAIN-1557,MED-1843,7.61
cross-encoder,PLAIN-1557,MED-4313,6.77
cross-encoder,PLAIN-1557,MED-1528,6.76
cross-encoder,PLAIN-1557,MED-5138,6.96
cross-encoder,PLAIN-1557,MED-2261,6.47
cross-encoder,PLAIN-1557,MED-1113,6.89
cross-encoder,PLAIN-1557,MED-4298,6.64
cross-encoder,PLAIN-1557,MED-1836,6.89
cross-encoder,PLAIN-1557,MED-2455,6.62
cross-encoder,PLAIN-1568,MED-4150,6.2
cross-encoder,PLAIN-1568,MED-5056,6.66
cross-encoder,PLAIN-1568,MED-1710,6.61
cross-encoder,PLAIN-1568,MED-5057,6.72
cross-encoder,PLAIN-1568,MED-1674,6.87
cross-encoder,PLAIN-1568,MED-3734,6.96
cross-encoder,PLAIN-1568,MED-2490,6.87
cross-encoder,PLAIN-1568,MED-2054,6.74
cross-encoder,PLAIN-1568,MED-717,6.61
cross-encoder,PLAIN-1568,MED-1672,6.65
cross-encoder,PLAIN-1568,MED-830,6.71
cross-encoder,PLAIN-1568,MED-4782,6.74
cross-encoder,PLAIN-1568,MED-1794,6.74
cross-encoder,PLAIN-1568,MED-2029,6.96
cross-encoder,PLAIN-1568,MED-2677,6.92
cross-encoder,PLAIN-1568,MED-5054,6.62
cross-encoder,PLAIN-1568,MED-5059,6.84
cross-encoder,PLAIN-1568,MED-5192,6.76
cross-encoder,PLAIN-1568,MED-10,6.85
cross-encoder,PLAIN-1568,MED-4868,6.68
cross-encoder,PLAIN-1579,MED-4667,6.83
cross-encoder,PLAIN-1579,MED-4801,8.25
cross-encoder,PLAIN-1579,MED-666,6.63
cross-encoder,PLAIN-1579,MED-731,6.8
cross-encoder,PLAIN-1579,MED-3795,6.68
cross-encoder,PLAIN-1579,MED-10,6.85
cross-encoder,PLAIN-1579,MED-14,6.72
cross-encoder,PLAIN-1579,MED-901,6.83
cross-encoder,PLAIN-1579,MED-118,6.81
cross-encoder,PLAIN-1579,MED-900,6.75
cross-encoder,PLAIN-1579,MED-301,6.61
cross-encoder,PLAIN-1579,MED-3801,6.8
cross-encoder,PLAIN-1579,MED-306,6.63
cross-encoder,PLAIN-1579,MED-3800,6.65
cross-encoder,PLAIN-1579,MED-329,6.72
cross-encoder,PLAIN-1579,MED-2360,6.67
cross-encoder,PLAIN-1579,MED-330,6.66
cross-encoder,PLAIN-1579,MED-332,6.55
cross-encoder,PLAIN-1579,MED-4565,6.78
cross-encoder,PLAIN-1579,MED-334,6.87
cross-encoder,PLAIN-1590,MED-748,6.61
cross-encoder,PLAIN-1590,MED-3604,6.58
cross-encoder,PLAIN-1590,MED-1344,6.81
cross-encoder,PLAIN-1590,MED-3757,6.84
cross-encoder,PLAIN-1590,MED-1350,6.68
cross-encoder,PLAIN-1590,MED-3001,6.63
cross-encoder,PLAIN-1590,MED-2086,6.85
cross-encoder,PLAIN-1590,MED-1037,7.9
cross-encoder,PLAIN-1590,MED-5346,6.8
cross-encoder,PLAIN-1590,MED-3601,6.81
cross-encoder,PLAIN-1590,MED-1041,6.61
cross-encoder,PLAIN-1590,MED-749,6.52
cross-encoder,PLAIN-1590,MED-3626,6.67
cross-encoder,PLAIN-1590,MED-3636,7.54
cross-encoder,PLAIN-1590,MED-5347,10.99
cross-encoder,PLAIN-1590,MED-2112,10.76
cross-encoder,PLAIN-1590,MED-1097,10.0
cross-encoder,PLAIN-1590,MED-5343,6.91
cross-encoder,PLAIN-1590,MED-3754,6.6
cross-encoder,PLAIN-1590,MED-3760,6.71
cross-encoder,PLAIN-1601,MED-4860,7.01
cross-encoder,PLAIN-1601,MED-5002,6.82
cross-encoder,PLAIN-1601,MED-2669,6.93
cross-encoder,PLAIN-1601,MED-2668,6.66
cross-encoder,PLAIN-1601,MED-1506,6.58
cross-encoder,PLAIN-1601,MED-4996,6.63
cross-encoder,PLAIN-1601,MED-3537,6.6
cross-encoder,PLAIN-1601,MED-3774,6.46
cross-encoder,PLAIN-1601,MED-1700,6.83
cross-encoder,PLAIN-1601,MED-4581,6.56
cross-encoder,PLAIN-1601,MED-2670,6.66
cross-encoder,PLAIN-1601,MED-3772,6.79
cross-encoder,PLAIN-1601,MED-3776,6.46
cross-encoder,PLAIN-1601,MED-4900,6.8
cross-encoder,PLAIN-1601,MED-306,6.61
cross-encoder,PLAIN-1601,MED-1502,6.8
cross-encoder,PLAIN-1601,MED-2257,6.89
cross-encoder,PLAIN-1601,MED-1630,7.09
cross-encoder,PLAIN-1601,MED-5093,6.61
cross-encoder,PLAIN-1601,MED-2367,6.89
cross-encoder,PLAIN-1611,MED-301,7.71
cross-encoder,PLAIN-1611,MED-10,9.06
cross-encoder,PLAIN-1611,MED-4115,8.77
cross-encoder,PLAIN-1611,MED-14,8.37
cross-encoder,PLAIN-1611,MED-5163,6.96
cross-encoder,PLAIN-1611,MED-1026,7.18
cross-encoder,PLAIN-1611,MED-118,6.8
cross-encoder,PLAIN-1611,MED-1023,6.73
cross-encoder,PLAIN-1611,MED-1042,6.56
cross-encoder,PLAIN-1611,MED-306,6.6
cross-encoder,PLAIN-1611,MED-1754,7.03
cross-encoder,PLAIN-1611,MED-329,6.59
cross-encoder,PLAIN-1611,MED-1787,6.8
cross-encoder,PLAIN-1611,MED-330,6.71
cross-encoder,PLAIN-1611,MED-3251,6.63
cross-encoder,PLAIN-1611,MED-332,6.86
cross-encoder,PLAIN-1611,MED-2110,6.97
cross-encoder,PLAIN-1611,MED-334,6.68
cross-encoder,PLAIN-1611,MED-2700,6.94
cross-encoder,PLAIN-1611,MED-335,6.74
cross-encoder,PLAIN-1621,MED-723,6.65
cross-encoder,PLAIN-1621,MED-844,6.93
cross-encoder,PLAIN-1621,MED-731,6.54
cross-encoder,PLAIN-1621,MED-818,6.8
cross-encoder,PLAIN-1621,MED-10,6.94
cross-encoder,PLAIN-1621,MED-2177,6.44
cross-encoder,PLAIN-1621,MED-14,6.69
cross-encoder,PLAIN-1621,MED-118,6.85
cross-encoder,PLAIN-1621,MED-3294,6.72
cross-encoder,PLAIN-1621,MED-761,6.77
cross-encoder,PLAIN-1621,MED-301,6.61
cross-encoder,PLAIN-1621,MED-1296,6.62
cross-encoder,PLAIN-1621,MED-306,6.61
cross-encoder,PLAIN-1621,MED-329,6.77
cross-encoder,PLAIN-1621,MED-3974,6.58
cross-encoder,PLAIN-1621,MED-330,6.88
cross-encoder,PLAIN-1621,MED-4564,6.77
cross-encoder,PLAIN-1621,MED-1023,6.67
cross-encoder,PLAIN-1621,MED-332,6.66
cross-encoder,PLAIN-1621,MED-2345,7.72
cross-encoder,PLAIN-1635,MED-2774,6.97
cross-encoder,PLAIN-1635,MED-4751,6.62
cross-encoder,PLAIN-1635,MED-2123,6.71
cross-encoder,PLAIN-1635,MED-1229,6.85
cross-encoder,PLAIN-1635,MED-1223,6.63
cross-encoder,PLAIN-1635,MED-4899,6.7
cross-encoder,PLAIN-1635,MED-1768,6.69
cross-encoder,PLAIN-1635,MED-3087,6.74
cross-encoder,PLAIN-1635,MED-5189,6.64
cross-encoder,PLAIN-1635,MED-904,7.75
cross-encoder,PLAIN-1635,MED-4753,7.54
cross-encoder,PLAIN-1635,MED-2136,6.88
cross-encoder,PLAIN-1635,MED-2055,7.35
cross-encoder,PLAIN-1635,MED-2772,6.99
cross-encoder,PLAIN-1635,MED-1337,6.7
cross-encoder,PLAIN-1635,MED-900,6.69
cross-encoder,PLAIN-1635,MED-4897,6.68
cross-encoder,PLAIN-1635,MED-1226,6.95
cross-encoder,PLAIN-1635,MED-1340,6.76
cross-encoder,PLAIN-1635,MED-1224,6.73
cross-encoder,PLAIN-1645,MED-723,6.99
cross-encoder,PLAIN-1645,MED-719,6.81
cross-encoder,PLAIN-1645,MED-724,6.64
cross-encoder,PLAIN-1645,MED-732,6.93
cross-encoder,PLAIN-1645,MED-4403,6.73
cross-encoder,PLAIN-1645,MED-5056,6.8
cross-encoder,PLAIN-1645,MED-10,6.97
cross-encoder,PLAIN-1645,MED-3385,6.86
cross-encoder,PLAIN-1645,MED-14,7.02
cross-encoder,PLAIN-1645,MED-118,7.03
cross-encoder,PLAIN-1645,MED-4963,6.61
cross-encoder,PLAIN-1645,MED-843,6.85
cross-encoder,PLAIN-1645,MED-2994,6.48
cross-encoder,PLAIN-1645,MED-301,6.87
cross-encoder,PLAIN-1645,MED-306,6.83
cross-encoder,PLAIN-1645,MED-4361,6.88
cross-encoder,PLAIN-1645,MED-329,6.69
cross-encoder,PLAIN-1645,MED-4201,7.0
cross-encoder,PLAIN-1645,MED-3144,6.65
cross-encoder,PLAIN-1645,MED-330,6.71
cross-encoder,PLAIN-1656,MED-3764,6.69
cross-encoder,PLAIN-1656,MED-4036,6.84
cross-encoder,PLAIN-1656,MED-4819,6.83
cross-encoder,PLAIN-1656,MED-2092,6.81
cross-encoder,PLAIN-1656,MED-1857,6.78
cross-encoder,PLAIN-1656,MED-4033,6.91
cross-encoder,PLAIN-1656,MED-3621,6.86
cross-encoder,PLAIN-1656,MED-3767,6.84
cross-encoder,PLAIN-1656,MED-4035,6.81
cross-encoder,PLAIN-1656,MED-2091,6.78
cross-encoder,PLAIN-1656,MED-852,6.85
cross-encoder,PLAIN-1656,MED-5194,6.6
cross-encoder,PLAIN-1656,MED-3703,7.0
cross-encoder,PLAIN-1656,MED-4050,6.77
cross-encoder,PLAIN-1656,MED-4070,6.64
cross-encoder,PLAIN-1656,MED-2424,6.73
cross-encoder,PLAIN-1656,MED-1531,7.2
cross-encoder,PLAIN-1656,MED-3557,6.58
cross-encoder,PLAIN-1656,MED-1817,6.62
cross-encoder,PLAIN-1656,MED-1146,6.58
cross-encoder,PLAIN-1667,MED-4828,6.64
cross-encoder,PLAIN-1667,MED-4830,6.61
cross-encoder,PLAIN-1667,MED-4829,6.93
cross-encoder,PLAIN-1667,MED-3460,6.67
cross-encoder,PLAIN-1667,MED-3459,6.68
cross-encoder,PLAIN-1667,MED-1466,6.62
cross-encoder,PLAIN-1667,MED-4405,6.62
cross-encoder,PLAIN-1667,MED-3462,7.86
cross-encoder,PLAIN-1667,MED-4315,7.24
cross-encoder,PLAIN-1667,MED-3231,6.39
cross-encoder,PLAIN-1667,MED-3157,6.48
cross-encoder,PLAIN-1667,MED-3453,6.86
cross-encoder,PLAIN-1667,MED-1460,6.53
cross-encoder,PLAIN-1667,MED-3163,6.6
cross-encoder,PLAIN-1667,MED-1474,6.61
cross-encoder,PLAIN-1667,MED-3534,6.89
cross-encoder,PLAIN-1667,MED-2300,6.63
cross-encoder,PLAIN-1667,MED-3466,6.85
cross-encoder,PLAIN-1667,MED-3461,6.66
cross-encoder,PLAIN-1667,MED-1750,8.47
cross-encoder,PLAIN-1679,MED-329,10.66
cross-encoder,PLAIN-1679,MED-716,11.89
cross-encoder,PLAIN-1679,MED-10,8.85
cross-encoder,PLAIN-1679,MED-5133,7.09
cross-encoder,PLAIN-1679,MED-14,6.68
cross-encoder,PLAIN-1679,MED-3317,6.98
cross-encoder,PLAIN-1679,MED-1113,7.17
cross-encoder,PLAIN-1679,MED-118,6.69
cross-encoder,PLAIN-1679,MED-1107,6.6
cross-encoder,PLAIN-1679,MED-301,6.62
cross-encoder,PLAIN-1679,MED-306,6.67
cross-encoder,PLAIN-1679,MED-3787,6.79
cross-encoder,PLAIN-1679,MED-3193,6.77
cross-encoder,PLAIN-1679,MED-330,6.69
cross-encoder,PLAIN-1679,MED-5142,6.89
cross-encoder,PLAIN-1679,MED-1115,6.85
cross-encoder,PLAIN-1679,MED-332,6.7
cross-encoder,PLAIN-1679,MED-3302,6.74
cross-encoder,PLAIN-1679,MED-334,8.31
cross-encoder,PLAIN-1679,MED-335,6.67
cross-encoder,PLAIN-1690,MED-2220,6.67
cross-encoder,PLAIN-1690,MED-4599,7.41
cross-encoder,PLAIN-1690,MED-4674,6.72
cross-encoder,PLAIN-1690,MED-1037,6.44
cross-encoder,PLAIN-1690,MED-5345,7.16
cross-encoder,PLAIN-1690,MED-3692,8.29
cross-encoder,PLAIN-1690,MED-3577,6.98
cross-encoder,PLAIN-1690,MED-5331,6.85
cross-encoder,PLAIN-1690,MED-1753,6.65
cross-encoder,PLAIN-1690,MED-1230,6.64
cross-encoder,PLAIN-1690,MED-2726,6.83
cross-encoder,PLAIN-1690,MED-3001,6.74
cross-encoder,PLAIN-1690,MED-762,6.7
cross-encoder,PLAIN-1690,MED-1878,6.58
cross-encoder,PLAIN-1690,MED-3604,6.72
cross-encoder,PLAIN-1690,MED-2327,6.79
cross-encoder,PLAIN-1690,MED-1055,6.57
cross-encoder,PLAIN-1690,MED-3726,6.62
cross-encoder,PLAIN-1690,MED-2295,6.81
cross-encoder,PLAIN-1690,MED-3547,6.9
cross-encoder,PLAIN-1700,MED-1747,6.72
cross-encoder,PLAIN-1700,MED-5198,6.85
cross-encoder,PLAIN-1700,MED-5201,6.82
cross-encoder,PLAIN-1700,MED-1417,6.7
cross-encoder,PLAIN-1700,MED-4095,6.81
cross-encoder,PLAIN-1700,MED-5353,6.6
cross-encoder,PLAIN-1700,MED-1100,7.05
cross-encoder,PLAIN-1700,MED-976,6.4
cross-encoder,PLAIN-1700,MED-2250,7.09
cross-encoder,PLAIN-1700,MED-4448,6.78
cross-encoder,PLAIN-1700,MED-757,6.95
cross-encoder,PLAIN-1700,MED-3137,6.72
cross-encoder,PLAIN-1700,MED-1511,6.66
cross-encoder,PLAIN-1700,MED-5006,6.58
cross-encoder,PLAIN-1700,MED-2309,6.7
cross-encoder,PLAIN-1700,MED-2572,6.55
cross-encoder,PLAIN-1700,MED-5292,6.63
cross-encoder,PLAIN-1700,MED-4555,8.23
cross-encoder,PLAIN-1700,MED-4783,8.87
cross-encoder,PLAIN-1700,MED-5296,7.85
cross-encoder,PLAIN-1710,MED-3181,6.81
cross-encoder,PLAIN-1710,MED-3178,6.61
cross-encoder,PLAIN-1710,MED-3169,6.64
cross-encoder,PLAIN-1710,MED-3180,6.6
cross-encoder,PLAIN-1710,MED-3175,6.47
cross-encoder,PLAIN-1710,MED-3177,6.89
cross-encoder,PLAIN-1710,MED-3170,6.64
cross-encoder,PLAIN-1710,MED-3182,6.62
cross-encoder,PLAIN-1710,MED-3179,6.64
cross-encoder,PLAIN-1710,MED-3174,6.86
cross-encoder,PLAIN-1710,MED-3172,7.81
cross-encoder,PLAIN-1710,MED-4672,7.08
cross-encoder,PLAIN-1710,MED-3176,6.84
cross-encoder,PLAIN-1710,MED-731,7.0
cross-encoder,PLAIN-1710,MED-721,6.83
cross-encoder,PLAIN-1710,MED-736,7.24
cross-encoder,PLAIN-1710,MED-10,6.63
cross-encoder,PLAIN-1710,MED-3288,6.66
cross-encoder,PLAIN-1710,MED-14,6.85
cross-encoder,PLAIN-1710,MED-4356,6.65
cross-encoder,PLAIN-1721,MED-1602,6.7
cross-encoder,PLAIN-1721,MED-4823,6.7
cross-encoder,PLAIN-1721,MED-4821,6.89
cross-encoder,PLAIN-1721,MED-4983,6.68
cross-encoder,PLAIN-1721,MED-4485,6.59
cross-encoder,PLAIN-1721,MED-1627,7.0
cross-encoder,PLAIN-1721,MED-1230,6.76
cross-encoder,PLAIN-1721,MED-4787,6.7
cross-encoder,PLAIN-1721,MED-1606,6.69
cross-encoder,PLAIN-1721,MED-4479,7.02
cross-encoder,PLAIN-1721,MED-1498,6.71
cross-encoder,PLAIN-1721,MED-2771,7.17
cross-encoder,PLAIN-1721,MED-3577,6.73
cross-encoder,PLAIN-1721,MED-1887,6.63
cross-encoder,PLAIN-1721,MED-4474,6.71
cross-encoder,PLAIN-1721,MED-3230,6.92
cross-encoder,PLAIN-1721,MED-1377,6.96
cross-encoder,PLAIN-1721,MED-5345,6.72
cross-encoder,PLAIN-1721,MED-873,6.9
cross-encoder,PLAIN-1721,MED-2250,6.71
cross-encoder,PLAIN-1731,MED-2749,6.67
cross-encoder,PLAIN-1731,MED-2748,6.61
cross-encoder,PLAIN-1731,MED-3509,6.42
cross-encoder,PLAIN-1731,MED-4131,6.89
cross-encoder,PLAIN-1731,MED-4132,6.82
cross-encoder,PLAIN-1731,MED-731,6.6
cross-encoder,PLAIN-1731,MED-3294,6.98
cross-encoder,PLAIN-1731,MED-4815,6.86
cross-encoder,PLAIN-1731,MED-10,6.63
cross-encoder,PLAIN-1731,MED-4364,6.33
cross-encoder,PLAIN-1731,MED-14,6.58
cross-encoder,PLAIN-1731,MED-1798,6.67
cross-encoder,PLAIN-1731,MED-118,6.75
cross-encoder,PLAIN-1731,MED-911,6.71
cross-encoder,PLAIN-1731,MED-1804,6.63
cross-encoder,PLAIN-1731,MED-301,6.66
cross-encoder,PLAIN-1731,MED-1808,6.95
cross-encoder,PLAIN-1731,MED-306,6.61
cross-encoder,PLAIN-1731,MED-1803,7.99
cross-encoder,PLAIN-1731,MED-329,6.68
cross-encoder,PLAIN-1741,MED-2383,6.6
cross-encoder,PLAIN-1741,MED-2595,6.63
cross-encoder,PLAIN-1741,MED-4300,6.55
cross-encoder,PLAIN-1741,MED-4314,6.53
cross-encoder,PLAIN-1741,MED-2597,6.58
cross-encoder,PLAIN-1741,MED-4286,6.88
cross-encoder,PLAIN-1741,MED-4292,6.71
cross-encoder,PLAIN-1741,MED-4707,6.71
cross-encoder,PLAIN-1741,MED-2381,6.65
cross-encoder,PLAIN-1741,MED-1381,8.28
cross-encoder,PLAIN-1741,MED-2380,6.72
cross-encoder,PLAIN-1741,MED-4706,6.63
cross-encoder,PLAIN-1741,MED-4291,6.82
cross-encoder,PLAIN-1741,MED-4295,6.73
cross-encoder,PLAIN-1741,MED-1499,6.62
cross-encoder,PLAIN-1741,MED-4345,6.71
cross-encoder,PLAIN-1741,MED-4298,6.92
cross-encoder,PLAIN-1741,MED-2153,6.69
cross-encoder,PLAIN-1741,MED-4287,7.11
cross-encoder,PLAIN-1741,MED-3896,6.85
cross-encoder,PLAIN-1752,MED-762,6.7
cross-encoder,PLAIN-1752,MED-744,6.68
cross-encoder,PLAIN-1752,MED-828,6.63
cross-encoder,PLAIN-1752,MED-818,6.85
cross-encoder,PLAIN-1752,MED-839,6.72
cross-encoder,PLAIN-1752,MED-10,9.33
cross-encoder,PLAIN-1752,MED-3953,10.06
cross-encoder,PLAIN-1752,MED-14,11.74
cross-encoder,PLAIN-1752,MED-118,8.13
cross-encoder,PLAIN-1752,MED-4660,6.74
cross-encoder,PLAIN-1752,MED-2804,6.48
cross-encoder,PLAIN-1752,MED-301,7.21
cross-encoder,PLAIN-1752,MED-306,6.66
cross-encoder,PLAIN-1752,MED-4545,6.96
cross-encoder,PLAIN-1752,MED-329,6.61
cross-encoder,PLAIN-1752,MED-4544,6.85
cross-encoder,PLAIN-1752,MED-330,6.56
cross-encoder,PLAIN-1752,MED-332,6.76
cross-encoder,PLAIN-1752,MED-2790,6.74
cross-encoder,PLAIN-1752,MED-334,6.72
cross-encoder,PLAIN-1762,MED-3716,6.78
cross-encoder,PLAIN-1762,MED-3721,6.65
cross-encoder,PLAIN-1762,MED-4030,6.79
cross-encoder,PLAIN-1762,MED-3715,9.12
cross-encoder,PLAIN-1762,MED-3717,8.09
cross-encoder,PLAIN-1762,MED-759,7.23
cross-encoder,PLAIN-1762,MED-852,7.08
cross-encoder,PLAIN-1762,MED-4024,8.12
cross-encoder,PLAIN-1762,MED-4032,6.7
cross-encoder,PLAIN-1762,MED-3764,7.0
cross-encoder,PLAIN-1762,MED-4035,7.11
cross-encoder,PLAIN-1762,MED-2091,6.86
cross-encoder,PLAIN-1762,MED-3763,7.23
cross-encoder,PLAIN-1762,MED-3561,7.21
cross-encoder,PLAIN-1762,MED-4036,6.69
cross-encoder,PLAIN-1762,MED-4619,6.97
cross-encoder,PLAIN-1762,MED-3720,6.93
cross-encoder,PLAIN-1762,MED-3558,7.02
cross-encoder,PLAIN-1762,MED-3767,6.81
cross-encoder,PLAIN-1762,MED-2208,6.66
cross-encoder,PLAIN-1772,MED-4727,6.67
cross-encoder,PLAIN-1772,MED-4728,6.64
cross-encoder,PLAIN-1772,MED-732,6.5
cross-encoder,PLAIN-1772,MED-10,6.71
cross-encoder,PLAIN-1772,MED-5316,6.7
cross-encoder,PLAIN-1772,MED-14,6.63
cross-encoder,PLAIN-1772,MED-5071,6.76
cross-encoder,PLAIN-1772,MED-118,6.89
cross-encoder,PLAIN-1772,MED-3100,6.53
cross-encoder,PLAIN-1772,MED-301,6.62
cross-encoder,PLAIN-1772,MED-4437,6.73
cross-encoder,PLAIN-1772,MED-306,6.98
cross-encoder,PLAIN-1772,MED-4442,6.69
cross-encoder,PLAIN-1772,MED-1101,6.67
cross-encoder,PLAIN-1772,MED-329,6.58
cross-encoder,PLAIN-1772,MED-330,6.82
cross-encoder,PLAIN-1772,MED-4059,6.75
cross-encoder,PLAIN-1772,MED-332,6.7
cross-encoder,PLAIN-1772,MED-3818,6.93
cross-encoder,PLAIN-1772,MED-334,6.85
cross-encoder,PLAIN-1784,MED-5326,6.66
cross-encoder,PLAIN-1784,MED-2671,6.87
cross-encoder,PLAIN-1784,MED-4493,7.01
cross-encoder,PLAIN-1784,MED-5195,6.66
cross-encoder,PLAIN-1784,MED-4072,6.91
cross-encoder,PLAIN-1784,MED-5110,6.63
cross-encoder,PLAIN-1784,MED-4057,6.81
cross-encoder,PLAIN-1784,MED-4485,6.91
cross-encoder,PLAIN-1784,MED-1802,6.73
cross-encoder,PLAIN-1784,MED-4261,6.95
cross-encoder,PLAIN-1784,MED-5235,6.94
cross-encoder,PLAIN-1784,MED-1762,6.56
cross-encoder,PLAIN-1784,MED-4205,8.07
cross-encoder,PLAIN-1784,MED-3499,7.0
cross-encoder,PLAIN-1784,MED-4069,7.21
cross-encoder,PLAIN-1784,MED-4145,6.81
cross-encoder,PLAIN-1784,MED-4482,8.49
cross-encoder,PLAIN-1784,MED-2704,6.85
cross-encoder,PLAIN-1784,MED-2170,6.82
cross-encoder,PLAIN-1784,MED-4844,6.92
cross-encoder,PLAIN-1794,MED-5042,6.47
cross-encoder,PLAIN-1794,MED-5041,6.67
cross-encoder,PLAIN-1794,MED-828,6.62
cross-encoder,PLAIN-1794,MED-818,6.76
cross-encoder,PLAIN-1794,MED-4896,6.68
cross-encoder,PLAIN-1794,MED-1571,6.45
cross-encoder,PLAIN-1794,MED-10,6.67
cross-encoder,PLAIN-1794,MED-2726,6.8
cross-encoder,PLAIN-1794,MED-1289,6.81
cross-encoder,PLAIN-1794,MED-14,6.72
cross-encoder,PLAIN-1794,MED-118,6.9
cross-encoder,PLAIN-1794,MED-1282,6.66
cross-encoder,PLAIN-1794,MED-2659,6.19
cross-encoder,PLAIN-1794,MED-301,6.88
cross-encoder,PLAIN-1794,MED-1570,6.63
cross-encoder,PLAIN-1794,MED-306,6.72
cross-encoder,PLAIN-1794,MED-1055,6.82
cross-encoder,PLAIN-1794,MED-329,6.68
cross-encoder,PLAIN-1794,MED-330,6.69
cross-encoder,PLAIN-1794,MED-4966,6.73
cross-encoder,PLAIN-1805,MED-3935,7.03
cross-encoder,PLAIN-1805,MED-3931,6.79
cross-encoder,PLAIN-1805,MED-5196,7.05
cross-encoder,PLAIN-1805,MED-3925,6.8
cross-encoder,PLAIN-1805,MED-4939,6.72
cross-encoder,PLAIN-1805,MED-3938,6.73
cross-encoder,PLAIN-1805,MED-3933,6.43
cross-encoder,PLAIN-1805,MED-3940,6.79
cross-encoder,PLAIN-1805,MED-5335,6.84
cross-encoder,PLAIN-1805,MED-3927,6.79
cross-encoder,PLAIN-1805,MED-2173,6.93
cross-encoder,PLAIN-1805,MED-3930,6.61
cross-encoder,PLAIN-1805,MED-3932,6.72
cross-encoder,PLAIN-1805,MED-3928,6.6
cross-encoder,PLAIN-1805,MED-3936,6.6
cross-encoder,PLAIN-1805,MED-2979,6.71
cross-encoder,PLAIN-1805,MED-3929,6.95
cross-encoder,PLAIN-1805,MED-1278,6.77
cross-encoder,PLAIN-1805,MED-1499,6.66
cross-encoder,PLAIN-1805,MED-2165,7.11
cross-encoder,PLAIN-1817,MED-4284,6.69
cross-encoder,PLAIN-1817,MED-2382,6.85
cross-encoder,PLAIN-1817,MED-4706,6.86
cross-encoder,PLAIN-1817,MED-4287,7.19
cross-encoder,PLAIN-1817,MED-2792,6.87
cross-encoder,PLAIN-1817,MED-1534,6.72
cross-encoder,PLAIN-1817,MED-5016,6.68
cross-encoder,PLAIN-1817,MED-2381,6.74
cross-encoder,PLAIN-1817,MED-3387,6.63
cross-encoder,PLAIN-1817,MED-3198,7.7
cross-encoder,PLAIN-1817,MED-4709,7.25
cross-encoder,PLAIN-1817,MED-3385,6.75
cross-encoder,PLAIN-1817,MED-711,6.73
cross-encoder,PLAIN-1817,MED-2150,6.68
cross-encoder,PLAIN-1817,MED-4314,6.63
cross-encoder,PLAIN-1817,MED-2383,6.53
cross-encoder,PLAIN-1817,MED-719,6.74
cross-encoder,PLAIN-1817,MED-3869,7.2
cross-encoder,PLAIN-1817,MED-2595,6.8
cross-encoder,PLAIN-1817,MED-973,6.93
cross-encoder,PLAIN-1827,MED-762,6.53
cross-encoder,PLAIN-1827,MED-727,6.65
cross-encoder,PLAIN-1827,MED-10,6.66
cross-encoder,PLAIN-1827,MED-1376,7.22
cross-encoder,PLAIN-1827,MED-14,6.8
cross-encoder,PLAIN-1827,MED-2004,6.56
cross-encoder,PLAIN-1827,MED-118,6.67
cross-encoder,PLAIN-1827,MED-1747,6.7
cross-encoder,PLAIN-1827,MED-301,6.87
cross-encoder,PLAIN-1827,MED-3945,6.63
cross-encoder,PLAIN-1827,MED-2243,7.52
cross-encoder,PLAIN-1827,MED-306,10.6
cross-encoder,PLAIN-1827,MED-2743,11.21
cross-encoder,PLAIN-1827,MED-329,9.79
cross-encoder,PLAIN-1827,MED-330,7.05
cross-encoder,PLAIN-1827,MED-4300,6.69
cross-encoder,PLAIN-1827,MED-1313,6.78
cross-encoder,PLAIN-1827,MED-332,6.62
cross-encoder,PLAIN-1827,MED-334,6.66
cross-encoder,PLAIN-1827,MED-4883,6.06
cross-encoder,PLAIN-1837,MED-1725,6.82
cross-encoder,PLAIN-1837,MED-1726,7.04
cross-encoder,PLAIN-1837,MED-4178,6.62
cross-encoder,PLAIN-1837,MED-1161,6.81
cross-encoder,PLAIN-1837,MED-1167,6.92
cross-encoder,PLAIN-1837,MED-4179,6.82
cross-encoder,PLAIN-1837,MED-1158,6.79
cross-encoder,PLAIN-1837,MED-1174,6.62
cross-encoder,PLAIN-1837,MED-1157,6.8
cross-encoder,PLAIN-1837,MED-4187,8.41
cross-encoder,PLAIN-1837,MED-3936,6.77
cross-encoder,PLAIN-1837,MED-1172,6.85
cross-encoder,PLAIN-1837,MED-1176,7.13
cross-encoder,PLAIN-1837,MED-2748,7.04
cross-encoder,PLAIN-1837,MED-1166,6.9
cross-encoder,PLAIN-1837,MED-4535,8.43
cross-encoder,PLAIN-1837,MED-1139,7.07
cross-encoder,PLAIN-1837,MED-4181,7.06
cross-encoder,PLAIN-1837,MED-1162,6.9
cross-encoder,PLAIN-1837,MED-4177,7.06
cross-encoder,PLAIN-1847,MED-4000,7.02
cross-encoder,PLAIN-1847,MED-3603,6.9
cross-encoder,PLAIN-1847,MED-818,7.3
cross-encoder,PLAIN-1847,MED-5014,6.92
cross-encoder,PLAIN-1847,MED-3983,7.1
cross-encoder,PLAIN-1847,MED-5216,6.99
cross-encoder,PLAIN-1847,MED-10,6.96
cross-encoder,PLAIN-1847,MED-14,6.96
cross-encoder,PLAIN-1847,MED-2322,6.66
cross-encoder,PLAIN-1847,MED-118,8.19
cross-encoder,PLAIN-1847,MED-4783,7.46
cross-encoder,PLAIN-1847,MED-301,7.35
cross-encoder,PLAIN-1847,MED-5015,6.75
cross-encoder,PLAIN-1847,MED-306,7.42
cross-encoder,PLAIN-1847,MED-4896,7.24
cross-encoder,PLAIN-1847,MED-828,6.6
cross-encoder,PLAIN-1847,MED-329,6.69
cross-encoder,PLAIN-1847,MED-3743,7.1
cross-encoder,PLAIN-1847,MED-330,6.95
cross-encoder,PLAIN-1847,MED-867,6.68
cross-encoder,PLAIN-1857,MED-4319,6.69
cross-encoder,PLAIN-1857,MED-2988,7.12
cross-encoder,PLAIN-1857,MED-2544,6.73
cross-encoder,PLAIN-1857,MED-2578,6.7
cross-encoder,PLAIN-1857,MED-3221,6.65
cross-encoder,PLAIN-1857,MED-2986,6.89
cross-encoder,PLAIN-1857,MED-4995,6.87
cross-encoder,PLAIN-1857,MED-909,6.78
cross-encoder,PLAIN-1857,MED-3215,6.78
cross-encoder,PLAIN-1857,MED-1841,6.6
cross-encoder,PLAIN-1857,MED-846,6.98
cross-encoder,PLAIN-1857,MED-1412,6.59
cross-encoder,PLAIN-1857,MED-3236,7.87
cross-encoder,PLAIN-1857,MED-1846,7.09
cross-encoder,PLAIN-1857,MED-3237,6.85
cross-encoder,PLAIN-1857,MED-2102,6.77
cross-encoder,PLAIN-1857,MED-3230,6.72
cross-encoder,PLAIN-1857,MED-843,7.01
cross-encoder,PLAIN-1857,MED-2098,6.64
cross-encoder,PLAIN-1857,MED-2983,6.66
cross-encoder,PLAIN-1867,MED-719,6.86
cross-encoder,PLAIN-1867,MED-724,6.6
cross-encoder,PLAIN-1867,MED-10,6.65
cross-encoder,PLAIN-1867,MED-3499,6.59
cross-encoder,PLAIN-1867,MED-14,6.75
cross-encoder,PLAIN-1867,MED-3245,6.62
cross-encoder,PLAIN-1867,MED-118,6.67
cross-encoder,PLAIN-1867,MED-3535,6.58
cross-encoder,PLAIN-1867,MED-301,7.0
cross-encoder,PLAIN-1867,MED-4860,6.54
cross-encoder,PLAIN-1867,MED-1500,6.58
cross-encoder,PLAIN-1867,MED-306,6.74
cross-encoder,PLAIN-1867,MED-1686,6.58
cross-encoder,PLAIN-1867,MED-329,6.62
cross-encoder,PLAIN-1867,MED-330,8.53
cross-encoder,PLAIN-1867,MED-3738,8.94
cross-encoder,PLAIN-1867,MED-1671,7.78
cross-encoder,PLAIN-1867,MED-332,6.74
cross-encoder,PLAIN-1867,MED-334,6.99
cross-encoder,PLAIN-1867,MED-3521,6.87
cross-encoder,PLAIN-1877,MED-4831,6.71
cross-encoder,PLAIN-1877,MED-1991,6.63
cross-encoder,PLAIN-1877,MED-4255,6.63
cross-encoder,PLAIN-1877,MED-4613,6.57
cross-encoder,PLAIN-1877,MED-1489,6.84
cross-encoder,PLAIN-1877,MED-1445,6.96
cross-encoder,PLAIN-1877,MED-1874,6.71
cross-encoder,PLAIN-1877,MED-2432,6.69
cross-encoder,PLAIN-1877,MED-1450,7.12
cross-encoder,PLAIN-1877,MED-4515,6.7
cross-encoder,PLAIN-1877,MED-4349,6.64
cross-encoder,PLAIN-1877,MED-4389,6.66
cross-encoder,PLAIN-1877,MED-1249,6.81
cross-encoder,PLAIN-1877,MED-1319,6.68
cross-encoder,PLAIN-1877,MED-5113,6.67
cross-encoder,PLAIN-1877,MED-2951,6.62
cross-encoder,PLAIN-1877,MED-4689,6.59
cross-encoder,PLAIN-1877,MED-3931,6.78
cross-encoder,PLAIN-1877,MED-3480,6.75
cross-encoder,PLAIN-1877,MED-1250,6.7
cross-encoder,PLAIN-1887,MED-3607,6.99
cross-encoder,PLAIN-1887,MED-4915,6.7
cross-encoder,PLAIN-1887,MED-2070,6.83
cross-encoder,PLAIN-1887,MED-913,6.56
cross-encoder,PLAIN-1887,MED-4535,6.95
cross-encoder,PLAIN-1887,MED-2333,6.71
cross-encoder,PLAIN-1887,MED-2335,6.43
cross-encoder,PLAIN-1887,MED-4391,6.73
cross-encoder,PLAIN-1887,MED-2327,6.61
cross-encoder,PLAIN-1887,MED-2331,6.79
cross-encoder,PLAIN-1887,MED-915,6.73
cross-encoder,PLAIN-1887,MED-2066,6.73
cross-encoder,PLAIN-1887,MED-903,6.64
cross-encoder,PLAIN-1887,MED-3849,6.85
cross-encoder,PLAIN-1887,MED-1741,7.17
cross-encoder,PLAIN-1887,MED-3606,7.95
cross-encoder,PLAIN-1887,MED-4544,6.89
cross-encoder,PLAIN-1887,MED-2176,7.53
cross-encoder,PLAIN-1887,MED-4712,6.75
cross-encoder,PLAIN-1887,MED-1738,6.96
cross-encoder,PLAIN-1897,MED-4186,6.69
cross-encoder,PLAIN-1897,MED-2644,6.81
cross-encoder,PLAIN-1897,MED-301,6.67
cross-encoder,PLAIN-1897,MED-335,6.62
cross-encoder,PLAIN-1897,MED-729,6.8
cross-encoder,PLAIN-1897,MED-4602,6.68
cross-encoder,PLAIN-1897,MED-1312,6.69
cross-encoder,PLAIN-1897,MED-2559,6.84
cross-encoder,PLAIN-1897,MED-891,7.12
cross-encoder,PLAIN-1897,MED-4426,6.67
cross-encoder,PLAIN-1897,MED-996,6.79
cross-encoder,PLAIN-1897,MED-10,6.71
cross-encoder,PLAIN-1897,MED-2652,6.67
cross-encoder,PLAIN-1897,MED-14,6.71
cross-encoder,PLAIN-1897,MED-4992,6.66
cross-encoder,PLAIN-1897,MED-118,8.96
cross-encoder,PLAIN-1897,MED-4881,10.66
cross-encoder,PLAIN-1897,MED-3938,11.66
cross-encoder,PLAIN-1897,MED-2391,8.41
cross-encoder,PLAIN-1897,MED-306,6.66
cross-encoder,PLAIN-1909,MED-4818,6.47
cross-encoder,PLAIN-1909,MED-1979,6.75
cross-encoder,PLAIN-1909,MED-1983,6.66
cross-encoder,PLAIN-1909,MED-3288,7.06
cross-encoder,PLAIN-1909,MED-1491,7.13
cross-encoder,PLAIN-1909,MED-1859,6.74
cross-encoder,PLAIN-1909,MED-3307,6.56
cross-encoder,PLAIN-1909,MED-1610,6.76
cross-encoder,PLAIN-1909,MED-4803,6.95
cross-encoder,PLAIN-1909,MED-4593,8.55
cross-encoder,PLAIN-1909,MED-1977,6.97
cross-encoder,PLAIN-1909,MED-4134,6.71
cross-encoder,PLAIN-1909,MED-3171,6.45
cross-encoder,PLAIN-1909,MED-3000,6.61
cross-encoder,PLAIN-1909,MED-2678,7.09
cross-encoder,PLAIN-1909,MED-4138,6.74
cross-encoder,PLAIN-1909,MED-3891,7.04
cross-encoder,PLAIN-1909,MED-3319,6.7
cross-encoder,PLAIN-1909,MED-4139,6.7
cross-encoder,PLAIN-1909,MED-2341,6.71
cross-encoder,PLAIN-1919,MED-3321,6.79
cross-encoder,PLAIN-1919,MED-4431,6.66
cross-encoder,PLAIN-1919,MED-3320,6.63
cross-encoder,PLAIN-1919,MED-4819,6.75
cross-encoder,PLAIN-1919,MED-3315,6.71
cross-encoder,PLAIN-1919,MED-4433,6.68
cross-encoder,PLAIN-1919,MED-4429,6.76
cross-encoder,PLAIN-1919,MED-3307,6.7
cross-encoder,PLAIN-1919,MED-3311,6.67
cross-encoder,PLAIN-1919,MED-2746,6.66
cross-encoder,PLAIN-1919,MED-4805,6.74
cross-encoder,PLAIN-1919,MED-3319,6.71
cross-encoder,PLAIN-1919,MED-1755,6.82
cross-encoder,PLAIN-1919,MED-4354,6.59
cross-encoder,PLAIN-1919,MED-4182,6.61
cross-encoder,PLAIN-1919,MED-4428,6.72
cross-encoder,PLAIN-1919,MED-4802,6.83
cross-encoder,PLAIN-1919,MED-2088,6.74
cross-encoder,PLAIN-1919,MED-4980,6.61
cross-encoder,PLAIN-1919,MED-2741,7.86
cross-encoder,PLAIN-1929,MED-3452,9.24
cross-encoder,PLAIN-1929,MED-4872,8.46
cross-encoder,PLAIN-1929,MED-2905,6.79
cross-encoder,PLAIN-1929,MED-3032,6.93
cross-encoder,PLAIN-1929,MED-2497,7.2
cross-encoder,PLAIN-1929,MED-5099,6.69
cross-encoder,PLAIN-1929,MED-5097,6.62
cross-encoder,PLAIN-1929,MED-2421,6.65
cross-encoder,PLAIN-1929,MED-2495,6.74
cross-encoder,PLAIN-1929,MED-951,6.59
cross-encoder,PLAIN-1929,MED-4470,6.64
cross-encoder,PLAIN-1929,MED-3012,6.79
cross-encoder,PLAIN-1929,MED-3617,6.6
cross-encoder,PLAIN-1929,MED-1782,7.59
cross-encoder,PLAIN-1929,MED-980,7.22
cross-encoder,PLAIN-1929,MED-3785,7.04
cross-encoder,PLAIN-1929,MED-904,6.68
cross-encoder,PLAIN-1929,MED-4930,6.41
cross-encoder,PLAIN-1929,MED-4929,6.78
cross-encoder,PLAIN-1929,MED-1586,6.61
cross-encoder,PLAIN-1940,MED-3792,6.67
cross-encoder,PLAIN-1940,MED-3797,6.65
cross-encoder,PLAIN-1940,MED-4114,6.76
cross-encoder,PLAIN-1940,MED-720,6.59
cross-encoder,PLAIN-1940,MED-4544,6.98
cross-encoder,PLAIN-1940,MED-4946,6.76
cross-encoder,PLAIN-1940,MED-828,6.58
cross-encoder,PLAIN-1940,MED-1121,6.68
cross-encoder,PLAIN-1940,MED-1198,6.63
cross-encoder,PLAIN-1940,MED-3503,6.76
cross-encoder,PLAIN-1940,MED-2006,6.68
cross-encoder,PLAIN-1940,MED-1116,6.33
cross-encoder,PLAIN-1940,MED-829,6.63
cross-encoder,PLAIN-1940,MED-10,7.99
cross-encoder,PLAIN-1940,MED-1125,6.6
cross-encoder,PLAIN-1940,MED-1041,6.79
cross-encoder,PLAIN-1940,MED-14,6.62
cross-encoder,PLAIN-1940,MED-1127,6.9
cross-encoder,PLAIN-1940,MED-118,6.93
cross-encoder,PLAIN-1940,MED-1947,6.67
cross-encoder,PLAIN-1950,MED-912,6.98
cross-encoder,PLAIN-1950,MED-3904,6.76
cross-encoder,PLAIN-1950,MED-4250,6.69
cross-encoder,PLAIN-1950,MED-1950,6.69
cross-encoder,PLAIN-1950,MED-736,6.67
cross-encoder,PLAIN-1950,MED-1047,6.81
cross-encoder,PLAIN-1950,MED-1795,6.84
cross-encoder,PLAIN-1950,MED-4090,6.72
cross-encoder,PLAIN-1950,MED-10,6.63
cross-encoder,PLAIN-1950,MED-1031,6.91
cross-encoder,PLAIN-1950,MED-14,6.75
cross-encoder,PLAIN-1950,MED-4637,6.53
cross-encoder,PLAIN-1950,MED-118,6.65
cross-encoder,PLAIN-1950,MED-5005,6.98
cross-encoder,PLAIN-1950,MED-1038,6.5
cross-encoder,PLAIN-1950,MED-301,6.66
cross-encoder,PLAIN-1950,MED-306,6.8
cross-encoder,PLAIN-1950,MED-975,6.48
cross-encoder,PLAIN-1950,MED-329,6.68
cross-encoder,PLAIN-1950,MED-972,6.4
cross-encoder,PLAIN-1962,MED-4295,6.82
cross-encoder,PLAIN-1962,MED-759,6.82
cross-encoder,PLAIN-1962,MED-2206,6.87
cross-encoder,PLAIN-1962,MED-2438,6.91
cross-encoder,PLAIN-1962,MED-3348,7.02
cross-encoder,PLAIN-1962,MED-10,6.62
cross-encoder,PLAIN-1962,MED-3370,6.64
cross-encoder,PLAIN-1962,MED-14,6.88
cross-encoder,PLAIN-1962,MED-3359,6.61
cross-encoder,PLAIN-1962,MED-118,6.73
cross-encoder,PLAIN-1962,MED-3374,6.6
cross-encoder,PLAIN-1962,MED-301,8.29
cross-encoder,PLAIN-1962,MED-4915,6.79
cross-encoder,PLAIN-1962,MED-2202,6.8
cross-encoder,PLAIN-1962,MED-306,6.99
cross-encoder,PLAIN-1962,MED-329,6.73
cross-encoder,PLAIN-1962,MED-5070,6.91
cross-encoder,PLAIN-1962,MED-330,7.0
cross-encoder,PLAIN-1962,MED-868,7.09
cross-encoder,PLAIN-1962,MED-332,6.78
cross-encoder,PLAIN-1972,MED-1442,7.05
cross-encoder,PLAIN-1972,MED-691,7.36
cross-encoder,PLAIN-1972,MED-398,7.4
cross-encoder,PLAIN-1972,MED-708,7.55
cross-encoder,PLAIN-1972,MED-1568,7.13
cross-encoder,PLAIN-1972,MED-1572,6.93
cross-encoder,PLAIN-1972,MED-2143,6.89
cross-encoder,PLAIN-1972,MED-10,6.91
cross-encoder,PLAIN-1972,MED-4332,7.3
cross-encoder,PLAIN-1972,MED-14,6.92
cross-encoder,PLAIN-1972,MED-4075,9.56
cross-encoder,PLAIN-1972,MED-118,6.98
cross-encoder,PLAIN-1972,MED-2677,6.72
cross-encoder,PLAIN-1972,MED-301,6.69
cross-encoder,PLAIN-1972,MED-4360,6.54
cross-encoder,PLAIN-1972,MED-306,6.7
cross-encoder,PLAIN-1972,MED-4604,6.96
cross-encoder,PLAIN-1972,MED-1570,6.66
cross-encoder,PLAIN-1972,MED-329,6.86
cross-encoder,PLAIN-1972,MED-330,6.84
cross-encoder,PLAIN-1983,MED-2134,9.2
cross-encoder,PLAIN-1983,MED-2521,11.81
cross-encoder,PLAIN-1983,MED-2137,11.22
cross-encoder,PLAIN-1983,MED-2132,8.65
cross-encoder,PLAIN-1983,MED-2517,6.96
cross-encoder,PLAIN-1983,MED-5237,6.5
cross-encoder,PLAIN-1983,MED-2520,6.83
cross-encoder,PLAIN-1983,MED-2127,6.74
cross-encoder,PLAIN-1983,MED-2504,7.64
cross-encoder,PLAIN-1983,MED-2507,11.35
cross-encoder,PLAIN-1983,MED-2139,11.32
cross-encoder,PLAIN-1983,MED-2135,9.08
cross-encoder,PLAIN-1983,MED-5239,7.96
cross-encoder,PLAIN-1983,MED-2124,6.71
cross-encoder,PLAIN-1983,MED-1229,7.13
cross-encoder,PLAIN-1983,MED-2126,6.69
cross-encoder,PLAIN-1983,MED-2121,6.76
cross-encoder,PLAIN-1983,MED-2123,6.73
cross-encoder,PLAIN-1983,MED-2117,6.75
cross-encoder,PLAIN-1983,MED-2514,6.72
cross-encoder,PLAIN-1995,MED-898,6.66
cross-encoder,PLAIN-1995,MED-1645,6.81
cross-encoder,PLAIN-1995,MED-4776,6.74
cross-encoder,PLAIN-1995,MED-4365,8.17
cross-encoder,PLAIN-1995,MED-1647,6.97
cross-encoder,PLAIN-1995,MED-4902,6.67
cross-encoder,PLAIN-1995,MED-4713,6.93
cross-encoder,PLAIN-1995,MED-5047,6.8
cross-encoder,PLAIN-1995,MED-4331,7.64
cross-encoder,PLAIN-1995,MED-4330,7.57
cross-encoder,PLAIN-1995,MED-1844,7.0
cross-encoder,PLAIN-1995,MED-5257,6.64
cross-encoder,PLAIN-1995,MED-1867,6.72
cross-encoder,PLAIN-1995,MED-5052,6.85
cross-encoder,PLAIN-1995,MED-4779,6.81
cross-encoder,PLAIN-1995,MED-2094,6.8
cross-encoder,PLAIN-1995,MED-4332,7.16
cross-encoder,PLAIN-1995,MED-1635,6.74
cross-encoder,PLAIN-1995,MED-1637,6.75
cross-encoder,PLAIN-1995,MED-5156,6.97
cross-encoder,PLAIN-2009,MED-3951,6.82
cross-encoder,PLAIN-2009,MED-5173,6.63
cross-encoder,PLAIN-2009,MED-4961,6.85
cross-encoder,PLAIN-2009,MED-1733,6.91
cross-encoder,PLAIN-2009,MED-4439,6.84
cross-encoder,PLAIN-2009,MED-721,7.14
cross-encoder,PLAIN-2009,MED-731,6.6
cross-encoder,PLAIN-2009,MED-4839,6.7
cross-encoder,PLAIN-2009,MED-10,6.65
cross-encoder,PLAIN-2009,MED-4830,6.71
cross-encoder,PLAIN-2009,MED-14,6.78
cross-encoder,PLAIN-2009,MED-4595,6.43
cross-encoder,PLAIN-2009,MED-118,8.07
cross-encoder,PLAIN-2009,MED-4713,7.22
cross-encoder,PLAIN-2009,MED-1125,7.21
cross-encoder,PLAIN-2009,MED-301,6.86
cross-encoder,PLAIN-2009,MED-306,7.04
cross-encoder,PLAIN-2009,MED-329,7.36
cross-encoder,PLAIN-2009,MED-330,6.9
cross-encoder,PLAIN-2009,MED-332,6.98
cross-encoder,PLAIN-2019,MED-732,7.0
cross-encoder,PLAIN-2019,MED-4300,7.24
cross-encoder,PLAIN-2019,MED-4573,7.09
cross-encoder,PLAIN-2019,MED-10,6.69
cross-encoder,PLAIN-2019,MED-4654,7.12
cross-encoder,PLAIN-2019,MED-14,7.1
cross-encoder,PLAIN-2019,MED-2991,6.8
cross-encoder,PLAIN-2019,MED-118,7.04
cross-encoder,PLAIN-2019,MED-1750,6.68
cross-encoder,PLAIN-2019,MED-301,6.98
cross-encoder,PLAIN-2019,MED-4812,6.8
cross-encoder,PLAIN-2019,MED-1407,7.18
cross-encoder,PLAIN-2019,MED-306,8.24
cross-encoder,PLAIN-2019,MED-329,9.54
cross-encoder,PLAIN-2019,MED-5130,8.66
cross-encoder,PLAIN-2019,MED-330,6.6
cross-encoder,PLAIN-2019,MED-4960,6.12
cross-encoder,PLAIN-2019,MED-2116,6.92
cross-encoder,PLAIN-2019,MED-332,6.79
cross-encoder,PLAIN-2019,MED-334,6.69
cross-encoder,PLAIN-2030,MED-4051,6.81
cross-encoder,PLAIN-2030,MED-691,6.88
cross-encoder,PLAIN-2030,MED-692,6.8
cross-encoder,PLAIN-2030,MED-746,6.7
cross-encoder,PLAIN-2030,MED-743,6.77
cross-encoder,PLAIN-2030,MED-735,6.77
cross-encoder,PLAIN-2030,MED-2208,6.92
cross-encoder,PLAIN-2030,MED-2816,6.76
cross-encoder,PLAIN-2030,MED-3743,7.41
cross-encoder,PLAIN-2030,MED-10,7.13
cross-encoder,PLAIN-2030,MED-14,6.59
cross-encoder,PLAIN-2030,MED-3549,6.75
cross-encoder,PLAIN-2030,MED-118,6.56
cross-encoder,PLAIN-2030,MED-301,6.59
cross-encoder,PLAIN-2030,MED-3810,6.65
cross-encoder,PLAIN-2030,MED-1820,6.73
cross-encoder,PLAIN-2030,MED-306,6.63
cross-encoder,PLAIN-2030,MED-329,6.59
cross-encoder,PLAIN-2030,MED-3606,6.57
cross-encoder,PLAIN-2030,MED-2882,6.84
cross-encoder,PLAIN-2040,MED-4961,6.53
cross-encoder,PLAIN-2040,MED-4933,6.82
cross-encoder,PLAIN-2040,MED-5094,6.25
cross-encoder,PLAIN-2040,MED-3024,6.73
cross-encoder,PLAIN-2040,MED-4934,6.88
cross-encoder,PLAIN-2040,MED-4964,6.59
cross-encoder,PLAIN-2040,MED-4936,6.72
cross-encoder,PLAIN-2040,MED-4943,6.64
cross-encoder,PLAIN-2040,MED-3029,6.77
cross-encoder,PLAIN-2040,MED-2907,6.55
cross-encoder,PLAIN-2040,MED-4791,6.18
cross-encoder,PLAIN-2040,MED-4735,6.55
cross-encoder,PLAIN-2040,MED-2678,6.79
cross-encoder,PLAIN-2040,MED-3592,6.57
cross-encoder,PLAIN-2040,MED-2402,6.85
cross-encoder,PLAIN-2040,MED-2396,6.74
cross-encoder,PLAIN-2040,MED-4963,6.5
cross-encoder,PLAIN-2040,MED-4944,6.45
cross-encoder,PLAIN-2040,MED-5271,6.52
cross-encoder,PLAIN-2040,MED-2406,6.78
cross-encoder,PLAIN-2051,MED-1556,6.52
cross-encoder,PLAIN-2051,MED-1454,6.61
cross-encoder,PLAIN-2051,MED-4556,6.52
cross-encoder,PLAIN-2051,MED-4005,6.57
cross-encoder,PLAIN-2051,MED-1072,7.31
cross-encoder,PLAIN-2051,MED-1873,6.96
cross-encoder,PLAIN-2051,MED-5267,6.57
cross-encoder,PLAIN-2051,MED-3198,6.44
cross-encoder,PLAIN-2051,MED-1781,6.59
cross-encoder,PLAIN-2051,MED-1061,6.59
cross-encoder,PLAIN-2051,MED-3586,6.59
cross-encoder,PLAIN-2051,MED-5261,6.59
cross-encoder,PLAIN-2051,MED-1558,6.51
cross-encoder,PLAIN-2051,MED-1063,7.36
cross-encoder,PLAIN-2051,MED-1238,7.62
cross-encoder,PLAIN-2051,MED-1921,6.66
cross-encoder,PLAIN-2051,MED-1258,6.76
cross-encoder,PLAIN-2051,MED-5272,6.56
cross-encoder,PLAIN-2051,MED-5013,6.52
cross-encoder,PLAIN-2051,MED-1455,6.52
cross-encoder,PLAIN-2061,MED-3031,6.46
cross-encoder,PLAIN-2061,MED-3295,6.53
cross-encoder,PLAIN-2061,MED-4960,6.06
cross-encoder,PLAIN-2061,MED-2344,8.22
cross-encoder,PLAIN-2061,MED-2406,10.5
cross-encoder,PLAIN-2061,MED-4736,11.0
cross-encoder,PLAIN-2061,MED-4359,10.2
cross-encoder,PLAIN-2061,MED-3030,7.04
cross-encoder,PLAIN-2061,MED-5101,6.47
cross-encoder,PLAIN-2061,MED-3027,6.54
cross-encoder,PLAIN-2061,MED-4376,6.49
cross-encoder,PLAIN-2061,MED-4932,8.02
cross-encoder,PLAIN-2061,MED-4968,6.61
cross-encoder,PLAIN-2061,MED-4742,6.56
cross-encoder,PLAIN-2061,MED-5102,6.6
cross-encoder,PLAIN-2061,MED-2411,6.66
cross-encoder,PLAIN-2061,MED-2398,7.0
cross-encoder,PLAIN-2061,MED-4739,6.51
cross-encoder,PLAIN-2061,MED-4962,6.71
cross-encoder,PLAIN-2061,MED-4380,6.55
cross-encoder,PLAIN-2071,MED-1349,6.65
cross-encoder,PLAIN-2071,MED-4306,6.44
cross-encoder,PLAIN-2071,MED-1352,6.59
cross-encoder,PLAIN-2071,MED-4309,6.65
cross-encoder,PLAIN-2071,MED-3540,6.79
cross-encoder,PLAIN-2071,MED-3532,6.57
cross-encoder,PLAIN-2071,MED-3546,6.62
cross-encoder,PLAIN-2071,MED-1342,6.67
cross-encoder,PLAIN-2071,MED-5365,6.65
cross-encoder,PLAIN-2071,MED-3661,6.65
cross-encoder,PLAIN-2071,MED-1006,6.72
cross-encoder,PLAIN-2071,MED-1245,6.71
cross-encoder,PLAIN-2071,MED-3658,6.91
cross-encoder,PLAIN-2071,MED-3530,6.55
cross-encoder,PLAIN-2071,MED-4308,6.6
cross-encoder,PLAIN-2071,MED-1348,6.51
cross-encoder,PLAIN-2071,MED-946,6.52
cross-encoder,PLAIN-2071,MED-3539,6.66
cross-encoder,PLAIN-2071,MED-1353,6.75
cross-encoder,PLAIN-2071,MED-3526,8.62
cross-encoder,PLAIN-2081,MED-4180,8.67
cross-encoder,PLAIN-2081,MED-2510,7.24
cross-encoder,PLAIN-2081,MED-2671,6.54
cross-encoder,PLAIN-2081,MED-2505,6.51
cross-encoder,PLAIN-2081,MED-2074,6.65
cross-encoder,PLAIN-2081,MED-1378,6.51
cross-encoder,PLAIN-2081,MED-4303,6.52
cross-encoder,PLAIN-2081,MED-2512,6.45
cross-encoder,PLAIN-2081,MED-2422,6.68
cross-encoder,PLAIN-2081,MED-5349,6.7
cross-encoder,PLAIN-2081,MED-2506,6.53
cross-encoder,PLAIN-2081,MED-3140,6.54
cross-encoder,PLAIN-2081,MED-2519,6.44
cross-encoder,PLAIN-2081,MED-3270,6.6
cross-encoder,PLAIN-2081,MED-2514,7.57
cross-encoder,PLAIN-2081,MED-1182,6.81
cross-encoder,PLAIN-2081,MED-2700,6.66
cross-encoder,PLAIN-2081,MED-4715,6.61
cross-encoder,PLAIN-2081,MED-2325,6.49
cross-encoder,PLAIN-2081,MED-859,6.74
cross-encoder,PLAIN-2092,MED-1434,6.47
cross-encoder,PLAIN-2092,MED-1437,6.81
cross-encoder,PLAIN-2092,MED-1436,6.61
cross-encoder,PLAIN-2092,MED-1432,6.54
cross-encoder,PLAIN-2092,MED-1440,6.61
cross-encoder,PLAIN-2092,MED-10,6.51
cross-encoder,PLAIN-2092,MED-3475,6.99
cross-encoder,PLAIN-2092,MED-14,6.5
cross-encoder,PLAIN-2092,MED-957,6.85
cross-encoder,PLAIN-2092,MED-118,6.9
cross-encoder,PLAIN-2092,MED-2066,6.76
cross-encoder,PLAIN-2092,MED-301,6.66
cross-encoder,PLAIN-2092,MED-3490,6.7
cross-encoder,PLAIN-2092,MED-306,6.82
cross-encoder,PLAIN-2092,MED-5070,7.25
cross-encoder,PLAIN-2092,MED-329,6.76
cross-encoder,PLAIN-2092,MED-4544,6.8
cross-encoder,PLAIN-2092,MED-3279,6.94
cross-encoder,PLAIN-2092,MED-330,6.65
cross-encoder,PLAIN-2092,MED-3100,6.73
cross-encoder,PLAIN-2102,MED-1545,6.99
cross-encoder,PLAIN-2102,MED-2237,6.76
cross-encoder,PLAIN-2102,MED-5159,6.8
cross-encoder,PLAIN-2102,MED-3318,6.9
cross-encoder,PLAIN-2102,MED-3544,6.86
cross-encoder,PLAIN-2102,MED-1603,6.81
cross-encoder,PLAIN-2102,MED-3046,6.72
cross-encoder,PLAIN-2102,MED-3033,6.76
cross-encoder,PLAIN-2102,MED-5033,6.82
cross-encoder,PLAIN-2102,MED-3394,7.01
cross-encoder,PLAIN-2102,MED-1598,6.73
cross-encoder,PLAIN-2102,MED-1051,6.71
cross-encoder,PLAIN-2102,MED-759,6.66
cross-encoder,PLAIN-2102,MED-2176,6.66
cross-encoder,PLAIN-2102,MED-1211,6.67
cross-encoder,PLAIN-2102,MED-4555,6.72
cross-encoder,PLAIN-2102,MED-952,6.92
cross-encoder,PLAIN-2102,MED-4824,6.56
cross-encoder,PLAIN-2102,MED-4673,6.44
cross-encoder,PLAIN-2102,MED-4598,6.54
cross-encoder,PLAIN-2113,MED-3890,6.58
cross-encoder,PLAIN-2113,MED-1182,6.54
cross-encoder,PLAIN-2113,MED-1147,6.54
cross-encoder,PLAIN-2113,MED-915,7.94
cross-encoder,PLAIN-2113,MED-1157,6.49
cross-encoder,PLAIN-2113,MED-1757,6.68
cross-encoder,PLAIN-2113,MED-1755,6.79
cross-encoder,PLAIN-2113,MED-2264,6.57
cross-encoder,PLAIN-2113,MED-3231,6.25
cross-encoder,PLAIN-2113,MED-4911,6.63
cross-encoder,PLAIN-2113,MED-3306,6.69
cross-encoder,PLAIN-2113,MED-1594,6.84
cross-encoder,PLAIN-2113,MED-2521,7.09
cross-encoder,PLAIN-2113,MED-4178,7.01
cross-encoder,PLAIN-2113,MED-3635,7.47
cross-encoder,PLAIN-2113,MED-1047,6.89
cross-encoder,PLAIN-2113,MED-4135,6.51
cross-encoder,PLAIN-2113,MED-1319,6.72
cross-encoder,PLAIN-2113,MED-2572,6.65
cross-encoder,PLAIN-2113,MED-3966,6.68
cross-encoder,PLAIN-2124,MED-1525,6.73
cross-encoder,PLAIN-2124,MED-1522,6.57
cross-encoder,PLAIN-2124,MED-666,6.53
cross-encoder,PLAIN-2124,MED-746,6.71
cross-encoder,PLAIN-2124,MED-557,6.67
cross-encoder,PLAIN-2124,MED-744,6.81
cross-encoder,PLAIN-2124,MED-732,6.83
cross-encoder,PLAIN-2124,MED-828,6.86
cross-encoder,PLAIN-2124,MED-745,6.7
cross-encoder,PLAIN-2124,MED-1519,6.42
cross-encoder,PLAIN-2124,MED-10,6.6
cross-encoder,PLAIN-2124,MED-743,6.84
cross-encoder,PLAIN-2124,MED-1009,7.12
cross-encoder,PLAIN-2124,MED-14,6.72
cross-encoder,PLAIN-2124,MED-118,6.65
cross-encoder,PLAIN-2124,MED-1523,6.3
cross-encoder,PLAIN-2124,MED-301,6.63
cross-encoder,PLAIN-2124,MED-4564,6.58
cross-encoder,PLAIN-2124,MED-306,6.52
cross-encoder,PLAIN-2124,MED-4856,6.73
cross-encoder,PLAIN-2134,MED-691,6.54
cross-encoder,PLAIN-2134,MED-10,6.6
cross-encoder,PLAIN-2134,MED-3486,6.46
cross-encoder,PLAIN-2134,MED-14,6.53
cross-encoder,PLAIN-2134,MED-2204,6.72
cross-encoder,PLAIN-2134,MED-118,6.6
cross-encoder,PLAIN-2134,MED-4456,6.82
cross-encoder,PLAIN-2134,MED-301,7.32
cross-encoder,PLAIN-2134,MED-5064,7.91
cross-encoder,PLAIN-2134,MED-306,7.51
cross-encoder,PLAIN-2134,MED-5173,7.2
cross-encoder,PLAIN-2134,MED-329,10.5
cross-encoder,PLAIN-2134,MED-5172,11.4
cross-encoder,PLAIN-2134,MED-2210,11.57
cross-encoder,PLAIN-2134,MED-330,9.13
cross-encoder,PLAIN-2134,MED-332,6.81
cross-encoder,PLAIN-2134,MED-4870,6.81
cross-encoder,PLAIN-2134,MED-1247,6.57
cross-encoder,PLAIN-2134,MED-334,6.91
cross-encoder,PLAIN-2134,MED-2229,6.98
cross-encoder,PLAIN-2145,MED-743,6.88
cross-encoder,PLAIN-2145,MED-3918,6.68
cross-encoder,PLAIN-2145,MED-2891,6.62
cross-encoder,PLAIN-2145,MED-1293,6.6
cross-encoder,PLAIN-2145,MED-2094,7.49
cross-encoder,PLAIN-2145,MED-3145,6.56
cross-encoder,PLAIN-2145,MED-1444,7.07
cross-encoder,PLAIN-2145,MED-5090,6.74
cross-encoder,PLAIN-2145,MED-2572,6.54
cross-encoder,PLAIN-2145,MED-1860,6.75
cross-encoder,PLAIN-2145,MED-3475,7.23
cross-encoder,PLAIN-2145,MED-1867,6.91
cross-encoder,PLAIN-2145,MED-4384,7.25
cross-encoder,PLAIN-2145,MED-2182,6.96
cross-encoder,PLAIN-2145,MED-3882,6.93
cross-encoder,PLAIN-2145,MED-1359,6.72
cross-encoder,PLAIN-2145,MED-4150,6.09
cross-encoder,PLAIN-2145,MED-2032,6.84
cross-encoder,PLAIN-2145,MED-3967,6.75
cross-encoder,PLAIN-2145,MED-4525,6.61
cross-encoder,PLAIN-2156,MED-4868,6.64
cross-encoder,PLAIN-2156,MED-5055,6.64
cross-encoder,PLAIN-2156,MED-4867,6.71
cross-encoder,PLAIN-2156,MED-719,6.53
cross-encoder,PLAIN-2156,MED-724,6.53
cross-encoder,PLAIN-2156,MED-2439,6.47
cross-encoder,PLAIN-2156,MED-10,6.6
cross-encoder,PLAIN-2156,MED-1303,6.75
cross-encoder,PLAIN-2156,MED-14,6.54
cross-encoder,PLAIN-2156,MED-3144,6.61
cross-encoder,PLAIN-2156,MED-118,6.59
cross-encoder,PLAIN-2156,MED-4295,6.64
cross-encoder,PLAIN-2156,MED-301,6.71
cross-encoder,PLAIN-2156,MED-4833,6.73
cross-encoder,PLAIN-2156,MED-306,6.61
cross-encoder,PLAIN-2156,MED-3989,7.19
cross-encoder,PLAIN-2156,MED-329,6.83
cross-encoder,PLAIN-2156,MED-5054,7.99
cross-encoder,PLAIN-2156,MED-330,6.84
cross-encoder,PLAIN-2156,MED-939,6.69
cross-encoder,PLAIN-2167,MED-2488,6.35
cross-encoder,PLAIN-2167,MED-3001,7.26
cross-encoder,PLAIN-2167,MED-728,8.01
cross-encoder,PLAIN-2167,MED-749,6.52
cross-encoder,PLAIN-2167,MED-745,6.87
cross-encoder,PLAIN-2167,MED-2726,6.81
cross-encoder,PLAIN-2167,MED-10,6.8
cross-encoder,PLAIN-2167,MED-1744,6.57
cross-encoder,PLAIN-2167,MED-14,6.85
cross-encoder,PLAIN-2167,MED-1058,6.49
cross-encoder,PLAIN-2167,MED-118,6.8
cross-encoder,PLAIN-2167,MED-1194,6.81
cross-encoder,PLAIN-2167,MED-301,7.27
cross-encoder,PLAIN-2167,MED-1230,6.63
cross-encoder,PLAIN-2167,MED-306,6.72
cross-encoder,PLAIN-2167,MED-2489,5.86
cross-encoder,PLAIN-2167,MED-329,6.87
cross-encoder,PLAIN-2167,MED-1055,6.65
cross-encoder,PLAIN-2167,MED-330,6.78
cross-encoder,PLAIN-2167,MED-1753,6.87
cross-encoder,PLAIN-2177,MED-1185,6.62
cross-encoder,PLAIN-2177,MED-3282,6.69
cross-encoder,PLAIN-2177,MED-1421,6.9
cross-encoder,PLAIN-2177,MED-4320,6.82
cross-encoder,PLAIN-2177,MED-1953,6.69
cross-encoder,PLAIN-2177,MED-4499,7.01
cross-encoder,PLAIN-2177,MED-723,6.81
cross-encoder,PLAIN-2177,MED-3228,6.86
cross-encoder,PLAIN-2177,MED-1418,6.7
cross-encoder,PLAIN-2177,MED-2067,6.66
cross-encoder,PLAIN-2177,MED-4206,7.26
cross-encoder,PLAIN-2177,MED-4687,7.34
cross-encoder,PLAIN-2177,MED-1420,7.24
cross-encoder,PLAIN-2177,MED-4733,6.79
cross-encoder,PLAIN-2177,MED-10,6.59
cross-encoder,PLAIN-2177,MED-4055,7.0
cross-encoder,PLAIN-2177,MED-1184,6.92
cross-encoder,PLAIN-2177,MED-14,6.92
cross-encoder,PLAIN-2177,MED-118,6.65
cross-encoder,PLAIN-2177,MED-2068,6.91
cross-encoder,PLAIN-2187,MED-1248,6.55
cross-encoder,PLAIN-2187,MED-1244,6.92
cross-encoder,PLAIN-2187,MED-720,6.88
cross-encoder,PLAIN-2187,MED-557,6.88
cross-encoder,PLAIN-2187,MED-713,7.09
cross-encoder,PLAIN-2187,MED-843,6.92
cross-encoder,PLAIN-2187,MED-721,6.68
cross-encoder,PLAIN-2187,MED-2203,6.79
cross-encoder,PLAIN-2187,MED-10,6.78
cross-encoder,PLAIN-2187,MED-1009,7.03
cross-encoder,PLAIN-2187,MED-1041,6.64
cross-encoder,PLAIN-2187,MED-14,7.04
cross-encoder,PLAIN-2187,MED-118,11.43
cross-encoder,PLAIN-2187,MED-4544,13.04
cross-encoder,PLAIN-2187,MED-301,10.73
cross-encoder,PLAIN-2187,MED-949,10.86
cross-encoder,PLAIN-2187,MED-306,10.8
cross-encoder,PLAIN-2187,MED-329,11.11
cross-encoder,PLAIN-2187,MED-4156,10.86
cross-encoder,PLAIN-2187,MED-330,10.48
cross-encoder,PLAIN-2197,MED-5054,10.46
cross-encoder,PLAIN-2197,MED-1625,10.49
cross-encoder,PLAIN-2197,MED-5056,11.43
cross-encoder,PLAIN-2197,MED-4868,9.59
cross-encoder,PLAIN-2197,MED-5053,9.28
cross-encoder,PLAIN-2197,MED-1627,9.52
cross-encoder,PLAIN-2197,MED-4120,12.28
cross-encoder,PLAIN-2197,MED-5057,8.14
cross-encoder,PLAIN-2197,MED-719,9.49
cross-encoder,PLAIN-2197,MED-724,9.31
cross-encoder,PLAIN-2197,MED-3535,9.01
cross-encoder,PLAIN-2197,MED-3810,9.24
cross-encoder,PLAIN-2197,MED-4604,10.02
cross-encoder,PLAIN-2197,MED-4028,11.54
cross-encoder,PLAIN-2197,MED-4822,10.99
cross-encoder,PLAIN-2197,MED-1708,10.44
cross-encoder,PLAIN-2197,MED-1531,9.58
cross-encoder,PLAIN-2197,MED-1707,9.18
cross-encoder,PLAIN-2197,MED-1620,9.39
cross-encoder,PLAIN-2197,MED-866,9.5
cross-encoder,PLAIN-2209,MED-733,8.95
cross-encoder,PLAIN-2209,MED-748,8.87
cross-encoder,PLAIN-2209,MED-828,13.16
cross-encoder,PLAIN-2209,MED-744,14.7
cross-encoder,PLAIN-2209,MED-10,14.44
cross-encoder,PLAIN-2209,MED-4236,12.28
cross-encoder,PLAIN-2209,MED-14,9.48
cross-encoder,PLAIN-2209,MED-3519,9.05
cross-encoder,PLAIN-2209,MED-118,9.37
cross-encoder,PLAIN-2209,MED-3808,9.27
cross-encoder,PLAIN-2209,MED-301,9.13
cross-encoder,PLAIN-2209,MED-3533,9.11
cross-encoder,PLAIN-2209,MED-826,9.41
cross-encoder,PLAIN-2209,MED-306,9.81
cross-encoder,PLAIN-2209,MED-4792,9.12
cross-encoder,PLAIN-2209,MED-2520,8.95
cross-encoder,PLAIN-2209,MED-329,10.47
cross-encoder,PLAIN-2209,MED-330,9.6
cross-encoder,PLAIN-2209,MED-5237,8.79
cross-encoder,PLAIN-2209,MED-2130,9.07
cross-encoder,PLAIN-2220,MED-4976,9.34
cross-encoder,PLAIN-2220,MED-4816,8.39
cross-encoder,PLAIN-2220,MED-10,9.03
cross-encoder,PLAIN-2220,MED-4959,9.12
cross-encoder,PLAIN-2220,MED-14,9.04
cross-encoder,PLAIN-2220,MED-1568,8.71
cross-encoder,PLAIN-2220,MED-118,9.16
cross-encoder,PLAIN-2220,MED-2422,9.02
cross-encoder,PLAIN-2220,MED-301,9.06
cross-encoder,PLAIN-2220,MED-5002,9.17
cross-encoder,PLAIN-2220,MED-306,9.05
cross-encoder,PLAIN-2220,MED-4264,9.17
cross-encoder,PLAIN-2220,MED-329,9.84
cross-encoder,PLAIN-2220,MED-4972,9.67
cross-encoder,PLAIN-2220,MED-330,9.42
cross-encoder,PLAIN-2220,MED-3973,9.47
cross-encoder,PLAIN-2220,MED-332,9.46
cross-encoder,PLAIN-2220,MED-4663,9.26
cross-encoder,PLAIN-2220,MED-334,9.39
cross-encoder,PLAIN-2220,MED-958,9.2
cross-encoder,PLAIN-2230,MED-4872,9.15
cross-encoder,PLAIN-2230,MED-713,9.43
cross-encoder,PLAIN-2230,MED-5165,9.62
cross-encoder,PLAIN-2230,MED-557,9.32
cross-encoder,PLAIN-2230,MED-3951,9.31
cross-encoder,PLAIN-2230,MED-3493,8.5
cross-encoder,PLAIN-2230,MED-4716,9.83
cross-encoder,PLAIN-2230,MED-10,10.79
cross-encoder,PLAIN-2230,MED-3821,10.41
cross-encoder,PLAIN-2230,MED-14,9.9
cross-encoder,PLAIN-2230,MED-2992,9.76
cross-encoder,PLAIN-2230,MED-118,9.38
cross-encoder,PLAIN-2230,MED-4546,9.45
cross-encoder,PLAIN-2230,MED-301,9.59
cross-encoder,PLAIN-2230,MED-4958,9.31
cross-encoder,PLAIN-2230,MED-2172,9.47
cross-encoder,PLAIN-2230,MED-306,9.26
cross-encoder,PLAIN-2230,MED-329,9.59
cross-encoder,PLAIN-2230,MED-862,9.59
cross-encoder,PLAIN-2230,MED-330,9.63
cross-encoder,PLAIN-2240,MED-3969,9.75
cross-encoder,PLAIN-2240,MED-3970,9.39
cross-encoder,PLAIN-2240,MED-895,11.96
cross-encoder,PLAIN-2240,MED-3963,9.18
cross-encoder,PLAIN-2240,MED-723,8.36
cross-encoder,PLAIN-2240,MED-1844,9.71
cross-encoder,PLAIN-2240,MED-5059,9.35
cross-encoder,PLAIN-2240,MED-2643,11.59
cross-encoder,PLAIN-2240,MED-3960,9.28
cross-encoder,PLAIN-2240,MED-3964,9.09
cross-encoder,PLAIN-2240,MED-4025,12.1
cross-encoder,PLAIN-2240,MED-944,9.55
cross-encoder,PLAIN-2240,MED-1185,9.24
cross-encoder,PLAIN-2240,MED-859,9.33
cross-encoder,PLAIN-2240,MED-1161,9.11
cross-encoder,PLAIN-2240,MED-1850,9.19
cross-encoder,PLAIN-2240,MED-10,9.27
cross-encoder,PLAIN-2240,MED-3606,9.6
cross-encoder,PLAIN-2240,MED-14,9.23
cross-encoder,PLAIN-2240,MED-4315,8.93
cross-encoder,PLAIN-2250,MED-2346,9.07
cross-encoder,PLAIN-2250,MED-5024,9.18
cross-encoder,PLAIN-2250,MED-2210,9.23
cross-encoder,PLAIN-2250,MED-731,9.17
cross-encoder,PLAIN-2250,MED-5094,8.76
cross-encoder,PLAIN-2250,MED-3175,8.93
cross-encoder,PLAIN-2250,MED-2345,9.28
cross-encoder,PLAIN-2250,MED-4819,9.43
cross-encoder,PLAIN-2250,MED-3311,9.64
cross-encoder,PLAIN-2250,MED-4959,9.13
cross-encoder,PLAIN-2250,MED-4437,9.25
cross-encoder,PLAIN-2250,MED-4963,8.98
cross-encoder,PLAIN-2250,MED-957,9.38
cross-encoder,PLAIN-2250,MED-10,9.06
cross-encoder,PLAIN-2250,MED-4811,9.14
cross-encoder,PLAIN-2250,MED-14,9.07
cross-encoder,PLAIN-2250,MED-4360,8.75
cross-encoder,PLAIN-2250,MED-118,9.25
cross-encoder,PLAIN-2250,MED-1568,9.77
cross-encoder,PLAIN-2250,MED-301,9.22
cross-encoder,PLAIN-2261,MED-3599,9.2
cross-encoder,PLAIN-2261,MED-3352,9.08
cross-encoder,PLAIN-2261,MED-1558,8.99
cross-encoder,PLAIN-2261,MED-4556,9.15
cross-encoder,PLAIN-2261,MED-3597,9.07
cross-encoder,PLAIN-2261,MED-3598,9.14
cross-encoder,PLAIN-2261,MED-1552,9.32
cross-encoder,PLAIN-2261,MED-2850,10.59
cross-encoder,PLAIN-2261,MED-5286,9.28
cross-encoder,PLAIN-2261,MED-861,13.4
cross-encoder,PLAIN-2261,MED-1921,12.2
cross-encoder,PLAIN-2261,MED-1930,10.24
cross-encoder,PLAIN-2261,MED-5193,10.73
cross-encoder,PLAIN-2261,MED-1874,9.62
cross-encoder,PLAIN-2261,MED-2432,11.06
cross-encoder,PLAIN-2261,MED-4154,10.08
cross-encoder,PLAIN-2261,MED-5267,11.51
cross-encoder,PLAIN-2261,MED-4600,8.78
cross-encoder,PLAIN-2261,MED-1062,9.78
cross-encoder,PLAIN-2261,MED-5312,9.11
cross-encoder,PLAIN-2271,MED-727,8.99
cross-encoder,PLAIN-2271,MED-731,8.97
cross-encoder,PLAIN-2271,MED-761,9.23
cross-encoder,PLAIN-2271,MED-762,9.21
cross-encoder,PLAIN-2271,MED-749,9.01
cross-encoder,PLAIN-2271,MED-734,9.47
cross-encoder,PLAIN-2271,MED-10,9.39
cross-encoder,PLAIN-2271,MED-2743,8.98
cross-encoder,PLAIN-2271,MED-14,9.21
cross-encoder,PLAIN-2271,MED-2360,8.75
cross-encoder,PLAIN-2271,MED-118,9.09
cross-encoder,PLAIN-2271,MED-301,8.97
cross-encoder,PLAIN-2271,MED-3636,10.36
cross-encoder,PLAIN-2271,MED-1276,10.57
cross-encoder,PLAIN-2271,MED-306,11.84
cross-encoder,PLAIN-2271,MED-1016,9.23
cross-encoder,PLAIN-2271,MED-329,10.18
cross-encoder,PLAIN-2271,MED-330,12.47
cross-encoder,PLAIN-2271,MED-3623,12.31
cross-encoder,PLAIN-2271,MED-3288,11.57
cross-encoder,PLAIN-2281,MED-719,10.13
cross-encoder,PLAIN-2281,MED-724,12.44
cross-encoder,PLAIN-2281,MED-754,8.73
cross-encoder,PLAIN-2281,MED-10,9.85
cross-encoder,PLAIN-2281,MED-2274,11.12
cross-encoder,PLAIN-2281,MED-14,11.71
cross-encoder,PLAIN-2281,MED-4654,11.34
cross-encoder,PLAIN-2281,MED-118,12.29
cross-encoder,PLAIN-2281,MED-3370,11.58
cross-encoder,PLAIN-2281,MED-2206,11.36
cross-encoder,PLAIN-2281,MED-301,10.28
cross-encoder,PLAIN-2281,MED-306,9.78
cross-encoder,PLAIN-2281,MED-4972,10.04
cross-encoder,PLAIN-2281,MED-329,10.06
cross-encoder,PLAIN-2281,MED-4201,10.22
cross-encoder,PLAIN-2281,MED-2135,10.35
cross-encoder,PLAIN-2281,MED-330,10.07
cross-encoder,PLAIN-2281,MED-2323,9.83
cross-encoder,PLAIN-2281,MED-332,9.51
cross-encoder,PLAIN-2281,MED-334,10.88
cross-encoder,PLAIN-2291,MED-4554,9.43
cross-encoder,PLAIN-2291,MED-2285,10.65
cross-encoder,PLAIN-2291,MED-1600,9.66
cross-encoder,PLAIN-2291,MED-3085,9.57
cross-encoder,PLAIN-2291,MED-4493,9.88
cross-encoder,PLAIN-2291,MED-2185,10.03
cross-encoder,PLAIN-2291,MED-1650,9.09
cross-encoder,PLAIN-2291,MED-3738,9.22
cross-encoder,PLAIN-2291,MED-4523,9.47
cross-encoder,PLAIN-2291,MED-4144,9.1
cross-encoder,PLAIN-2291,MED-1693,9.29
cross-encoder,PLAIN-2291,MED-2572,9.29
cross-encoder,PLAIN-2291,MED-2726,9.17
cross-encoder,PLAIN-2291,MED-5063,8.02
cross-encoder,PLAIN-2291,MED-2991,9.0
cross-encoder,PLAIN-2291,MED-2206,9.39
cross-encoder,PLAIN-2291,MED-4878,9.18
cross-encoder,PLAIN-2291,MED-2020,9.49
cross-encoder,PLAIN-2291,MED-4149,8.86
cross-encoder,PLAIN-2291,MED-335,10.54
cross-encoder,PLAIN-2301,MED-2122,10.77
cross-encoder,PLAIN-2301,MED-4160,9.88
cross-encoder,PLAIN-2301,MED-3703,8.38
cross-encoder,PLAIN-2301,MED-4941,10.04
cross-encoder,PLAIN-2301,MED-2208,11.95
cross-encoder,PLAIN-2301,MED-557,10.92
cross-encoder,PLAIN-2301,MED-1546,11.7
cross-encoder,PLAIN-2301,MED-1586,10.68
cross-encoder,PLAIN-2301,MED-1721,10.06
cross-encoder,PLAIN-2301,MED-762,10.46
cross-encoder,PLAIN-2301,MED-1213,8.14
cross-encoder,PLAIN-2301,MED-3504,9.78
cross-encoder,PLAIN-2301,MED-1451,10.83
cross-encoder,PLAIN-2301,MED-3798,11.53
cross-encoder,PLAIN-2301,MED-716,10.86
cross-encoder,PLAIN-2301,MED-1542,11.04
cross-encoder,PLAIN-2301,MED-4157,11.37
cross-encoder,PLAIN-2301,MED-4598,10.69
cross-encoder,PLAIN-2301,MED-5186,10.48
cross-encoder,PLAIN-2301,MED-4486,10.46
cross-encoder,PLAIN-2311,MED-722,9.97
cross-encoder,PLAIN-2311,MED-744,11.06
cross-encoder,PLAIN-2311,MED-1016,10.31
cross-encoder,PLAIN-2311,MED-4801,10.56
cross-encoder,PLAIN-2311,MED-743,12.09
cross-encoder,PLAIN-2311,MED-1165,12.81
cross-encoder,PLAIN-2311,MED-4544,10.76
cross-encoder,PLAIN-2311,MED-1303,10.97
cross-encoder,PLAIN-2311,MED-1978,10.41
cross-encoder,PLAIN-2311,MED-10,10.36
cross-encoder,PLAIN-2311,MED-746,10.72
cross-encoder,PLAIN-2311,MED-14,10.54
cross-encoder,PLAIN-2311,MED-2116,10.67
cross-encoder,PLAIN-2311,MED-118,13.28
cross-encoder,PLAIN-2311,MED-941,12.89
cross-encoder,PLAIN-2311,MED-301,14.4
cross-encoder,PLAIN-2311,MED-3552,11.27
cross-encoder,PLAIN-2311,MED-306,12.29
cross-encoder,PLAIN-2311,MED-4300,6.85
cross-encoder,PLAIN-2311,MED-329,6.8
cross-encoder,PLAIN-2321,MED-2991,6.5
cross-encoder,PLAIN-2321,MED-4800,6.94
cross-encoder,PLAIN-2321,MED-2492,6.88
cross-encoder,PLAIN-2321,MED-1801,6.84
cross-encoder,PLAIN-2321,MED-3086,6.82
cross-encoder,PLAIN-2321,MED-1797,7.06
cross-encoder,PLAIN-2321,MED-2745,7.07
cross-encoder,PLAIN-2321,MED-4428,6.89
cross-encoder,PLAIN-2321,MED-1610,6.97
cross-encoder,PLAIN-2321,MED-2736,6.79
cross-encoder,PLAIN-2321,MED-4626,6.79
cross-encoder,PLAIN-2321,MED-4427,6.87
cross-encoder,PLAIN-2321,MED-3889,7.14
cross-encoder,PLAIN-2321,MED-3651,6.97
cross-encoder,PLAIN-2321,MED-4429,7.88
cross-encoder,PLAIN-2321,MED-1962,6.72
cross-encoder,PLAIN-2321,MED-5101,6.43
cross-encoder,PLAIN-2321,MED-1956,7.2
cross-encoder,PLAIN-2321,MED-4769,6.7
cross-encoder,PLAIN-2321,MED-3891,7.23
cross-encoder,PLAIN-2332,MED-4766,6.9
cross-encoder,PLAIN-2332,MED-1798,6.7
cross-encoder,PLAIN-2332,MED-3509,6.4
cross-encoder,PLAIN-2332,MED-5281,6.58
cross-encoder,PLAIN-2332,MED-4564,6.82
cross-encoder,PLAIN-2332,MED-4815,7.03
cross-encoder,PLAIN-2332,MED-3292,6.79
cross-encoder,PLAIN-2332,MED-3309,6.61
cross-encoder,PLAIN-2332,MED-4118,6.65
cross-encoder,PLAIN-2332,MED-1803,6.56
cross-encoder,PLAIN-2332,MED-1808,6.76
cross-encoder,PLAIN-2332,MED-4962,6.63
cross-encoder,PLAIN-2332,MED-3974,7.75
cross-encoder,PLAIN-2332,MED-3559,9.17
cross-encoder,PLAIN-2332,MED-3683,8.53
cross-encoder,PLAIN-2332,MED-3558,6.56
cross-encoder,PLAIN-2332,MED-4136,6.64
cross-encoder,PLAIN-2332,MED-3760,7.31
cross-encoder,PLAIN-2332,MED-1484,6.86
cross-encoder,PLAIN-2332,MED-3655,6.67
cross-encoder,PLAIN-2343,MED-4872,6.48
cross-encoder,PLAIN-2343,MED-5131,6.71
cross-encoder,PLAIN-2343,MED-4724,6.59
cross-encoder,PLAIN-2343,MED-3986,6.69
cross-encoder,PLAIN-2343,MED-922,6.91
cross-encoder,PLAIN-2343,MED-714,6.61
cross-encoder,PLAIN-2343,MED-3988,7.04
cross-encoder,PLAIN-2343,MED-716,6.82
cross-encoder,PLAIN-2343,MED-859,6.9
cross-encoder,PLAIN-2343,MED-3157,6.51
cross-encoder,PLAIN-2343,MED-4573,6.86
cross-encoder,PLAIN-2343,MED-5209,6.35
cross-encoder,PLAIN-2343,MED-4566,6.66
cross-encoder,PLAIN-2343,MED-3985,6.37
cross-encoder,PLAIN-2343,MED-3990,6.74
cross-encoder,PLAIN-2343,MED-5129,6.83
cross-encoder,PLAIN-2343,MED-921,6.65
cross-encoder,PLAIN-2343,MED-5216,6.63
cross-encoder,PLAIN-2343,MED-4866,6.83
cross-encoder,PLAIN-2343,MED-962,6.64
cross-encoder,PLAIN-2354,MED-4303,6.87
cross-encoder,PLAIN-2354,MED-2152,6.77
cross-encoder,PLAIN-2354,MED-4302,6.78
cross-encoder,PLAIN-2354,MED-5153,6.64
cross-encoder,PLAIN-2354,MED-4705,6.68
cross-encoder,PLAIN-2354,MED-4708,6.57
cross-encoder,PLAIN-2354,MED-2379,6.68
cross-encoder,PLAIN-2354,MED-2378,6.58
cross-encoder,PLAIN-2354,MED-4249,6.96
cross-encoder,PLAIN-2354,MED-4709,6.95
cross-encoder,PLAIN-2354,MED-1499,6.59
cross-encoder,PLAIN-2354,MED-1386,6.53
cross-encoder,PLAIN-2354,MED-2711,6.84
cross-encoder,PLAIN-2354,MED-1785,6.63
cross-encoder,PLAIN-2354,MED-3662,6.61
cross-encoder,PLAIN-2354,MED-1443,6.96
cross-encoder,PLAIN-2354,MED-1390,6.83
cross-encoder,PLAIN-2354,MED-2597,6.62
cross-encoder,PLAIN-2354,MED-5016,6.66
cross-encoder,PLAIN-2354,MED-4443,6.66
cross-encoder,PLAIN-2364,MED-5004,6.65
cross-encoder,PLAIN-2364,MED-4261,6.59
cross-encoder,PLAIN-2364,MED-2721,6.84
cross-encoder,PLAIN-2364,MED-4707,7.07
cross-encoder,PLAIN-2364,MED-1807,6.79
cross-encoder,PLAIN-2364,MED-4152,6.58
cross-encoder,PLAIN-2364,MED-4764,6.6
cross-encoder,PLAIN-2364,MED-4291,6.61
cross-encoder,PLAIN-2364,MED-1365,6.61
cross-encoder,PLAIN-2364,MED-939,6.76
cross-encoder,PLAIN-2364,MED-2717,6.67
cross-encoder,PLAIN-2364,MED-2718,8.44
cross-encoder,PLAIN-2364,MED-1305,6.66
cross-encoder,PLAIN-2364,MED-3751,6.66
cross-encoder,PLAIN-2364,MED-5323,6.78
cross-encoder,PLAIN-2364,MED-1873,6.59
cross-encoder,PLAIN-2364,MED-4286,6.65
cross-encoder,PLAIN-2364,MED-3050,6.77
cross-encoder,PLAIN-2364,MED-3492,6.67
cross-encoder,PLAIN-2364,MED-1445,6.61
cross-encoder,PLAIN-2375,MED-743,6.6
cross-encoder,PLAIN-2375,MED-10,6.61
cross-encoder,PLAIN-2375,MED-862,6.67
cross-encoder,PLAIN-2375,MED-14,6.58
cross-encoder,PLAIN-2375,MED-2572,6.81
cross-encoder,PLAIN-2375,MED-118,7.41
cross-encoder,PLAIN-2375,MED-5130,6.34
cross-encoder,PLAIN-2375,MED-301,6.67
cross-encoder,PLAIN-2375,MED-3153,6.64
cross-encoder,PLAIN-2375,MED-2999,6.02
cross-encoder,PLAIN-2375,MED-306,6.67
cross-encoder,PLAIN-2375,MED-1047,6.65
cross-encoder,PLAIN-2375,MED-329,6.63
cross-encoder,PLAIN-2375,MED-330,6.57
cross-encoder,PLAIN-2375,MED-976,6.26
cross-encoder,PLAIN-2375,MED-2093,6.68
cross-encoder,PLAIN-2375,MED-332,6.53
cross-encoder,PLAIN-2375,MED-334,6.64
cross-encoder,PLAIN-2375,MED-3601,6.58
cross-encoder,PLAIN-2375,MED-2094,8.15
cross-encoder,PLAIN-2386,MED-2346,6.97
cross-encoder,PLAIN-2386,MED-2510,6.57
cross-encoder,PLAIN-2386,MED-731,6.49
cross-encoder,PLAIN-2386,MED-5094,6.31
cross-encoder,PLAIN-2386,MED-1724,7.14
cross-encoder,PLAIN-2386,MED-4963,6.64
cross-encoder,PLAIN-2386,MED-10,7.12
cross-encoder,PLAIN-2386,MED-3175,6.91
cross-encoder,PLAIN-2386,MED-14,6.65
cross-encoder,PLAIN-2386,MED-4198,6.71
cross-encoder,PLAIN-2386,MED-118,6.85
cross-encoder,PLAIN-2386,MED-4742,6.78
cross-encoder,PLAIN-2386,MED-301,6.81
cross-encoder,PLAIN-2386,MED-4812,6.8
cross-encoder,PLAIN-2386,MED-2345,6.73
cross-encoder,PLAIN-2386,MED-306,6.71
cross-encoder,PLAIN-2386,MED-329,6.59
cross-encoder,PLAIN-2386,MED-330,6.78
cross-encoder,PLAIN-2386,MED-332,10.28
cross-encoder,PLAIN-2386,MED-4959,11.06
cross-encoder,PLAIN-2396,MED-761,12.12
cross-encoder,PLAIN-2396,MED-762,9.06
cross-encoder,PLAIN-2396,MED-749,6.94
cross-encoder,PLAIN-2396,MED-727,6.58
cross-encoder,PLAIN-2396,MED-10,7.02
cross-encoder,PLAIN-2396,MED-743,6.73
cross-encoder,PLAIN-2396,MED-14,6.83
cross-encoder,PLAIN-2396,MED-1544,6.97
cross-encoder,PLAIN-2396,MED-118,6.66
cross-encoder,PLAIN-2396,MED-1351,6.49
cross-encoder,PLAIN-2396,MED-301,6.63
cross-encoder,PLAIN-2396,MED-3604,6.59
cross-encoder,PLAIN-2396,MED-306,6.6
cross-encoder,PLAIN-2396,MED-5343,6.64
cross-encoder,PLAIN-2396,MED-329,6.83
cross-encoder,PLAIN-2396,MED-4674,7.03
cross-encoder,PLAIN-2396,MED-846,7.66
cross-encoder,PLAIN-2396,MED-330,6.72
cross-encoder,PLAIN-2396,MED-4599,6.74
cross-encoder,PLAIN-2396,MED-3001,6.85
cross-encoder,PLAIN-2408,MED-691,6.86
cross-encoder,PLAIN-2408,MED-702,7.09
cross-encoder,PLAIN-2408,MED-743,6.88
cross-encoder,PLAIN-2408,MED-10,6.57
cross-encoder,PLAIN-2408,MED-3540,6.64
cross-encoder,PLAIN-2408,MED-1353,6.6
cross-encoder,PLAIN-2408,MED-14,6.59
cross-encoder,PLAIN-2408,MED-118,6.79
cross-encoder,PLAIN-2408,MED-1577,7.02
cross-encoder,PLAIN-2408,MED-1345,6.31
cross-encoder,PLAIN-2408,MED-301,6.6
cross-encoder,PLAIN-2408,MED-1344,6.6
cross-encoder,PLAIN-2408,MED-306,6.87
cross-encoder,PLAIN-2408,MED-329,7.1
cross-encoder,PLAIN-2408,MED-1010,6.71
cross-encoder,PLAIN-2408,MED-330,6.61
cross-encoder,PLAIN-2408,MED-332,6.74
cross-encoder,PLAIN-2408,MED-4987,6.56
cross-encoder,PLAIN-2408,MED-1347,6.58
cross-encoder,PLAIN-2408,MED-334,6.63
cross-encoder,PLAIN-2430,MED-994,6.75
cross-encoder,PLAIN-2430,MED-980,6.89
cross-encoder,PLAIN-2430,MED-986,6.69
cross-encoder,PLAIN-2430,MED-1505,6.61
cross-encoder,PLAIN-2430,MED-3452,6.58
cross-encoder,PLAIN-2430,MED-2664,6.6
cross-encoder,PLAIN-2430,MED-4872,6.57
cross-encoder,PLAIN-2430,MED-990,6.62
cross-encoder,PLAIN-2430,MED-5128,6.61
cross-encoder,PLAIN-2430,MED-988,6.95
cross-encoder,PLAIN-2430,MED-3785,7.74
cross-encoder,PLAIN-2430,MED-5135,7.35
cross-encoder,PLAIN-2430,MED-951,6.6
cross-encoder,PLAIN-2430,MED-3173,6.61
cross-encoder,PLAIN-2430,MED-2888,6.8
cross-encoder,PLAIN-2430,MED-2946,6.82
cross-encoder,PLAIN-2430,MED-5131,6.9
cross-encoder,PLAIN-2430,MED-5071,6.67
cross-encoder,PLAIN-2430,MED-4926,6.59
cross-encoder,PLAIN-2430,MED-3617,6.59
cross-encoder,PLAIN-2440,MED-1792,6.75
cross-encoder,PLAIN-2440,MED-5019,6.93
cross-encoder,PLAIN-2440,MED-5082,6.68
cross-encoder,PLAIN-2440,MED-3908,6.63
cross-encoder,PLAIN-2440,MED-4590,6.64
cross-encoder,PLAIN-2440,MED-4089,6.74
cross-encoder,PLAIN-2440,MED-4580,6.62
cross-encoder,PLAIN-2440,MED-4267,6.73
cross-encoder,PLAIN-2440,MED-4862,6.69
cross-encoder,PLAIN-2440,MED-2448,6.49
cross-encoder,PLAIN-2440,MED-4414,7.0
cross-encoder,PLAIN-2440,MED-2997,7.07
cross-encoder,PLAIN-2440,MED-4136,7.04
cross-encoder,PLAIN-2440,MED-2491,6.79
cross-encoder,PLAIN-2440,MED-1053,6.62
cross-encoder,PLAIN-2440,MED-2476,6.63
cross-encoder,PLAIN-2440,MED-5041,6.61
cross-encoder,PLAIN-2440,MED-2305,6.57
cross-encoder,PLAIN-2440,MED-2999,6.67
cross-encoder,PLAIN-2440,MED-2450,6.92
cross-encoder,PLAIN-2450,MED-1179,6.68
cross-encoder,PLAIN-2450,MED-1178,6.58
cross-encoder,PLAIN-2450,MED-1140,6.62
cross-encoder,PLAIN-2450,MED-1144,6.57
cross-encoder,PLAIN-2450,MED-1151,6.58
cross-encoder,PLAIN-2450,MED-1181,6.96
cross-encoder,PLAIN-2450,MED-1173,6.74
cross-encoder,PLAIN-2450,MED-1162,6.86
cross-encoder,PLAIN-2450,MED-1149,6.77
cross-encoder,PLAIN-2450,MED-1150,6.62
cross-encoder,PLAIN-2450,MED-1182,6.67
cross-encoder,PLAIN-2450,MED-1148,6.68
cross-encoder,PLAIN-2450,MED-1143,6.76
cross-encoder,PLAIN-2450,MED-1169,7.13
cross-encoder,PLAIN-2450,MED-2407,6.77
cross-encoder,PLAIN-2450,MED-1164,7.03
cross-encoder,PLAIN-2450,MED-1174,6.95
cross-encoder,PLAIN-2450,MED-2738,7.0
cross-encoder,PLAIN-2450,MED-1743,6.75
cross-encoder,PLAIN-2450,MED-2494,6.94
cross-encoder,PLAIN-2460,MED-1062,6.78
cross-encoder,PLAIN-2460,MED-1063,6.71
cross-encoder,PLAIN-2460,MED-5228,6.87
cross-encoder,PLAIN-2460,MED-1236,6.8
cross-encoder,PLAIN-2460,MED-1468,6.84
cross-encoder,PLAIN-2460,MED-1681,6.75
cross-encoder,PLAIN-2460,MED-4333,8.7
cross-encoder,PLAIN-2460,MED-1672,10.0
cross-encoder,PLAIN-2460,MED-5286,7.53
cross-encoder,PLAIN-2460,MED-1237,6.59
cross-encoder,PLAIN-2460,MED-2396,6.62
cross-encoder,PLAIN-2460,MED-4985,6.89
cross-encoder,PLAIN-2460,MED-1999,6.66
cross-encoder,PLAIN-2460,MED-4984,7.05
cross-encoder,PLAIN-2460,MED-5261,7.05
cross-encoder,PLAIN-2460,MED-4101,6.73
cross-encoder,PLAIN-2460,MED-1323,6.82
cross-encoder,PLAIN-2460,MED-4292,6.68
cross-encoder,PLAIN-2460,MED-2002,6.68
cross-encoder,PLAIN-2460,MED-1541,6.83
cross-encoder,PLAIN-2470,MED-1337,7.66
cross-encoder,PLAIN-2470,MED-2917,7.44
cross-encoder,PLAIN-2470,MED-4682,6.84
cross-encoder,PLAIN-2470,MED-1768,9.46
cross-encoder,PLAIN-2470,MED-2772,7.1
cross-encoder,PLAIN-2470,MED-4751,6.85
cross-encoder,PLAIN-2470,MED-5189,7.12
cross-encoder,PLAIN-2470,MED-1338,6.78
cross-encoder,PLAIN-2470,MED-2771,6.89
cross-encoder,PLAIN-2470,MED-4897,6.67
cross-encoder,PLAIN-2470,MED-1340,6.62
cross-encoder,PLAIN-2470,MED-1229,6.74
cross-encoder,PLAIN-2470,MED-2123,6.62
cross-encoder,PLAIN-2470,MED-1223,6.7
cross-encoder,PLAIN-2470,MED-904,6.86
cross-encoder,PLAIN-2470,MED-4899,6.86
cross-encoder,PLAIN-2470,MED-2136,6.8
cross-encoder,PLAIN-2470,MED-4902,6.91
cross-encoder,PLAIN-2470,MED-1224,6.76
cross-encoder,PLAIN-2470,MED-2653,6.69
cross-encoder,PLAIN-2480,MED-3964,6.61
cross-encoder,PLAIN-2480,MED-1187,6.72
cross-encoder,PLAIN-2480,MED-2811,6.64
cross-encoder,PLAIN-2480,MED-2782,10.49
cross-encoder,PLAIN-2480,MED-1582,10.82
cross-encoder,PLAIN-2480,MED-1576,10.73
cross-encoder,PLAIN-2480,MED-4628,7.22
cross-encoder,PLAIN-2480,MED-1184,7.31
cross-encoder,PLAIN-2480,MED-3496,8.42
cross-encoder,PLAIN-2480,MED-3970,6.88
cross-encoder,PLAIN-2480,MED-1039,6.58
cross-encoder,PLAIN-2480,MED-1421,6.74
cross-encoder,PLAIN-2480,MED-5204,6.71
cross-encoder,PLAIN-2480,MED-2021,7.04
cross-encoder,PLAIN-2480,MED-3501,6.96
cross-encoder,PLAIN-2480,MED-736,7.1
cross-encoder,PLAIN-2480,MED-3106,7.32
cross-encoder,PLAIN-2480,MED-1118,7.6
cross-encoder,PLAIN-2480,MED-3961,6.67
cross-encoder,PLAIN-2480,MED-4084,6.7
cross-encoder,PLAIN-2490,MED-3055,6.79
cross-encoder,PLAIN-2490,MED-3249,6.41
cross-encoder,PLAIN-2490,MED-2717,6.82
cross-encoder,PLAIN-2490,MED-3931,6.77
cross-encoder,PLAIN-2490,MED-2529,6.72
cross-encoder,PLAIN-2490,MED-2527,6.74
cross-encoder,PLAIN-2490,MED-1617,6.62
cross-encoder,PLAIN-2490,MED-1490,6.63
cross-encoder,PLAIN-2490,MED-2112,6.47
cross-encoder,PLAIN-2490,MED-1374,6.84
cross-encoder,PLAIN-2490,MED-1488,6.65
cross-encoder,PLAIN-2490,MED-1354,6.82
cross-encoder,PLAIN-2490,MED-1709,6.67
cross-encoder,PLAIN-2490,MED-2586,6.93
cross-encoder,PLAIN-2490,MED-3089,7.12
cross-encoder,PLAIN-2490,MED-1486,7.74
cross-encoder,PLAIN-2490,MED-2594,6.82
cross-encoder,PLAIN-2490,MED-5287,7.03
cross-encoder,PLAIN-2490,MED-1192,6.78
cross-encoder,PLAIN-2490,MED-4301,6.62
cross-encoder,PLAIN-2500,MED-1556,6.85
cross-encoder,PLAIN-2500,MED-1366,6.58
cross-encoder,PLAIN-2500,MED-1558,6.65
cross-encoder,PLAIN-2500,MED-1454,6.65
cross-encoder,PLAIN-2500,MED-1063,6.66
cross-encoder,PLAIN-2500,MED-4556,6.65
cross-encoder,PLAIN-2500,MED-5267,6.65
cross-encoder,PLAIN-2500,MED-1873,6.64
cross-encoder,PLAIN-2500,MED-3198,6.65
cross-encoder,PLAIN-2500,MED-1557,6.96
cross-encoder,PLAIN-2500,MED-1072,6.66
cross-encoder,PLAIN-2500,MED-4005,6.85
cross-encoder,PLAIN-2500,MED-1238,6.6
cross-encoder,PLAIN-2500,MED-1801,6.77
cross-encoder,PLAIN-2500,MED-3791,6.61
cross-encoder,PLAIN-2500,MED-5013,6.76
cross-encoder,PLAIN-2500,MED-4709,6.72
cross-encoder,PLAIN-2500,MED-5272,6.78
cross-encoder,PLAIN-2500,MED-2765,6.59
cross-encoder,PLAIN-2500,MED-1554,6.65
cross-encoder,PLAIN-2510,MED-1640,6.69
cross-encoder,PLAIN-2510,MED-878,6.78
cross-encoder,PLAIN-2510,MED-1648,6.67
cross-encoder,PLAIN-2510,MED-1642,7.07
cross-encoder,PLAIN-2510,MED-1649,7.08
cross-encoder,PLAIN-2510,MED-1639,7.65
cross-encoder,PLAIN-2510,MED-1638,7.23
cross-encoder,PLAIN-2510,MED-1645,7.17
cross-encoder,PLAIN-2510,MED-2155,7.43
cross-encoder,PLAIN-2510,MED-5244,7.19
cross-encoder,PLAIN-2510,MED-5249,6.96
cross-encoder,PLAIN-2510,MED-1647,6.9
cross-encoder,PLAIN-2510,MED-1641,6.66
cross-encoder,PLAIN-2510,MED-5013,6.64
cross-encoder,PLAIN-2510,MED-1636,6.83
cross-encoder,PLAIN-2510,MED-5259,6.7
cross-encoder,PLAIN-2510,MED-1621,7.15
cross-encoder,PLAIN-2510,MED-1643,6.65
cross-encoder,PLAIN-2510,MED-5256,7.03
cross-encoder,PLAIN-2510,MED-5279,6.99
cross-encoder,PLAIN-2520,MED-3273,6.71
cross-encoder,PLAIN-2520,MED-2519,6.6
cross-encoder,PLAIN-2520,MED-1991,6.61
cross-encoder,PLAIN-2520,MED-4831,6.64
cross-encoder,PLAIN-2520,MED-3201,6.72
cross-encoder,PLAIN-2520,MED-4389,6.9
cross-encoder,PLAIN-2520,MED-2506,6.89
cross-encoder,PLAIN-2520,MED-5113,6.82
cross-encoder,PLAIN-2520,MED-2325,7.57
cross-encoder,PLAIN-2520,MED-2513,9.01
cross-encoder,PLAIN-2520,MED-4515,7.8
cross-encoder,PLAIN-2520,MED-2138,7.21
cross-encoder,PLAIN-2520,MED-4984,7.06
cross-encoder,PLAIN-2520,MED-4996,7.4
cross-encoder,PLAIN-2520,MED-1445,6.84
cross-encoder,PLAIN-2520,MED-1319,6.76
cross-encoder,PLAIN-2520,MED-825,6.98
cross-encoder,PLAIN-2520,MED-1450,7.19
cross-encoder,PLAIN-2520,MED-4255,6.99
cross-encoder,PLAIN-2520,MED-2510,6.95
cross-encoder,PLAIN-2530,MED-1804,6.91
cross-encoder,PLAIN-2530,MED-1798,7.0
cross-encoder,PLAIN-2530,MED-1808,6.84
cross-encoder,PLAIN-2530,MED-1803,6.75
cross-encoder,PLAIN-2530,MED-1800,6.72
cross-encoder,PLAIN-2530,MED-1796,7.21
cross-encoder,PLAIN-2530,MED-1799,7.0
cross-encoder,PLAIN-2530,MED-4766,6.89
cross-encoder,PLAIN-2530,MED-4768,6.72
cross-encoder,PLAIN-2530,MED-4769,6.61
cross-encoder,PLAIN-2530,MED-4767,6.82
cross-encoder,PLAIN-2530,MED-1810,7.05
cross-encoder,PLAIN-2530,MED-1806,6.75
cross-encoder,PLAIN-2530,MED-1997,7.0
cross-encoder,PLAIN-2530,MED-1328,6.8
cross-encoder,PLAIN-2530,MED-2716,6.85
cross-encoder,PLAIN-2530,MED-1994,6.71
cross-encoder,PLAIN-2530,MED-1718,6.8
cross-encoder,PLAIN-2530,MED-1446,6.88
cross-encoder,PLAIN-2530,MED-3956,6.78
cross-encoder,PLAIN-2540,MED-1884,7.82
cross-encoder,PLAIN-2540,MED-2525,8.49
cross-encoder,PLAIN-2540,MED-1886,7.39
cross-encoder,PLAIN-2540,MED-3198,6.81
cross-encoder,PLAIN-2540,MED-1890,6.77
cross-encoder,PLAIN-2540,MED-1885,6.82
cross-encoder,PLAIN-2540,MED-1966,7.13
cross-encoder,PLAIN-2540,MED-4560,7.2
cross-encoder,PLAIN-2540,MED-4831,6.87
cross-encoder,PLAIN-2540,MED-1882,6.93
cross-encoder,PLAIN-2540,MED-2020,6.84
cross-encoder,PLAIN-2540,MED-1968,7.36
cross-encoder,PLAIN-2540,MED-1552,6.92
cross-encoder,PLAIN-2540,MED-927,7.04
cross-encoder,PLAIN-2540,MED-5329,6.67
cross-encoder,PLAIN-2540,MED-1205,6.93
cross-encoder,PLAIN-2540,MED-2372,6.66
cross-encoder,PLAIN-2540,MED-4510,6.64
cross-encoder,PLAIN-2540,MED-4827,6.71
cross-encoder,PLAIN-2540,MED-5294,6.76
cross-encoder,PLAIN-2550,MED-5331,6.74
cross-encoder,PLAIN-2550,MED-4613,6.79
cross-encoder,PLAIN-2550,MED-1679,6.62
cross-encoder,PLAIN-2550,MED-4255,6.65
cross-encoder,PLAIN-2550,MED-1548,6.85
cross-encoder,PLAIN-2550,MED-1398,6.65
cross-encoder,PLAIN-2550,MED-2525,6.78
cross-encoder,PLAIN-2550,MED-4891,10.37
cross-encoder,PLAIN-2550,MED-728,10.61
cross-encoder,PLAIN-2550,MED-1429,11.36
cross-encoder,PLAIN-2550,MED-2590,6.88
cross-encoder,PLAIN-2550,MED-1394,6.62
cross-encoder,PLAIN-2550,MED-2303,6.43
cross-encoder,PLAIN-2550,MED-4243,6.83
cross-encoder,PLAIN-2550,MED-1486,6.9
cross-encoder,PLAIN-2550,MED-2755,7.41
cross-encoder,PLAIN-2550,MED-1366,6.9
cross-encoder,PLAIN-2550,MED-1192,7.8
cross-encoder,PLAIN-2550,MED-1409,6.83
cross-encoder,PLAIN-2550,MED-2763,6.39
cross-encoder,PLAIN-2560,MED-2057,7.33
cross-encoder,PLAIN-2560,MED-2055,6.92
cross-encoder,PLAIN-2560,MED-2053,6.91
cross-encoder,PLAIN-2560,MED-2060,7.19
cross-encoder,PLAIN-2560,MED-2061,6.95
cross-encoder,PLAIN-2560,MED-2059,6.75
cross-encoder,PLAIN-2560,MED-1223,6.83
cross-encoder,PLAIN-2560,MED-2058,6.84
cross-encoder,PLAIN-2560,MED-900,6.96
cross-encoder,PLAIN-2560,MED-2062,6.91
cross-encoder,PLAIN-2560,MED-2054,6.75
cross-encoder,PLAIN-2560,MED-5005,7.02
cross-encoder,PLAIN-2560,MED-4753,6.78
cross-encoder,PLAIN-2560,MED-2063,6.81
cross-encoder,PLAIN-2560,MED-901,9.24
cross-encoder,PLAIN-2560,MED-899,10.01
cross-encoder,PLAIN-2560,MED-1226,7.64
cross-encoder,PLAIN-2560,MED-4682,6.95
cross-encoder,PLAIN-2560,MED-5194,7.41
cross-encoder,PLAIN-2560,MED-2056,6.87
cross-encoder,PLAIN-2570,MED-2148,6.97
cross-encoder,PLAIN-2570,MED-2145,7.12
cross-encoder,PLAIN-2570,MED-3583,6.85
cross-encoder,PLAIN-2570,MED-3733,6.94
cross-encoder,PLAIN-2570,MED-5054,6.71
cross-encoder,PLAIN-2570,MED-3897,6.76
cross-encoder,PLAIN-2570,MED-3907,6.74
cross-encoder,PLAIN-2570,MED-2144,6.57
cross-encoder,PLAIN-2570,MED-3869,7.18
cross-encoder,PLAIN-2570,MED-867,7.04
cross-encoder,PLAIN-2570,MED-1248,6.85
cross-encoder,PLAIN-2570,MED-1403,6.83
cross-encoder,PLAIN-2570,MED-1999,6.68
cross-encoder,PLAIN-2570,MED-2005,6.77
cross-encoder,PLAIN-2570,MED-2009,6.88
cross-encoder,PLAIN-2570,MED-1998,6.82
cross-encoder,PLAIN-2570,MED-4320,6.85
cross-encoder,PLAIN-2570,MED-1615,6.83
cross-encoder,PLAIN-2570,MED-2146,6.94
cross-encoder,PLAIN-2570,MED-2742,6.71
cross-encoder,PLAIN-2580,MED-2220,6.76
cross-encoder,PLAIN-2580,MED-2725,6.75
cross-encoder,PLAIN-2580,MED-3487,6.73
cross-encoder,PLAIN-2580,MED-4599,6.78
cross-encoder,PLAIN-2580,MED-4674,6.97
cross-encoder,PLAIN-2580,MED-2112,6.47
cross-encoder,PLAIN-2580,MED-1351,6.71
cross-encoder,PLAIN-2580,MED-749,6.74
cross-encoder,PLAIN-2580,MED-728,6.76
cross-encoder,PLAIN-2580,MED-1489,7.33
cross-encoder,PLAIN-2580,MED-3896,6.8
cross-encoder,PLAIN-2580,MED-1058,6.57
cross-encoder,PLAIN-2580,MED-2201,6.68
cross-encoder,PLAIN-2580,MED-714,6.68
cross-encoder,PLAIN-2580,MED-823,7.14
cross-encoder,PLAIN-2580,MED-5123,6.67
cross-encoder,PLAIN-2580,MED-2295,7.0
cross-encoder,PLAIN-2580,MED-1553,6.61
cross-encoder,PLAIN-2580,MED-3769,7.09
cross-encoder,PLAIN-2580,MED-1055,7.5
cross-encoder,PLAIN-2590,MED-4163,6.94
cross-encoder,PLAIN-2590,MED-2294,6.67
cross-encoder,PLAIN-2590,MED-934,6.46
cross-encoder,PLAIN-2590,MED-1540,6.69
cross-encoder,PLAIN-2590,MED-5340,6.53
cross-encoder,PLAIN-2590,MED-2939,6.84
cross-encoder,PLAIN-2590,MED-3148,6.81
cross-encoder,PLAIN-2590,MED-4313,6.61
cross-encoder,PLAIN-2590,MED-1723,6.75
cross-encoder,PLAIN-2590,MED-5325,6.83
cross-encoder,PLAIN-2590,MED-1430,6.83
cross-encoder,PLAIN-2590,MED-1613,6.73
cross-encoder,PLAIN-2590,MED-5226,6.8
cross-encoder,PLAIN-2590,MED-1135,6.87
cross-encoder,PLAIN-2590,MED-3236,6.76
cross-encoder,PLAIN-2590,MED-1551,6.64
cross-encoder,PLAIN-2590,MED-5204,6.61
cross-encoder,PLAIN-2590,MED-4988,6.81
cross-encoder,PLAIN-2590,MED-4990,6.68
cross-encoder,PLAIN-2590,MED-4757,6.79
cross-encoder,PLAIN-2600,MED-2371,6.68
cross-encoder,PLAIN-2600,MED-4324,6.61
cross-encoder,PLAIN-2600,MED-963,6.61
cross-encoder,PLAIN-2600,MED-1889,6.7
cross-encoder,PLAIN-2600,MED-2372,6.62
cross-encoder,PLAIN-2600,MED-2939,7.02
cross-encoder,PLAIN-2600,MED-2697,7.32
cross-encoder,PLAIN-2600,MED-5330,7.19
cross-encoder,PLAIN-2600,MED-4520,6.69
cross-encoder,PLAIN-2600,MED-1890,6.71
cross-encoder,PLAIN-2600,MED-5266,6.79
cross-encoder,PLAIN-2600,MED-2975,7.71
cross-encoder,PLAIN-2600,MED-2946,7.22
cross-encoder,PLAIN-2600,MED-1516,7.39
cross-encoder,PLAIN-2600,MED-2976,7.26
cross-encoder,PLAIN-2600,MED-2849,7.63
cross-encoder,PLAIN-2600,MED-2884,7.17
cross-encoder,PLAIN-2600,MED-5013,7.35
cross-encoder,PLAIN-2600,MED-2967,7.17
cross-encoder,PLAIN-2600,MED-1683,7.25
cross-encoder,PLAIN-2610,MED-5072,8.84
cross-encoder,PLAIN-2610,MED-2655,6.98
cross-encoder,PLAIN-2610,MED-2452,6.93
cross-encoder,PLAIN-2610,MED-2460,6.69
cross-encoder,PLAIN-2610,MED-2472,6.7
cross-encoder,PLAIN-2610,MED-2458,6.78
cross-encoder,PLAIN-2610,MED-2464,6.78
cross-encoder,PLAIN-2610,MED-2471,6.82
cross-encoder,PLAIN-2610,MED-2951,6.72
cross-encoder,PLAIN-2610,MED-4689,6.73
cross-encoder,PLAIN-2610,MED-2482,6.83
cross-encoder,PLAIN-2610,MED-2484,6.54
cross-encoder,PLAIN-2610,MED-5083,6.7
cross-encoder,PLAIN-2610,MED-2455,6.98
cross-encoder,PLAIN-2610,MED-3708,6.57
cross-encoder,PLAIN-2610,MED-1833,6.94
cross-encoder,PLAIN-2610,MED-2461,6.64
cross-encoder,PLAIN-2610,MED-2646,6.69
cross-encoder,PLAIN-2610,MED-895,6.7
cross-encoder,PLAIN-2610,MED-2450,7.1
cross-encoder,PLAIN-2620,MED-2435,9.5
cross-encoder,PLAIN-2620,MED-3551,8.81
cross-encoder,PLAIN-2620,MED-3747,6.8
cross-encoder,PLAIN-2620,MED-865,6.66
cross-encoder,PLAIN-2620,MED-4650,7.1
cross-encoder,PLAIN-2620,MED-2988,6.85
cross-encoder,PLAIN-2620,MED-4543,7.08
cross-encoder,PLAIN-2620,MED-868,6.58
cross-encoder,PLAIN-2620,MED-1180,6.56
cross-encoder,PLAIN-2620,MED-3832,6.86
cross-encoder,PLAIN-2620,MED-3550,9.3
cross-encoder,PLAIN-2620,MED-4460,10.5
cross-encoder,PLAIN-2620,MED-4089,11.83
cross-encoder,PLAIN-2620,MED-4196,7.54
cross-encoder,PLAIN-2620,MED-2824,7.7
cross-encoder,PLAIN-2620,MED-4461,7.26
cross-encoder,PLAIN-2620,MED-4907,7.53
cross-encoder,PLAIN-2620,MED-3548,6.73
cross-encoder,PLAIN-2620,MED-4328,6.54
cross-encoder,PLAIN-2620,MED-3271,6.72
cross-encoder,PLAIN-2630,MED-2643,6.77
cross-encoder,PLAIN-2630,MED-2650,6.68
cross-encoder,PLAIN-2630,MED-5323,6.85
cross-encoder,PLAIN-2630,MED-1099,6.41
cross-encoder,PLAIN-2630,MED-3703,6.55
cross-encoder,PLAIN-2630,MED-2644,6.74
cross-encoder,PLAIN-2630,MED-2658,6.99
cross-encoder,PLAIN-2630,MED-2087,7.2
cross-encoder,PLAIN-2630,MED-2652,6.82
cross-encoder,PLAIN-2630,MED-2627,6.76
cross-encoder,PLAIN-2630,MED-2654,6.99
cross-encoder,PLAIN-2630,MED-5167,7.0
cross-encoder,PLAIN-2630,MED-2445,6.87
cross-encoder,PLAIN-2630,MED-1100,6.82
cross-encoder,PLAIN-2630,MED-2340,6.97
cross-encoder,PLAIN-2630,MED-2341,7.42
cross-encoder,PLAIN-2630,MED-4728,8.63
cross-encoder,PLAIN-2630,MED-2661,6.87
cross-encoder,PLAIN-2630,MED-1763,7.01
cross-encoder,PLAIN-2630,MED-3955,7.03
cross-encoder,PLAIN-2640,MED-2745,6.9
cross-encoder,PLAIN-2640,MED-2743,6.76
cross-encoder,PLAIN-2640,MED-4354,6.79
cross-encoder,PLAIN-2640,MED-3882,6.74
cross-encoder,PLAIN-2640,MED-3880,6.71
cross-encoder,PLAIN-2640,MED-4429,6.95
cross-encoder,PLAIN-2640,MED-3892,6.67
cross-encoder,PLAIN-2640,MED-2671,6.93
cross-encoder,PLAIN-2640,MED-2741,6.94
cross-encoder,PLAIN-2640,MED-4800,7.02
cross-encoder,PLAIN-2640,MED-3651,6.56
cross-encoder,PLAIN-2640,MED-2742,6.79
cross-encoder,PLAIN-2640,MED-3891,7.19
cross-encoder,PLAIN-2640,MED-2339,6.78
cross-encoder,PLAIN-2640,MED-3889,6.73
cross-encoder,PLAIN-2640,MED-3888,6.69
cross-encoder,PLAIN-2640,MED-3653,6.72
cross-encoder,PLAIN-2640,MED-2991,6.53
cross-encoder,PLAIN-2640,MED-2740,6.66
cross-encoder,PLAIN-2640,MED-2492,6.67
cross-encoder,PLAIN-2650,MED-2800,6.7
cross-encoder,PLAIN-2650,MED-2825,6.92
cross-encoder,PLAIN-2650,MED-2819,6.79
cross-encoder,PLAIN-2650,MED-2788,6.71
cross-encoder,PLAIN-2650,MED-2817,6.91
cross-encoder,PLAIN-2650,MED-2831,6.72
cross-encoder,PLAIN-2650,MED-2801,6.74
cross-encoder,PLAIN-2650,MED-2783,6.78
cross-encoder,PLAIN-2650,MED-2794,7.06
cross-encoder,PLAIN-2650,MED-2243,7.71
cross-encoder,PLAIN-2650,MED-2810,6.85
cross-encoder,PLAIN-2650,MED-2813,6.93
cross-encoder,PLAIN-2650,MED-2811,6.74
cross-encoder,PLAIN-2650,MED-2807,7.0
cross-encoder,PLAIN-2650,MED-2815,6.67
cross-encoder,PLAIN-2650,MED-2809,7.02
cross-encoder,PLAIN-2650,MED-2822,6.92
cross-encoder,PLAIN-2650,MED-2803,6.76
cross-encoder,PLAIN-2650,MED-2786,6.81
cross-encoder,PLAIN-2650,MED-2791,6.74
cross-encoder,PLAIN-2660,MED-5097,6.83
cross-encoder,PLAIN-2660,MED-3012,6.78
cross-encoder,PLAIN-2660,MED-4376,6.89
cross-encoder,PLAIN-2660,MED-5099,6.65
cross-encoder,PLAIN-2660,MED-2907,6.67
cross-encoder,PLAIN-2660,MED-3029,6.58
cross-encoder,PLAIN-2660,MED-4739,6.58
cross-encoder,PLAIN-2660,MED-4490,6.7
cross-encoder,PLAIN-2660,MED-5098,6.75
cross-encoder,PLAIN-2660,MED-3032,7.25
cross-encoder,PLAIN-2660,MED-2905,6.81
cross-encoder,PLAIN-2660,MED-4038,6.73
cross-encoder,PLAIN-2660,MED-1955,6.74
cross-encoder,PLAIN-2660,MED-4934,6.83
cross-encoder,PLAIN-2660,MED-4959,6.64
cross-encoder,PLAIN-2660,MED-1831,7.07
cross-encoder,PLAIN-2660,MED-3028,6.66
cross-encoder,PLAIN-2660,MED-5368,6.88
cross-encoder,PLAIN-2660,MED-4944,6.67
cross-encoder,PLAIN-2660,MED-4171,6.72
cross-encoder,PLAIN-2670,MED-2994,6.44
cross-encoder,PLAIN-2670,MED-3359,6.67
cross-encoder,PLAIN-2670,MED-4493,6.76
cross-encoder,PLAIN-2670,MED-3502,6.82
cross-encoder,PLAIN-2670,MED-2618,8.95
cross-encoder,PLAIN-2670,MED-4391,9.98
cross-encoder,PLAIN-2670,MED-2794,7.64
cross-encoder,PLAIN-2670,MED-2993,6.72
cross-encoder,PLAIN-2670,MED-4451,6.68
cross-encoder,PLAIN-2670,MED-2899,6.63
cross-encoder,PLAIN-2670,MED-4659,6.61
cross-encoder,PLAIN-2670,MED-4972,6.82
cross-encoder,PLAIN-2670,MED-1728,6.7
cross-encoder,PLAIN-2670,MED-4604,6.79
cross-encoder,PLAIN-2670,MED-4060,6.71
cross-encoder,PLAIN-2670,MED-2581,7.07
cross-encoder,PLAIN-2670,MED-4197,6.96
cross-encoder,PLAIN-2670,MED-3381,6.73
cross-encoder,PLAIN-2670,MED-4857,6.61
cross-encoder,PLAIN-2670,MED-4777,6.68
cross-encoder,PLAIN-2680,MED-1961,8.27
cross-encoder,PLAIN-2680,MED-3100,6.73
cross-encoder,PLAIN-2680,MED-5105,7.03
cross-encoder,PLAIN-2680,MED-5102,6.75
cross-encoder,PLAIN-2680,MED-1098,7.12
cross-encoder,PLAIN-2680,MED-1958,6.73
cross-encoder,PLAIN-2680,MED-4940,6.98
cross-encoder,PLAIN-2680,MED-3451,6.7
cross-encoder,PLAIN-2680,MED-4437,7.19
cross-encoder,PLAIN-2680,MED-1962,6.66
cross-encoder,PLAIN-2680,MED-3102,6.64
cross-encoder,PLAIN-2680,MED-2495,6.81
cross-encoder,PLAIN-2680,MED-2388,7.23
cross-encoder,PLAIN-2680,MED-2497,6.74
cross-encoder,PLAIN-2680,MED-5310,6.77
cross-encoder,PLAIN-2680,MED-3109,7.89
cross-encoder,PLAIN-2680,MED-4735,8.03
cross-encoder,PLAIN-2680,MED-2115,10.47
cross-encoder,PLAIN-2680,MED-3112,9.14
cross-encoder,PLAIN-2680,MED-4740,9.95
cross-encoder,PLAIN-2690,MED-3288,7.79
cross-encoder,PLAIN-2690,MED-4818,6.61
cross-encoder,PLAIN-2690,MED-3515,6.66
cross-encoder,PLAIN-2690,MED-1979,7.18
cross-encoder,PLAIN-2690,MED-3169,6.91
cross-encoder,PLAIN-2690,MED-3319,7.07
cross-encoder,PLAIN-2690,MED-3175,6.83
cross-encoder,PLAIN-2690,MED-1977,6.92
cross-encoder,PLAIN-2690,MED-4797,7.32
cross-encoder,PLAIN-2690,MED-3171,7.05
cross-encoder,PLAIN-2690,MED-2340,6.79
cross-encoder,PLAIN-2690,MED-1983,7.01
cross-encoder,PLAIN-2690,MED-4138,8.09
cross-encoder,PLAIN-2690,MED-2678,11.75
cross-encoder,PLAIN-2690,MED-2369,12.38
cross-encoder,PLAIN-2690,MED-3307,9.86
cross-encoder,PLAIN-2690,MED-3660,7.53
cross-encoder,PLAIN-2690,MED-2671,6.92
cross-encoder,PLAIN-2690,MED-4134,6.96
cross-encoder,PLAIN-2690,MED-2347,6.9
cross-encoder,PLAIN-2700,MED-3253,7.01
cross-encoder,PLAIN-2700,MED-3954,6.78
cross-encoder,PLAIN-2700,MED-1366,7.02
cross-encoder,PLAIN-2700,MED-2590,6.62
cross-encoder,PLAIN-2700,MED-1409,6.89
cross-encoder,PLAIN-2700,MED-2476,7.24
cross-encoder,PLAIN-2700,MED-1120,6.89
cross-encoder,PLAIN-2700,MED-1190,7.06
cross-encoder,PLAIN-2700,MED-1548,6.85
cross-encoder,PLAIN-2700,MED-4315,6.58
cross-encoder,PLAIN-2700,MED-4255,7.34
cross-encoder,PLAIN-2700,MED-4613,7.55
cross-encoder,PLAIN-2700,MED-1722,6.66
cross-encoder,PLAIN-2700,MED-4609,7.04
cross-encoder,PLAIN-2700,MED-1129,6.91
cross-encoder,PLAIN-2700,MED-4680,6.85
cross-encoder,PLAIN-2700,MED-1381,6.98
cross-encoder,PLAIN-2700,MED-1429,6.98
cross-encoder,PLAIN-2700,MED-1996,6.72
cross-encoder,PLAIN-2700,MED-2111,6.47
cross-encoder,PLAIN-2710,MED-3380,6.87
cross-encoder,PLAIN-2710,MED-3382,6.8
cross-encoder,PLAIN-2710,MED-3381,6.81
cross-encoder,PLAIN-2710,MED-5062,6.89
cross-encoder,PLAIN-2710,MED-1153,6.62
cross-encoder,PLAIN-2710,MED-5054,7.15
cross-encoder,PLAIN-2710,MED-1630,6.73
cross-encoder,PLAIN-2710,MED-2924,6.46
cross-encoder,PLAIN-2710,MED-4655,6.75
cross-encoder,PLAIN-2710,MED-3351,6.35
cross-encoder,PLAIN-2710,MED-3050,6.58
cross-encoder,PLAIN-2710,MED-1623,6.56
cross-encoder,PLAIN-2710,MED-887,6.6
cross-encoder,PLAIN-2710,MED-4172,6.71
cross-encoder,PLAIN-2710,MED-5288,6.43
cross-encoder,PLAIN-2710,MED-3057,6.52
cross-encoder,PLAIN-2710,MED-4869,6.53
cross-encoder,PLAIN-2710,MED-3060,6.78
cross-encoder,PLAIN-2710,MED-3383,6.61
cross-encoder,PLAIN-2710,MED-5063,5.8
cross-encoder,PLAIN-2720,MED-3483,6.51
cross-encoder,PLAIN-2720,MED-4392,6.35
cross-encoder,PLAIN-2720,MED-2083,6.52
cross-encoder,PLAIN-2720,MED-4804,6.77
cross-encoder,PLAIN-2720,MED-1982,6.11
cross-encoder,PLAIN-2720,MED-2265,6.56
cross-encoder,PLAIN-2720,MED-2711,6.56
cross-encoder,PLAIN-2720,MED-4969,6.6
cross-encoder,PLAIN-2720,MED-2707,6.69
cross-encoder,PLAIN-2720,MED-2713,6.54
cross-encoder,PLAIN-2720,MED-2803,6.52
cross-encoder,PLAIN-2720,MED-3474,6.52
cross-encoder,PLAIN-2720,MED-3204,6.49
cross-encoder,PLAIN-2720,MED-5088,6.32
cross-encoder,PLAIN-2720,MED-1846,6.84
cross-encoder,PLAIN-2720,MED-2073,6.72
cross-encoder,PLAIN-2720,MED-3479,6.66
cross-encoder,PLAIN-2720,MED-4429,6.76
cross-encoder,PLAIN-2720,MED-3210,6.64
cross-encoder,PLAIN-2720,MED-4256,6.53
cross-encoder,PLAIN-2730,MED-2573,6.6
cross-encoder,PLAIN-2730,MED-3554,6.6
cross-encoder,PLAIN-2730,MED-3840,6.5
cross-encoder,PLAIN-2730,MED-3551,6.57
cross-encoder,PLAIN-2730,MED-3553,6.49
cross-encoder,PLAIN-2730,MED-3550,6.54
cross-encoder,PLAIN-2730,MED-3548,6.52
cross-encoder,PLAIN-2730,MED-2513,6.49
cross-encoder,PLAIN-2730,MED-4532,6.68
cross-encoder,PLAIN-2730,MED-2134,6.48
cross-encoder,PLAIN-2730,MED-3552,6.58
cross-encoder,PLAIN-2730,MED-4619,6.8
cross-encoder,PLAIN-2730,MED-4089,6.83
cross-encoder,PLAIN-2730,MED-4116,8.22
cross-encoder,PLAIN-2730,MED-2357,6.79
cross-encoder,PLAIN-2730,MED-1315,6.59
cross-encoder,PLAIN-2730,MED-2427,6.75
cross-encoder,PLAIN-2730,MED-3549,6.77
cross-encoder,PLAIN-2730,MED-2818,6.69
cross-encoder,PLAIN-2730,MED-4224,6.45
cross-encoder,PLAIN-2740,MED-3627,6.85
cross-encoder,PLAIN-2740,MED-2940,6.83
cross-encoder,PLAIN-2740,MED-3624,6.7
cross-encoder,PLAIN-2740,MED-3623,6.52
cross-encoder,PLAIN-2740,MED-2947,6.8
cross-encoder,PLAIN-2740,MED-3562,6.68
cross-encoder,PLAIN-2740,MED-3619,6.49
cross-encoder,PLAIN-2740,MED-3615,6.64
cross-encoder,PLAIN-2740,MED-3193,6.72
cross-encoder,PLAIN-2740,MED-3787,6.61
cross-encoder,PLAIN-2740,MED-3590,6.58
cross-encoder,PLAIN-2740,MED-3636,6.51
cross-encoder,PLAIN-2740,MED-3634,6.53
cross-encoder,PLAIN-2740,MED-3620,6.93
cross-encoder,PLAIN-2740,MED-3608,6.67
cross-encoder,PLAIN-2740,MED-3618,6.44
cross-encoder,PLAIN-2740,MED-3313,6.55
cross-encoder,PLAIN-2740,MED-5313,6.62
cross-encoder,PLAIN-2740,MED-3621,6.55
cross-encoder,PLAIN-2740,MED-3607,6.79
cross-encoder,PLAIN-2750,MED-3683,6.52
cross-encoder,PLAIN-2750,MED-3680,8.38
cross-encoder,PLAIN-2750,MED-4762,6.93
cross-encoder,PLAIN-2750,MED-3695,6.53
cross-encoder,PLAIN-2750,MED-3692,6.48
cross-encoder,PLAIN-2750,MED-3690,6.71
cross-encoder,PLAIN-2750,MED-1300,6.63
cross-encoder,PLAIN-2750,MED-3677,6.64
cross-encoder,PLAIN-2750,MED-5031,6.48
cross-encoder,PLAIN-2750,MED-3693,6.44
cross-encoder,PLAIN-2750,MED-4564,7.07
cross-encoder,PLAIN-2750,MED-3691,6.6
cross-encoder,PLAIN-2750,MED-3679,6.58
cross-encoder,PLAIN-2750,MED-3673,6.67
cross-encoder,PLAIN-2750,MED-3676,6.54
cross-encoder,PLAIN-2750,MED-1413,6.62
cross-encoder,PLAIN-2750,MED-3644,6.68
cross-encoder,PLAIN-2750,MED-3164,6.34
cross-encoder,PLAIN-2750,MED-4760,6.57
cross-encoder,PLAIN-2750,MED-4266,6.54
cross-encoder,PLAIN-2760,MED-4600,7.96
cross-encoder,PLAIN-2760,MED-2220,8.55
cross-encoder,PLAIN-2760,MED-1377,7.58
cross-encoder,PLAIN-2760,MED-1650,6.16
cross-encoder,PLAIN-2760,MED-1210,6.57
cross-encoder,PLAIN-2760,MED-4313,6.69
cross-encoder,PLAIN-2760,MED-1212,6.51
cross-encoder,PLAIN-2760,MED-3900,6.67
cross-encoder,PLAIN-2760,MED-1209,6.72
cross-encoder,PLAIN-2760,MED-3376,6.58
cross-encoder,PLAIN-2760,MED-5229,6.6
cross-encoder,PLAIN-2760,MED-4388,6.54
cross-encoder,PLAIN-2760,MED-1563,6.46
cross-encoder,PLAIN-2760,MED-2201,6.49
cross-encoder,PLAIN-2760,MED-3769,6.82
cross-encoder,PLAIN-2760,MED-5220,6.61
cross-encoder,PLAIN-2760,MED-1058,6.36
cross-encoder,PLAIN-2760,MED-2305,6.98
cross-encoder,PLAIN-2760,MED-4288,6.59
cross-encoder,PLAIN-2760,MED-1448,7.45
cross-encoder,PLAIN-2770,MED-3832,9.57
cross-encoder,PLAIN-2770,MED-5116,10.38
cross-encoder,PLAIN-2770,MED-3123,11.2
cross-encoder,PLAIN-2770,MED-2437,8.66
cross-encoder,PLAIN-2770,MED-3127,6.61
cross-encoder,PLAIN-2770,MED-4450,6.53
cross-encoder,PLAIN-2770,MED-3830,8.48
cross-encoder,PLAIN-2770,MED-3834,6.62
cross-encoder,PLAIN-2770,MED-3139,7.39
cross-encoder,PLAIN-2770,MED-3855,6.53
cross-encoder,PLAIN-2770,MED-3142,6.53
cross-encoder,PLAIN-2770,MED-4440,6.59
cross-encoder,PLAIN-2770,MED-1825,6.61
cross-encoder,PLAIN-2770,MED-3853,7.84
cross-encoder,PLAIN-2770,MED-3238,6.64
cross-encoder,PLAIN-2770,MED-5066,6.49
cross-encoder,PLAIN-2770,MED-3698,6.98
cross-encoder,PLAIN-2770,MED-1826,6.75
cross-encoder,PLAIN-2770,MED-4445,6.51
cross-encoder,PLAIN-2770,MED-14,6.73
cross-encoder,PLAIN-2780,MED-3896,6.62
cross-encoder,PLAIN-2780,MED-4292,6.54
cross-encoder,PLAIN-2780,MED-4291,6.73
cross-encoder,PLAIN-2780,MED-4707,6.67
cross-encoder,PLAIN-2780,MED-2595,6.61
cross-encoder,PLAIN-2780,MED-4286,6.49
cross-encoder,PLAIN-2780,MED-2594,6.63
cross-encoder,PLAIN-2780,MED-1381,6.55
cross-encoder,PLAIN-2780,MED-4289,6.72
cross-encoder,PLAIN-2780,MED-1305,6.74
cross-encoder,PLAIN-2780,MED-4284,6.62
cross-encoder,PLAIN-2780,MED-3900,6.56
cross-encoder,PLAIN-2780,MED-3208,8.04
cross-encoder,PLAIN-2780,MED-1387,6.95
cross-encoder,PLAIN-2780,MED-2529,6.78
cross-encoder,PLAIN-2780,MED-4290,9.98
cross-encoder,PLAIN-2780,MED-2597,10.63
cross-encoder,PLAIN-2780,MED-2592,8.04
cross-encoder,PLAIN-2780,MED-1262,10.99
cross-encoder,PLAIN-2780,MED-2593,10.57
cross-encoder,PLAIN-2790,MED-3970,9.82
cross-encoder,PLAIN-2790,MED-3969,10.18
cross-encoder,PLAIN-2790,MED-3963,7.57
cross-encoder,PLAIN-2790,MED-3964,7.08
cross-encoder,PLAIN-2790,MED-1576,7.15
cross-encoder,PLAIN-2790,MED-1188,6.68
cross-encoder,PLAIN-2790,MED-2811,6.97
cross-encoder,PLAIN-2790,MED-2359,8.28
cross-encoder,PLAIN-2790,MED-4342,6.7
cross-encoder,PLAIN-2790,MED-1184,6.72
cross-encoder,PLAIN-2790,MED-3508,7.02
cross-encoder,PLAIN-2790,MED-2788,6.67
cross-encoder,PLAIN-2790,MED-2037,6.68
cross-encoder,PLAIN-2790,MED-3507,6.84
cross-encoder,PLAIN-2790,MED-3496,7.0
cross-encoder,PLAIN-2790,MED-3106,6.83
cross-encoder,PLAIN-2790,MED-1582,6.79
cross-encoder,PLAIN-2790,MED-2809,6.8
cross-encoder,PLAIN-2790,MED-1028,6.71
cross-encoder,PLAIN-2790,MED-3501,6.69
cross-encoder,PLAIN-2800,MED-2068,6.7
cross-encoder,PLAIN-2800,MED-2235,6.7
cross-encoder,PLAIN-2800,MED-5075,6.77
cross-encoder,PLAIN-2800,MED-4454,6.9
cross-encoder,PLAIN-2800,MED-2074,6.67
cross-encoder,PLAIN-2800,MED-4456,6.72
cross-encoder,PLAIN-2800,MED-2070,6.92
cross-encoder,PLAIN-2800,MED-2232,7.05
cross-encoder,PLAIN-2800,MED-2071,6.81
cross-encoder,PLAIN-2800,MED-2231,6.69
cross-encoder,PLAIN-2800,MED-912,6.69
cross-encoder,PLAIN-2800,MED-2098,7.23
cross-encoder,PLAIN-2800,MED-1309,6.66
cross-encoder,PLAIN-2800,MED-2229,6.69
cross-encoder,PLAIN-2800,MED-4040,6.7
cross-encoder,PLAIN-2800,MED-2233,6.8
cross-encoder,PLAIN-2800,MED-4873,6.58
cross-encoder,PLAIN-2800,MED-5162,6.8
cross-encoder,PLAIN-2800,MED-2793,6.77
cross-encoder,PLAIN-2800,MED-2234,6.67
cross-encoder,PLAIN-2810,MED-2491,6.62
cross-encoder,PLAIN-2810,MED-1792,6.75
cross-encoder,PLAIN-2810,MED-4267,8.85
cross-encoder,PLAIN-2810,MED-4580,9.2
cross-encoder,PLAIN-2810,MED-5019,7.6
cross-encoder,PLAIN-2810,MED-4590,6.8
cross-encoder,PLAIN-2810,MED-4090,6.76
cross-encoder,PLAIN-2810,MED-2969,6.69
cross-encoder,PLAIN-2810,MED-3908,6.87
cross-encoder,PLAIN-2810,MED-5082,7.05
cross-encoder,PLAIN-2810,MED-3734,7.11
cross-encoder,PLAIN-2810,MED-2226,7.18
cross-encoder,PLAIN-2810,MED-1710,7.03
cross-encoder,PLAIN-2810,MED-1625,6.72
cross-encoder,PLAIN-2810,MED-1845,6.62
cross-encoder,PLAIN-2810,MED-1670,6.76
cross-encoder,PLAIN-2810,MED-5056,6.87
cross-encoder,PLAIN-2810,MED-1846,6.83
cross-encoder,PLAIN-2810,MED-3469,6.74
cross-encoder,PLAIN-2810,MED-1790,8.33
cross-encoder,PLAIN-2820,MED-1677,6.96
cross-encoder,PLAIN-2820,MED-2698,6.75
cross-encoder,PLAIN-2820,MED-1233,6.89
cross-encoder,PLAIN-2820,MED-1691,6.75
cross-encoder,PLAIN-2820,MED-4560,6.81
cross-encoder,PLAIN-2820,MED-1394,6.71
cross-encoder,PLAIN-2820,MED-4106,6.65
cross-encoder,PLAIN-2820,MED-1192,6.72
cross-encoder,PLAIN-2820,MED-1232,7.29
cross-encoder,PLAIN-2820,MED-1701,6.84
cross-encoder,PLAIN-2820,MED-2763,6.89
cross-encoder,PLAIN-2820,MED-3474,6.6
cross-encoder,PLAIN-2820,MED-3550,6.61
cross-encoder,PLAIN-2820,MED-3432,6.51
cross-encoder,PLAIN-2820,MED-1329,6.79
cross-encoder,PLAIN-2820,MED-4603,6.57
cross-encoder,PLAIN-2820,MED-4831,6.52
cross-encoder,PLAIN-2820,MED-5301,6.6
cross-encoder,PLAIN-2820,MED-1554,6.6
cross-encoder,PLAIN-2820,MED-4724,6.71
cross-encoder,PLAIN-2830,MED-5054,6.52
cross-encoder,PLAIN-2830,MED-1625,6.7
cross-encoder,PLAIN-2830,MED-4120,6.57
cross-encoder,PLAIN-2830,MED-4126,6.5
cross-encoder,PLAIN-2830,MED-3380,6.64
cross-encoder,PLAIN-2830,MED-1623,6.99
cross-encoder,PLAIN-2830,MED-1624,6.88
cross-encoder,PLAIN-2830,MED-5056,6.59
cross-encoder,PLAIN-2830,MED-1630,6.75
cross-encoder,PLAIN-2830,MED-5053,6.69
cross-encoder,PLAIN-2830,MED-4868,6.54
cross-encoder,PLAIN-2830,MED-1627,6.74
cross-encoder,PLAIN-2830,MED-3382,6.85
cross-encoder,PLAIN-2830,MED-5062,6.7
cross-encoder,PLAIN-2830,MED-1708,7.23
cross-encoder,PLAIN-2830,MED-3521,6.71
cross-encoder,PLAIN-2830,MED-5057,6.62
cross-encoder,PLAIN-2830,MED-3810,7.85
cross-encoder,PLAIN-2830,MED-4604,7.02
cross-encoder,PLAIN-2830,MED-3540,6.84
cross-encoder,PLAIN-2840,MED-2009,6.62
cross-encoder,PLAIN-2840,MED-4455,6.64
cross-encoder,PLAIN-2840,MED-4295,10.27
cross-encoder,PLAIN-2840,MED-2010,10.65
cross-encoder,PLAIN-2840,MED-3146,11.17
cross-encoder,PLAIN-2840,MED-3145,8.74
cross-encoder,PLAIN-2840,MED-2233,6.85
cross-encoder,PLAIN-2840,MED-2335,6.47
cross-encoder,PLAIN-2840,MED-4443,6.68
cross-encoder,PLAIN-2840,MED-5354,6.69
cross-encoder,PLAIN-2840,MED-2595,6.57
cross-encoder,PLAIN-2840,MED-1444,6.76
cross-encoder,PLAIN-2840,MED-4705,6.71
cross-encoder,PLAIN-2840,MED-3535,6.66
cross-encoder,PLAIN-2840,MED-3906,6.73
cross-encoder,PLAIN-2840,MED-2570,7.03
cross-encoder,PLAIN-2840,MED-1493,6.76
cross-encoder,PLAIN-2840,MED-4150,6.93
cross-encoder,PLAIN-2840,MED-4716,6.87
cross-encoder,PLAIN-2840,MED-948,6.67
cross-encoder,PLAIN-2850,MED-1977,6.62
cross-encoder,PLAIN-2850,MED-3000,6.62
cross-encoder,PLAIN-2850,MED-5207,6.43
cross-encoder,PLAIN-2850,MED-5326,6.67
cross-encoder,PLAIN-2850,MED-2584,6.94
cross-encoder,PLAIN-2850,MED-3788,6.9
cross-encoder,PLAIN-2850,MED-3891,7.28
cross-encoder,PLAIN-2850,MED-2671,7.0
cross-encoder,PLAIN-2850,MED-4593,6.67
cross-encoder,PLAIN-2850,MED-4482,6.62
cross-encoder,PLAIN-2850,MED-4493,6.79
cross-encoder,PLAIN-2850,MED-4358,6.62
cross-encoder,PLAIN-2850,MED-4799,6.34
cross-encoder,PLAIN-2850,MED-4057,6.63
cross-encoder,PLAIN-2850,MED-2673,6.57
cross-encoder,PLAIN-2850,MED-5110,6.76
cross-encoder,PLAIN-2850,MED-4429,6.58
cross-encoder,PLAIN-2850,MED-1114,6.88
cross-encoder,PLAIN-2850,MED-2168,6.72
cross-encoder,PLAIN-2850,MED-4069,6.6
cross-encoder,PLAIN-2860,MED-4185,6.53
cross-encoder,PLAIN-2860,MED-4186,6.61
cross-encoder,PLAIN-2860,MED-3421,6.56
cross-encoder,PLAIN-2860,MED-3429,6.49
cross-encoder,PLAIN-2860,MED-3407,6.67
cross-encoder,PLAIN-2860,MED-3590,6.6
cross-encoder,PLAIN-2860,MED-828,6.54
cross-encoder,PLAIN-2860,MED-3431,6.96
cross-encoder,PLAIN-2860,MED-3440,7.54
cross-encoder,PLAIN-2860,MED-3425,6.59
cross-encoder,PLAIN-2860,MED-3430,6.57
cross-encoder,PLAIN-2860,MED-3424,6.7
cross-encoder,PLAIN-2860,MED-1010,6.8
cross-encoder,PLAIN-2860,MED-746,6.61
cross-encoder,PLAIN-2860,MED-1198,6.64
cross-encoder,PLAIN-2860,MED-3439,6.89
cross-encoder,PLAIN-2860,MED-3423,6.76
cross-encoder,PLAIN-2860,MED-3434,6.57
cross-encoder,PLAIN-2860,MED-3428,6.87
cross-encoder,PLAIN-2860,MED-4022,6.9
cross-encoder,PLAIN-2870,MED-2253,6.61
cross-encoder,PLAIN-2870,MED-2178,6.66
cross-encoder,PLAIN-2870,MED-2491,6.75
cross-encoder,PLAIN-2870,MED-3378,6.49
cross-encoder,PLAIN-2870,MED-2260,6.54
cross-encoder,PLAIN-2870,MED-4531,6.47
cross-encoder,PLAIN-2870,MED-872,6.56
cross-encoder,PLAIN-2870,MED-4908,7.34
cross-encoder,PLAIN-2870,MED-3013,6.43
cross-encoder,PLAIN-2870,MED-2256,6.5
cross-encoder,PLAIN-2870,MED-3593,6.31
cross-encoder,PLAIN-2870,MED-3379,6.71
cross-encoder,PLAIN-2870,MED-4533,6.59
cross-encoder,PLAIN-2870,MED-3595,6.6
cross-encoder,PLAIN-2870,MED-4529,6.79
cross-encoder,PLAIN-2870,MED-3592,6.67
cross-encoder,PLAIN-2870,MED-1848,6.61
cross-encoder,PLAIN-2870,MED-3958,6.78
cross-encoder,PLAIN-2870,MED-3227,6.85
cross-encoder,PLAIN-2870,MED-910,6.77
cross-encoder,PLAIN-2880,MED-4890,6.71
cross-encoder,PLAIN-2880,MED-1780,6.66
cross-encoder,PLAIN-2880,MED-1437,6.6
cross-encoder,PLAIN-2880,MED-1031,6.59
cross-encoder,PLAIN-2880,MED-2522,6.83
cross-encoder,PLAIN-2880,MED-4792,7.32
cross-encoder,PLAIN-2880,MED-4654,6.72
cross-encoder,PLAIN-2880,MED-4914,6.38
cross-encoder,PLAIN-2880,MED-1352,7.16
cross-encoder,PLAIN-2880,MED-1914,6.68
cross-encoder,PLAIN-2880,MED-4463,6.94
cross-encoder,PLAIN-2880,MED-979,6.6
cross-encoder,PLAIN-2880,MED-2502,6.63
cross-encoder,PLAIN-2880,MED-4493,6.6
cross-encoder,PLAIN-2880,MED-2116,6.63
cross-encoder,PLAIN-2880,MED-2208,6.75
cross-encoder,PLAIN-2880,MED-1171,6.6
cross-encoder,PLAIN-2880,MED-2514,6.7
cross-encoder,PLAIN-2880,MED-1041,6.39
cross-encoder,PLAIN-2880,MED-2323,6.58
cross-encoder,PLAIN-2890,MED-1533,6.67
cross-encoder,PLAIN-2890,MED-4250,6.55
cross-encoder,PLAIN-2890,MED-1538,6.9
cross-encoder,PLAIN-2890,MED-1534,9.36
cross-encoder,PLAIN-2890,MED-3351,6.41
cross-encoder,PLAIN-2890,MED-3370,6.72
cross-encoder,PLAIN-2890,MED-3376,6.57
cross-encoder,PLAIN-2890,MED-1535,6.67
cross-encoder,PLAIN-2890,MED-3143,6.77
cross-encoder,PLAIN-2890,MED-3896,6.69
cross-encoder,PLAIN-2890,MED-4172,6.82
cross-encoder,PLAIN-2890,MED-3369,6.56
cross-encoder,PLAIN-2890,MED-4284,6.98
cross-encoder,PLAIN-2890,MED-1709,7.19
cross-encoder,PLAIN-2890,MED-4287,7.07
cross-encoder,PLAIN-2890,MED-2418,6.71
cross-encoder,PLAIN-2890,MED-4262,7.26
cross-encoder,PLAIN-2890,MED-4765,6.63
cross-encoder,PLAIN-2890,MED-3583,6.65
cross-encoder,PLAIN-2890,MED-4028,6.57
cross-encoder,PLAIN-2900,MED-3692,6.71
cross-encoder,PLAIN-2900,MED-3679,6.64
cross-encoder,PLAIN-2900,MED-1420,6.81
cross-encoder,PLAIN-2900,MED-1413,6.76
cross-encoder,PLAIN-2900,MED-3677,6.71
cross-encoder,PLAIN-2900,MED-1417,6.64
cross-encoder,PLAIN-2900,MED-3690,6.6
cross-encoder,PLAIN-2900,MED-3693,6.45
cross-encoder,PLAIN-2900,MED-5198,6.68
cross-encoder,PLAIN-2900,MED-3695,6.76
cross-encoder,PLAIN-2900,MED-3680,6.71
cross-encoder,PLAIN-2900,MED-2105,6.72
cross-encoder,PLAIN-2900,MED-4271,6.62
cross-encoder,PLAIN-2900,MED-3105,6.52
cross-encoder,PLAIN-2900,MED-3673,6.61
cross-encoder,PLAIN-2900,MED-1421,6.7
cross-encoder,PLAIN-2900,MED-3678,6.67
cross-encoder,PLAIN-2900,MED-1574,7.21
cross-encoder,PLAIN-2900,MED-3691,6.66
cross-encoder,PLAIN-2900,MED-4760,6.65
cross-encoder,PLAIN-2910,MED-4295,7.66
cross-encoder,PLAIN-2910,MED-4296,6.94
cross-encoder,PLAIN-2910,MED-3492,6.88
cross-encoder,PLAIN-2910,MED-5115,6.76
cross-encoder,PLAIN-2910,MED-3688,6.66
cross-encoder,PLAIN-2910,MED-2430,6.72
cross-encoder,PLAIN-2910,MED-752,6.85
cross-encoder,PLAIN-2910,MED-3530,6.6
cross-encoder,PLAIN-2910,MED-2983,6.6
cross-encoder,PLAIN-2910,MED-3144,6.82
cross-encoder,PLAIN-2910,MED-5069,8.95
cross-encoder,PLAIN-2910,MED-1259,10.61
cross-encoder,PLAIN-2910,MED-3606,11.42
cross-encoder,PLAIN-2910,MED-2311,7.82
cross-encoder,PLAIN-2910,MED-2235,7.63
cross-encoder,PLAIN-2910,MED-4573,8.67
cross-encoder,PLAIN-2910,MED-4913,8.65
cross-encoder,PLAIN-2910,MED-836,6.64
cross-encoder,PLAIN-2910,MED-4456,6.87
cross-encoder,PLAIN-2910,MED-1586,6.69
cross-encoder,PLAIN-2920,MED-4309,6.92
cross-encoder,PLAIN-2920,MED-3532,6.76
cross-encoder,PLAIN-2920,MED-2333,6.55
cross-encoder,PLAIN-2920,MED-3522,6.58
cross-encoder,PLAIN-2920,MED-2331,6.44
cross-encoder,PLAIN-2920,MED-2070,6.72
cross-encoder,PLAIN-2920,MED-3607,6.54
cross-encoder,PLAIN-2920,MED-2335,6.4
cross-encoder,PLAIN-2920,MED-1623,6.79
cross-encoder,PLAIN-2920,MED-5365,6.81
cross-encoder,PLAIN-2920,MED-2327,6.75
cross-encoder,PLAIN-2920,MED-2332,6.54
cross-encoder,PLAIN-2920,MED-1352,6.55
cross-encoder,PLAIN-2920,MED-2204,7.41
cross-encoder,PLAIN-2920,MED-2066,7.22
cross-encoder,PLAIN-2920,MED-3279,6.54
cross-encoder,PLAIN-2920,MED-4915,6.58
cross-encoder,PLAIN-2920,MED-3518,6.62
cross-encoder,PLAIN-2920,MED-4203,6.82
cross-encoder,PLAIN-2920,MED-1293,6.72
cross-encoder,PLAIN-2930,MED-4325,6.78
cross-encoder,PLAIN-2930,MED-1007,6.54
cross-encoder,PLAIN-2930,MED-1017,6.56
cross-encoder,PLAIN-2930,MED-1006,6.6
cross-encoder,PLAIN-2930,MED-1005,6.99
cross-encoder,PLAIN-2930,MED-1013,6.9
cross-encoder,PLAIN-2930,MED-4832,6.86
cross-encoder,PLAIN-2930,MED-3512,6.72
cross-encoder,PLAIN-2930,MED-4875,6.55
cross-encoder,PLAIN-2930,MED-1686,6.56
cross-encoder,PLAIN-2930,MED-1014,7.07
cross-encoder,PLAIN-2930,MED-946,6.59
cross-encoder,PLAIN-2930,MED-3539,6.89
cross-encoder,PLAIN-2930,MED-3514,6.7
cross-encoder,PLAIN-2930,MED-1009,6.54
cross-encoder,PLAIN-2930,MED-3508,6.55
cross-encoder,PLAIN-2930,MED-3506,6.71
cross-encoder,PLAIN-2930,MED-1012,6.81
cross-encoder,PLAIN-2930,MED-1040,6.77
cross-encoder,PLAIN-2930,MED-1035,6.46
cross-encoder,PLAIN-2940,MED-3961,6.57
cross-encoder,PLAIN-2940,MED-1579,6.54
cross-encoder,PLAIN-2940,MED-1578,8.23
cross-encoder,PLAIN-2940,MED-1581,6.48
cross-encoder,PLAIN-2940,MED-3965,6.72
cross-encoder,PLAIN-2940,MED-1425,6.9
cross-encoder,PLAIN-2940,MED-3966,6.7
cross-encoder,PLAIN-2940,MED-3967,6.84
cross-encoder,PLAIN-2940,MED-1580,6.74
cross-encoder,PLAIN-2940,MED-1582,6.65
cross-encoder,PLAIN-2940,MED-3963,6.63
cross-encoder,PLAIN-2940,MED-1575,7.03
cross-encoder,PLAIN-2940,MED-1574,6.83
cross-encoder,PLAIN-2940,MED-1576,6.58
cross-encoder,PLAIN-2940,MED-2811,6.74
cross-encoder,PLAIN-2940,MED-3970,6.56
cross-encoder,PLAIN-2940,MED-4372,6.67
cross-encoder,PLAIN-2940,MED-2062,6.73
cross-encoder,PLAIN-2940,MED-3964,6.52
cross-encoder,PLAIN-2940,MED-933,6.75
cross-encoder,PLAIN-2950,MED-2742,7.0
cross-encoder,PLAIN-2950,MED-4140,6.5
cross-encoder,PLAIN-2950,MED-5164,7.24
cross-encoder,PLAIN-2950,MED-4201,6.59
cross-encoder,PLAIN-2950,MED-4944,6.49
cross-encoder,PLAIN-2950,MED-4972,6.57
cross-encoder,PLAIN-2950,MED-4148,6.92
cross-encoder,PLAIN-2950,MED-5101,6.58
cross-encoder,PLAIN-2950,MED-1957,6.87
cross-encoder,PLAIN-2950,MED-2738,6.71
cross-encoder,PLAIN-2950,MED-1625,6.54
cross-encoder,PLAIN-2950,MED-913,6.76
cross-encoder,PLAIN-2950,MED-1144,6.62
cross-encoder,PLAIN-2950,MED-1147,6.64
cross-encoder,PLAIN-2950,MED-4429,6.79
cross-encoder,PLAIN-2950,MED-4443,6.74
cross-encoder,PLAIN-2950,MED-1956,6.7
cross-encoder,PLAIN-2950,MED-4805,6.6
cross-encoder,PLAIN-2950,MED-4205,6.76
cross-encoder,PLAIN-2950,MED-5347,6.59
cross-encoder,PLAIN-2960,MED-4371,6.81
cross-encoder,PLAIN-2960,MED-4372,6.57
cross-encoder,PLAIN-2960,MED-4374,6.81
cross-encoder,PLAIN-2960,MED-4370,6.62
cross-encoder,PLAIN-2960,MED-1553,6.55
cross-encoder,PLAIN-2960,MED-2750,7.27
cross-encoder,PLAIN-2960,MED-1051,7.8
cross-encoder,PLAIN-2960,MED-4366,7.25
cross-encoder,PLAIN-2960,MED-1549,6.71
cross-encoder,PLAIN-2960,MED-4969,6.65
cross-encoder,PLAIN-2960,MED-2016,6.62
cross-encoder,PLAIN-2960,MED-5123,6.68
cross-encoder,PLAIN-2960,MED-4598,6.84
cross-encoder,PLAIN-2960,MED-4673,6.61
cross-encoder,PLAIN-2960,MED-4246,6.63
cross-encoder,PLAIN-2960,MED-1055,7.21
cross-encoder,PLAIN-2960,MED-1143,7.1
cross-encoder,PLAIN-2960,MED-1394,6.63
cross-encoder,PLAIN-2960,MED-1058,6.42
cross-encoder,PLAIN-2960,MED-5229,6.66
cross-encoder,PLAIN-2970,MED-2888,6.65
cross-encoder,PLAIN-2970,MED-836,6.55
cross-encoder,PLAIN-2970,MED-4993,8.27
cross-encoder,PLAIN-2970,MED-3550,8.94
cross-encoder,PLAIN-2970,MED-4382,8.1
cross-encoder,PLAIN-2970,MED-2062,6.64
cross-encoder,PLAIN-2970,MED-2889,6.72
cross-encoder,PLAIN-2970,MED-4724,6.8
cross-encoder,PLAIN-2970,MED-2069,6.69
cross-encoder,PLAIN-2970,MED-4114,6.99
cross-encoder,PLAIN-2970,MED-2895,7.01
cross-encoder,PLAIN-2970,MED-4030,6.6
cross-encoder,PLAIN-2970,MED-970,6.52
cross-encoder,PLAIN-2970,MED-1383,6.87
cross-encoder,PLAIN-2970,MED-1192,6.54
cross-encoder,PLAIN-2970,MED-5218,6.36
cross-encoder,PLAIN-2970,MED-1026,6.34
cross-encoder,PLAIN-2970,MED-2896,7.17
cross-encoder,PLAIN-2970,MED-3282,6.7
cross-encoder,PLAIN-2970,MED-4388,6.99
cross-encoder,PLAIN-2981,MED-4403,6.53
cross-encoder,PLAIN-2981,MED-2775,6.6
cross-encoder,PLAIN-2981,MED-5109,7.92
cross-encoder,PLAIN-2981,MED-3198,6.96
cross-encoder,PLAIN-2981,MED-1773,6.7
cross-encoder,PLAIN-2981,MED-1148,6.68
cross-encoder,PLAIN-2981,MED-3583,6.66
cross-encoder,PLAIN-2981,MED-4869,6.62
cross-encoder,PLAIN-2981,MED-2991,6.56
cross-encoder,PLAIN-2981,MED-4446,6.97
cross-encoder,PLAIN-2981,MED-4300,6.68
cross-encoder,PLAIN-2981,MED-2308,6.64
cross-encoder,PLAIN-2981,MED-1162,6.66
cross-encoder,PLAIN-2981,MED-3087,6.78
cross-encoder,PLAIN-2981,MED-3279,6.57
cross-encoder,PLAIN-2981,MED-1533,6.74
cross-encoder,PLAIN-2981,MED-4751,8.42
cross-encoder,PLAIN-2981,MED-1150,11.1
cross-encoder,PLAIN-2981,MED-4909,11.75
cross-encoder,PLAIN-2981,MED-335,8.67
cross-encoder,PLAIN-2991,MED-1663,7.19
cross-encoder,PLAIN-2991,MED-1667,7.55
cross-encoder,PLAIN-2991,MED-4424,6.94
cross-encoder,PLAIN-2991,MED-1657,6.85
cross-encoder,PLAIN-2991,MED-1656,6.58
cross-encoder,PLAIN-2991,MED-5329,6.67
cross-encoder,PLAIN-2991,MED-1258,6.86
cross-encoder,PLAIN-2991,MED-1249,6.65
cross-encoder,PLAIN-2991,MED-4833,6.67
cross-encoder,PLAIN-2991,MED-1664,6.38
cross-encoder,PLAIN-2991,MED-4827,6.85
cross-encoder,PLAIN-2991,MED-5266,6.67
cross-encoder,PLAIN-2991,MED-5016,6.81
cross-encoder,PLAIN-2991,MED-751,6.69
cross-encoder,PLAIN-2991,MED-1874,6.82
cross-encoder,PLAIN-2991,MED-1968,6.76
cross-encoder,PLAIN-2991,MED-2432,6.87
cross-encoder,PLAIN-2991,MED-2440,6.62
cross-encoder,PLAIN-2991,MED-1890,7.28
cross-encoder,PLAIN-2991,MED-1252,6.62
cross-encoder,PLAIN-3001,MED-3314,6.66
cross-encoder,PLAIN-3001,MED-1114,6.67
cross-encoder,PLAIN-3001,MED-4436,6.55
cross-encoder,PLAIN-3001,MED-1156,6.6
cross-encoder,PLAIN-3001,MED-4484,6.7
cross-encoder,PLAIN-3001,MED-2693,6.91
cross-encoder,PLAIN-3001,MED-1108,6.68
cross-encoder,PLAIN-3001,MED-5060,6.8
cross-encoder,PLAIN-3001,MED-3703,6.57
cross-encoder,PLAIN-3001,MED-1103,6.81
cross-encoder,PLAIN-3001,MED-4536,6.75
cross-encoder,PLAIN-3001,MED-2021,6.86
cross-encoder,PLAIN-3001,MED-5313,8.13
cross-encoder,PLAIN-3001,MED-1717,6.61
cross-encoder,PLAIN-3001,MED-1718,6.62
cross-encoder,PLAIN-3001,MED-1105,6.66
cross-encoder,PLAIN-3001,MED-3699,6.66
cross-encoder,PLAIN-3001,MED-2304,6.56
cross-encoder,PLAIN-3001,MED-4116,6.74
cross-encoder,PLAIN-3001,MED-1817,6.85
cross-encoder,PLAIN-3014,MED-2673,6.74
cross-encoder,PLAIN-3014,MED-752,6.63
cross-encoder,PLAIN-3014,MED-4649,6.66
cross-encoder,PLAIN-3014,MED-4747,6.62
cross-encoder,PLAIN-3014,MED-1741,6.69
cross-encoder,PLAIN-3014,MED-3542,6.78
cross-encoder,PLAIN-3014,MED-4125,6.65
cross-encoder,PLAIN-3014,MED-5207,6.35
cross-encoder,PLAIN-3014,MED-2062,6.62
cross-encoder,PLAIN-3014,MED-5200,6.74
cross-encoder,PLAIN-3014,MED-4871,6.61
cross-encoder,PLAIN-3014,MED-5199,6.63
cross-encoder,PLAIN-3014,MED-1378,6.58
cross-encoder,PLAIN-3014,MED-4830,6.66
cross-encoder,PLAIN-3014,MED-3701,6.56
cross-encoder,PLAIN-3014,MED-1127,6.58
cross-encoder,PLAIN-3014,MED-2028,6.55
cross-encoder,PLAIN-3014,MED-4650,6.55
cross-encoder,PLAIN-3014,MED-5204,6.57
cross-encoder,PLAIN-3014,MED-3757,6.78
cross-encoder,PLAIN-3026,MED-3157,6.51
cross-encoder,PLAIN-3026,MED-4470,6.8
cross-encoder,PLAIN-3026,MED-5131,6.71
cross-encoder,PLAIN-3026,MED-4929,6.79
cross-encoder,PLAIN-3026,MED-1601,6.68
cross-encoder,PLAIN-3026,MED-3452,6.79
cross-encoder,PLAIN-3026,MED-3453,7.05
cross-encoder,PLAIN-3026,MED-5129,7.22
cross-encoder,PLAIN-3026,MED-936,8.75
cross-encoder,PLAIN-3026,MED-904,8.8
cross-encoder,PLAIN-3026,MED-922,7.8
cross-encoder,PLAIN-3026,MED-3986,6.71
cross-encoder,PLAIN-3026,MED-1528,6.96
cross-encoder,PLAIN-3026,MED-2939,6.6
cross-encoder,PLAIN-3026,MED-4683,6.57
cross-encoder,PLAIN-3026,MED-2452,6.63
cross-encoder,PLAIN-3026,MED-5074,6.54
cross-encoder,PLAIN-3026,MED-917,6.65
cross-encoder,PLAIN-3026,MED-1788,6.63
cross-encoder,PLAIN-3026,MED-5209,6.29
cross-encoder,PLAIN-3037,MED-1983,6.55
cross-encoder,PLAIN-3037,MED-2745,6.73
cross-encoder,PLAIN-3037,MED-2787,6.67
cross-encoder,PLAIN-3037,MED-2781,6.91
cross-encoder,PLAIN-3037,MED-3458,6.56
cross-encoder,PLAIN-3037,MED-5069,6.59
cross-encoder,PLAIN-3037,MED-5215,6.36
cross-encoder,PLAIN-3037,MED-5307,7.5
cross-encoder,PLAIN-3037,MED-4980,7.52
cross-encoder,PLAIN-3037,MED-863,6.17
cross-encoder,PLAIN-3037,MED-4663,6.61
cross-encoder,PLAIN-3037,MED-729,6.63
cross-encoder,PLAIN-3037,MED-4129,6.65
cross-encoder,PLAIN-3037,MED-917,6.88
cross-encoder,PLAIN-3037,MED-1936,6.56
cross-encoder,PLAIN-3037,MED-3454,6.9
cross-encoder,PLAIN-3037,MED-5202,6.68
cross-encoder,PLAIN-3037,MED-1617,6.8
cross-encoder,PLAIN-3037,MED-732,6.68
cross-encoder,PLAIN-3037,MED-3274,7.05
cross-encoder,PLAIN-3053,MED-4525,6.74
cross-encoder,PLAIN-3053,MED-3021,7.16
cross-encoder,PLAIN-3053,MED-4526,7.67
cross-encoder,PLAIN-3053,MED-3353,6.49
cross-encoder,PLAIN-3053,MED-1497,7.31
cross-encoder,PLAIN-3053,MED-5129,10.81
cross-encoder,PLAIN-3053,MED-2522,12.05
cross-encoder,PLAIN-3053,MED-2083,10.23
cross-encoder,PLAIN-3053,MED-1810,10.34
cross-encoder,PLAIN-3053,MED-2523,12.29
cross-encoder,PLAIN-3053,MED-3949,9.43
cross-encoder,PLAIN-3053,MED-4625,11.71
cross-encoder,PLAIN-3053,MED-2700,11.32
cross-encoder,PLAIN-3053,MED-3811,11.16
cross-encoder,PLAIN-3053,MED-4416,11.28
cross-encoder,PLAIN-3053,MED-744,11.0
cross-encoder,PLAIN-3053,MED-1848,9.66
cross-encoder,PLAIN-3053,MED-5061,10.21
cross-encoder,PLAIN-3053,MED-1027,8.79
cross-encoder,PLAIN-3053,MED-4575,11.86
cross-encoder,PLAIN-3063,MED-4712,10.97
cross-encoder,PLAIN-3063,MED-2886,9.79
cross-encoder,PLAIN-3063,MED-1676,9.44
cross-encoder,PLAIN-3063,MED-2924,9.22
cross-encoder,PLAIN-3063,MED-4900,9.02
cross-encoder,PLAIN-3063,MED-3738,9.16
cross-encoder,PLAIN-3063,MED-2922,10.64
cross-encoder,PLAIN-3063,MED-2076,12.29
cross-encoder,PLAIN-3063,MED-5084,10.85
cross-encoder,PLAIN-3063,MED-1671,12.6
cross-encoder,PLAIN-3063,MED-2665,13.68
cross-encoder,PLAIN-3063,MED-3748,11.34
cross-encoder,PLAIN-3063,MED-4576,10.27
cross-encoder,PLAIN-3063,MED-3728,9.85
cross-encoder,PLAIN-3063,MED-4859,10.66
cross-encoder,PLAIN-3063,MED-2966,10.93
cross-encoder,PLAIN-3063,MED-5069,11.28
cross-encoder,PLAIN-3063,MED-2970,11.28
cross-encoder,PLAIN-3063,MED-1182,8.58
cross-encoder,PLAIN-3063,MED-4366,9.68
cross-encoder,PLAIN-3074,MED-4555,9.16
cross-encoder,PLAIN-3074,MED-4423,9.17
cross-encoder,PLAIN-3074,MED-1705,9.1
cross-encoder,PLAIN-3074,MED-3180,9.06
cross-encoder,PLAIN-3074,MED-4421,9.59
cross-encoder,PLAIN-3074,MED-4902,9.44
cross-encoder,PLAIN-3074,MED-1512,9.21
cross-encoder,PLAIN-3074,MED-330,9.21
cross-encoder,PLAIN-3074,MED-3253,9.24
cross-encoder,PLAIN-3074,MED-3427,10.31
cross-encoder,PLAIN-3074,MED-4424,10.05
cross-encoder,PLAIN-3074,MED-1948,9.27
cross-encoder,PLAIN-3074,MED-3106,9.23
cross-encoder,PLAIN-3074,MED-2110,9.38
cross-encoder,PLAIN-3074,MED-3436,9.27
cross-encoder,PLAIN-3074,MED-4560,9.33
cross-encoder,PLAIN-3074,MED-1643,9.46
cross-encoder,PLAIN-3074,MED-2718,9.48
cross-encoder,PLAIN-3074,MED-1516,9.29
cross-encoder,PLAIN-3074,MED-1467,9.19
cross-encoder,PLAIN-3085,MED-714,9.32
cross-encoder,PLAIN-3085,MED-4570,9.45
cross-encoder,PLAIN-3085,MED-4566,9.56
cross-encoder,PLAIN-3085,MED-4872,9.49
cross-encoder,PLAIN-3085,MED-3987,9.42
cross-encoder,PLAIN-3085,MED-3988,9.41
cross-encoder,PLAIN-3085,MED-716,9.73
cross-encoder,PLAIN-3085,MED-4574,9.48
cross-encoder,PLAIN-3085,MED-919,9.57
cross-encoder,PLAIN-3085,MED-4575,9.05
cross-encoder,PLAIN-3085,MED-921,9.61
cross-encoder,PLAIN-3085,MED-4573,9.41
cross-encoder,PLAIN-3085,MED-3986,9.51
cross-encoder,PLAIN-3085,MED-3990,9.56
cross-encoder,PLAIN-3085,MED-961,9.77
cross-encoder,PLAIN-3085,MED-862,9.32
cross-encoder,PLAIN-3085,MED-962,9.35
cross-encoder,PLAIN-3085,MED-3985,9.09
cross-encoder,PLAIN-3085,MED-1834,9.36
cross-encoder,PLAIN-3085,MED-3991,9.5
cross-encoder,PLAIN-3097,MED-4590,9.33
cross-encoder,PLAIN-3097,MED-1792,9.95
cross-encoder,PLAIN-3097,MED-4580,9.32
cross-encoder,PLAIN-3097,MED-5019,9.35
cross-encoder,PLAIN-3097,MED-4267,9.57
cross-encoder,PLAIN-3097,MED-2491,9.21
cross-encoder,PLAIN-3097,MED-5082,9.28
cross-encoder,PLAIN-3097,MED-4090,9.2
cross-encoder,PLAIN-3097,MED-3908,9.26
cross-encoder,PLAIN-3097,MED-4089,9.26
cross-encoder,PLAIN-3097,MED-4862,9.54
cross-encoder,PLAIN-3097,MED-733,9.27
cross-encoder,PLAIN-3097,MED-5020,10.8
cross-encoder,PLAIN-3097,MED-3471,9.61
cross-encoder,PLAIN-3097,MED-2668,9.26
cross-encoder,PLAIN-3097,MED-2083,11.91
cross-encoder,PLAIN-3097,MED-2669,8.37
cross-encoder,PLAIN-3097,MED-2663,9.65
cross-encoder,PLAIN-3097,MED-3746,9.59
cross-encoder,PLAIN-3097,MED-1941,9.46
cross-encoder,PLAIN-3116,MED-2924,9.48
cross-encoder,PLAIN-3116,MED-3738,9.27
cross-encoder,PLAIN-3116,MED-1676,9.17
cross-encoder,PLAIN-3116,MED-2076,9.16
cross-encoder,PLAIN-3116,MED-2665,9.2
cross-encoder,PLAIN-3116,MED-2966,9.43
cross-encoder,PLAIN-3116,MED-1671,9.27
cross-encoder,PLAIN-3116,MED-2922,9.19
cross-encoder,PLAIN-3116,MED-3728,9.14
cross-encoder,PLAIN-3116,MED-5083,9.14
cross-encoder,PLAIN-3116,MED-4900,9.06
cross-encoder,PLAIN-3116,MED-3748,9.07
cross-encoder,PLAIN-3116,MED-2951,9.15
cross-encoder,PLAIN-3116,MED-4689,9.45
cross-encoder,PLAIN-3116,MED-3480,9.27
cross-encoder,PLAIN-3116,MED-4576,9.62
cross-encoder,PLAIN-3116,MED-1558,9.22
cross-encoder,PLAIN-3116,MED-4831,9.25
cross-encoder,PLAIN-3116,MED-4850,9.31
cross-encoder,PLAIN-3116,MED-5069,9.94
cross-encoder,PLAIN-3131,MED-2009,9.34
cross-encoder,PLAIN-3131,MED-5012,9.29
cross-encoder,PLAIN-3131,MED-830,9.4
cross-encoder,PLAIN-3131,MED-4249,9.05
cross-encoder,PLAIN-3131,MED-3109,8.7
cross-encoder,PLAIN-3131,MED-4620,9.32
cross-encoder,PLAIN-3131,MED-2291,9.3
cross-encoder,PLAIN-3131,MED-5010,9.22
cross-encoder,PLAIN-3131,MED-4695,9.18
cross-encoder,PLAIN-3131,MED-1234,9.49
cross-encoder,PLAIN-3131,MED-4236,9.62
cross-encoder,PLAIN-3131,MED-2595,9.8
cross-encoder,PLAIN-3131,MED-4619,9.66
cross-encoder,PLAIN-3131,MED-3359,9.35
cross-encoder,PLAIN-3131,MED-4298,9.64
cross-encoder,PLAIN-3131,MED-3386,9.3
cross-encoder,PLAIN-3131,MED-4314,9.04
cross-encoder,PLAIN-3131,MED-2010,9.41
cross-encoder,PLAIN-3131,MED-2762,9.27
cross-encoder,PLAIN-3131,MED-2970,9.2
cross-encoder,PLAIN-3141,MED-4160,12.15
cross-encoder,PLAIN-3141,MED-831,12.17
cross-encoder,PLAIN-3141,MED-4644,11.73
cross-encoder,PLAIN-3141,MED-4698,11.32
cross-encoder,PLAIN-3141,MED-2647,11.96
cross-encoder,PLAIN-3141,MED-3795,13.58
cross-encoder,PLAIN-3141,MED-3446,12.56
cross-encoder,PLAIN-3141,MED-4159,10.47
cross-encoder,PLAIN-3141,MED-753,10.88
cross-encoder,PLAIN-3141,MED-5226,10.47
cross-encoder,PLAIN-3141,MED-4162,8.88
cross-encoder,PLAIN-3141,MED-5184,8.65
cross-encoder,PLAIN-3141,MED-4751,9.26
cross-encoder,PLAIN-3141,MED-4759,9.22
cross-encoder,PLAIN-3141,MED-1829,9.36
cross-encoder,PLAIN-3141,MED-1732,9.29
cross-encoder,PLAIN-3141,MED-1592,9.36
cross-encoder,PLAIN-3141,MED-4899,9.34
cross-encoder,PLAIN-3141,MED-4755,9.31
cross-encoder,PLAIN-3141,MED-4100,8.82
cross-encoder,PLAIN-3151,MED-4668,9.2
cross-encoder,PLAIN-3151,MED-4660,9.07
cross-encoder,PLAIN-3151,MED-4664,8.81
cross-encoder,PLAIN-3151,MED-4665,10.45
cross-encoder,PLAIN-3151,MED-3444,10.09
cross-encoder,PLAIN-3151,MED-3445,11.84
cross-encoder,PLAIN-3151,MED-4662,7.82
cross-encoder,PLAIN-3151,MED-3971,9.6
cross-encoder,PLAIN-3151,MED-4595,10.07
cross-encoder,PLAIN-3151,MED-4666,10.84
cross-encoder,PLAIN-3151,MED-4490,11.15
cross-encoder,PLAIN-3151,MED-3447,9.98
cross-encoder,PLAIN-3151,MED-4472,11.4
cross-encoder,PLAIN-3151,MED-4560,9.13
cross-encoder,PLAIN-3151,MED-2763,9.82
cross-encoder,PLAIN-3151,MED-1513,9.43
cross-encoder,PLAIN-3151,MED-1625,11.19
cross-encoder,PLAIN-3151,MED-4107,11.5
cross-encoder,PLAIN-3151,MED-3601,10.96
cross-encoder,PLAIN-3151,MED-1540,9.34
cross-encoder,PLAIN-3161,MED-4677,9.36
cross-encoder,PLAIN-3161,MED-1416,9.28
cross-encoder,PLAIN-3161,MED-899,9.81
cross-encoder,PLAIN-3161,MED-2063,9.43
cross-encoder,PLAIN-3161,MED-2055,9.72
cross-encoder,PLAIN-3161,MED-1223,9.36
cross-encoder,PLAIN-3161,MED-900,9.41
cross-encoder,PLAIN-3161,MED-2057,9.37
cross-encoder,PLAIN-3161,MED-2772,9.28
cross-encoder,PLAIN-3161,MED-4899,9.38
cross-encoder,PLAIN-3161,MED-1768,9.28
cross-encoder,PLAIN-3161,MED-901,11.66
cross-encoder,PLAIN-3161,MED-4751,8.92
cross-encoder,PLAIN-3161,MED-4173,10.68
cross-encoder,PLAIN-3161,MED-904,10.15
cross-encoder,PLAIN-3161,MED-4396,9.66
cross-encoder,PLAIN-3161,MED-2771,11.43
cross-encoder,PLAIN-3161,MED-4662,9.17
cross-encoder,PLAIN-3161,MED-4897,10.63
cross-encoder,PLAIN-3161,MED-5189,9.28
cross-encoder,PLAIN-3171,MED-5123,9.16
cross-encoder,PLAIN-3171,MED-1498,9.52
cross-encoder,PLAIN-3171,MED-2716,9.11
cross-encoder,PLAIN-3171,MED-2429,9.08
cross-encoder,PLAIN-3171,MED-3953,8.5
cross-encoder,PLAIN-3171,MED-4369,9.04
cross-encoder,PLAIN-3171,MED-4050,9.09
cross-encoder,PLAIN-3171,MED-1777,9.05
cross-encoder,PLAIN-3171,MED-4602,9.2
cross-encoder,PLAIN-3171,MED-2428,9.44
cross-encoder,PLAIN-3171,MED-2333,9.4
cross-encoder,PLAIN-3171,MED-745,10.36
cross-encoder,PLAIN-3171,MED-2112,10.29
cross-encoder,PLAIN-3171,MED-3247,10.93
cross-encoder,PLAIN-3171,MED-1483,9.24
cross-encoder,PLAIN-3171,MED-1504,9.41
cross-encoder,PLAIN-3171,MED-1754,10.96
cross-encoder,PLAIN-3171,MED-5018,11.0
cross-encoder,PLAIN-3171,MED-3601,10.87
cross-encoder,PLAIN-3171,MED-4170,12.65
cross-encoder,PLAIN-3181,MED-3942,10.37
cross-encoder,PLAIN-3181,MED-4414,10.03
cross-encoder,PLAIN-3181,MED-2970,11.89
cross-encoder,PLAIN-3181,MED-1686,8.75
cross-encoder,PLAIN-3181,MED-1500,9.72
cross-encoder,PLAIN-3181,MED-1792,11.26
cross-encoder,PLAIN-3181,MED-1695,10.59
cross-encoder,PLAIN-3181,MED-1795,10.81
cross-encoder,PLAIN-3181,MED-2453,10.93
cross-encoder,PLAIN-3181,MED-3906,14.38
cross-encoder,PLAIN-3181,MED-4496,12.12
cross-encoder,PLAIN-3181,MED-917,10.79
cross-encoder,PLAIN-3181,MED-4585,10.79
cross-encoder,PLAIN-3181,MED-4545,10.86
cross-encoder,PLAIN-3181,MED-4712,11.17
cross-encoder,PLAIN-3181,MED-3748,10.69
cross-encoder,PLAIN-3181,MED-3474,10.7
cross-encoder,PLAIN-3181,MED-5010,10.86
cross-encoder,PLAIN-3181,MED-4620,10.55
cross-encoder,PLAIN-3181,MED-3109,10.46
cross-encoder,PLAIN-3191,MED-928,11.19
cross-encoder,PLAIN-3191,MED-839,10.89
cross-encoder,PLAIN-3191,MED-1831,10.94
cross-encoder,PLAIN-3191,MED-4943,11.44
cross-encoder,PLAIN-3191,MED-2751,10.85
cross-encoder,PLAIN-3191,MED-4730,11.85
cross-encoder,PLAIN-3191,MED-4959,13.72
cross-encoder,PLAIN-3191,MED-4380,12.27
cross-encoder,PLAIN-3191,MED-4961,11.99
cross-encoder,PLAIN-3191,MED-4811,12.22
cross-encoder,PLAIN-3191,MED-5100,10.27
cross-encoder,PLAIN-3191,MED-4731,7.08
cross-encoder,PLAIN-3191,MED-1570,6.77
cross-encoder,PLAIN-3191,MED-5095,7.36
cross-encoder,PLAIN-3191,MED-118,7.17
cross-encoder,PLAIN-3191,MED-838,7.42
cross-encoder,PLAIN-3191,MED-2651,7.03
cross-encoder,PLAIN-3191,MED-4936,6.79
cross-encoder,PLAIN-3191,MED-2412,7.0
cross-encoder,PLAIN-3191,MED-4958,6.77
cross-encoder,PLAIN-3201,MED-2117,6.92
cross-encoder,PLAIN-3201,MED-2120,6.68
cross-encoder,PLAIN-3201,MED-4394,6.69
cross-encoder,PLAIN-3201,MED-5107,6.21
cross-encoder,PLAIN-3201,MED-2116,6.43
cross-encoder,PLAIN-3201,MED-4896,7.1
cross-encoder,PLAIN-3201,MED-2124,6.79
cross-encoder,PLAIN-3201,MED-4398,6.83
cross-encoder,PLAIN-3201,MED-5106,7.61
cross-encoder,PLAIN-3201,MED-4897,6.86
cross-encoder,PLAIN-3201,MED-4752,6.81
cross-encoder,PLAIN-3201,MED-2121,6.73
cross-encoder,PLAIN-3201,MED-4396,6.94
cross-encoder,PLAIN-3201,MED-2114,6.68
cross-encoder,PLAIN-3201,MED-2815,6.95
cross-encoder,PLAIN-3201,MED-2122,7.01
cross-encoder,PLAIN-3201,MED-1314,6.88
cross-encoder,PLAIN-3201,MED-3856,6.92
cross-encoder,PLAIN-3201,MED-3703,6.66
cross-encoder,PLAIN-3201,MED-4391,6.86
cross-encoder,PLAIN-3211,MED-1645,6.76
cross-encoder,PLAIN-3211,MED-2064,7.12
cross-encoder,PLAIN-3211,MED-2098,6.6
cross-encoder,PLAIN-3211,MED-4365,6.97
cross-encoder,PLAIN-3211,MED-2900,6.63
cross-encoder,PLAIN-3211,MED-5063,6.5
cross-encoder,PLAIN-3211,MED-2677,7.0
cross-encoder,PLAIN-3211,MED-5234,7.05
cross-encoder,PLAIN-3211,MED-4353,6.82
cross-encoder,PLAIN-3211,MED-759,8.66
cross-encoder,PLAIN-3211,MED-2980,7.04
cross-encoder,PLAIN-3211,MED-887,6.94
cross-encoder,PLAIN-3211,MED-1515,6.73
cross-encoder,PLAIN-3211,MED-3348,6.63
cross-encoder,PLAIN-3211,MED-2070,6.85
cross-encoder,PLAIN-3211,MED-3012,6.95
cross-encoder,PLAIN-3211,MED-2790,6.88
cross-encoder,PLAIN-3211,MED-5052,6.64
cross-encoder,PLAIN-3211,MED-1739,7.04
cross-encoder,PLAIN-3211,MED-898,6.66
cross-encoder,PLAIN-3221,MED-2212,6.54
cross-encoder,PLAIN-3221,MED-2216,6.57
cross-encoder,PLAIN-3221,MED-4580,6.94
cross-encoder,PLAIN-3221,MED-1705,6.79
cross-encoder,PLAIN-3221,MED-1499,6.98
cross-encoder,PLAIN-3221,MED-1506,6.86
cross-encoder,PLAIN-3221,MED-987,8.38
cross-encoder,PLAIN-3221,MED-1500,7.01
cross-encoder,PLAIN-3221,MED-1433,6.65
cross-encoder,PLAIN-3221,MED-4790,7.18
cross-encoder,PLAIN-3221,MED-726,7.89
cross-encoder,PLAIN-3221,MED-1699,9.25
cross-encoder,PLAIN-3221,MED-4582,7.1
cross-encoder,PLAIN-3221,MED-980,7.12
cross-encoder,PLAIN-3221,MED-4553,6.69
cross-encoder,PLAIN-3221,MED-1851,6.91
cross-encoder,PLAIN-3221,MED-1498,6.81
cross-encoder,PLAIN-3221,MED-1703,7.15
cross-encoder,PLAIN-3221,MED-985,6.74
cross-encoder,PLAIN-3221,MED-1702,6.92
cross-encoder,PLAIN-3231,MED-1105,6.8
cross-encoder,PLAIN-3231,MED-1114,6.9
cross-encoder,PLAIN-3231,MED-1109,6.97
cross-encoder,PLAIN-3231,MED-3787,7.07
cross-encoder,PLAIN-3231,MED-3193,6.86
cross-encoder,PLAIN-3231,MED-1115,6.65
cross-encoder,PLAIN-3231,MED-1104,6.93
cross-encoder,PLAIN-3231,MED-1107,6.68
cross-encoder,PLAIN-3231,MED-1113,6.69
cross-encoder,PLAIN-3231,MED-1106,6.71
cross-encoder,PLAIN-3231,MED-5188,6.68
cross-encoder,PLAIN-3231,MED-4485,6.82
cross-encoder,PLAIN-3231,MED-1111,6.9
cross-encoder,PLAIN-3231,MED-5035,6.85
cross-encoder,PLAIN-3231,MED-5195,6.86
cross-encoder,PLAIN-3231,MED-4057,6.95
cross-encoder,PLAIN-3231,MED-5235,6.78
cross-encoder,PLAIN-3231,MED-4482,6.76
cross-encoder,PLAIN-3231,MED-1108,6.95
cross-encoder,PLAIN-3231,MED-847,6.9
cross-encoder,PLAIN-3241,MED-2821,7.82
cross-encoder,PLAIN-3241,MED-735,7.01
cross-encoder,PLAIN-3241,MED-5256,6.8
cross-encoder,PLAIN-3241,MED-2270,7.0
cross-encoder,PLAIN-3241,MED-721,6.84
cross-encoder,PLAIN-3241,MED-2809,6.92
cross-encoder,PLAIN-3241,MED-722,6.29
cross-encoder,PLAIN-3241,MED-2281,7.02
cross-encoder,PLAIN-3241,MED-2788,7.06
cross-encoder,PLAIN-3241,MED-2287,6.82
cross-encoder,PLAIN-3241,MED-720,6.62
cross-encoder,PLAIN-3241,MED-731,6.69
cross-encoder,PLAIN-3241,MED-4841,7.0
cross-encoder,PLAIN-3241,MED-1041,8.61
cross-encoder,PLAIN-3241,MED-733,9.52
cross-encoder,PLAIN-3241,MED-1947,8.6
cross-encoder,PLAIN-3241,MED-3705,6.75
cross-encoder,PLAIN-3241,MED-2279,6.79
cross-encoder,PLAIN-3241,MED-1295,6.96
cross-encoder,PLAIN-3241,MED-4498,6.58
cross-encoder,PLAIN-3251,MED-5236,7.07
cross-encoder,PLAIN-3251,MED-4261,6.63
cross-encoder,PLAIN-3251,MED-3699,6.78
cross-encoder,PLAIN-3251,MED-4278,6.67
cross-encoder,PLAIN-3251,MED-1380,6.68
cross-encoder,PLAIN-3251,MED-3435,6.83
cross-encoder,PLAIN-3251,MED-4243,6.75
cross-encoder,PLAIN-3251,MED-4247,6.92
cross-encoder,PLAIN-3251,MED-5145,6.85
cross-encoder,PLAIN-3251,MED-4616,6.72
cross-encoder,PLAIN-3251,MED-1483,6.57
cross-encoder,PLAIN-3251,MED-3314,6.66
cross-encoder,PLAIN-3251,MED-3854,6.63
cross-encoder,PLAIN-3251,MED-1817,6.87
cross-encoder,PLAIN-3251,MED-3439,6.51
cross-encoder,PLAIN-3251,MED-3436,6.57
cross-encoder,PLAIN-3251,MED-1529,6.62
cross-encoder,PLAIN-3251,MED-745,6.63
cross-encoder,PLAIN-3251,MED-4255,6.92
cross-encoder,PLAIN-3251,MED-5268,6.76
cross-encoder,PLAIN-3261,MED-5158,6.7
cross-encoder,PLAIN-3261,MED-5157,6.66
cross-encoder,PLAIN-3261,MED-945,6.76
cross-encoder,PLAIN-3261,MED-4251,6.32
cross-encoder,PLAIN-3261,MED-3489,6.84
cross-encoder,PLAIN-3261,MED-2349,6.62
cross-encoder,PLAIN-3261,MED-743,6.74
cross-encoder,PLAIN-3261,MED-3766,6.71
cross-encoder,PLAIN-3261,MED-949,7.36
cross-encoder,PLAIN-3261,MED-5138,6.69
cross-encoder,PLAIN-3261,MED-1126,6.48
cross-encoder,PLAIN-3261,MED-3750,7.48
cross-encoder,PLAIN-3261,MED-2891,10.5
cross-encoder,PLAIN-3261,MED-4873,11.41
cross-encoder,PLAIN-3261,MED-3102,9.4
cross-encoder,PLAIN-3261,MED-4157,6.87
cross-encoder,PLAIN-3261,MED-3618,6.6
cross-encoder,PLAIN-3261,MED-3832,6.63
cross-encoder,PLAIN-3261,MED-1240,6.64
cross-encoder,PLAIN-3261,MED-820,6.72
cross-encoder,PLAIN-3271,MED-4823,6.67
cross-encoder,PLAIN-3271,MED-4450,7.76
cross-encoder,PLAIN-3271,MED-1556,6.63
cross-encoder,PLAIN-3271,MED-4069,6.61
cross-encoder,PLAIN-3271,MED-3878,6.66
cross-encoder,PLAIN-3271,MED-3862,6.75
cross-encoder,PLAIN-3271,MED-2434,6.9
cross-encoder,PLAIN-3271,MED-4233,6.79
cross-encoder,PLAIN-3271,MED-1455,6.7
cross-encoder,PLAIN-3271,MED-4556,6.62
cross-encoder,PLAIN-3271,MED-3243,6.63
cross-encoder,PLAIN-3271,MED-3790,6.69
cross-encoder,PLAIN-3271,MED-1068,6.73
cross-encoder,PLAIN-3271,MED-3874,6.74
cross-encoder,PLAIN-3271,MED-3245,6.59
cross-encoder,PLAIN-3271,MED-1454,6.71
cross-encoder,PLAIN-3271,MED-4885,6.75
cross-encoder,PLAIN-3271,MED-1873,6.65
cross-encoder,PLAIN-3271,MED-4278,6.65
cross-encoder,PLAIN-3271,MED-1072,6.82
cross-encoder,PLAIN-3281,MED-4909,6.76
cross-encoder,PLAIN-3281,MED-3087,6.7
cross-encoder,PLAIN-3281,MED-1850,6.66
cross-encoder,PLAIN-3281,MED-1851,6.9
cross-encoder,PLAIN-3281,MED-1841,6.67
cross-encoder,PLAIN-3281,MED-2264,6.94
cross-encoder,PLAIN-3281,MED-1844,6.74
cross-encoder,PLAIN-3281,MED-2906,6.89
cross-encoder,PLAIN-3281,MED-1849,6.76
cross-encoder,PLAIN-3281,MED-5198,7.11
cross-encoder,PLAIN-3281,MED-1843,6.79
cross-encoder,PLAIN-3281,MED-1839,7.36
cross-encoder,PLAIN-3281,MED-5097,6.97
cross-encoder,PLAIN-3281,MED-1845,6.65
cross-encoder,PLAIN-3281,MED-2353,6.75
cross-encoder,PLAIN-3281,MED-1852,6.64
cross-encoder,PLAIN-3281,MED-3601,9.34
cross-encoder,PLAIN-3281,MED-4908,7.56
cross-encoder,PLAIN-3281,MED-1848,7.01
cross-encoder,PLAIN-3281,MED-2747,6.94
cross-encoder,PLAIN-3292,MED-2761,6.7
cross-encoder,PLAIN-3292,MED-4925,6.69
cross-encoder,PLAIN-3292,MED-2759,6.66
cross-encoder,PLAIN-3292,MED-4645,6.78
cross-encoder,PLAIN-3292,MED-2757,6.69
cross-encoder,PLAIN-3292,MED-2758,6.73
cross-encoder,PLAIN-3292,MED-2762,7.56
cross-encoder,PLAIN-3292,MED-951,7.43
cross-encoder,PLAIN-3292,MED-950,6.68
cross-encoder,PLAIN-3292,MED-4924,6.8
cross-encoder,PLAIN-3292,MED-2760,6.72
cross-encoder,PLAIN-3292,MED-4600,6.61
cross-encoder,PLAIN-3292,MED-4366,6.66
cross-encoder,PLAIN-3292,MED-3109,6.43
cross-encoder,PLAIN-3292,MED-4647,6.99
cross-encoder,PLAIN-3292,MED-4087,6.63
cross-encoder,PLAIN-3292,MED-2291,6.63
cross-encoder,PLAIN-3292,MED-4695,6.55
cross-encoder,PLAIN-3292,MED-4236,9.05
cross-encoder,PLAIN-3292,MED-4872,9.13
cross-encoder,PLAIN-3302,MED-4959,7.78
cross-encoder,PLAIN-3302,MED-2907,6.73
cross-encoder,PLAIN-3302,MED-3029,6.7
cross-encoder,PLAIN-3302,MED-3592,7.07
cross-encoder,PLAIN-3302,MED-1572,6.54
cross-encoder,PLAIN-3302,MED-5100,6.66
cross-encoder,PLAIN-3302,MED-4735,6.7
cross-encoder,PLAIN-3302,MED-4934,6.77
cross-encoder,PLAIN-3302,MED-1573,6.58
cross-encoder,PLAIN-3302,MED-3783,6.78
cross-encoder,PLAIN-3302,MED-5099,6.67
cross-encoder,PLAIN-3302,MED-4944,6.9
cross-encoder,PLAIN-3302,MED-4966,6.8
cross-encoder,PLAIN-3302,MED-3012,6.98
cross-encoder,PLAIN-3302,MED-2410,6.78
cross-encoder,PLAIN-3302,MED-4733,7.03
cross-encoder,PLAIN-3302,MED-2397,6.72
cross-encoder,PLAIN-3302,MED-1568,6.4
cross-encoder,PLAIN-3302,MED-4961,6.61
cross-encoder,PLAIN-3302,MED-3034,6.92
cross-encoder,PLAIN-3312,MED-4360,6.74
cross-encoder,PLAIN-3312,MED-4961,7.86
cross-encoder,PLAIN-3312,MED-4966,6.93
cross-encoder,PLAIN-3312,MED-4959,6.8
cross-encoder,PLAIN-3312,MED-1570,6.72
cross-encoder,PLAIN-3312,MED-4380,6.84
cross-encoder,PLAIN-3312,MED-1572,6.75
cross-encoder,PLAIN-3312,MED-4968,6.89
cross-encoder,PLAIN-3312,MED-1569,6.37
cross-encoder,PLAIN-3312,MED-3717,6.44
cross-encoder,PLAIN-3312,MED-3783,6.85
cross-encoder,PLAIN-3312,MED-1573,6.76
cross-encoder,PLAIN-3312,MED-3561,6.8
cross-encoder,PLAIN-3312,MED-5097,6.8
cross-encoder,PLAIN-3312,MED-5100,6.8
cross-encoder,PLAIN-3312,MED-3592,7.09
cross-encoder,PLAIN-3312,MED-4791,6.66
cross-encoder,PLAIN-3312,MED-4958,6.77
cross-encoder,PLAIN-3312,MED-4376,6.8
cross-encoder,PLAIN-3312,MED-4807,6.95
cross-encoder,PLAIN-3322,MED-4714,8.57
cross-encoder,PLAIN-3322,MED-5111,8.42
cross-encoder,PLAIN-3322,MED-1151,6.77
cross-encoder,PLAIN-3322,MED-5066,7.36
cross-encoder,PLAIN-3322,MED-3862,6.64
cross-encoder,PLAIN-3322,MED-4486,6.71
cross-encoder,PLAIN-3322,MED-2696,6.94
cross-encoder,PLAIN-3322,MED-2577,6.91
cross-encoder,PLAIN-3322,MED-2584,6.85
cross-encoder,PLAIN-3322,MED-5191,6.76
cross-encoder,PLAIN-3322,MED-3782,6.68
cross-encoder,PLAIN-3322,MED-4741,7.09
cross-encoder,PLAIN-3322,MED-5349,6.75
cross-encoder,PLAIN-3322,MED-2174,6.87
cross-encoder,PLAIN-3322,MED-4861,6.67
cross-encoder,PLAIN-3322,MED-3557,6.74
cross-encoder,PLAIN-3322,MED-4823,6.66
cross-encoder,PLAIN-3322,MED-2139,6.82
cross-encoder,PLAIN-3322,MED-4070,6.65
cross-encoder,PLAIN-3322,MED-861,6.74
cross-encoder,PLAIN-3332,MED-3696,6.78
cross-encoder,PLAIN-3332,MED-4994,6.83
cross-encoder,PLAIN-3332,MED-3762,6.69
cross-encoder,PLAIN-3332,MED-1680,6.81
cross-encoder,PLAIN-3332,MED-3763,7.02
cross-encoder,PLAIN-3332,MED-4622,6.64
cross-encoder,PLAIN-3332,MED-1646,7.3
cross-encoder,PLAIN-3332,MED-3768,7.82
cross-encoder,PLAIN-3332,MED-3766,8.44
cross-encoder,PLAIN-3332,MED-5293,8.87
cross-encoder,PLAIN-3332,MED-4445,7.69
cross-encoder,PLAIN-3332,MED-5100,7.88
cross-encoder,PLAIN-3332,MED-3765,7.46
cross-encoder,PLAIN-3332,MED-3767,7.88
cross-encoder,PLAIN-3332,MED-2237,7.69
cross-encoder,PLAIN-3332,MED-4365,11.89
cross-encoder,PLAIN-3332,MED-1677,12.62
cross-encoder,PLAIN-3332,MED-2437,12.59
cross-encoder,PLAIN-3332,MED-2160,7.9
cross-encoder,PLAIN-3332,MED-3700,8.02
cross-encoder,PLAIN-3342,MED-5012,7.74
cross-encoder,PLAIN-3342,MED-4000,7.84
cross-encoder,PLAIN-3342,MED-5014,7.68
cross-encoder,PLAIN-3342,MED-4001,7.73
cross-encoder,PLAIN-3342,MED-5015,7.08
cross-encoder,PLAIN-3342,MED-5016,7.47
cross-encoder,PLAIN-3342,MED-2772,7.36
cross-encoder,PLAIN-3342,MED-4002,7.29
cross-encoder,PLAIN-3342,MED-1337,6.67
cross-encoder,PLAIN-3342,MED-5013,6.95
cross-encoder,PLAIN-3342,MED-5189,6.76
cross-encoder,PLAIN-3342,MED-2291,6.94
cross-encoder,PLAIN-3342,MED-4004,7.3
cross-encoder,PLAIN-3342,MED-904,7.08
cross-encoder,PLAIN-3342,MED-4899,6.82
cross-encoder,PLAIN-3342,MED-4902,7.07
cross-encoder,PLAIN-3342,MED-4682,7.07
cross-encoder,PLAIN-3342,MED-2771,6.91
cross-encoder,PLAIN-3342,MED-1340,7.11
cross-encoder,PLAIN-3342,MED-2136,8.89
cross-encoder,PLAIN-3352,MED-3515,9.18
cross-encoder,PLAIN-3352,MED-3663,9.17
cross-encoder,PLAIN-3352,MED-4247,7.85
cross-encoder,PLAIN-3352,MED-4243,7.76
cross-encoder,PLAIN-3352,MED-4616,7.69
cross-encoder,PLAIN-3352,MED-4789,7.68
cross-encoder,PLAIN-3352,MED-2724,7.54
cross-encoder,PLAIN-3352,MED-4315,7.5
cross-encoder,PLAIN-3352,MED-2047,7.71
cross-encoder,PLAIN-3352,MED-4613,7.65
cross-encoder,PLAIN-3352,MED-4255,7.78
cross-encoder,PLAIN-3352,MED-5290,7.63
cross-encoder,PLAIN-3352,MED-2050,7.8
cross-encoder,PLAIN-3352,MED-1548,7.7
cross-encoder,PLAIN-3352,MED-5026,7.72
cross-encoder,PLAIN-3352,MED-5151,7.05
cross-encoder,PLAIN-3352,MED-3460,6.85
cross-encoder,PLAIN-3352,MED-3504,6.73
cross-encoder,PLAIN-3352,MED-3316,7.11
cross-encoder,PLAIN-3352,MED-5248,6.87
cross-encoder,PLAIN-3362,MED-5042,6.98
cross-encoder,PLAIN-3362,MED-2780,8.29
cross-encoder,PLAIN-3362,MED-4533,6.8
cross-encoder,PLAIN-3362,MED-2227,6.63
cross-encoder,PLAIN-3362,MED-4529,7.05
cross-encoder,PLAIN-3362,MED-5041,7.43
cross-encoder,PLAIN-3362,MED-4534,6.85
cross-encoder,PLAIN-3362,MED-4544,7.36
cross-encoder,PLAIN-3362,MED-3607,7.75
cross-encoder,PLAIN-3362,MED-712,7.67
cross-encoder,PLAIN-3362,MED-2468,7.26
cross-encoder,PLAIN-3362,MED-818,8.6
cross-encoder,PLAIN-3362,MED-2810,8.19
cross-encoder,PLAIN-3362,MED-706,7.75
cross-encoder,PLAIN-3362,MED-820,7.82
cross-encoder,PLAIN-3362,MED-744,7.8
cross-encoder,PLAIN-3362,MED-828,7.8
cross-encoder,PLAIN-3362,MED-4712,7.74
cross-encoder,PLAIN-3362,MED-2792,7.69
cross-encoder,PLAIN-3362,MED-711,7.85
cross-encoder,PLAIN-3372,MED-4868,7.66
cross-encoder,PLAIN-3372,MED-1625,7.65
cross-encoder,PLAIN-3372,MED-5054,7.72
cross-encoder,PLAIN-3372,MED-1627,7.8
cross-encoder,PLAIN-3372,MED-5053,8.03
cross-encoder,PLAIN-3372,MED-1108,7.7
cross-encoder,PLAIN-3372,MED-4126,7.02
cross-encoder,PLAIN-3372,MED-1624,7.02
cross-encoder,PLAIN-3372,MED-1630,7.04
cross-encoder,PLAIN-3372,MED-2490,7.26
cross-encoder,PLAIN-3372,MED-4120,6.99
cross-encoder,PLAIN-3372,MED-2191,7.0
cross-encoder,PLAIN-3372,MED-4994,6.78
cross-encoder,PLAIN-3372,MED-5056,7.67
cross-encoder,PLAIN-3372,MED-1743,7.7
cross-encoder,PLAIN-3372,MED-3535,10.73
cross-encoder,PLAIN-3372,MED-4822,9.53
cross-encoder,PLAIN-3372,MED-1708,9.68
cross-encoder,PLAIN-3372,MED-4028,8.97
cross-encoder,PLAIN-3372,MED-1626,6.76
cross-encoder,PLAIN-3382,MED-3381,6.85
cross-encoder,PLAIN-3382,MED-1625,6.7
cross-encoder,PLAIN-3382,MED-3380,6.86
cross-encoder,PLAIN-3382,MED-5054,6.82
cross-encoder,PLAIN-3382,MED-3359,6.69
cross-encoder,PLAIN-3382,MED-3382,7.07
cross-encoder,PLAIN-3382,MED-2924,6.66
cross-encoder,PLAIN-3382,MED-887,6.84
cross-encoder,PLAIN-3382,MED-4332,7.58
cross-encoder,PLAIN-3382,MED-5062,6.85
cross-encoder,PLAIN-3382,MED-1108,6.95
cross-encoder,PLAIN-3382,MED-2618,6.86
cross-encoder,PLAIN-3382,MED-3109,6.4
cross-encoder,PLAIN-3382,MED-2939,6.99
cross-encoder,PLAIN-3382,MED-5063,6.0
cross-encoder,PLAIN-3382,MED-2994,6.33
cross-encoder,PLAIN-3382,MED-4385,7.48
cross-encoder,PLAIN-3382,MED-2616,6.85
cross-encoder,PLAIN-3382,MED-1407,6.76
cross-encoder,PLAIN-3382,MED-4604,6.8
cross-encoder,PLAIN-3392,MED-1646,6.7
cross-encoder,PLAIN-3392,MED-4994,6.68
cross-encoder,PLAIN-3392,MED-3533,6.71
cross-encoder,PLAIN-3392,MED-3763,7.26
cross-encoder,PLAIN-3392,MED-1844,7.12
cross-encoder,PLAIN-3392,MED-1710,6.64
cross-encoder,PLAIN-3392,MED-5050,6.67
cross-encoder,PLAIN-3392,MED-5249,6.61
cross-encoder,PLAIN-3392,MED-4587,6.8
cross-encoder,PLAIN-3392,MED-5046,6.66
cross-encoder,PLAIN-3392,MED-1637,6.89
cross-encoder,PLAIN-3392,MED-2155,6.87
cross-encoder,PLAIN-3392,MED-5244,6.62
cross-encoder,PLAIN-3392,MED-870,6.69
cross-encoder,PLAIN-3392,MED-5243,6.66
cross-encoder,PLAIN-3392,MED-4050,6.6
cross-encoder,PLAIN-3392,MED-3588,6.67
cross-encoder,PLAIN-3392,MED-1707,6.58
cross-encoder,PLAIN-3392,MED-5041,6.79
cross-encoder,PLAIN-3392,MED-1627,8.35
cross-encoder,PLAIN-3402,MED-2951,6.64
cross-encoder,PLAIN-3402,MED-4413,6.8
cross-encoder,PLAIN-3402,MED-4689,6.68
cross-encoder,PLAIN-3402,MED-4523,6.73
cross-encoder,PLAIN-3402,MED-887,6.69
cross-encoder,PLAIN-3402,MED-5056,6.99
cross-encoder,PLAIN-3402,MED-2696,6.98
cross-encoder,PLAIN-3402,MED-2285,6.65
cross-encoder,PLAIN-3402,MED-4149,6.49
cross-encoder,PLAIN-3402,MED-4516,6.66
cross-encoder,PLAIN-3402,MED-2223,6.65
cross-encoder,PLAIN-3402,MED-4047,7.93
cross-encoder,PLAIN-3402,MED-2693,10.68
cross-encoder,PLAIN-3402,MED-3744,11.4
cross-encoder,PLAIN-3402,MED-2695,9.26
cross-encoder,PLAIN-3402,MED-4165,6.83
cross-encoder,PLAIN-3402,MED-4686,6.89
cross-encoder,PLAIN-3402,MED-4901,6.92
cross-encoder,PLAIN-3402,MED-4522,7.12
cross-encoder,PLAIN-3402,MED-3451,6.58
cross-encoder,PLAIN-3412,MED-4682,6.6
cross-encoder,PLAIN-3412,MED-3227,6.73
cross-encoder,PLAIN-3412,MED-3233,6.69
cross-encoder,PLAIN-3412,MED-4894,6.73
cross-encoder,PLAIN-3412,MED-936,6.7
cross-encoder,PLAIN-3412,MED-1339,6.59
cross-encoder,PLAIN-3412,MED-3229,6.99
cross-encoder,PLAIN-3412,MED-3216,6.58
cross-encoder,PLAIN-3412,MED-1135,6.65
cross-encoder,PLAIN-3412,MED-1791,6.63
cross-encoder,PLAIN-3412,MED-2053,6.66
cross-encoder,PLAIN-3412,MED-3232,6.63
cross-encoder,PLAIN-3412,MED-5192,6.71
cross-encoder,PLAIN-3412,MED-3918,6.96
cross-encoder,PLAIN-3412,MED-2264,6.63
cross-encoder,PLAIN-3412,MED-1136,7.13
cross-encoder,PLAIN-3412,MED-4898,6.63
cross-encoder,PLAIN-3412,MED-4469,6.64
cross-encoder,PLAIN-3412,MED-4373,6.39
cross-encoder,PLAIN-3412,MED-3215,6.59
cross-encoder,PLAIN-3422,MED-2761,6.64
cross-encoder,PLAIN-3422,MED-2762,8.58
cross-encoder,PLAIN-3422,MED-4930,6.36
cross-encoder,PLAIN-3422,MED-3157,6.52
cross-encoder,PLAIN-3422,MED-4872,6.6
cross-encoder,PLAIN-3422,MED-4929,6.62
cross-encoder,PLAIN-3422,MED-4645,6.67
cross-encoder,PLAIN-3422,MED-4566,6.7
cross-encoder,PLAIN-3422,MED-4511,6.83
cross-encoder,PLAIN-3422,MED-5136,6.75
cross-encoder,PLAIN-3422,MED-2452,6.73
cross-encoder,PLAIN-3422,MED-4366,6.61
cross-encoder,PLAIN-3422,MED-4373,6.62
cross-encoder,PLAIN-3422,MED-4873,6.78
cross-encoder,PLAIN-3422,MED-4647,6.63
cross-encoder,PLAIN-3422,MED-714,6.89
cross-encoder,PLAIN-3422,MED-4924,6.78
cross-encoder,PLAIN-3422,MED-3988,6.67
cross-encoder,PLAIN-3422,MED-5131,7.4
cross-encoder,PLAIN-3422,MED-2942,7.9
cross-encoder,PLAIN-3432,MED-2227,6.57
cross-encoder,PLAIN-3432,MED-4336,6.73
cross-encoder,PLAIN-3432,MED-5283,6.98
cross-encoder,PLAIN-3432,MED-5040,6.68
cross-encoder,PLAIN-3432,MED-4782,6.66
cross-encoder,PLAIN-3432,MED-5038,6.41
cross-encoder,PLAIN-3432,MED-2223,6.63
cross-encoder,PLAIN-3432,MED-5284,7.13
cross-encoder,PLAIN-3432,MED-2224,6.62
cross-encoder,PLAIN-3432,MED-3166,6.99
cross-encoder,PLAIN-3432,MED-2225,7.07
cross-encoder,PLAIN-3432,MED-5289,6.72
cross-encoder,PLAIN-3432,MED-4600,6.7
cross-encoder,PLAIN-3432,MED-2228,6.86
cross-encoder,PLAIN-3432,MED-5286,6.81
cross-encoder,PLAIN-3432,MED-4822,7.02
cross-encoder,PLAIN-3432,MED-5287,6.85
cross-encoder,PLAIN-3432,MED-5151,7.0
cross-encoder,PLAIN-3432,MED-4335,6.71
cross-encoder,PLAIN-3432,MED-1534,6.55
cross-encoder,PLAIN-3442,MED-2201,6.51
cross-encoder,PLAIN-3442,MED-3369,6.76
cross-encoder,PLAIN-3442,MED-3371,6.73
cross-encoder,PLAIN-3442,MED-5076,6.68
cross-encoder,PLAIN-3442,MED-2066,6.95
cross-encoder,PLAIN-3442,MED-4714,6.59
cross-encoder,PLAIN-3442,MED-4496,6.97
cross-encoder,PLAIN-3442,MED-4861,6.86
cross-encoder,PLAIN-3442,MED-759,7.12
cross-encoder,PLAIN-3442,MED-3474,6.68
cross-encoder,PLAIN-3442,MED-3480,6.59
cross-encoder,PLAIN-3442,MED-2098,6.72
cross-encoder,PLAIN-3442,MED-1604,6.58
cross-encoder,PLAIN-3442,MED-3620,7.91
cross-encoder,PLAIN-3442,MED-3485,6.57
cross-encoder,PLAIN-3442,MED-5026,6.89
cross-encoder,PLAIN-3442,MED-3370,6.65
cross-encoder,PLAIN-3442,MED-4393,6.5
cross-encoder,PLAIN-3442,MED-2064,6.84
cross-encoder,PLAIN-3442,MED-1686,6.94
cross-encoder,PLAIN-3452,MED-1049,5.94
cross-encoder,PLAIN-3452,MED-5175,6.78
cross-encoder,PLAIN-3452,MED-1035,6.41
cross-encoder,PLAIN-3452,MED-1048,6.59
cross-encoder,PLAIN-3452,MED-1031,6.71
cross-encoder,PLAIN-3452,MED-4810,8.27
cross-encoder,PLAIN-3452,MED-1034,9.24
cross-encoder,PLAIN-3452,MED-1029,7.91
cross-encoder,PLAIN-3452,MED-4638,6.89
cross-encoder,PLAIN-3452,MED-2055,6.59
cross-encoder,PLAIN-3452,MED-1040,6.71
cross-encoder,PLAIN-3452,MED-2100,6.85
cross-encoder,PLAIN-3452,MED-4641,6.9
cross-encoder,PLAIN-3452,MED-1007,6.49
cross-encoder,PLAIN-3452,MED-4325,6.84
cross-encoder,PLAIN-3452,MED-949,6.54
cross-encoder,PLAIN-3452,MED-4637,6.33
cross-encoder,PLAIN-3452,MED-4517,6.73
cross-encoder,PLAIN-3452,MED-1033,6.55
cross-encoder,PLAIN-3452,MED-4639,6.85
cross-encoder,PLAIN-3462,MED-5271,6.54
cross-encoder,PLAIN-3462,MED-1373,6.65
cross-encoder,PLAIN-3462,MED-1390,7.35
cross-encoder,PLAIN-3462,MED-5260,6.76
cross-encoder,PLAIN-3462,MED-5274,7.1
cross-encoder,PLAIN-3462,MED-5263,6.72
cross-encoder,PLAIN-3462,MED-5269,6.7
cross-encoder,PLAIN-3462,MED-5153,6.85
cross-encoder,PLAIN-3462,MED-5273,6.85
cross-encoder,PLAIN-3462,MED-5268,6.8
cross-encoder,PLAIN-3462,MED-1363,6.56
cross-encoder,PLAIN-3462,MED-4006,6.63
cross-encoder,PLAIN-3462,MED-5272,6.69
cross-encoder,PLAIN-3462,MED-1394,6.49
cross-encoder,PLAIN-3462,MED-3432,6.74
cross-encoder,PLAIN-3462,MED-2378,6.62
cross-encoder,PLAIN-3462,MED-5262,6.82
cross-encoder,PLAIN-3462,MED-4249,6.52
cross-encoder,PLAIN-3462,MED-4709,6.74
cross-encoder,PLAIN-3462,MED-5261,6.82
cross-encoder,PLAIN-3472,MED-3755,6.25
cross-encoder,PLAIN-3472,MED-3760,7.91
cross-encoder,PLAIN-3472,MED-2928,6.58
cross-encoder,PLAIN-3472,MED-3757,6.54
cross-encoder,PLAIN-3472,MED-3759,6.86
cross-encoder,PLAIN-3472,MED-3604,6.51
cross-encoder,PLAIN-3472,MED-1350,6.55
cross-encoder,PLAIN-3472,MED-2525,6.84
cross-encoder,PLAIN-3472,MED-2112,6.56
cross-encoder,PLAIN-3472,MED-2923,6.65
cross-encoder,PLAIN-3472,MED-3625,6.32
cross-encoder,PLAIN-3472,MED-2082,6.53
cross-encoder,PLAIN-3472,MED-2284,6.61
cross-encoder,PLAIN-3472,MED-3603,6.57
cross-encoder,PLAIN-3472,MED-2527,6.89
cross-encoder,PLAIN-3472,MED-3636,6.65
cross-encoder,PLAIN-3472,MED-1097,6.65
cross-encoder,PLAIN-3472,MED-3374,6.72
cross-encoder,PLAIN-3472,MED-2744,8.56
cross-encoder,PLAIN-3472,MED-3382,10.5
