method,score,calls
cross-encoder,-11.395820617675781,1
cross-encoder,-11.367186546325684,1
cross-encoder,-11.357973098754883,1
cross-encoder,-11.354768753051758,1
cross-encoder,-11.346790313720703,1
cross-encoder,-11.3453369140625,1
cross-encoder,-11.34213638305664,1
cross-encoder,-11.340600967407227,1
cross-encoder,-11.339104652404785,1
cross-encoder,-11.336459159851074,1
cross-encoder,-11.335810661315918,1
cross-encoder,-11.329732894897461,1
cross-encoder,-11.329174041748047,1
cross-encoder,-11.322338104248047,1
cross-encoder,-11.32172966003418,1
cross-encoder,-11.319700241088867,1
cross-encoder,-11.31575870513916,1
cross-encoder,-11.314359664916992,1
cross-encoder,-11.312806129455566,1
cross-encoder,-11.302509307861328,1
cross-encoder,-11.301492691040039,1
cross-encoder,-11.301409721374512,1
cross-encoder,-11.301368713378906,1
cross-encoder,-11.294845581054688,1
cross-encoder,-11.294126510620117,1
cross-encoder,-11.293784141540527,1
cross-encoder,-11.293327331542969,1
cross-encoder,-11.293313980102539,1
cross-encoder,-11.29205322265625,1
cross-encoder,-11.287680625915527,1
cross-encoder,-11.284462928771973,1
cross-encoder,-11.284111022949219,1
cross-encoder,-11.282869338989258,1
cross-encoder,-11.279399871826172,1
cross-encoder,-11.27568244934082,1
cross-encoder,-11.274087905883789,1
cross-encoder,-11.270806312561035,1
cross-encoder,-11.270013809204102,1
cross-encoder,-11.265271186828613,1
cross-encoder,-11.264825820922852,1
cross-encoder,-11.264335632324219,1
cross-encoder,-11.263864517211914,1
cross-encoder,-11.26194953918457,1
cross-encoder,-11.261685371398926,1
cross-encoder,-11.261579513549805,1
cross-encoder,-11.261466979980469,1
cross-encoder,-11.260696411132812,1
cross-encoder,-11.260391235351562,1
cross-encoder,-11.25973892211914,1
cross-encoder,-11.257806777954102,1
cross-encoder,-11.25642204284668,1
cross-encoder,-11.253040313720703,1
cross-encoder,-11.252372741699219,1
cross-encoder,-11.251969337463379,1
cross-encoder,-11.251845359802246,1
cross-encoder,-11.25018310546875,1
cross-encoder,-11.247736930847168,1
cross-encoder,-11.247525215148926,1
cross-encoder,-11.24650764465332,1
cross-encoder,-11.24328327178955,1
cross-encoder,-11.243175506591797,1
cross-encoder,-11.242643356323242,1
cross-encoder,-11.24139404296875,1
cross-encoder,-11.240959167480469,1
cross-encoder,-11.240769386291504,1
cross-encoder,-11.240466117858887,1
cross-encoder,-11.239518165588379,1
cross-encoder,-11.237346649169922,1
cross-encoder,-11.237109184265137,1
cross-encoder,-11.236368179321289,1
cross-encoder,-11.232950210571289,1
cross-encoder,-11.231943130493164,1
cross-encoder,-11.23192024230957,1
cross-encoder,-11.230766296386719,1
cross-encoder,-11.230228424072266,1
cross-encoder,-11.229166984558105,1
cross-encoder,-11.227638244628906,1
cross-encoder,-11.226964950561523,1
cross-encoder,-11.226720809936523,1
cross-encoder,-11.22590160369873,1
cross-encoder,-11.225481033325195,1
cross-encoder,-11.22497272491455,1
cross-encoder,-11.224719047546387,1
cross-encoder,-11.224003791809082,1
cross-encoder,-11.223796844482422,1
cross-encoder,-11.220510482788086,1
cross-encoder,-11.21964168548584,1
cross-encoder,-11.217435836791992,1
cross-encoder,-11.215764999389648,1
cross-encoder,-11.21511459350586,1
cross-encoder,-11.212923049926758,1
cross-encoder,-11.212153434753418,1
cross-encoder,-11.211137771606445,1
cross-encoder,-11.210121154785156,1
cross-encoder,-11.209565162658691,1
cross-encoder,-11.209434509277344,1
cross-encoder,-11.20920181274414,1
cross-encoder,-11.20895004272461,1
cross-encoder,-11.207656860351562,1
cross-encoder,-11.206220626831055,1
cross-encoder,-11.205629348754883,1
cross-encoder,-11.205366134643555,1
cross-encoder,-11.203941345214844,1
cross-encoder,-11.202787399291992,1
cross-encoder,-11.202085494995117,1
cross-encoder,-11.201983451843262,1
cross-encoder,-11.200602531433105,1
cross-encoder,-11.2002592086792,1
cross-encoder,-11.199749946594238,1
cross-encoder,-11.198221206665039,1
cross-encoder,-11.198028564453125,1
cross-encoder,-11.197402954101562,1
cross-encoder,-11.197348594665527,2
cross-encoder,-11.196971893310547,1
cross-encoder,-11.196548461914062,1
cross-encoder,-11.196353912353516,1
cross-encoder,-11.195302963256836,1
cross-encoder,-11.195027351379395,1
cross-encoder,-11.193273544311523,1
cross-encoder,-11.192054748535156,1
cross-encoder,-11.191251754760742,1
cross-encoder,-11.191009521484375,1
cross-encoder,-11.190084457397461,1
cross-encoder,-11.189685821533203,1
cross-encoder,-11.189294815063477,1
cross-encoder,-11.188701629638672,1
cross-encoder,-11.188318252563477,1
cross-encoder,-11.187850952148438,1
cross-encoder,-11.187623977661133,1
cross-encoder,-11.187589645385742,1
cross-encoder,-11.187002182006836,1
cross-encoder,-11.1865234375,1
cross-encoder,-11.183235168457031,1
cross-encoder,-11.183019638061523,1
cross-encoder,-11.180885314941406,1
cross-encoder,-11.180235862731934,1
cross-encoder,-11.18005657196045,1
cross-encoder,-11.179668426513672,1
cross-encoder,-11.178922653198242,1
cross-encoder,-11.178791046142578,1
cross-encoder,-11.177923202514648,1
cross-encoder,-11.17640209197998,1
cross-encoder,-11.174154281616211,1
cross-encoder,-11.173585891723633,1
cross-encoder,-11.173421859741211,1
cross-encoder,-11.173303604125977,1
cross-encoder,-11.172280311584473,1
cross-encoder,-11.171160697937012,1
cross-encoder,-11.170201301574707,1
cross-encoder,-11.170127868652344,1
cross-encoder,-11.16969108581543,1
cross-encoder,-11.16690444946289,1
cross-encoder,-11.166440963745117,1
cross-encoder,-11.165000915527344,1
cross-encoder,-11.16493034362793,1
cross-encoder,-11.16404914855957,1
cross-encoder,-11.163469314575195,1
cross-encoder,-11.162826538085938,1
cross-encoder,-11.159357070922852,1
cross-encoder,-11.15877914428711,1
cross-encoder,-11.157539367675781,1
cross-encoder,-11.155998229980469,1
cross-encoder,-11.155290603637695,1
cross-encoder,-11.155251502990723,1
cross-encoder,-11.154723167419434,1
cross-encoder,-11.154275894165039,1
cross-encoder,-11.153258323669434,1
cross-encoder,-11.153241157531738,1
cross-encoder,-11.15146255493164,1
cross-encoder,-11.151449203491211,1
cross-encoder,-11.151302337646484,1
cross-encoder,-11.150435447692871,1
cross-encoder,-11.15037727355957,1
cross-encoder,-11.147945404052734,1
cross-encoder,-11.147266387939453,1
cross-encoder,-11.146851539611816,1
cross-encoder,-11.146642684936523,1
cross-encoder,-11.146246910095215,1
cross-encoder,-11.146208763122559,1
cross-encoder,-11.145998001098633,1
cross-encoder,-11.143492698669434,2
cross-encoder,-11.14332389831543,1
cross-encoder,-11.142834663391113,1
cross-encoder,-11.142578125,1
cross-encoder,-11.142213821411133,1
cross-encoder,-11.141792297363281,1
cross-encoder,-11.140560150146484,1
cross-encoder,-11.139034271240234,1
cross-encoder,-11.138864517211914,1
cross-encoder,-11.137619972229004,1
cross-encoder,-11.136054992675781,1
cross-encoder,-11.135963439941406,1
cross-encoder,-11.135747909545898,1
cross-encoder,-11.135702133178711,1
cross-encoder,-11.135635375976562,1
cross-encoder,-11.133390426635742,1
cross-encoder,-11.133293151855469,1
cross-encoder,-11.13257122039795,1
cross-encoder,-11.132425308227539,1
cross-encoder,-11.131868362426758,1
cross-encoder,-11.131139755249023,1
cross-encoder,-11.129552841186523,1
cross-encoder,-11.128543853759766,1
cross-encoder,-11.12818717956543,1
cross-encoder,-11.127280235290527,1
cross-encoder,-11.126087188720703,1
cross-encoder,-11.126052856445312,1
cross-encoder,-11.12499713897705,1
cross-encoder,-11.12336254119873,1
cross-encoder,-11.123294830322266,1
cross-encoder,-11.122015953063965,1
cross-encoder,-11.121990203857422,1
cross-encoder,-11.12185287475586,1
cross-encoder,-11.120423316955566,1
cross-encoder,-11.119970321655273,1
cross-encoder,-11.11959171295166,1
cross-encoder,-11.118841171264648,1
cross-encoder,-11.118413925170898,1
cross-encoder,-11.11801528930664,1
cross-encoder,-11.117188453674316,1
cross-encoder,-11.116414070129395,1
cross-encoder,-11.115437507629395,1
cross-encoder,-11.115382194519043,1
cross-encoder,-11.113588333129883,1
cross-encoder,-11.11320686340332,1
cross-encoder,-11.113112449645996,1
cross-encoder,-11.113012313842773,1
cross-encoder,-11.112493515014648,1
cross-encoder,-11.111865997314453,1
cross-encoder,-11.111528396606445,1
cross-encoder,-11.111519813537598,1
cross-encoder,-11.110722541809082,1
cross-encoder,-11.109185218811035,1
cross-encoder,-11.108741760253906,1
cross-encoder,-11.108508110046387,1
cross-encoder,-11.108478546142578,1
cross-encoder,-11.108007431030273,1
cross-encoder,-11.107892990112305,1
cross-encoder,-11.107513427734375,1
cross-encoder,-11.10734748840332,1
cross-encoder,-11.107330322265625,1
cross-encoder,-11.107090950012207,1
cross-encoder,-11.106639862060547,1
cross-encoder,-11.106430053710938,1
cross-encoder,-11.106425285339355,1
cross-encoder,-11.105462074279785,1
cross-encoder,-11.104206085205078,1
cross-encoder,-11.103650093078613,1
cross-encoder,-11.10352897644043,1
cross-encoder,-11.102819442749023,1
cross-encoder,-11.102574348449707,1
cross-encoder,-11.10162353515625,1
cross-encoder,-11.101476669311523,1
cross-encoder,-11.10118293762207,1
cross-encoder,-11.100000381469727,1
cross-encoder,-11.099530220031738,1
cross-encoder,-11.09783935546875,1
cross-encoder,-11.097204208374023,1
cross-encoder,-11.097159385681152,1
cross-encoder,-11.0952730178833,1
cross-encoder,-11.094154357910156,1
cross-encoder,-11.093986511230469,1
cross-encoder,-11.093496322631836,1
cross-encoder,-11.092506408691406,1
cross-encoder,-11.091392517089844,1
cross-encoder,-11.090730667114258,1
cross-encoder,-11.090085983276367,1
cross-encoder,-11.089618682861328,1
cross-encoder,-11.089227676391602,1
cross-encoder,-11.088614463806152,1
cross-encoder,-11.088460922241211,1
cross-encoder,-11.0880765914917,1
cross-encoder,-11.08755111694336,1
cross-encoder,-11.086763381958008,1
cross-encoder,-11.08456802368164,1
cross-encoder,-11.084095001220703,1
cross-encoder,-11.08299446105957,1
cross-encoder,-11.082901954650879,1
cross-encoder,-11.082547187805176,1
cross-encoder,-11.08226490020752,1
cross-encoder,-11.081586837768555,1
cross-encoder,-11.079397201538086,1
cross-encoder,-11.07921028137207,1
cross-encoder,-11.078971862792969,1
cross-encoder,-11.077913284301758,1
cross-encoder,-11.077553749084473,1
cross-encoder,-11.076118469238281,1
cross-encoder,-11.074846267700195,1
cross-encoder,-11.074686050415039,1
cross-encoder,-11.073812484741211,1
cross-encoder,-11.073650360107422,1
cross-encoder,-11.07339859008789,1
cross-encoder,-11.072965621948242,1
cross-encoder,-11.072471618652344,1
cross-encoder,-11.07201862335205,1
cross-encoder,-11.070636749267578,1
cross-encoder,-11.07050609588623,1
cross-encoder,-11.0701265335083,1
cross-encoder,-11.06982707977295,1
cross-encoder,-11.069328308105469,1
cross-encoder,-11.069319725036621,1
cross-encoder,-11.066656112670898,1
cross-encoder,-11.065746307373047,1
cross-encoder,-11.065059661865234,1
cross-encoder,-11.063949584960938,1
cross-encoder,-11.061962127685547,1
cross-encoder,-11.061864852905273,1
cross-encoder,-11.061735153198242,1
cross-encoder,-11.059720993041992,1
cross-encoder,-11.059464454650879,1
cross-encoder,-11.058490753173828,1
cross-encoder,-11.057726860046387,1
cross-encoder,-11.057575225830078,1
cross-encoder,-11.056806564331055,1
cross-encoder,-11.055706024169922,1
cross-encoder,-11.054389953613281,1
cross-encoder,-11.053974151611328,1
cross-encoder,-11.053075790405273,1
cross-encoder,-11.052874565124512,1
cross-encoder,-11.052867889404297,1
cross-encoder,-11.052806854248047,1
cross-encoder,-11.052491188049316,1
cross-encoder,-11.051779747009277,1
cross-encoder,-11.050760269165039,1
cross-encoder,-11.050424575805664,1
cross-encoder,-11.04943561553955,1
cross-encoder,-11.048337936401367,1
cross-encoder,-11.04819107055664,1
cross-encoder,-11.04791259765625,1
cross-encoder,-11.047183990478516,1
cross-encoder,-11.046350479125977,1
cross-encoder,-11.045077323913574,1
cross-encoder,-11.04451847076416,1
cross-encoder,-11.04383659362793,1
cross-encoder,-11.043034553527832,1
cross-encoder,-11.040481567382812,1
cross-encoder,-11.039562225341797,1
cross-encoder,-11.039474487304688,1
cross-encoder,-11.038596153259277,1
cross-encoder,-11.03855037689209,1
cross-encoder,-11.037782669067383,1
cross-encoder,-11.037561416625977,1
cross-encoder,-11.037445068359375,1
cross-encoder,-11.036603927612305,1
cross-encoder,-11.034069061279297,1
cross-encoder,-11.034049034118652,1
cross-encoder,-11.033695220947266,1
cross-encoder,-11.033454895019531,1
cross-encoder,-11.033241271972656,1
cross-encoder,-11.032255172729492,1
cross-encoder,-11.031982421875,1
cross-encoder,-11.030738830566406,1
cross-encoder,-11.029560089111328,1
cross-encoder,-11.029264450073242,1
cross-encoder,-11.028301239013672,1
cross-encoder,-11.027856826782227,1
cross-encoder,-11.027472496032715,1
cross-encoder,-11.027253150939941,1
cross-encoder,-11.026811599731445,1
cross-encoder,-11.02653694152832,1
cross-encoder,-11.026491165161133,1
cross-encoder,-11.025701522827148,1
cross-encoder,-11.025700569152832,1
cross-encoder,-11.025421142578125,1
cross-encoder,-11.024535179138184,1
cross-encoder,-11.023421287536621,1
cross-encoder,-11.021968841552734,1
cross-encoder,-11.021934509277344,1
cross-encoder,-11.021320343017578,1
cross-encoder,-11.02109146118164,1
cross-encoder,-11.020883560180664,1
cross-encoder,-11.020323753356934,1
cross-encoder,-11.019940376281738,1
cross-encoder,-11.01797866821289,1
cross-encoder,-11.017847061157227,1
cross-encoder,-11.017478942871094,1
cross-encoder,-11.017247200012207,1
cross-encoder,-11.016789436340332,1
cross-encoder,-11.016684532165527,1
cross-encoder,-11.016402244567871,1
cross-encoder,-11.015569686889648,1
cross-encoder,-11.015287399291992,1
cross-encoder,-11.014934539794922,1
cross-encoder,-11.014707565307617,1
cross-encoder,-11.013710975646973,1
cross-encoder,-11.013030052185059,1
cross-encoder,-11.013019561767578,1
cross-encoder,-11.012939453125,1
cross-encoder,-11.012043952941895,1
cross-encoder,-11.01073932647705,1
cross-encoder,-11.00914192199707,1
cross-encoder,-11.00788688659668,1
cross-encoder,-11.006172180175781,1
cross-encoder,-11.006142616271973,1
cross-encoder,-11.005520820617676,1
cross-encoder,-11.00551986694336,1
cross-encoder,-11.004790306091309,1
cross-encoder,-11.0037841796875,1
cross-encoder,-11.002334594726562,1
cross-encoder,-11.002115249633789,1
cross-encoder,-11.002077102661133,1
cross-encoder,-11.001598358154297,1
cross-encoder,-11.001533508300781,1
cross-encoder,-11.001399040222168,1
cross-encoder,-11.000835418701172,1
cross-encoder,-11.000554084777832,1
cross-encoder,-11.000029563903809,1
cross-encoder,-10.999589920043945,1
cross-encoder,-10.997466087341309,1
cross-encoder,-10.995620727539062,1
cross-encoder,-10.992239952087402,1
cross-encoder,-10.99162483215332,1
cross-encoder,-10.991556167602539,1
cross-encoder,-10.991150856018066,1
cross-encoder,-10.98997688293457,1
cross-encoder,-10.989596366882324,2
cross-encoder,-10.989501953125,1
cross-encoder,-10.989178657531738,1
cross-encoder,-10.988081932067871,1
cross-encoder,-10.987863540649414,1
cross-encoder,-10.986896514892578,1
cross-encoder,-10.986727714538574,1
cross-encoder,-10.986427307128906,1
cross-encoder,-10.985883712768555,1
cross-encoder,-10.985172271728516,1
cross-encoder,-10.985090255737305,1
cross-encoder,-10.98508071899414,1
cross-encoder,-10.984480857849121,1
cross-encoder,-10.982584953308105,1
cross-encoder,-10.98213005065918,1
cross-encoder,-10.981206893920898,1
cross-encoder,-10.980144500732422,1
cross-encoder,-10.97945785522461,1
cross-encoder,-10.978555679321289,1
cross-encoder,-10.978422164916992,1
cross-encoder,-10.978414535522461,1
cross-encoder,-10.977958679199219,1
cross-encoder,-10.97662353515625,1
cross-encoder,-10.973917007446289,1
cross-encoder,-10.973869323730469,1
cross-encoder,-10.97242546081543,1
cross-encoder,-10.972195625305176,1
cross-encoder,-10.971296310424805,1
cross-encoder,-10.97076416015625,1
cross-encoder,-10.970239639282227,1
cross-encoder,-10.968631744384766,1
cross-encoder,-10.968463897705078,1
cross-encoder,-10.966853141784668,1
cross-encoder,-10.966814994812012,1
cross-encoder,-10.965980529785156,1
cross-encoder,-10.965896606445312,1
cross-encoder,-10.965450286865234,1
cross-encoder,-10.964715957641602,1
cross-encoder,-10.964045524597168,1
cross-encoder,-10.963888168334961,1
cross-encoder,-10.961328506469727,1
cross-encoder,-10.960956573486328,1
cross-encoder,-10.959753036499023,1
cross-encoder,-10.959127426147461,1
cross-encoder,-10.958971977233887,1
cross-encoder,-10.958074569702148,1
cross-encoder,-10.957858085632324,1
cross-encoder,-10.957250595092773,1
cross-encoder,-10.956338882446289,1
cross-encoder,-10.955831527709961,1
cross-encoder,-10.955767631530762,1
cross-encoder,-10.955724716186523,1
cross-encoder,-10.955276489257812,1
cross-encoder,-10.955022811889648,1
cross-encoder,-10.954721450805664,1
cross-encoder,-10.954172134399414,1
cross-encoder,-10.953641891479492,1
cross-encoder,-10.951324462890625,1
cross-encoder,-10.950748443603516,1
cross-encoder,-10.950668334960938,1
cross-encoder,-10.950587272644043,1
cross-encoder,-10.95039176940918,1
cross-encoder,-10.950277328491211,1
cross-encoder,-10.950177192687988,1
cross-encoder,-10.949443817138672,1
cross-encoder,-10.948607444763184,1
cross-encoder,-10.948538780212402,1
cross-encoder,-10.948436737060547,1
cross-encoder,-10.948258399963379,1
cross-encoder,-10.94807243347168,1
cross-encoder,-10.948054313659668,1
cross-encoder,-10.947636604309082,1
cross-encoder,-10.946991920471191,1
cross-encoder,-10.94677448272705,1
cross-encoder,-10.945940971374512,1
cross-encoder,-10.9451904296875,1
cross-encoder,-10.944162368774414,1
cross-encoder,-10.943900108337402,1
cross-encoder,-10.943439483642578,1
cross-encoder,-10.941593170166016,1
cross-encoder,-10.940901756286621,1
cross-encoder,-10.940694808959961,1
cross-encoder,-10.939371109008789,1
cross-encoder,-10.93924617767334,1
cross-encoder,-10.93908405303955,1
cross-encoder,-10.939004898071289,1
cross-encoder,-10.938119888305664,1
cross-encoder,-10.937039375305176,1
cross-encoder,-10.937036514282227,1
cross-encoder,-10.936759948730469,1
cross-encoder,-10.936529159545898,1
cross-encoder,-10.935789108276367,1
cross-encoder,-10.93452262878418,1
cross-encoder,-10.933130264282227,1
cross-encoder,-10.933127403259277,1
cross-encoder,-10.93284797668457,1
cross-encoder,-10.932825088500977,1
cross-encoder,-10.932682037353516,1
cross-encoder,-10.931796073913574,1
cross-encoder,-10.931621551513672,1
cross-encoder,-10.931591033935547,1
cross-encoder,-10.931441307067871,1
cross-encoder,-10.931303024291992,1
cross-encoder,-10.930213928222656,1
cross-encoder,-10.92959976196289,1
cross-encoder,-10.92868709564209,1
cross-encoder,-10.927310943603516,1
cross-encoder,-10.927217483520508,1
cross-encoder,-10.924213409423828,1
cross-encoder,-10.924064636230469,1
cross-encoder,-10.92387580871582,1
cross-encoder,-10.923784255981445,1
cross-encoder,-10.92330551147461,1
cross-encoder,-10.922340393066406,1
cross-encoder,-10.922330856323242,1
cross-encoder,-10.922066688537598,1
cross-encoder,-10.921260833740234,2
cross-encoder,-10.91921615600586,1
cross-encoder,-10.918922424316406,1
cross-encoder,-10.917343139648438,1
cross-encoder,-10.917074203491211,1
cross-encoder,-10.915576934814453,1
cross-encoder,-10.915138244628906,1
cross-encoder,-10.914909362792969,1
cross-encoder,-10.914557456970215,1
cross-encoder,-10.913839340209961,1
cross-encoder,-10.913505554199219,1
cross-encoder,-10.912853240966797,2
cross-encoder,-10.911930084228516,1
cross-encoder,-10.911863327026367,1
cross-encoder,-10.911718368530273,1
cross-encoder,-10.911604881286621,1
cross-encoder,-10.911383628845215,1
cross-encoder,-10.911212921142578,1
cross-encoder,-10.910491943359375,1
cross-encoder,-10.908296585083008,1
cross-encoder,-10.908170700073242,1
cross-encoder,-10.908026695251465,1
cross-encoder,-10.90773868560791,1
cross-encoder,-10.907711029052734,1
cross-encoder,-10.907691955566406,1
cross-encoder,-10.90678882598877,1
cross-encoder,-10.906673431396484,1
cross-encoder,-10.906558990478516,1
cross-encoder,-10.90622329711914,1
cross-encoder,-10.905914306640625,1
cross-encoder,-10.905316352844238,1
cross-encoder,-10.903934478759766,1
cross-encoder,-10.90389347076416,1
cross-encoder,-10.903553009033203,1
cross-encoder,-10.903413772583008,1
cross-encoder,-10.903074264526367,1
cross-encoder,-10.901443481445312,1
cross-encoder,-10.900847434997559,1
cross-encoder,-10.900148391723633,1
cross-encoder,-10.899980545043945,1
cross-encoder,-10.899181365966797,1
cross-encoder,-10.898414611816406,1
cross-encoder,-10.897705078125,1
cross-encoder,-10.897466659545898,1
cross-encoder,-10.8973388671875,1
cross-encoder,-10.897102355957031,1
cross-encoder,-10.896659851074219,1
cross-encoder,-10.896276473999023,1
cross-encoder,-10.895573616027832,1
cross-encoder,-10.895051956176758,1
cross-encoder,-10.893594741821289,1
cross-encoder,-10.891268730163574,1
cross-encoder,-10.89031982421875,1
cross-encoder,-10.890035629272461,1
cross-encoder,-10.889464378356934,1
cross-encoder,-10.888812065124512,1
cross-encoder,-10.888768196105957,1
cross-encoder,-10.888490676879883,1
cross-encoder,-10.886651992797852,1
cross-encoder,-10.885951042175293,1
cross-encoder,-10.885797500610352,1
cross-encoder,-10.884696960449219,1
cross-encoder,-10.884012222290039,1
cross-encoder,-10.883804321289062,1
cross-encoder,-10.883689880371094,1
cross-encoder,-10.883417129516602,1
cross-encoder,-10.883319854736328,1
cross-encoder,-10.883310317993164,1
cross-encoder,-10.883203506469727,1
cross-encoder,-10.881417274475098,1
cross-encoder,-10.880617141723633,1
cross-encoder,-10.879701614379883,1
cross-encoder,-10.87840461730957,1
cross-encoder,-10.877616882324219,1
cross-encoder,-10.876593589782715,1
cross-encoder,-10.87625503540039,1
cross-encoder,-10.876235008239746,1
cross-encoder,-10.87585163116455,1
cross-encoder,-10.875243186950684,1
cross-encoder,-10.875216484069824,1
cross-encoder,-10.874066352844238,1
cross-encoder,-10.873760223388672,1
cross-encoder,-10.873741149902344,1
cross-encoder,-10.87322998046875,1
cross-encoder,-10.870757102966309,1
cross-encoder,-10.870397567749023,1
cross-encoder,-10.869027137756348,1
cross-encoder,-10.86890697479248,1
cross-encoder,-10.868857383728027,1
cross-encoder,-10.867566108703613,1
cross-encoder,-10.86740493774414,1
cross-encoder,-10.866976737976074,1
cross-encoder,-10.866006851196289,1
cross-encoder,-10.864948272705078,1
cross-encoder,-10.863500595092773,1
cross-encoder,-10.86225700378418,1
cross-encoder,-10.861912727355957,1
cross-encoder,-10.861773490905762,1
cross-encoder,-10.860445022583008,1
cross-encoder,-10.860422134399414,1
cross-encoder,-10.860371589660645,1
cross-encoder,-10.857858657836914,1
cross-encoder,-10.857010841369629,1
cross-encoder,-10.855188369750977,1
cross-encoder,-10.855184555053711,1
cross-encoder,-10.85471248626709,1
cross-encoder,-10.854475975036621,1
cross-encoder,-10.854341506958008,1
cross-encoder,-10.853561401367188,1
cross-encoder,-10.852831840515137,1
cross-encoder,-10.852825164794922,1
cross-encoder,-10.852255821228027,1
cross-encoder,-10.852224349975586,1
cross-encoder,-10.852188110351562,1
cross-encoder,-10.852161407470703,1
cross-encoder,-10.851078987121582,1
cross-encoder,-10.850713729858398,1
cross-encoder,-10.8507080078125,1
cross-encoder,-10.850702285766602,1
cross-encoder,-10.850028991699219,1
cross-encoder,-10.849809646606445,1
cross-encoder,-10.849161148071289,1
cross-encoder,-10.848855972290039,1
cross-encoder,-10.847938537597656,1
cross-encoder,-10.847585678100586,1
cross-encoder,-10.847505569458008,1
cross-encoder,-10.847267150878906,1
cross-encoder,-10.847049713134766,1
cross-encoder,-10.846450805664062,2
cross-encoder,-10.846343994140625,1
cross-encoder,-10.845865249633789,1
cross-encoder,-10.845426559448242,1
cross-encoder,-10.844890594482422,1
cross-encoder,-10.844168663024902,1
cross-encoder,-10.843568801879883,1
cross-encoder,-10.84325885772705,1
cross-encoder,-10.842490196228027,1
cross-encoder,-10.841236114501953,1
cross-encoder,-10.840635299682617,1
cross-encoder,-10.840295791625977,1
cross-encoder,-10.840044021606445,1
cross-encoder,-10.839285850524902,1
cross-encoder,-10.83747386932373,1
cross-encoder,-10.836952209472656,1
cross-encoder,-10.8369140625,1
cross-encoder,-10.836777687072754,1
cross-encoder,-10.83644962310791,1
cross-encoder,-10.835807800292969,1
cross-encoder,-10.834028244018555,1
cross-encoder,-10.833902359008789,1
cross-encoder,-10.833877563476562,1
cross-encoder,-10.83272933959961,1
cross-encoder,-10.832578659057617,1
cross-encoder,-10.832555770874023,1
cross-encoder,-10.831904411315918,1
cross-encoder,-10.831844329833984,1
cross-encoder,-10.831474304199219,1
cross-encoder,-10.831387519836426,1
cross-encoder,-10.831263542175293,1
cross-encoder,-10.830133438110352,1
cross-encoder,-10.829139709472656,1
cross-encoder,-10.825201034545898,1
cross-encoder,-10.824005126953125,1
cross-encoder,-10.82377815246582,1
cross-encoder,-10.822345733642578,1
cross-encoder,-10.822250366210938,1
cross-encoder,-10.822028160095215,1
cross-encoder,-10.821171760559082,1
cross-encoder,-10.820531845092773,1
cross-encoder,-10.819134712219238,1
cross-encoder,-10.81776237487793,1
cross-encoder,-10.817704200744629,1
cross-encoder,-10.817550659179688,1
cross-encoder,-10.816723823547363,1
cross-encoder,-10.816383361816406,1
cross-encoder,-10.816377639770508,1
cross-encoder,-10.816366195678711,1
cross-encoder,-10.815547943115234,1
cross-encoder,-10.814517974853516,1
cross-encoder,-10.814094543457031,1
cross-encoder,-10.813362121582031,1
cross-encoder,-10.81287670135498,1
cross-encoder,-10.812286376953125,1
cross-encoder,-10.81141471862793,1
cross-encoder,-10.810552597045898,1
cross-encoder,-10.808370590209961,1
cross-encoder,-10.80777645111084,1
cross-encoder,-10.8076171875,1
cross-encoder,-10.80673599243164,1
cross-encoder,-10.805648803710938,1
cross-encoder,-10.80554485321045,1
cross-encoder,-10.805475234985352,1
cross-encoder,-10.804702758789062,2
cross-encoder,-10.803922653198242,1
cross-encoder,-10.802824974060059,1
cross-encoder,-10.801589012145996,1
cross-encoder,-10.800640106201172,1
cross-encoder,-10.800600051879883,1
cross-encoder,-10.7998685836792,1
cross-encoder,-10.7986478805542,1
cross-encoder,-10.798163414001465,1
cross-encoder,-10.797680854797363,1
cross-encoder,-10.797151565551758,1
cross-encoder,-10.797104835510254,1
cross-encoder,-10.79629898071289,1
cross-encoder,-10.795929908752441,1
cross-encoder,-10.795117378234863,1
cross-encoder,-10.793441772460938,1
cross-encoder,-10.792720794677734,1
cross-encoder,-10.791704177856445,1
cross-encoder,-10.791074752807617,1
cross-encoder,-10.790746688842773,1
cross-encoder,-10.790125846862793,2
cross-encoder,-10.78990650177002,1
cross-encoder,-10.788617134094238,1
cross-encoder,-10.786882400512695,1
cross-encoder,-10.786415100097656,1
cross-encoder,-10.786355972290039,1
cross-encoder,-10.786110877990723,1
cross-encoder,-10.786097526550293,1
cross-encoder,-10.784661293029785,1
cross-encoder,-10.784461975097656,1
cross-encoder,-10.784454345703125,1
cross-encoder,-10.784015655517578,1
cross-encoder,-10.782960891723633,1
cross-encoder,-10.78232479095459,1
cross-encoder,-10.779458999633789,1
cross-encoder,-10.779394149780273,1
cross-encoder,-10.779291152954102,1
cross-encoder,-10.777742385864258,1
cross-encoder,-10.777359008789062,1
cross-encoder,-10.775324821472168,1
cross-encoder,-10.774877548217773,2
cross-encoder,-10.774362564086914,1
cross-encoder,-10.773988723754883,1
cross-encoder,-10.773554801940918,1
cross-encoder,-10.772703170776367,1
cross-encoder,-10.77200698852539,1
cross-encoder,-10.771899223327637,1
cross-encoder,-10.771097183227539,1
cross-encoder,-10.769796371459961,1
cross-encoder,-10.769559860229492,1
cross-encoder,-10.769499778747559,1
cross-encoder,-10.769412994384766,2
cross-encoder,-10.76906681060791,1
cross-encoder,-10.76899528503418,1
cross-encoder,-10.768325805664062,1
cross-encoder,-10.767440795898438,1
cross-encoder,-10.76732063293457,1
cross-encoder,-10.766586303710938,1
cross-encoder,-10.764263153076172,1
cross-encoder,-10.763091087341309,1
cross-encoder,-10.762934684753418,1
cross-encoder,-10.761938095092773,1
cross-encoder,-10.761716842651367,1
cross-encoder,-10.761362075805664,1
cross-encoder,-10.760824203491211,1
cross-encoder,-10.760769844055176,1
cross-encoder,-10.760366439819336,2
cross-encoder,-10.758899688720703,1
cross-encoder,-10.758506774902344,1
cross-encoder,-10.757790565490723,1
cross-encoder,-10.75575065612793,1
cross-encoder,-10.754773139953613,1
cross-encoder,-10.753836631774902,1
cross-encoder,-10.753154754638672,1
cross-encoder,-10.751115798950195,1
cross-encoder,-10.750953674316406,1
cross-encoder,-10.750885009765625,1
cross-encoder,-10.748973846435547,1
cross-encoder,-10.74876594543457,1
cross-encoder,-10.748201370239258,1
cross-encoder,-10.745772361755371,1
cross-encoder,-10.744749069213867,1
cross-encoder,-10.744413375854492,1
cross-encoder,-10.743632316589355,1
cross-encoder,-10.743498802185059,1
cross-encoder,-10.743484497070312,1
cross-encoder,-10.740424156188965,1
cross-encoder,-10.740324020385742,1
cross-encoder,-10.739532470703125,1
cross-encoder,-10.739099502563477,1
cross-encoder,-10.738873481750488,1
cross-encoder,-10.73849105834961,1
cross-encoder,-10.737422943115234,1
cross-encoder,-10.73730182647705,1
cross-encoder,-10.737298965454102,1
cross-encoder,-10.736689567565918,1
cross-encoder,-10.735989570617676,1
cross-encoder,-10.734678268432617,2
cross-encoder,-10.734049797058105,1
cross-encoder,-10.73241138458252,1
cross-encoder,-10.73145866394043,1
cross-encoder,-10.731208801269531,1
cross-encoder,-10.731046676635742,1
cross-encoder,-10.72828483581543,1
cross-encoder,-10.727678298950195,1
cross-encoder,-10.727152824401855,1
cross-encoder,-10.726089477539062,1
cross-encoder,-10.72535514831543,1
cross-encoder,-10.724977493286133,1
cross-encoder,-10.724802017211914,1
cross-encoder,-10.724613189697266,1
cross-encoder,-10.724345207214355,1
cross-encoder,-10.723504066467285,1
cross-encoder,-10.721498489379883,1
cross-encoder,-10.721097946166992,1
cross-encoder,-10.720524787902832,1
cross-encoder,-10.718082427978516,1
cross-encoder,-10.715652465820312,1
cross-encoder,-10.715490341186523,1
cross-encoder,-10.715338706970215,1
cross-encoder,-10.712483406066895,1
cross-encoder,-10.712434768676758,1
cross-encoder,-10.711909294128418,1
cross-encoder,-10.71176528930664,1
cross-encoder,-10.71145248413086,1
cross-encoder,-10.709917068481445,1
cross-encoder,-10.708444595336914,1
cross-encoder,-10.708234786987305,1
cross-encoder,-10.70654010772705,1
cross-encoder,-10.70582389831543,1
cross-encoder,-10.705799102783203,1
cross-encoder,-10.704944610595703,1
cross-encoder,-10.703754425048828,1
cross-encoder,-10.703414916992188,1
cross-encoder,-10.701126098632812,1
cross-encoder,-10.700754165649414,1
cross-encoder,-10.699617385864258,1
cross-encoder,-10.69771957397461,1
cross-encoder,-10.697582244873047,1
cross-encoder,-10.696016311645508,1
cross-encoder,-10.695727348327637,1
cross-encoder,-10.692636489868164,1
cross-encoder,-10.692220687866211,1
cross-encoder,-10.69144344329834,1
cross-encoder,-10.690946578979492,1
cross-encoder,-10.690374374389648,1
cross-encoder,-10.690071105957031,1
cross-encoder,-10.6900634765625,1
cross-encoder,-10.689961433410645,1
cross-encoder,-10.687610626220703,1
cross-encoder,-10.686306953430176,1
cross-encoder,-10.686056137084961,1
cross-encoder,-10.68565845489502,1
cross-encoder,-10.684782981872559,1
cross-encoder,-10.68453598022461,1
cross-encoder,-10.684325218200684,1
cross-encoder,-10.684175491333008,1
cross-encoder,-10.683605194091797,1
cross-encoder,-10.683250427246094,1
cross-encoder,-10.682319641113281,1
cross-encoder,-10.682256698608398,1
cross-encoder,-10.682025909423828,1
cross-encoder,-10.681394577026367,1
cross-encoder,-10.68124771118164,1
cross-encoder,-10.680839538574219,1
cross-encoder,-10.680160522460938,1
cross-encoder,-10.679620742797852,1
cross-encoder,-10.679147720336914,1
cross-encoder,-10.678964614868164,1
cross-encoder,-10.678304672241211,1
cross-encoder,-10.67818546295166,1
cross-encoder,-10.677928924560547,1
cross-encoder,-10.67725944519043,1
cross-encoder,-10.677223205566406,1
cross-encoder,-10.677061080932617,1
cross-encoder,-10.676979064941406,1
cross-encoder,-10.676916122436523,1
cross-encoder,-10.676915168762207,1
cross-encoder,-10.675763130187988,1
cross-encoder,-10.674294471740723,1
cross-encoder,-10.67404556274414,1
cross-encoder,-10.673303604125977,1
cross-encoder,-10.671686172485352,1
cross-encoder,-10.67155647277832,1
cross-encoder,-10.671518325805664,1
cross-encoder,-10.671279907226562,1
cross-encoder,-10.670856475830078,1
cross-encoder,-10.670305252075195,1
cross-encoder,-10.667503356933594,1
cross-encoder,-10.666841506958008,1
cross-encoder,-10.665186882019043,1
cross-encoder,-10.665011405944824,1
cross-encoder,-10.6644287109375,1
cross-encoder,-10.663785934448242,1
cross-encoder,-10.663707733154297,1
cross-encoder,-10.663700103759766,1
cross-encoder,-10.663139343261719,1
cross-encoder,-10.662347793579102,1
cross-encoder,-10.66157341003418,1
cross-encoder,-10.66020393371582,1
cross-encoder,-10.659893035888672,1
cross-encoder,-10.659303665161133,1
cross-encoder,-10.659101486206055,1
cross-encoder,-10.658113479614258,1
cross-encoder,-10.658052444458008,1
cross-encoder,-10.6580228805542,1
cross-encoder,-10.657567977905273,1
cross-encoder,-10.6568603515625,1
cross-encoder,-10.655896186828613,1
cross-encoder,-10.655876159667969,1
cross-encoder,-10.655505180358887,1
cross-encoder,-10.654922485351562,1
cross-encoder,-10.654430389404297,1
cross-encoder,-10.654056549072266,1
cross-encoder,-10.653789520263672,1
cross-encoder,-10.653121948242188,1
cross-encoder,-10.652276039123535,1
cross-encoder,-10.651776313781738,1
cross-encoder,-10.6505126953125,1
cross-encoder,-10.64999771118164,1
cross-encoder,-10.649250030517578,1
cross-encoder,-10.647879600524902,1
cross-encoder,-10.646756172180176,1
cross-encoder,-10.64632797241211,1
cross-encoder,-10.645930290222168,1
cross-encoder,-10.645689010620117,1
cross-encoder,-10.642937660217285,1
cross-encoder,-10.642263412475586,1
cross-encoder,-10.642165184020996,1
cross-encoder,-10.64189338684082,1
cross-encoder,-10.6397066116333,1
cross-encoder,-10.638572692871094,1
cross-encoder,-10.638570785522461,1
cross-encoder,-10.638493537902832,1
cross-encoder,-10.637674331665039,1
cross-encoder,-10.637075424194336,1
cross-encoder,-10.63680648803711,1
cross-encoder,-10.635698318481445,1
cross-encoder,-10.635662078857422,1
cross-encoder,-10.635428428649902,1
cross-encoder,-10.635157585144043,1
cross-encoder,-10.634330749511719,1
cross-encoder,-10.634263038635254,1
cross-encoder,-10.633841514587402,1
cross-encoder,-10.631126403808594,1
cross-encoder,-10.630547523498535,1
cross-encoder,-10.630143165588379,1
cross-encoder,-10.62929916381836,1
cross-encoder,-10.628000259399414,1
cross-encoder,-10.626654624938965,1
cross-encoder,-10.62660026550293,1
cross-encoder,-10.626030921936035,1
cross-encoder,-10.625988006591797,1
cross-encoder,-10.625106811523438,1
cross-encoder,-10.624988555908203,1
cross-encoder,-10.624590873718262,1
cross-encoder,-10.624406814575195,1
cross-encoder,-10.623364448547363,1
cross-encoder,-10.622041702270508,1
cross-encoder,-10.621999740600586,1
cross-encoder,-10.621984481811523,1
cross-encoder,-10.621843338012695,1
cross-encoder,-10.62106704711914,1
cross-encoder,-10.620658874511719,2
cross-encoder,-10.620546340942383,1
cross-encoder,-10.620536804199219,1
cross-encoder,-10.619976043701172,1
cross-encoder,-10.619587898254395,1
cross-encoder,-10.619037628173828,1
cross-encoder,-10.618852615356445,1
cross-encoder,-10.618800163269043,1
cross-encoder,-10.617496490478516,1
cross-encoder,-10.616087913513184,1
cross-encoder,-10.61591625213623,1
cross-encoder,-10.614246368408203,1
cross-encoder,-10.614091873168945,1
cross-encoder,-10.612829208374023,1
cross-encoder,-10.612773895263672,1
cross-encoder,-10.612686157226562,1
cross-encoder,-10.612441062927246,1
cross-encoder,-10.609773635864258,1
cross-encoder,-10.608842849731445,1
cross-encoder,-10.607842445373535,1
cross-encoder,-10.607587814331055,1
cross-encoder,-10.606805801391602,1
cross-encoder,-10.60605525970459,1
cross-encoder,-10.605196952819824,1
cross-encoder,-10.60420036315918,1
cross-encoder,-10.601964950561523,1
cross-encoder,-10.60169506072998,1
cross-encoder,-10.600566864013672,1
cross-encoder,-10.600162506103516,1
cross-encoder,-10.597355842590332,1
cross-encoder,-10.597288131713867,1
cross-encoder,-10.596674919128418,1
cross-encoder,-10.594466209411621,1
cross-encoder,-10.593151092529297,1
cross-encoder,-10.589734077453613,1
cross-encoder,-10.589666366577148,1
cross-encoder,-10.5888032913208,1
cross-encoder,-10.588693618774414,1
cross-encoder,-10.588109016418457,1
cross-encoder,-10.587770462036133,1
cross-encoder,-10.587019920349121,1
cross-encoder,-10.586735725402832,1
cross-encoder,-10.585519790649414,1
cross-encoder,-10.58448314666748,1
cross-encoder,-10.582382202148438,1
cross-encoder,-10.580967903137207,1
cross-encoder,-10.580951690673828,1
cross-encoder,-10.580461502075195,1
cross-encoder,-10.5802640914917,1
cross-encoder,-10.579094886779785,1
cross-encoder,-10.578704833984375,1
cross-encoder,-10.578167915344238,1
cross-encoder,-10.578094482421875,1
cross-encoder,-10.577861785888672,1
cross-encoder,-10.575553894042969,1
cross-encoder,-10.574529647827148,1
cross-encoder,-10.57406997680664,1
cross-encoder,-10.573847770690918,1
cross-encoder,-10.573247909545898,1
cross-encoder,-10.572799682617188,1
cross-encoder,-10.572418212890625,1
cross-encoder,-10.571533203125,1
cross-encoder,-10.571426391601562,1
cross-encoder,-10.570666313171387,1
cross-encoder,-10.570228576660156,1
cross-encoder,-10.569748878479004,1
cross-encoder,-10.569426536560059,1
cross-encoder,-10.568896293640137,1
cross-encoder,-10.568672180175781,1
cross-encoder,-10.566967010498047,1
cross-encoder,-10.565919876098633,1
cross-encoder,-10.56534194946289,1
cross-encoder,-10.564007759094238,1
cross-encoder,-10.563759803771973,1
cross-encoder,-10.563215255737305,1
cross-encoder,-10.561544418334961,1
cross-encoder,-10.55898380279541,2
cross-encoder,-10.558600425720215,1
cross-encoder,-10.558305740356445,1
cross-encoder,-10.558056831359863,1
cross-encoder,-10.557493209838867,1
cross-encoder,-10.556892395019531,1
cross-encoder,-10.556580543518066,1
cross-encoder,-10.55502700805664,1
cross-encoder,-10.55487060546875,1
cross-encoder,-10.55398178100586,1
cross-encoder,-10.551166534423828,1
cross-encoder,-10.5511474609375,1
cross-encoder,-10.550799369812012,1
cross-encoder,-10.549437522888184,1
cross-encoder,-10.54941177368164,1
cross-encoder,-10.549304962158203,1
cross-encoder,-10.548778533935547,1
cross-encoder,-10.548330307006836,1
cross-encoder,-10.54826545715332,1
cross-encoder,-10.546722412109375,1
cross-encoder,-10.54387092590332,1
cross-encoder,-10.543103218078613,1
cross-encoder,-10.540484428405762,1
cross-encoder,-10.539316177368164,1
cross-encoder,-10.539010047912598,1
cross-encoder,-10.538522720336914,1
cross-encoder,-10.537524223327637,1
cross-encoder,-10.537393569946289,1
cross-encoder,-10.537208557128906,1
cross-encoder,-10.537153244018555,1
cross-encoder,-10.53702163696289,1
cross-encoder,-10.536436080932617,1
cross-encoder,-10.534784317016602,1
cross-encoder,-10.533862113952637,1
cross-encoder,-10.53261947631836,1
cross-encoder,-10.53244400024414,1
cross-encoder,-10.530149459838867,1
cross-encoder,-10.52983283996582,1
cross-encoder,-10.529086112976074,1
cross-encoder,-10.527935028076172,1
cross-encoder,-10.527132034301758,1
cross-encoder,-10.5240478515625,1
cross-encoder,-10.524045944213867,1
cross-encoder,-10.522836685180664,1
cross-encoder,-10.52277946472168,1
cross-encoder,-10.522245407104492,1
cross-encoder,-10.521363258361816,1
cross-encoder,-10.521324157714844,1
cross-encoder,-10.521127700805664,1
cross-encoder,-10.520500183105469,1
cross-encoder,-10.51947021484375,1
cross-encoder,-10.515657424926758,1
cross-encoder,-10.513876914978027,1
cross-encoder,-10.51345157623291,1
cross-encoder,-10.511751174926758,1
cross-encoder,-10.510683059692383,1
cross-encoder,-10.51060676574707,1
cross-encoder,-10.5103759765625,1
cross-encoder,-10.509269714355469,1
cross-encoder,-10.507702827453613,1
cross-encoder,-10.506855010986328,1
cross-encoder,-10.504704475402832,1
cross-encoder,-10.503143310546875,1
cross-encoder,-10.503018379211426,1
cross-encoder,-10.501272201538086,1
cross-encoder,-10.500886917114258,1
cross-encoder,-10.500846862792969,1
cross-encoder,-10.499488830566406,1
cross-encoder,-10.49768352508545,1
cross-encoder,-10.496829986572266,1
cross-encoder,-10.496694564819336,1
cross-encoder,-10.494813919067383,1
cross-encoder,-10.494747161865234,1
cross-encoder,-10.494717597961426,1
cross-encoder,-10.494537353515625,1
cross-encoder,-10.492926597595215,1
cross-encoder,-10.491472244262695,1
cross-encoder,-10.49142837524414,1
cross-encoder,-10.491214752197266,1
cross-encoder,-10.48772144317627,1
cross-encoder,-10.487625122070312,1
cross-encoder,-10.48592472076416,1
cross-encoder,-10.485816955566406,1
cross-encoder,-10.483692169189453,1
cross-encoder,-10.481996536254883,1
cross-encoder,-10.481106758117676,1
cross-encoder,-10.480690002441406,1
cross-encoder,-10.47886848449707,1
cross-encoder,-10.478408813476562,1
cross-encoder,-10.477640151977539,1
cross-encoder,-10.476408004760742,1
cross-encoder,-10.476274490356445,1
cross-encoder,-10.475765228271484,2
cross-encoder,-10.471296310424805,1
cross-encoder,-10.470911026000977,1
cross-encoder,-10.470817565917969,1
cross-encoder,-10.470630645751953,1
cross-encoder,-10.46910285949707,1
cross-encoder,-10.46855640411377,1
cross-encoder,-10.468454360961914,1
cross-encoder,-10.46810245513916,1
cross-encoder,-10.467737197875977,1
cross-encoder,-10.465858459472656,1
cross-encoder,-10.465719223022461,1
cross-encoder,-10.4656982421875,1
cross-encoder,-10.465093612670898,1
cross-encoder,-10.46348762512207,1
cross-encoder,-10.462769508361816,1
cross-encoder,-10.462302207946777,1
cross-encoder,-10.461170196533203,1
cross-encoder,-10.459239959716797,1
cross-encoder,-10.458611488342285,1
cross-encoder,-10.458146095275879,2
cross-encoder,-10.457538604736328,1
cross-encoder,-10.456008911132812,1
cross-encoder,-10.455840110778809,1
cross-encoder,-10.45534896850586,1
cross-encoder,-10.454320907592773,1
cross-encoder,-10.45431137084961,1
cross-encoder,-10.452645301818848,1
cross-encoder,-10.451887130737305,1
cross-encoder,-10.451457023620605,1
cross-encoder,-10.45099925994873,1
cross-encoder,-10.450212478637695,1
cross-encoder,-10.449686050415039,1
cross-encoder,-10.44948673248291,1
cross-encoder,-10.44907283782959,1
cross-encoder,-10.448846817016602,1
cross-encoder,-10.447134017944336,1
cross-encoder,-10.446891784667969,1
cross-encoder,-10.445169448852539,1
cross-encoder,-10.444291114807129,1
cross-encoder,-10.442911148071289,1
cross-encoder,-10.442523956298828,1
cross-encoder,-10.442264556884766,1
cross-encoder,-10.441703796386719,1
cross-encoder,-10.440500259399414,1
cross-encoder,-10.440075874328613,1
cross-encoder,-10.439610481262207,1
cross-encoder,-10.439248085021973,1
cross-encoder,-10.439226150512695,1
cross-encoder,-10.438100814819336,1
cross-encoder,-10.437849998474121,1
cross-encoder,-10.436853408813477,1
cross-encoder,-10.436829566955566,1
cross-encoder,-10.436027526855469,1
cross-encoder,-10.435821533203125,1
cross-encoder,-10.43477725982666,1
cross-encoder,-10.433454513549805,1
cross-encoder,-10.433008193969727,1
cross-encoder,-10.432554244995117,1
cross-encoder,-10.43227767944336,1
cross-encoder,-10.429791450500488,1
cross-encoder,-10.428829193115234,1
cross-encoder,-10.428043365478516,1
cross-encoder,-10.427952766418457,1
cross-encoder,-10.427945137023926,1
cross-encoder,-10.427637100219727,1
cross-encoder,-10.426061630249023,1
cross-encoder,-10.425605773925781,1
cross-encoder,-10.425107955932617,1
cross-encoder,-10.424568176269531,1
cross-encoder,-10.424379348754883,1
cross-encoder,-10.422840118408203,2
cross-encoder,-10.422677993774414,1
cross-encoder,-10.421409606933594,1
cross-encoder,-10.420673370361328,1
cross-encoder,-10.420639991760254,1
cross-encoder,-10.419626235961914,1
cross-encoder,-10.419538497924805,1
cross-encoder,-10.419204711914062,1
cross-encoder,-10.418825149536133,1
cross-encoder,-10.418706893920898,1
cross-encoder,-10.41824722290039,1
cross-encoder,-10.418046951293945,1
cross-encoder,-10.417400360107422,1
cross-encoder,-10.417144775390625,1
cross-encoder,-10.416837692260742,1
cross-encoder,-10.416330337524414,1
cross-encoder,-10.414717674255371,2
cross-encoder,-10.414277076721191,1
cross-encoder,-10.414007186889648,1
cross-encoder,-10.413766860961914,1
cross-encoder,-10.411690711975098,1
cross-encoder,-10.410962104797363,1
cross-encoder,-10.409515380859375,1
cross-encoder,-10.409281730651855,1
cross-encoder,-10.408541679382324,1
cross-encoder,-10.407840728759766,1
cross-encoder,-10.406498908996582,1
cross-encoder,-10.404533386230469,1
cross-encoder,-10.398262023925781,1
cross-encoder,-10.396851539611816,1
cross-encoder,-10.396101951599121,1
cross-encoder,-10.3943510055542,1
cross-encoder,-10.394235610961914,1
cross-encoder,-10.393717765808105,1
cross-encoder,-10.392072677612305,1
cross-encoder,-10.39175033569336,1
cross-encoder,-10.391311645507812,1
cross-encoder,-10.390752792358398,1
cross-encoder,-10.390209197998047,1
cross-encoder,-10.388362884521484,1
cross-encoder,-10.388337135314941,1
cross-encoder,-10.388130187988281,1
cross-encoder,-10.386758804321289,1
cross-encoder,-10.385761260986328,1
cross-encoder,-10.385370254516602,1
cross-encoder,-10.384854316711426,1
cross-encoder,-10.384620666503906,1
cross-encoder,-10.384551048278809,1
cross-encoder,-10.38357925415039,1
cross-encoder,-10.382913589477539,1
cross-encoder,-10.382773399353027,1
cross-encoder,-10.38254165649414,1
cross-encoder,-10.380502700805664,1
cross-encoder,-10.380413055419922,1
cross-encoder,-10.380369186401367,1
cross-encoder,-10.37936782836914,1
cross-encoder,-10.37889289855957,1
cross-encoder,-10.378211975097656,1
cross-encoder,-10.377836227416992,1
cross-encoder,-10.377436637878418,1
cross-encoder,-10.376699447631836,1
cross-encoder,-10.376397132873535,1
cross-encoder,-10.37532901763916,1
cross-encoder,-10.372875213623047,1
cross-encoder,-10.369680404663086,1
cross-encoder,-10.369501113891602,1
cross-encoder,-10.369050025939941,1
cross-encoder,-10.369037628173828,1
cross-encoder,-10.36823844909668,1
cross-encoder,-10.368227005004883,1
cross-encoder,-10.367777824401855,1
cross-encoder,-10.36748218536377,1
cross-encoder,-10.365262031555176,1
cross-encoder,-10.363340377807617,1
cross-encoder,-10.363221168518066,1
cross-encoder,-10.360945701599121,1
cross-encoder,-10.360551834106445,1
cross-encoder,-10.359539031982422,1
cross-encoder,-10.357708930969238,1
cross-encoder,-10.356908798217773,1
cross-encoder,-10.356528282165527,1
cross-encoder,-10.355752944946289,1
cross-encoder,-10.354969024658203,1
cross-encoder,-10.353843688964844,1
cross-encoder,-10.353778839111328,1
cross-encoder,-10.353635787963867,1
cross-encoder,-10.35345458984375,1
cross-encoder,-10.353275299072266,1
cross-encoder,-10.35279369354248,1
cross-encoder,-10.352508544921875,1
cross-encoder,-10.35177993774414,1
cross-encoder,-10.351101875305176,1
cross-encoder,-10.350052833557129,1
cross-encoder,-10.34980297088623,1
cross-encoder,-10.349160194396973,1
cross-encoder,-10.348566055297852,1
cross-encoder,-10.3460111618042,1
cross-encoder,-10.345746994018555,1
cross-encoder,-10.344367980957031,1
cross-encoder,-10.344091415405273,1
cross-encoder,-10.343994140625,1
cross-encoder,-10.343567848205566,1
cross-encoder,-10.343254089355469,1
cross-encoder,-10.341989517211914,1
cross-encoder,-10.34168815612793,1
cross-encoder,-10.341588020324707,1
cross-encoder,-10.341564178466797,1
cross-encoder,-10.341123580932617,1
cross-encoder,-10.340654373168945,1
cross-encoder,-10.339659690856934,1
cross-encoder,-10.337514877319336,1
cross-encoder,-10.336947441101074,1
cross-encoder,-10.33582878112793,1
cross-encoder,-10.33533763885498,1
cross-encoder,-10.33513355255127,1
cross-encoder,-10.33413314819336,1
cross-encoder,-10.333671569824219,1
cross-encoder,-10.333345413208008,1
cross-encoder,-10.332578659057617,1
cross-encoder,-10.331436157226562,1
cross-encoder,-10.330817222595215,1
cross-encoder,-10.32999038696289,1
cross-encoder,-10.329708099365234,1
cross-encoder,-10.328315734863281,1
cross-encoder,-10.328140258789062,2
cross-encoder,-10.328011512756348,1
cross-encoder,-10.32766342163086,1
cross-encoder,-10.325726509094238,1
cross-encoder,-10.325176239013672,1
cross-encoder,-10.324934959411621,1
cross-encoder,-10.324422836303711,1
cross-encoder,-10.324041366577148,1
cross-encoder,-10.323720932006836,1
cross-encoder,-10.323603630065918,1
cross-encoder,-10.323491096496582,1
cross-encoder,-10.323189735412598,1
cross-encoder,-10.32175350189209,1
cross-encoder,-10.32152271270752,1
cross-encoder,-10.320199966430664,1
cross-encoder,-10.319625854492188,1
cross-encoder,-10.317527770996094,1
cross-encoder,-10.317041397094727,1
cross-encoder,-10.315905570983887,1
cross-encoder,-10.314916610717773,1
cross-encoder,-10.314047813415527,2
cross-encoder,-10.311153411865234,1
cross-encoder,-10.310304641723633,1
cross-encoder,-10.309915542602539,1
cross-encoder,-10.309759140014648,1
cross-encoder,-10.309311866760254,1
cross-encoder,-10.30920696258545,1
cross-encoder,-10.308449745178223,1
cross-encoder,-10.307231903076172,1
cross-encoder,-10.304239273071289,1
cross-encoder,-10.303695678710938,1
cross-encoder,-10.303329467773438,1
cross-encoder,-10.301374435424805,1
cross-encoder,-10.301307678222656,1
cross-encoder,-10.300928115844727,1
cross-encoder,-10.300917625427246,1
cross-encoder,-10.29968547821045,1
cross-encoder,-10.297618865966797,1
cross-encoder,-10.297195434570312,1
cross-encoder,-10.296978950500488,1
cross-encoder,-10.29581069946289,1
cross-encoder,-10.295339584350586,1
cross-encoder,-10.295181274414062,1
cross-encoder,-10.291276931762695,1
cross-encoder,-10.290493965148926,1
cross-encoder,-10.288578033447266,1
cross-encoder,-10.28738021850586,1
cross-encoder,-10.286361694335938,1
cross-encoder,-10.283361434936523,1
cross-encoder,-10.28334903717041,1
cross-encoder,-10.28019905090332,1
cross-encoder,-10.278322219848633,1
cross-encoder,-10.278118133544922,1
cross-encoder,-10.276063919067383,1
cross-encoder,-10.275053024291992,1
cross-encoder,-10.274431228637695,1
cross-encoder,-10.273625373840332,1
cross-encoder,-10.272663116455078,1
cross-encoder,-10.270684242248535,1
cross-encoder,-10.269399642944336,1
cross-encoder,-10.26887035369873,1
cross-encoder,-10.267535209655762,1
cross-encoder,-10.266979217529297,1
cross-encoder,-10.265388488769531,1
cross-encoder,-10.263394355773926,1
cross-encoder,-10.262897491455078,1
cross-encoder,-10.261490821838379,1
cross-encoder,-10.260418891906738,1
cross-encoder,-10.260356903076172,1
cross-encoder,-10.259920120239258,1
cross-encoder,-10.259793281555176,1
cross-encoder,-10.258930206298828,1
cross-encoder,-10.258777618408203,1
cross-encoder,-10.258605003356934,1
cross-encoder,-10.258586883544922,1
cross-encoder,-10.25856876373291,1
cross-encoder,-10.25648021697998,1
cross-encoder,-10.25601863861084,1
cross-encoder,-10.254695892333984,1
cross-encoder,-10.253342628479004,1
cross-encoder,-10.252860069274902,1
cross-encoder,-10.252584457397461,1
cross-encoder,-10.251724243164062,1
cross-encoder,-10.25096321105957,1
cross-encoder,-10.250904083251953,1
cross-encoder,-10.25009536743164,1
cross-encoder,-10.24991512298584,1
cross-encoder,-10.248767852783203,1
cross-encoder,-10.248275756835938,1
cross-encoder,-10.24596881866455,1
cross-encoder,-10.24374008178711,1
cross-encoder,-10.243163108825684,1
cross-encoder,-10.24267578125,1
cross-encoder,-10.242549896240234,1
cross-encoder,-10.240638732910156,1
cross-encoder,-10.240190505981445,1
cross-encoder,-10.239275932312012,1
cross-encoder,-10.236834526062012,1
cross-encoder,-10.234790802001953,1
cross-encoder,-10.233002662658691,1
cross-encoder,-10.231773376464844,1
cross-encoder,-10.231698036193848,1
cross-encoder,-10.229698181152344,1
cross-encoder,-10.228931427001953,1
cross-encoder,-10.227682113647461,1
cross-encoder,-10.226541519165039,1
cross-encoder,-10.22598934173584,1
cross-encoder,-10.22552490234375,1
cross-encoder,-10.224839210510254,1
cross-encoder,-10.22445297241211,1
cross-encoder,-10.224333763122559,1
cross-encoder,-10.223947525024414,1
cross-encoder,-10.223896026611328,1
cross-encoder,-10.223518371582031,1
cross-encoder,-10.222164154052734,1
cross-encoder,-10.220319747924805,1
cross-encoder,-10.220149040222168,1
cross-encoder,-10.220104217529297,1
cross-encoder,-10.219619750976562,1
cross-encoder,-10.218770980834961,1
cross-encoder,-10.216708183288574,1
cross-encoder,-10.214705467224121,1
cross-encoder,-10.214265823364258,1
cross-encoder,-10.214130401611328,1
cross-encoder,-10.213784217834473,1
cross-encoder,-10.21255111694336,1
cross-encoder,-10.21187973022461,1
cross-encoder,-10.211288452148438,1
cross-encoder,-10.208247184753418,1
cross-encoder,-10.207191467285156,1
cross-encoder,-10.202972412109375,1
cross-encoder,-10.202350616455078,1
cross-encoder,-10.202110290527344,1
cross-encoder,-10.201826095581055,1
cross-encoder,-10.201568603515625,1
cross-encoder,-10.201417922973633,1
cross-encoder,-10.200521469116211,1
cross-encoder,-10.198810577392578,1
cross-encoder,-10.198701858520508,1
cross-encoder,-10.197953224182129,1
cross-encoder,-10.197912216186523,1
cross-encoder,-10.197903633117676,1
cross-encoder,-10.194647789001465,1
cross-encoder,-10.193564414978027,1
cross-encoder,-10.193077087402344,1
cross-encoder,-10.19235610961914,1
cross-encoder,-10.188591003417969,1
cross-encoder,-10.187448501586914,1
cross-encoder,-10.184345245361328,1
cross-encoder,-10.182406425476074,1
cross-encoder,-10.181859970092773,1
cross-encoder,-10.179702758789062,1
cross-encoder,-10.179583549499512,1
cross-encoder,-10.178483963012695,1
cross-encoder,-10.178430557250977,1
cross-encoder,-10.177018165588379,1
cross-encoder,-10.176963806152344,1
cross-encoder,-10.176738739013672,1
cross-encoder,-10.17637825012207,1
cross-encoder,-10.175603866577148,1
cross-encoder,-10.175224304199219,1
cross-encoder,-10.17508316040039,1
cross-encoder,-10.174909591674805,1
cross-encoder,-10.17475414276123,1
cross-encoder,-10.173413276672363,1
cross-encoder,-10.172541618347168,1
cross-encoder,-10.172338485717773,1
cross-encoder,-10.172144889831543,1
cross-encoder,-10.171509742736816,1
cross-encoder,-10.171449661254883,2
cross-encoder,-10.170761108398438,1
cross-encoder,-10.169175148010254,1
cross-encoder,-10.168882369995117,1
cross-encoder,-10.16869068145752,1
cross-encoder,-10.166815757751465,1
cross-encoder,-10.165298461914062,1
cross-encoder,-10.165266036987305,1
cross-encoder,-10.164341926574707,1
cross-encoder,-10.163860321044922,1
cross-encoder,-10.16360092163086,1
cross-encoder,-10.162311553955078,1
cross-encoder,-10.158373832702637,1
cross-encoder,-10.156673431396484,1
cross-encoder,-10.155595779418945,1
cross-encoder,-10.154308319091797,1
cross-encoder,-10.153203010559082,1
cross-encoder,-10.153112411499023,1
cross-encoder,-10.152997016906738,1
cross-encoder,-10.152433395385742,1
cross-encoder,-10.150996208190918,1
cross-encoder,-10.149300575256348,1
cross-encoder,-10.148457527160645,1
cross-encoder,-10.146465301513672,1
cross-encoder,-10.146337509155273,1
cross-encoder,-10.146125793457031,1
cross-encoder,-10.145977020263672,1
cross-encoder,-10.145698547363281,1
cross-encoder,-10.14505386352539,1
cross-encoder,-10.144990921020508,1
cross-encoder,-10.144879341125488,1
cross-encoder,-10.14430046081543,1
cross-encoder,-10.144247055053711,1
cross-encoder,-10.14284610748291,1
cross-encoder,-10.142037391662598,1
cross-encoder,-10.1404447555542,1
cross-encoder,-10.13885498046875,1
cross-encoder,-10.138842582702637,1
cross-encoder,-10.138656616210938,1
cross-encoder,-10.138284683227539,1
cross-encoder,-10.13787841796875,1
cross-encoder,-10.137289047241211,1
cross-encoder,-10.13568115234375,1
cross-encoder,-10.134979248046875,1
cross-encoder,-10.134171485900879,1
cross-encoder,-10.131458282470703,1
cross-encoder,-10.129386901855469,1
cross-encoder,-10.12917709350586,1
cross-encoder,-10.125251770019531,1
cross-encoder,-10.125123977661133,1
cross-encoder,-10.124652862548828,1
cross-encoder,-10.124417304992676,1
cross-encoder,-10.123961448669434,1
cross-encoder,-10.123716354370117,1
cross-encoder,-10.122293472290039,1
cross-encoder,-10.12034797668457,1
cross-encoder,-10.120206832885742,1
cross-encoder,-10.120195388793945,1
cross-encoder,-10.120024681091309,1
cross-encoder,-10.119123458862305,1
cross-encoder,-10.117256164550781,1
cross-encoder,-10.116503715515137,1
cross-encoder,-10.116060256958008,1
cross-encoder,-10.115335464477539,1
cross-encoder,-10.114054679870605,1
cross-encoder,-10.113049507141113,1
cross-encoder,-10.111947059631348,1
cross-encoder,-10.111599922180176,1
cross-encoder,-10.111454010009766,1
cross-encoder,-10.111263275146484,1
cross-encoder,-10.11042594909668,1
cross-encoder,-10.109134674072266,1
cross-encoder,-10.108976364135742,1
cross-encoder,-10.108452796936035,1
cross-encoder,-10.108119010925293,1
cross-encoder,-10.10611343383789,1
cross-encoder,-10.105585098266602,1
cross-encoder,-10.104787826538086,1
cross-encoder,-10.104639053344727,1
cross-encoder,-10.104631423950195,1
cross-encoder,-10.103172302246094,1
cross-encoder,-10.102629661560059,1
cross-encoder,-10.101719856262207,1
cross-encoder,-10.101516723632812,1
cross-encoder,-10.100791931152344,1
cross-encoder,-10.100004196166992,1
cross-encoder,-10.099403381347656,1
cross-encoder,-10.099347114562988,1
cross-encoder,-10.09753131866455,1
cross-encoder,-10.097281455993652,1
cross-encoder,-10.09720230102539,1
cross-encoder,-10.096845626831055,1
cross-encoder,-10.09533977508545,1
cross-encoder,-10.094819068908691,1
cross-encoder,-10.093862533569336,1
cross-encoder,-10.092623710632324,1
cross-encoder,-10.090381622314453,1
cross-encoder,-10.088296890258789,1
cross-encoder,-10.08755111694336,1
cross-encoder,-10.087294578552246,2
cross-encoder,-10.085456848144531,1
cross-encoder,-10.083913803100586,1
cross-encoder,-10.081655502319336,1
cross-encoder,-10.081314086914062,1
cross-encoder,-10.080747604370117,1
cross-encoder,-10.080114364624023,1
cross-encoder,-10.079339981079102,1
cross-encoder,-10.077031135559082,1
cross-encoder,-10.076653480529785,1
cross-encoder,-10.075394630432129,1
cross-encoder,-10.074341773986816,1
cross-encoder,-10.074131965637207,1
cross-encoder,-10.073833465576172,1
cross-encoder,-10.073535919189453,1
cross-encoder,-10.072577476501465,1
cross-encoder,-10.072572708129883,1
cross-encoder,-10.07186508178711,1
cross-encoder,-10.069236755371094,1
cross-encoder,-10.06796646118164,1
cross-encoder,-10.06045913696289,1
cross-encoder,-10.060020446777344,1
cross-encoder,-10.059925079345703,1
cross-encoder,-10.059345245361328,1
cross-encoder,-10.05848503112793,1
cross-encoder,-10.05756950378418,1
cross-encoder,-10.056806564331055,1
cross-encoder,-10.05512809753418,1
cross-encoder,-10.054760932922363,1
cross-encoder,-10.054466247558594,1
cross-encoder,-10.051593780517578,1
cross-encoder,-10.051592826843262,1
cross-encoder,-10.0490140914917,1
cross-encoder,-10.04826545715332,1
cross-encoder,-10.045662879943848,1
cross-encoder,-10.044851303100586,1
cross-encoder,-10.042905807495117,1
cross-encoder,-10.042106628417969,1
cross-encoder,-10.041583061218262,1
cross-encoder,-10.039844512939453,1
cross-encoder,-10.03713607788086,1
cross-encoder,-10.035411834716797,1
cross-encoder,-10.035199165344238,1
cross-encoder,-10.034631729125977,1
cross-encoder,-10.034467697143555,1
cross-encoder,-10.032818794250488,1
cross-encoder,-10.03173542022705,1
cross-encoder,-10.029644012451172,1
cross-encoder,-10.02957820892334,1
cross-encoder,-10.029375076293945,1
cross-encoder,-10.02793025970459,1
cross-encoder,-10.027838706970215,1
cross-encoder,-10.027812957763672,1
cross-encoder,-10.024445533752441,1
cross-encoder,-10.02383041381836,1
cross-encoder,-10.022724151611328,1
cross-encoder,-10.020874977111816,1
cross-encoder,-10.013687133789062,1
cross-encoder,-10.013591766357422,1
cross-encoder,-10.01168441772461,1
cross-encoder,-10.007885932922363,1
cross-encoder,-10.007468223571777,1
cross-encoder,-10.004220008850098,1
cross-encoder,-10.004156112670898,1
cross-encoder,-9.999818801879883,1
cross-encoder,-9.999210357666016,1
cross-encoder,-9.999051094055176,1
cross-encoder,-9.998744010925293,1
cross-encoder,-9.998716354370117,1
cross-encoder,-9.996227264404297,1
cross-encoder,-9.993622779846191,1
cross-encoder,-9.991583824157715,1
cross-encoder,-9.990242004394531,1
cross-encoder,-9.99022388458252,1
cross-encoder,-9.989959716796875,1
cross-encoder,-9.989502906799316,1
cross-encoder,-9.988356590270996,1
cross-encoder,-9.987966537475586,1
cross-encoder,-9.987955093383789,1
cross-encoder,-9.987906455993652,1
cross-encoder,-9.986869812011719,1
cross-encoder,-9.986433029174805,1
cross-encoder,-9.984418869018555,1
cross-encoder,-9.983821868896484,1
cross-encoder,-9.983480453491211,1
cross-encoder,-9.979850769042969,1
cross-encoder,-9.979315757751465,1
cross-encoder,-9.978781700134277,1
cross-encoder,-9.978189468383789,1
cross-encoder,-9.977885246276855,1
cross-encoder,-9.976381301879883,1
cross-encoder,-9.97521686553955,1
cross-encoder,-9.975152969360352,1
cross-encoder,-9.97509765625,1
cross-encoder,-9.974189758300781,1
cross-encoder,-9.973053932189941,1
cross-encoder,-9.971927642822266,1
cross-encoder,-9.971872329711914,1
cross-encoder,-9.97063159942627,1
cross-encoder,-9.969982147216797,1
cross-encoder,-9.967073440551758,1
cross-encoder,-9.967070579528809,1
cross-encoder,-9.965656280517578,1
cross-encoder,-9.964431762695312,1
cross-encoder,-9.964000701904297,1
cross-encoder,-9.96347427368164,1
cross-encoder,-9.963460922241211,1
cross-encoder,-9.961519241333008,1
cross-encoder,-9.961108207702637,1
cross-encoder,-9.960943222045898,1
cross-encoder,-9.960183143615723,1
cross-encoder,-9.959677696228027,1
cross-encoder,-9.959391593933105,1
cross-encoder,-9.956262588500977,1
cross-encoder,-9.956168174743652,1
cross-encoder,-9.955911636352539,1
cross-encoder,-9.954694747924805,1
cross-encoder,-9.954002380371094,2
cross-encoder,-9.953798294067383,1
cross-encoder,-9.952188491821289,1
cross-encoder,-9.951778411865234,1
cross-encoder,-9.95133113861084,1
cross-encoder,-9.950239181518555,1
cross-encoder,-9.950051307678223,1
cross-encoder,-9.949929237365723,1
cross-encoder,-9.948049545288086,1
cross-encoder,-9.947213172912598,1
cross-encoder,-9.946671485900879,1
cross-encoder,-9.946442604064941,1
cross-encoder,-9.945804595947266,1
cross-encoder,-9.945758819580078,1
cross-encoder,-9.944721221923828,1
cross-encoder,-9.944418907165527,1
cross-encoder,-9.940349578857422,1
cross-encoder,-9.938262939453125,1
cross-encoder,-9.937591552734375,1
cross-encoder,-9.937095642089844,1
cross-encoder,-9.936341285705566,1
cross-encoder,-9.93486213684082,1
cross-encoder,-9.931655883789062,1
cross-encoder,-9.929718017578125,1
cross-encoder,-9.929465293884277,1
cross-encoder,-9.928532600402832,1
cross-encoder,-9.928312301635742,1
cross-encoder,-9.926363945007324,1
cross-encoder,-9.925738334655762,1
cross-encoder,-9.925271987915039,1
cross-encoder,-9.924529075622559,1
cross-encoder,-9.92280101776123,1
cross-encoder,-9.922798156738281,1
cross-encoder,-9.922320365905762,1
cross-encoder,-9.92204475402832,1
cross-encoder,-9.92181396484375,1
cross-encoder,-9.921576499938965,1
cross-encoder,-9.91944408416748,1
cross-encoder,-9.918233871459961,1
cross-encoder,-9.916077613830566,1
cross-encoder,-9.915075302124023,1
cross-encoder,-9.913627624511719,1
cross-encoder,-9.912663459777832,1
cross-encoder,-9.907400131225586,1
cross-encoder,-9.906936645507812,1
cross-encoder,-9.906174659729004,1
cross-encoder,-9.905540466308594,1
cross-encoder,-9.904485702514648,1
cross-encoder,-9.904315948486328,1
cross-encoder,-9.904186248779297,1
cross-encoder,-9.898530006408691,1
cross-encoder,-9.896084785461426,1
cross-encoder,-9.89468765258789,2
cross-encoder,-9.89378547668457,1
cross-encoder,-9.892709732055664,1
cross-encoder,-9.891340255737305,1
cross-encoder,-9.889328002929688,1
cross-encoder,-9.88923454284668,1
cross-encoder,-9.886438369750977,1
cross-encoder,-9.885406494140625,1
cross-encoder,-9.884771347045898,1
cross-encoder,-9.883549690246582,1
cross-encoder,-9.882956504821777,1
cross-encoder,-9.882702827453613,1
cross-encoder,-9.882583618164062,2
cross-encoder,-9.879236221313477,1
cross-encoder,-9.876485824584961,1
cross-encoder,-9.87513256072998,1
cross-encoder,-9.87453556060791,1
cross-encoder,-9.874467849731445,1
cross-encoder,-9.872196197509766,1
cross-encoder,-9.871953964233398,1
cross-encoder,-9.871488571166992,2
cross-encoder,-9.871171951293945,1
cross-encoder,-9.87095832824707,1
cross-encoder,-9.869446754455566,1
cross-encoder,-9.86844253540039,1
cross-encoder,-9.868146896362305,1
cross-encoder,-9.86764144897461,1
cross-encoder,-9.865287780761719,1
cross-encoder,-9.863964080810547,1
cross-encoder,-9.861434936523438,1
cross-encoder,-9.860861778259277,1
cross-encoder,-9.860519409179688,1
cross-encoder,-9.859857559204102,1
cross-encoder,-9.858007431030273,1
cross-encoder,-9.856554985046387,1
cross-encoder,-9.853754997253418,1
cross-encoder,-9.853209495544434,1
cross-encoder,-9.852938652038574,1
cross-encoder,-9.851649284362793,1
cross-encoder,-9.851568222045898,1
cross-encoder,-9.851438522338867,1
cross-encoder,-9.851404190063477,1
cross-encoder,-9.85074520111084,1
cross-encoder,-9.850561141967773,1
cross-encoder,-9.850367546081543,1
cross-encoder,-9.849091529846191,1
cross-encoder,-9.845102310180664,1
cross-encoder,-9.844598770141602,1
cross-encoder,-9.842344284057617,1
cross-encoder,-9.842290878295898,1
cross-encoder,-9.841461181640625,1
cross-encoder,-9.841418266296387,1
cross-encoder,-9.84079360961914,1
cross-encoder,-9.838746070861816,1
cross-encoder,-9.83780288696289,1
cross-encoder,-9.83773422241211,1
cross-encoder,-9.836790084838867,1
cross-encoder,-9.832595825195312,1
cross-encoder,-9.831123352050781,1
cross-encoder,-9.830848693847656,1
cross-encoder,-9.830676078796387,1
cross-encoder,-9.828279495239258,1
cross-encoder,-9.824752807617188,1
cross-encoder,-9.824625968933105,1
cross-encoder,-9.822559356689453,1
cross-encoder,-9.821956634521484,1
cross-encoder,-9.820467948913574,1
cross-encoder,-9.819475173950195,1
cross-encoder,-9.818475723266602,1
cross-encoder,-9.817851066589355,1
cross-encoder,-9.816582679748535,1
cross-encoder,-9.815752029418945,1
cross-encoder,-9.812575340270996,1
cross-encoder,-9.81214714050293,1
cross-encoder,-9.811056137084961,1
cross-encoder,-9.810587882995605,1
cross-encoder,-9.810173034667969,1
cross-encoder,-9.808975219726562,1
cross-encoder,-9.80587387084961,1
cross-encoder,-9.805191993713379,1
cross-encoder,-9.805122375488281,1
cross-encoder,-9.803876876831055,1
cross-encoder,-9.800811767578125,1
cross-encoder,-9.799830436706543,1
cross-encoder,-9.798133850097656,1
cross-encoder,-9.796483993530273,1
cross-encoder,-9.796453475952148,1
cross-encoder,-9.796146392822266,1
cross-encoder,-9.794225692749023,1
cross-encoder,-9.793033599853516,1
cross-encoder,-9.79222297668457,1
cross-encoder,-9.791592597961426,1
cross-encoder,-9.790987014770508,1
cross-encoder,-9.78862190246582,1
cross-encoder,-9.787667274475098,1
cross-encoder,-9.78707504272461,1
cross-encoder,-9.785736083984375,1
cross-encoder,-9.78093433380127,1
cross-encoder,-9.780892372131348,1
cross-encoder,-9.77933406829834,1
cross-encoder,-9.779328346252441,1
cross-encoder,-9.778167724609375,1
cross-encoder,-9.774951934814453,1
cross-encoder,-9.774913787841797,1
cross-encoder,-9.77426528930664,1
cross-encoder,-9.773073196411133,1
cross-encoder,-9.772054672241211,1
cross-encoder,-9.7715482711792,1
cross-encoder,-9.77069091796875,1
cross-encoder,-9.770435333251953,1
cross-encoder,-9.769905090332031,1
cross-encoder,-9.769574165344238,1
cross-encoder,-9.76951789855957,1
cross-encoder,-9.7694091796875,1
cross-encoder,-9.769262313842773,1
cross-encoder,-9.768495559692383,1
cross-encoder,-9.768346786499023,1
cross-encoder,-9.766555786132812,1
cross-encoder,-9.765563011169434,1
cross-encoder,-9.763890266418457,1
cross-encoder,-9.7638578414917,1
cross-encoder,-9.763799667358398,1
cross-encoder,-9.761298179626465,1
cross-encoder,-9.760931968688965,1
cross-encoder,-9.759866714477539,1
cross-encoder,-9.75915241241455,1
cross-encoder,-9.755796432495117,1
cross-encoder,-9.755681037902832,1
cross-encoder,-9.755416870117188,1
cross-encoder,-9.754791259765625,1
cross-encoder,-9.752286911010742,1
cross-encoder,-9.749250411987305,1
cross-encoder,-9.748061180114746,1
cross-encoder,-9.74777603149414,1
cross-encoder,-9.74578857421875,1
cross-encoder,-9.745193481445312,1
cross-encoder,-9.744180679321289,1
cross-encoder,-9.741159439086914,1
cross-encoder,-9.741029739379883,1
cross-encoder,-9.740657806396484,1
cross-encoder,-9.739255905151367,1
cross-encoder,-9.738162994384766,1
cross-encoder,-9.737972259521484,1
cross-encoder,-9.735511779785156,1
cross-encoder,-9.732100486755371,1
cross-encoder,-9.730600357055664,1
cross-encoder,-9.730405807495117,1
cross-encoder,-9.728961944580078,1
cross-encoder,-9.728804588317871,1
cross-encoder,-9.727840423583984,1
cross-encoder,-9.727340698242188,1
cross-encoder,-9.727273941040039,1
cross-encoder,-9.726402282714844,1
cross-encoder,-9.723278045654297,1
cross-encoder,-9.72189998626709,1
cross-encoder,-9.721898078918457,1
cross-encoder,-9.720808029174805,1
cross-encoder,-9.720064163208008,1
cross-encoder,-9.71994400024414,1
cross-encoder,-9.719869613647461,1
cross-encoder,-9.716760635375977,1
cross-encoder,-9.715729713439941,1
cross-encoder,-9.715463638305664,1
cross-encoder,-9.715276718139648,1
cross-encoder,-9.714919090270996,1
cross-encoder,-9.71409797668457,1
cross-encoder,-9.713539123535156,1
cross-encoder,-9.710370063781738,1
cross-encoder,-9.70894718170166,1
cross-encoder,-9.707563400268555,1
cross-encoder,-9.70693302154541,1
cross-encoder,-9.705628395080566,1
cross-encoder,-9.705591201782227,1
cross-encoder,-9.705442428588867,1
cross-encoder,-9.70543098449707,1
cross-encoder,-9.704004287719727,1
cross-encoder,-9.702180862426758,1
cross-encoder,-9.698906898498535,1
cross-encoder,-9.698169708251953,1
cross-encoder,-9.69649600982666,1
cross-encoder,-9.695589065551758,1
cross-encoder,-9.695551872253418,1
cross-encoder,-9.693387985229492,1
cross-encoder,-9.693150520324707,1
cross-encoder,-9.690690040588379,1
cross-encoder,-9.689284324645996,1
cross-encoder,-9.68770980834961,1
cross-encoder,-9.687173843383789,1
cross-encoder,-9.685182571411133,1
cross-encoder,-9.68338680267334,1
cross-encoder,-9.682214736938477,1
cross-encoder,-9.68128776550293,1
cross-encoder,-9.679834365844727,1
cross-encoder,-9.67966079711914,1
cross-encoder,-9.677530288696289,1
cross-encoder,-9.67664909362793,1
cross-encoder,-9.675969123840332,1
cross-encoder,-9.675740242004395,1
cross-encoder,-9.67531681060791,1
cross-encoder,-9.674982070922852,1
cross-encoder,-9.67496109008789,1
cross-encoder,-9.671310424804688,1
cross-encoder,-9.66968059539795,1
cross-encoder,-9.669382095336914,1
cross-encoder,-9.667848587036133,1
cross-encoder,-9.663459777832031,2
cross-encoder,-9.66197395324707,1
cross-encoder,-9.661413192749023,1
cross-encoder,-9.661195755004883,1
cross-encoder,-9.65974235534668,1
cross-encoder,-9.6578369140625,1
cross-encoder,-9.657827377319336,1
cross-encoder,-9.656440734863281,1
cross-encoder,-9.6553955078125,1
cross-encoder,-9.654022216796875,1
cross-encoder,-9.653655052185059,1
cross-encoder,-9.653498649597168,1
cross-encoder,-9.652889251708984,1
cross-encoder,-9.650262832641602,1
cross-encoder,-9.644760131835938,1
cross-encoder,-9.644341468811035,1
cross-encoder,-9.64138412475586,1
cross-encoder,-9.641166687011719,1
cross-encoder,-9.638179779052734,1
cross-encoder,-9.635528564453125,1
cross-encoder,-9.634807586669922,1
cross-encoder,-9.633874893188477,1
cross-encoder,-9.633030891418457,1
cross-encoder,-9.632183074951172,1
cross-encoder,-9.631349563598633,1
cross-encoder,-9.6296968460083,1
cross-encoder,-9.62452507019043,1
cross-encoder,-9.62409782409668,1
cross-encoder,-9.624069213867188,1
cross-encoder,-9.622519493103027,1
cross-encoder,-9.621943473815918,1
cross-encoder,-9.621517181396484,1
cross-encoder,-9.62057876586914,1
cross-encoder,-9.620315551757812,1
cross-encoder,-9.619670867919922,1
cross-encoder,-9.619646072387695,1
cross-encoder,-9.614349365234375,1
cross-encoder,-9.611894607543945,1
cross-encoder,-9.609654426574707,1
cross-encoder,-9.607999801635742,1
cross-encoder,-9.604780197143555,1
cross-encoder,-9.604447364807129,1
cross-encoder,-9.604095458984375,1
cross-encoder,-9.602706909179688,1
cross-encoder,-9.601889610290527,1
cross-encoder,-9.601150512695312,1
cross-encoder,-9.601093292236328,1
cross-encoder,-9.5999755859375,1
cross-encoder,-9.59979248046875,1
cross-encoder,-9.599651336669922,1
cross-encoder,-9.598154067993164,1
cross-encoder,-9.59417724609375,1
cross-encoder,-9.594032287597656,1
cross-encoder,-9.592391967773438,1
cross-encoder,-9.587095260620117,1
cross-encoder,-9.58487319946289,1
cross-encoder,-9.584810256958008,1
cross-encoder,-9.582395553588867,1
cross-encoder,-9.58126449584961,1
cross-encoder,-9.58085823059082,1
cross-encoder,-9.580824851989746,1
cross-encoder,-9.580802917480469,1
cross-encoder,-9.580523490905762,1
cross-encoder,-9.579670906066895,1
cross-encoder,-9.579351425170898,1
cross-encoder,-9.57845687866211,1
cross-encoder,-9.576960563659668,1
cross-encoder,-9.575784683227539,1
cross-encoder,-9.575119018554688,1
cross-encoder,-9.574840545654297,1
cross-encoder,-9.572853088378906,1
cross-encoder,-9.571842193603516,1
cross-encoder,-9.571649551391602,1
cross-encoder,-9.571050643920898,1
cross-encoder,-9.570618629455566,1
cross-encoder,-9.570140838623047,1
cross-encoder,-9.570028305053711,1
cross-encoder,-9.568531036376953,1
cross-encoder,-9.56740951538086,1
cross-encoder,-9.566720962524414,1
cross-encoder,-9.564787864685059,1
cross-encoder,-9.562764167785645,1
cross-encoder,-9.562721252441406,1
cross-encoder,-9.561297416687012,1
cross-encoder,-9.558985710144043,1
cross-encoder,-9.553474426269531,1
cross-encoder,-9.552312850952148,1
cross-encoder,-9.548264503479004,1
cross-encoder,-9.547994613647461,1
cross-encoder,-9.547987937927246,1
cross-encoder,-9.544234275817871,1
cross-encoder,-9.540653228759766,1
cross-encoder,-9.5401029586792,1
cross-encoder,-9.538692474365234,1
cross-encoder,-9.538240432739258,1
cross-encoder,-9.536428451538086,1
cross-encoder,-9.535059928894043,1
cross-encoder,-9.533445358276367,1
cross-encoder,-9.533190727233887,1
cross-encoder,-9.53077220916748,1
cross-encoder,-9.529631614685059,1
cross-encoder,-9.529455184936523,1
cross-encoder,-9.529399871826172,1
cross-encoder,-9.528091430664062,1
cross-encoder,-9.525823593139648,1
cross-encoder,-9.523853302001953,1
cross-encoder,-9.52380657196045,1
cross-encoder,-9.523454666137695,1
cross-encoder,-9.521907806396484,1
cross-encoder,-9.521856307983398,1
cross-encoder,-9.5211181640625,1
cross-encoder,-9.519330978393555,1
cross-encoder,-9.518806457519531,1
cross-encoder,-9.51701545715332,1
cross-encoder,-9.514439582824707,1
cross-encoder,-9.51369857788086,1
cross-encoder,-9.50794506072998,1
cross-encoder,-9.507431030273438,1
cross-encoder,-9.507343292236328,1
cross-encoder,-9.50691032409668,1
cross-encoder,-9.506852149963379,1
cross-encoder,-9.506610870361328,1
cross-encoder,-9.501012802124023,1
cross-encoder,-9.498207092285156,1
cross-encoder,-9.49819564819336,1
cross-encoder,-9.494941711425781,1
cross-encoder,-9.488515853881836,1
cross-encoder,-9.485538482666016,1
cross-encoder,-9.483332633972168,1
cross-encoder,-9.483007431030273,2
cross-encoder,-9.48171615600586,1
cross-encoder,-9.480152130126953,1
cross-encoder,-9.478973388671875,1
cross-encoder,-9.478102684020996,1
cross-encoder,-9.476424217224121,1
cross-encoder,-9.474891662597656,1
cross-encoder,-9.473756790161133,1
cross-encoder,-9.47303581237793,1
cross-encoder,-9.4681396484375,1
cross-encoder,-9.46768569946289,1
cross-encoder,-9.463247299194336,1
cross-encoder,-9.462766647338867,1
cross-encoder,-9.462018966674805,1
cross-encoder,-9.460503578186035,1
cross-encoder,-9.459583282470703,1
cross-encoder,-9.458822250366211,1
cross-encoder,-9.455843925476074,1
cross-encoder,-9.455465316772461,1
cross-encoder,-9.4542236328125,1
cross-encoder,-9.45214557647705,1
cross-encoder,-9.448837280273438,1
cross-encoder,-9.448722839355469,1
cross-encoder,-9.447235107421875,1
cross-encoder,-9.446414947509766,1
cross-encoder,-9.44603443145752,1
cross-encoder,-9.444358825683594,1
cross-encoder,-9.443995475769043,1
cross-encoder,-9.442748069763184,1
cross-encoder,-9.442691802978516,1
cross-encoder,-9.44216537475586,1
cross-encoder,-9.441671371459961,1
cross-encoder,-9.44083023071289,1
cross-encoder,-9.439826965332031,1
cross-encoder,-9.437979698181152,1
cross-encoder,-9.436578750610352,1
cross-encoder,-9.436302185058594,1
cross-encoder,-9.436271667480469,1
cross-encoder,-9.430952072143555,1
cross-encoder,-9.430157661437988,1
cross-encoder,-9.427289009094238,1
cross-encoder,-9.425379753112793,1
cross-encoder,-9.425251007080078,1
cross-encoder,-9.424517631530762,1
cross-encoder,-9.423179626464844,1
cross-encoder,-9.422027587890625,1
cross-encoder,-9.421611785888672,1
cross-encoder,-9.417673110961914,1
cross-encoder,-9.41752815246582,1
cross-encoder,-9.417397499084473,1
cross-encoder,-9.417046546936035,1
cross-encoder,-9.41627311706543,1
cross-encoder,-9.414207458496094,1
cross-encoder,-9.413619041442871,1
cross-encoder,-9.412697792053223,1
cross-encoder,-9.410381317138672,1
cross-encoder,-9.410316467285156,1
cross-encoder,-9.408468246459961,1
cross-encoder,-9.408210754394531,1
cross-encoder,-9.407413482666016,1
cross-encoder,-9.406980514526367,1
cross-encoder,-9.40669059753418,1
cross-encoder,-9.406234741210938,1
cross-encoder,-9.404836654663086,1
cross-encoder,-9.40079116821289,1
cross-encoder,-9.399053573608398,1
cross-encoder,-9.399020195007324,1
cross-encoder,-9.396671295166016,1
cross-encoder,-9.395709037780762,1
cross-encoder,-9.394375801086426,1
cross-encoder,-9.39437484741211,1
cross-encoder,-9.391851425170898,1
cross-encoder,-9.390495300292969,1
cross-encoder,-9.389371871948242,1
cross-encoder,-9.388888359069824,1
cross-encoder,-9.388875007629395,1
cross-encoder,-9.387369155883789,1
cross-encoder,-9.381017684936523,1
cross-encoder,-9.380321502685547,1
cross-encoder,-9.379687309265137,1
cross-encoder,-9.375388145446777,1
cross-encoder,-9.37192440032959,1
cross-encoder,-9.371686935424805,1
cross-encoder,-9.37152099609375,2
cross-encoder,-9.370758056640625,1
cross-encoder,-9.366539001464844,1
cross-encoder,-9.36483383178711,1
cross-encoder,-9.363861083984375,1
cross-encoder,-9.362422943115234,1
cross-encoder,-9.362290382385254,1
cross-encoder,-9.360590934753418,1
cross-encoder,-9.359695434570312,1
cross-encoder,-9.358939170837402,1
cross-encoder,-9.358936309814453,1
cross-encoder,-9.357088088989258,1
cross-encoder,-9.357064247131348,1
cross-encoder,-9.356236457824707,1
cross-encoder,-9.355918884277344,1
cross-encoder,-9.355916976928711,1
cross-encoder,-9.354461669921875,1
cross-encoder,-9.35443115234375,1
cross-encoder,-9.35324764251709,1
cross-encoder,-9.3516845703125,1
cross-encoder,-9.350776672363281,1
cross-encoder,-9.34885025024414,1
cross-encoder,-9.348492622375488,1
cross-encoder,-9.34488296508789,1
cross-encoder,-9.343358993530273,1
cross-encoder,-9.33941650390625,1
cross-encoder,-9.33896255493164,1
cross-encoder,-9.338103294372559,1
cross-encoder,-9.337225914001465,1
cross-encoder,-9.33692741394043,1
cross-encoder,-9.336079597473145,1
cross-encoder,-9.335529327392578,1
cross-encoder,-9.335210800170898,1
cross-encoder,-9.334077835083008,1
cross-encoder,-9.331101417541504,1
cross-encoder,-9.330503463745117,1
cross-encoder,-9.328165054321289,1
cross-encoder,-9.327984809875488,1
cross-encoder,-9.32791519165039,1
cross-encoder,-9.327832221984863,1
cross-encoder,-9.32708740234375,2
cross-encoder,-9.326150894165039,1
cross-encoder,-9.32459831237793,1
cross-encoder,-9.32330322265625,1
cross-encoder,-9.322880744934082,1
cross-encoder,-9.319452285766602,1
cross-encoder,-9.318328857421875,1
cross-encoder,-9.317523002624512,1
cross-encoder,-9.317007064819336,1
cross-encoder,-9.316069602966309,1
cross-encoder,-9.313192367553711,1
cross-encoder,-9.311320304870605,1
cross-encoder,-9.306136131286621,1
cross-encoder,-9.305986404418945,1
cross-encoder,-9.302321434020996,1
cross-encoder,-9.300067901611328,1
cross-encoder,-9.299982070922852,1
cross-encoder,-9.299470901489258,1
cross-encoder,-9.297103881835938,1
cross-encoder,-9.296216011047363,1
cross-encoder,-9.29615592956543,1
cross-encoder,-9.294660568237305,1
cross-encoder,-9.29444694519043,1
cross-encoder,-9.294297218322754,1
cross-encoder,-9.294214248657227,1
cross-encoder,-9.294007301330566,1
cross-encoder,-9.291951179504395,1
cross-encoder,-9.29166030883789,1
cross-encoder,-9.290264129638672,1
cross-encoder,-9.289861679077148,1
cross-encoder,-9.289033889770508,1
cross-encoder,-9.2840576171875,1
cross-encoder,-9.283042907714844,1
cross-encoder,-9.28139591217041,1
cross-encoder,-9.280064582824707,1
cross-encoder,-9.279621124267578,1
cross-encoder,-9.279047966003418,1
cross-encoder,-9.278217315673828,1
cross-encoder,-9.277534484863281,1
cross-encoder,-9.276354789733887,1
cross-encoder,-9.275684356689453,1
cross-encoder,-9.27399730682373,1
cross-encoder,-9.27265739440918,1
cross-encoder,-9.272536277770996,1
cross-encoder,-9.272427558898926,1
cross-encoder,-9.270402908325195,1
cross-encoder,-9.268194198608398,1
cross-encoder,-9.267963409423828,1
cross-encoder,-9.266990661621094,1
cross-encoder,-9.266792297363281,1
cross-encoder,-9.265892028808594,1
cross-encoder,-9.26569938659668,1
cross-encoder,-9.264480590820312,1
cross-encoder,-9.263001441955566,1
cross-encoder,-9.261445045471191,1
cross-encoder,-9.258705139160156,1
cross-encoder,-9.25830078125,1
cross-encoder,-9.257065773010254,1
cross-encoder,-9.25660228729248,1
cross-encoder,-9.254919052124023,1
cross-encoder,-9.252958297729492,1
cross-encoder,-9.25283432006836,1
cross-encoder,-9.251020431518555,1
cross-encoder,-9.249170303344727,1
cross-encoder,-9.24862289428711,1
cross-encoder,-9.248016357421875,1
cross-encoder,-9.245694160461426,1
cross-encoder,-9.243227005004883,1
cross-encoder,-9.241191864013672,1
cross-encoder,-9.240612030029297,1
cross-encoder,-9.239559173583984,1
cross-encoder,-9.239004135131836,1
cross-encoder,-9.238673210144043,1
cross-encoder,-9.23583698272705,1
cross-encoder,-9.233327865600586,1
cross-encoder,-9.233015060424805,1
cross-encoder,-9.232553482055664,1
cross-encoder,-9.23207950592041,1
cross-encoder,-9.231481552124023,1
cross-encoder,-9.228500366210938,1
cross-encoder,-9.227193832397461,1
cross-encoder,-9.221892356872559,1
cross-encoder,-9.218185424804688,1
cross-encoder,-9.211319923400879,1
cross-encoder,-9.209989547729492,1
cross-encoder,-9.208242416381836,1
cross-encoder,-9.207382202148438,1
cross-encoder,-9.20444107055664,1
cross-encoder,-9.20346450805664,1
cross-encoder,-9.20273208618164,1
cross-encoder,-9.20261287689209,1
cross-encoder,-9.200218200683594,1
cross-encoder,-9.196331024169922,1
cross-encoder,-9.195940971374512,1
cross-encoder,-9.195898056030273,1
cross-encoder,-9.195043563842773,1
cross-encoder,-9.19279670715332,1
cross-encoder,-9.192764282226562,1
cross-encoder,-9.190071105957031,1
cross-encoder,-9.18828010559082,1
cross-encoder,-9.184473037719727,1
cross-encoder,-9.183439254760742,1
cross-encoder,-9.181478500366211,1
cross-encoder,-9.18142318725586,1
cross-encoder,-9.179941177368164,1
cross-encoder,-9.178768157958984,1
cross-encoder,-9.17701530456543,1
cross-encoder,-9.176027297973633,1
cross-encoder,-9.175691604614258,1
cross-encoder,-9.175607681274414,1
cross-encoder,-9.173872947692871,1
cross-encoder,-9.171875953674316,1
cross-encoder,-9.16877269744873,1
cross-encoder,-9.167993545532227,1
cross-encoder,-9.166866302490234,1
cross-encoder,-9.165863990783691,1
cross-encoder,-9.163238525390625,1
cross-encoder,-9.162199020385742,1
cross-encoder,-9.162155151367188,1
cross-encoder,-9.161529541015625,1
cross-encoder,-9.161378860473633,1
cross-encoder,-9.159540176391602,1
cross-encoder,-9.159451484680176,1
cross-encoder,-9.159294128417969,1
cross-encoder,-9.158058166503906,1
cross-encoder,-9.157241821289062,1
cross-encoder,-9.154930114746094,1
cross-encoder,-9.151728630065918,1
cross-encoder,-9.15009880065918,1
cross-encoder,-9.14950942993164,1
cross-encoder,-9.147783279418945,1
cross-encoder,-9.143625259399414,1
cross-encoder,-9.14330768585205,1
cross-encoder,-9.142496109008789,1
cross-encoder,-9.141441345214844,1
cross-encoder,-9.139060974121094,1
cross-encoder,-9.138956069946289,1
cross-encoder,-9.13719654083252,1
cross-encoder,-9.136974334716797,1
cross-encoder,-9.136930465698242,2
cross-encoder,-9.136482238769531,1
cross-encoder,-9.135675430297852,1
cross-encoder,-9.134779930114746,1
cross-encoder,-9.132469177246094,1
cross-encoder,-9.132379531860352,1
cross-encoder,-9.13149356842041,1
cross-encoder,-9.131086349487305,1
cross-encoder,-9.130311012268066,1
cross-encoder,-9.128215789794922,1
cross-encoder,-9.126911163330078,1
cross-encoder,-9.126676559448242,1
cross-encoder,-9.126106262207031,1
cross-encoder,-9.120973587036133,1
cross-encoder,-9.120244026184082,1
cross-encoder,-9.11916732788086,1
cross-encoder,-9.116605758666992,1
cross-encoder,-9.115987777709961,1
cross-encoder,-9.110488891601562,1
cross-encoder,-9.107624053955078,1
cross-encoder,-9.107183456420898,1
cross-encoder,-9.10387897491455,1
cross-encoder,-9.102293014526367,1
cross-encoder,-9.100322723388672,1
cross-encoder,-9.100192070007324,1
cross-encoder,-9.098883628845215,1
cross-encoder,-9.096722602844238,1
cross-encoder,-9.091815948486328,1
cross-encoder,-9.089752197265625,1
cross-encoder,-9.089422225952148,1
cross-encoder,-9.089115142822266,1
cross-encoder,-9.088773727416992,1
cross-encoder,-9.08807373046875,1
cross-encoder,-9.086529731750488,1
cross-encoder,-9.084487915039062,1
cross-encoder,-9.083514213562012,1
cross-encoder,-9.082731246948242,1
cross-encoder,-9.08082389831543,1
cross-encoder,-9.080421447753906,1
cross-encoder,-9.078387260437012,1
cross-encoder,-9.073436737060547,1
cross-encoder,-9.069900512695312,1
cross-encoder,-9.0693359375,1
cross-encoder,-9.067899703979492,1
cross-encoder,-9.066507339477539,1
cross-encoder,-9.065195083618164,1
cross-encoder,-9.064252853393555,1
cross-encoder,-9.062604904174805,1
cross-encoder,-9.059954643249512,1
cross-encoder,-9.058279991149902,2
cross-encoder,-9.057060241699219,1
cross-encoder,-9.05689811706543,1
cross-encoder,-9.053398132324219,1
cross-encoder,-9.050052642822266,1
cross-encoder,-9.049708366394043,1
cross-encoder,-9.048630714416504,1
cross-encoder,-9.048101425170898,1
cross-encoder,-9.045625686645508,1
cross-encoder,-9.044336318969727,1
cross-encoder,-9.04074478149414,1
cross-encoder,-9.040716171264648,1
cross-encoder,-9.040414810180664,1
cross-encoder,-9.039350509643555,1
cross-encoder,-9.039102554321289,1
cross-encoder,-9.038694381713867,1
cross-encoder,-9.038393020629883,1
cross-encoder,-9.038022994995117,1
cross-encoder,-9.033432006835938,1
cross-encoder,-9.029951095581055,1
cross-encoder,-9.029081344604492,1
cross-encoder,-9.027128219604492,1
cross-encoder,-9.0267333984375,1
cross-encoder,-9.02528190612793,1
cross-encoder,-9.025026321411133,1
cross-encoder,-9.024707794189453,1
cross-encoder,-9.023841857910156,1
cross-encoder,-9.022176742553711,1
cross-encoder,-9.021568298339844,1
cross-encoder,-9.020565032958984,1
cross-encoder,-9.017660140991211,1
cross-encoder,-9.014915466308594,1
cross-encoder,-9.014823913574219,1
cross-encoder,-9.01295280456543,1
cross-encoder,-9.011568069458008,1
cross-encoder,-9.007012367248535,1
cross-encoder,-9.00504207611084,1
cross-encoder,-9.002838134765625,1
cross-encoder,-9.002240180969238,1
cross-encoder,-9.001638412475586,1
cross-encoder,-8.999929428100586,1
cross-encoder,-8.994524002075195,1
cross-encoder,-8.99343204498291,1
cross-encoder,-8.99267578125,1
cross-encoder,-8.991199493408203,1
cross-encoder,-8.98773193359375,1
cross-encoder,-8.987709999084473,1
cross-encoder,-8.985877990722656,1
cross-encoder,-8.985758781433105,1
cross-encoder,-8.98498821258545,1
cross-encoder,-8.982443809509277,1
cross-encoder,-8.981613159179688,1
cross-encoder,-8.981260299682617,1
cross-encoder,-8.980825424194336,1
cross-encoder,-8.980055809020996,1
cross-encoder,-8.979251861572266,1
cross-encoder,-8.978257179260254,1
cross-encoder,-8.975635528564453,1
cross-encoder,-8.973918914794922,1
cross-encoder,-8.972260475158691,1
cross-encoder,-8.971735954284668,1
cross-encoder,-8.968650817871094,1
cross-encoder,-8.967666625976562,1
cross-encoder,-8.967405319213867,1
cross-encoder,-8.966651916503906,1
cross-encoder,-8.964059829711914,1
cross-encoder,-8.961082458496094,1
cross-encoder,-8.959906578063965,1
cross-encoder,-8.959794044494629,1
cross-encoder,-8.958780288696289,1
cross-encoder,-8.955263137817383,1
cross-encoder,-8.954794883728027,1
cross-encoder,-8.953235626220703,1
cross-encoder,-8.952842712402344,1
cross-encoder,-8.952230453491211,1
cross-encoder,-8.951820373535156,1
cross-encoder,-8.951467514038086,1
cross-encoder,-8.951385498046875,1
cross-encoder,-8.949886322021484,1
cross-encoder,-8.944206237792969,1
cross-encoder,-8.942544937133789,1
cross-encoder,-8.942266464233398,1
cross-encoder,-8.94178295135498,1
cross-encoder,-8.941173553466797,1
cross-encoder,-8.938783645629883,1
cross-encoder,-8.937187194824219,1
cross-encoder,-8.935495376586914,1
cross-encoder,-8.935211181640625,1
cross-encoder,-8.932608604431152,1
cross-encoder,-8.93132495880127,1
cross-encoder,-8.929463386535645,1
cross-encoder,-8.929412841796875,1
cross-encoder,-8.925422668457031,1
cross-encoder,-8.925224304199219,1
cross-encoder,-8.924741744995117,1
cross-encoder,-8.922842025756836,1
cross-encoder,-8.922765731811523,1
cross-encoder,-8.91862964630127,1
cross-encoder,-8.91847038269043,1
cross-encoder,-8.917776107788086,1
cross-encoder,-8.91645622253418,1
cross-encoder,-8.915155410766602,1
cross-encoder,-8.914435386657715,1
cross-encoder,-8.91109848022461,1
cross-encoder,-8.91050910949707,1
cross-encoder,-8.908432006835938,1
cross-encoder,-8.904762268066406,1
cross-encoder,-8.904536247253418,1
cross-encoder,-8.902700424194336,1
cross-encoder,-8.902612686157227,1
cross-encoder,-8.894722938537598,1
cross-encoder,-8.89439868927002,1
cross-encoder,-8.894376754760742,1
cross-encoder,-8.893562316894531,1
cross-encoder,-8.890836715698242,1
cross-encoder,-8.890573501586914,1
cross-encoder,-8.888822555541992,1
cross-encoder,-8.886638641357422,1
cross-encoder,-8.884757995605469,1
cross-encoder,-8.884235382080078,1
cross-encoder,-8.884140014648438,1
cross-encoder,-8.882006645202637,1
cross-encoder,-8.881010055541992,1
cross-encoder,-8.879297256469727,2
cross-encoder,-8.876656532287598,1
cross-encoder,-8.876138687133789,1
cross-encoder,-8.873576164245605,1
cross-encoder,-8.873551368713379,1
cross-encoder,-8.872564315795898,1
cross-encoder,-8.872187614440918,1
cross-encoder,-8.872003555297852,1
cross-encoder,-8.87006950378418,1
cross-encoder,-8.869548797607422,1
cross-encoder,-8.86898422241211,1
cross-encoder,-8.867470741271973,1
cross-encoder,-8.867027282714844,1
cross-encoder,-8.866134643554688,1
cross-encoder,-8.863441467285156,1
cross-encoder,-8.863407135009766,1
cross-encoder,-8.859663009643555,1
cross-encoder,-8.859201431274414,1
cross-encoder,-8.85860824584961,1
cross-encoder,-8.851228713989258,1
cross-encoder,-8.850493431091309,1
cross-encoder,-8.849343299865723,1
cross-encoder,-8.848747253417969,1
cross-encoder,-8.848065376281738,1
cross-encoder,-8.846504211425781,1
cross-encoder,-8.84369945526123,1
cross-encoder,-8.843282699584961,1
cross-encoder,-8.843277931213379,1
cross-encoder,-8.842048645019531,1
cross-encoder,-8.839794158935547,1
cross-encoder,-8.839611053466797,1
cross-encoder,-8.838820457458496,1
cross-encoder,-8.838478088378906,1
cross-encoder,-8.837906837463379,1
cross-encoder,-8.836435317993164,1
cross-encoder,-8.836411476135254,1
cross-encoder,-8.834419250488281,1
cross-encoder,-8.830409049987793,1
cross-encoder,-8.828147888183594,1
cross-encoder,-8.826335906982422,1
cross-encoder,-8.82432746887207,1
cross-encoder,-8.821228981018066,1
cross-encoder,-8.818953514099121,1
cross-encoder,-8.81628131866455,1
cross-encoder,-8.808606147766113,1
cross-encoder,-8.807010650634766,1
cross-encoder,-8.806828498840332,1
cross-encoder,-8.79774284362793,1
cross-encoder,-8.7975492477417,1
cross-encoder,-8.79638957977295,1
cross-encoder,-8.79581356048584,1
cross-encoder,-8.79494857788086,1
cross-encoder,-8.791738510131836,1
cross-encoder,-8.791419982910156,1
cross-encoder,-8.790562629699707,1
cross-encoder,-8.78720474243164,1
cross-encoder,-8.786865234375,1
cross-encoder,-8.785909652709961,1
cross-encoder,-8.782585144042969,1
cross-encoder,-8.78087329864502,1
cross-encoder,-8.779175758361816,1
cross-encoder,-8.77904224395752,1
cross-encoder,-8.778308868408203,1
cross-encoder,-8.777886390686035,1
cross-encoder,-8.77353286743164,1
cross-encoder,-8.77081298828125,1
cross-encoder,-8.76959228515625,1
cross-encoder,-8.769118309020996,1
cross-encoder,-8.767034530639648,1
cross-encoder,-8.76652717590332,1
cross-encoder,-8.765925407409668,1
cross-encoder,-8.765880584716797,1
cross-encoder,-8.764531135559082,1
cross-encoder,-8.763105392456055,1
cross-encoder,-8.760412216186523,1
cross-encoder,-8.760269165039062,1
cross-encoder,-8.759797096252441,1
cross-encoder,-8.759546279907227,1
cross-encoder,-8.758524894714355,1
cross-encoder,-8.758070945739746,1
cross-encoder,-8.750301361083984,1
cross-encoder,-8.748260498046875,1
cross-encoder,-8.745986938476562,1
cross-encoder,-8.745033264160156,1
cross-encoder,-8.744036674499512,1
cross-encoder,-8.743873596191406,1
cross-encoder,-8.740591049194336,1
cross-encoder,-8.740577697753906,1
cross-encoder,-8.740205764770508,1
cross-encoder,-8.739729881286621,1
cross-encoder,-8.736464500427246,1
cross-encoder,-8.731813430786133,1
cross-encoder,-8.730754852294922,1
cross-encoder,-8.724808692932129,1
cross-encoder,-8.723821640014648,1
cross-encoder,-8.72277545928955,1
cross-encoder,-8.722405433654785,1
cross-encoder,-8.719676971435547,1
cross-encoder,-8.717156410217285,1
cross-encoder,-8.71557903289795,1
cross-encoder,-8.71468448638916,1
cross-encoder,-8.714622497558594,1
cross-encoder,-8.71402359008789,1
cross-encoder,-8.713085174560547,1
cross-encoder,-8.710783004760742,1
cross-encoder,-8.708545684814453,1
cross-encoder,-8.707107543945312,1
cross-encoder,-8.706987380981445,1
cross-encoder,-8.706864356994629,1
cross-encoder,-8.705924034118652,1
cross-encoder,-8.702544212341309,1
cross-encoder,-8.70065975189209,1
cross-encoder,-8.700071334838867,1
cross-encoder,-8.69865608215332,1
cross-encoder,-8.697816848754883,1
cross-encoder,-8.693168640136719,1
cross-encoder,-8.692811012268066,1
cross-encoder,-8.68164348602295,1
cross-encoder,-8.680423736572266,1
cross-encoder,-8.678289413452148,1
cross-encoder,-8.675760269165039,1
cross-encoder,-8.67344856262207,1
cross-encoder,-8.670830726623535,1
cross-encoder,-8.670523643493652,1
cross-encoder,-8.665913581848145,1
cross-encoder,-8.664545059204102,1
cross-encoder,-8.664484024047852,1
cross-encoder,-8.66243839263916,1
cross-encoder,-8.662313461303711,1
cross-encoder,-8.662177085876465,1
cross-encoder,-8.66025161743164,1
cross-encoder,-8.659460067749023,1
cross-encoder,-8.657005310058594,1
cross-encoder,-8.656829833984375,1
cross-encoder,-8.655985832214355,1
cross-encoder,-8.652838706970215,1
cross-encoder,-8.649560928344727,1
cross-encoder,-8.648926734924316,1
cross-encoder,-8.643031120300293,1
cross-encoder,-8.634970664978027,1
cross-encoder,-8.631999969482422,1
cross-encoder,-8.628923416137695,1
cross-encoder,-8.624999046325684,1
cross-encoder,-8.623472213745117,1
cross-encoder,-8.622678756713867,1
cross-encoder,-8.621646881103516,1
cross-encoder,-8.621036529541016,1
cross-encoder,-8.620633125305176,1
cross-encoder,-8.617542266845703,1
cross-encoder,-8.616046905517578,1
cross-encoder,-8.615779876708984,1
cross-encoder,-8.615306854248047,1
cross-encoder,-8.613938331604004,1
cross-encoder,-8.61332893371582,1
cross-encoder,-8.613083839416504,1
cross-encoder,-8.60780143737793,1
cross-encoder,-8.606477737426758,1
cross-encoder,-8.6057710647583,1
cross-encoder,-8.60505199432373,1
cross-encoder,-8.600625991821289,1
cross-encoder,-8.594698905944824,1
cross-encoder,-8.59457015991211,1
cross-encoder,-8.591146469116211,1
cross-encoder,-8.589672088623047,2
cross-encoder,-8.588768005371094,1
cross-encoder,-8.586589813232422,1
cross-encoder,-8.582554817199707,1
cross-encoder,-8.582459449768066,1
cross-encoder,-8.578048706054688,1
cross-encoder,-8.572843551635742,1
cross-encoder,-8.571737289428711,1
cross-encoder,-8.570978164672852,1
cross-encoder,-8.570859909057617,1
cross-encoder,-8.565122604370117,1
cross-encoder,-8.564910888671875,1
cross-encoder,-8.563884735107422,1
cross-encoder,-8.562355995178223,1
cross-encoder,-8.562171936035156,1
cross-encoder,-8.561382293701172,1
cross-encoder,-8.56109619140625,1
cross-encoder,-8.559528350830078,1
cross-encoder,-8.556005477905273,1
cross-encoder,-8.550897598266602,1
cross-encoder,-8.548198699951172,1
cross-encoder,-8.54800033569336,1
cross-encoder,-8.546696662902832,1
cross-encoder,-8.545417785644531,1
cross-encoder,-8.540765762329102,1
cross-encoder,-8.536468505859375,1
cross-encoder,-8.535839080810547,1
cross-encoder,-8.535045623779297,1
cross-encoder,-8.534879684448242,1
cross-encoder,-8.534123420715332,1
cross-encoder,-8.532310485839844,1
cross-encoder,-8.53085708618164,1
cross-encoder,-8.53082275390625,1
cross-encoder,-8.528343200683594,1
cross-encoder,-8.527788162231445,1
cross-encoder,-8.526117324829102,1
cross-encoder,-8.52359390258789,1
cross-encoder,-8.5234956741333,1
cross-encoder,-8.520727157592773,1
cross-encoder,-8.519058227539062,1
cross-encoder,-8.518302917480469,1
cross-encoder,-8.517326354980469,1
cross-encoder,-8.513566970825195,1
cross-encoder,-8.5134916305542,2
cross-encoder,-8.512309074401855,1
cross-encoder,-8.511665344238281,1
cross-encoder,-8.510660171508789,1
cross-encoder,-8.50977897644043,1
cross-encoder,-8.50954818725586,1
cross-encoder,-8.507776260375977,1
cross-encoder,-8.506998062133789,1
cross-encoder,-8.504901885986328,1
cross-encoder,-8.503400802612305,1
cross-encoder,-8.500408172607422,1
cross-encoder,-8.496853828430176,1
cross-encoder,-8.496746063232422,1
cross-encoder,-8.495019912719727,1
cross-encoder,-8.494720458984375,1
cross-encoder,-8.493718147277832,1
cross-encoder,-8.491954803466797,1
cross-encoder,-8.488687515258789,1
cross-encoder,-8.48862075805664,1
cross-encoder,-8.487180709838867,1
cross-encoder,-8.483658790588379,1
cross-encoder,-8.483377456665039,1
cross-encoder,-8.48253059387207,1
cross-encoder,-8.482457160949707,1
cross-encoder,-8.481953620910645,1
cross-encoder,-8.481918334960938,1
cross-encoder,-8.47911262512207,1
cross-encoder,-8.478692054748535,1
cross-encoder,-8.475391387939453,1
cross-encoder,-8.474889755249023,1
cross-encoder,-8.47464370727539,1
cross-encoder,-8.473411560058594,1
cross-encoder,-8.472573280334473,1
cross-encoder,-8.472393989562988,1
cross-encoder,-8.471986770629883,1
cross-encoder,-8.467883110046387,1
cross-encoder,-8.465574264526367,1
cross-encoder,-8.464694023132324,1
cross-encoder,-8.464624404907227,1
cross-encoder,-8.46316909790039,1
cross-encoder,-8.460512161254883,1
cross-encoder,-8.460391998291016,1
cross-encoder,-8.46023941040039,1
cross-encoder,-8.45969009399414,1
cross-encoder,-8.457635879516602,1
cross-encoder,-8.455907821655273,1
cross-encoder,-8.453967094421387,1
cross-encoder,-8.45173454284668,1
cross-encoder,-8.451679229736328,1
cross-encoder,-8.450002670288086,1
cross-encoder,-8.447925567626953,1
cross-encoder,-8.447038650512695,1
cross-encoder,-8.444662094116211,1
cross-encoder,-8.43069839477539,1
cross-encoder,-8.427112579345703,1
cross-encoder,-8.424232482910156,1
cross-encoder,-8.422918319702148,1
cross-encoder,-8.418787956237793,1
cross-encoder,-8.417378425598145,1
cross-encoder,-8.415277481079102,1
cross-encoder,-8.411996841430664,1
cross-encoder,-8.410964965820312,1
cross-encoder,-8.407121658325195,1
cross-encoder,-8.405231475830078,1
cross-encoder,-8.405189514160156,1
cross-encoder,-8.402488708496094,1
cross-encoder,-8.400836944580078,1
cross-encoder,-8.398778915405273,1
cross-encoder,-8.398042678833008,1
cross-encoder,-8.391279220581055,1
cross-encoder,-8.390281677246094,1
cross-encoder,-8.3890962600708,1
cross-encoder,-8.387277603149414,1
cross-encoder,-8.386159896850586,1
cross-encoder,-8.385379791259766,2
cross-encoder,-8.384689331054688,1
cross-encoder,-8.38371753692627,1
cross-encoder,-8.383515357971191,1
cross-encoder,-8.382638931274414,1
cross-encoder,-8.38038444519043,1
cross-encoder,-8.38022232055664,1
cross-encoder,-8.379194259643555,1
cross-encoder,-8.379085540771484,1
cross-encoder,-8.376717567443848,1
cross-encoder,-8.376266479492188,1
cross-encoder,-8.374603271484375,1
cross-encoder,-8.371138572692871,1
cross-encoder,-8.369668960571289,1
cross-encoder,-8.368484497070312,1
cross-encoder,-8.368085861206055,1
cross-encoder,-8.365726470947266,1
cross-encoder,-8.365482330322266,1
cross-encoder,-8.35956859588623,1
cross-encoder,-8.35888671875,1
cross-encoder,-8.355375289916992,1
cross-encoder,-8.352860450744629,1
cross-encoder,-8.35258674621582,1
cross-encoder,-8.352581024169922,1
cross-encoder,-8.35079574584961,1
cross-encoder,-8.3463134765625,1
cross-encoder,-8.34631061553955,1
cross-encoder,-8.344315528869629,1
cross-encoder,-8.342132568359375,1
cross-encoder,-8.334178924560547,1
cross-encoder,-8.333612442016602,1
cross-encoder,-8.333454132080078,1
cross-encoder,-8.332791328430176,1
cross-encoder,-8.33233642578125,1
cross-encoder,-8.330799102783203,1
cross-encoder,-8.329479217529297,1
cross-encoder,-8.328665733337402,1
cross-encoder,-8.326818466186523,1
cross-encoder,-8.326617240905762,1
cross-encoder,-8.325421333312988,1
cross-encoder,-8.325222969055176,1
cross-encoder,-8.323036193847656,1
cross-encoder,-8.322836875915527,1
cross-encoder,-8.321456909179688,1
cross-encoder,-8.321249008178711,1
cross-encoder,-8.319986343383789,1
cross-encoder,-8.318711280822754,1
cross-encoder,-8.316356658935547,1
cross-encoder,-8.312616348266602,1
cross-encoder,-8.307595252990723,1
cross-encoder,-8.303323745727539,1
cross-encoder,-8.301615715026855,1
cross-encoder,-8.29940414428711,1
cross-encoder,-8.29889965057373,1
cross-encoder,-8.296052932739258,1
cross-encoder,-8.294941902160645,1
cross-encoder,-8.294841766357422,1
cross-encoder,-8.29458999633789,2
cross-encoder,-8.294458389282227,1
cross-encoder,-8.291383743286133,1
cross-encoder,-8.289074897766113,1
cross-encoder,-8.288491249084473,1
cross-encoder,-8.288219451904297,1
cross-encoder,-8.281387329101562,1
cross-encoder,-8.28132438659668,1
cross-encoder,-8.280011177062988,1
cross-encoder,-8.279386520385742,1
cross-encoder,-8.278640747070312,1
cross-encoder,-8.27717113494873,1
cross-encoder,-8.277023315429688,1
cross-encoder,-8.276206016540527,1
cross-encoder,-8.275379180908203,1
cross-encoder,-8.272878646850586,1
cross-encoder,-8.266678810119629,1
cross-encoder,-8.261239051818848,1
cross-encoder,-8.257772445678711,1
cross-encoder,-8.256026268005371,1
cross-encoder,-8.255617141723633,1
cross-encoder,-8.251667022705078,1
cross-encoder,-8.250728607177734,1
cross-encoder,-8.247663497924805,1
cross-encoder,-8.244121551513672,1
cross-encoder,-8.240408897399902,1
cross-encoder,-8.239422798156738,1
cross-encoder,-8.23695182800293,1
cross-encoder,-8.23680305480957,1
cross-encoder,-8.230666160583496,1
cross-encoder,-8.230392456054688,1
cross-encoder,-8.229217529296875,1
cross-encoder,-8.226151466369629,1
cross-encoder,-8.222335815429688,1
cross-encoder,-8.221540451049805,1
cross-encoder,-8.219182968139648,1
cross-encoder,-8.218133926391602,1
cross-encoder,-8.217026710510254,1
cross-encoder,-8.215723037719727,1
cross-encoder,-8.210601806640625,1
cross-encoder,-8.204248428344727,1
cross-encoder,-8.203872680664062,1
cross-encoder,-8.20269775390625,1
cross-encoder,-8.201088905334473,1
cross-encoder,-8.197839736938477,1
cross-encoder,-8.196989059448242,1
cross-encoder,-8.19533634185791,1
cross-encoder,-8.194646835327148,1
cross-encoder,-8.194168090820312,1
cross-encoder,-8.194038391113281,1
cross-encoder,-8.19356918334961,1
cross-encoder,-8.190736770629883,1
cross-encoder,-8.188589096069336,1
cross-encoder,-8.188549041748047,1
cross-encoder,-8.186541557312012,1
cross-encoder,-8.18356990814209,1
cross-encoder,-8.18343734741211,1
cross-encoder,-8.183342933654785,1
cross-encoder,-8.180143356323242,1
cross-encoder,-8.174053192138672,1
cross-encoder,-8.170589447021484,1
cross-encoder,-8.169939041137695,1
cross-encoder,-8.169578552246094,1
cross-encoder,-8.168848037719727,1
cross-encoder,-8.168787956237793,1
cross-encoder,-8.167888641357422,1
cross-encoder,-8.16450309753418,1
cross-encoder,-8.163127899169922,1
cross-encoder,-8.162864685058594,1
cross-encoder,-8.161669731140137,1
cross-encoder,-8.158475875854492,1
cross-encoder,-8.157432556152344,1
cross-encoder,-8.15478801727295,1
cross-encoder,-8.15451431274414,1
cross-encoder,-8.15365982055664,1
cross-encoder,-8.15229606628418,1
cross-encoder,-8.151239395141602,1
cross-encoder,-8.149471282958984,1
cross-encoder,-8.148388862609863,1
cross-encoder,-8.147848129272461,1
cross-encoder,-8.144942283630371,1
cross-encoder,-8.143556594848633,1
cross-encoder,-8.141989707946777,1
cross-encoder,-8.141530990600586,1
cross-encoder,-8.141236305236816,1
cross-encoder,-8.13994026184082,1
cross-encoder,-8.136999130249023,1
cross-encoder,-8.135595321655273,1
cross-encoder,-8.13510799407959,1
cross-encoder,-8.135032653808594,1
cross-encoder,-8.130535125732422,1
cross-encoder,-8.126718521118164,1
cross-encoder,-8.12649917602539,1
cross-encoder,-8.124166488647461,2
cross-encoder,-8.123955726623535,1
cross-encoder,-8.12340259552002,1
cross-encoder,-8.123083114624023,1
cross-encoder,-8.122360229492188,1
cross-encoder,-8.119312286376953,1
cross-encoder,-8.115544319152832,1
cross-encoder,-8.114572525024414,1
cross-encoder,-8.113679885864258,1
cross-encoder,-8.11325740814209,1
cross-encoder,-8.111884117126465,1
cross-encoder,-8.104602813720703,1
cross-encoder,-8.104192733764648,1
cross-encoder,-8.098499298095703,1
cross-encoder,-8.098155975341797,1
cross-encoder,-8.096692085266113,1
cross-encoder,-8.09573745727539,1
cross-encoder,-8.093244552612305,1
cross-encoder,-8.092763900756836,2
cross-encoder,-8.091541290283203,1
cross-encoder,-8.088945388793945,1
cross-encoder,-8.088479995727539,1
cross-encoder,-8.0871000289917,1
cross-encoder,-8.085714340209961,1
cross-encoder,-8.08201789855957,1
cross-encoder,-8.081576347351074,1
cross-encoder,-8.081501007080078,1
cross-encoder,-8.080196380615234,1
cross-encoder,-8.079504013061523,2
cross-encoder,-8.074966430664062,1
cross-encoder,-8.07341480255127,1
cross-encoder,-8.068973541259766,1
cross-encoder,-8.066205978393555,1
cross-encoder,-8.06173324584961,1
cross-encoder,-8.056900024414062,1
cross-encoder,-8.05295181274414,1
cross-encoder,-8.0507173538208,1
cross-encoder,-8.050422668457031,1
cross-encoder,-8.045795440673828,1
cross-encoder,-8.044486999511719,1
cross-encoder,-8.043302536010742,1
cross-encoder,-8.042911529541016,1
cross-encoder,-8.041637420654297,1
cross-encoder,-8.040160179138184,1
cross-encoder,-8.038198471069336,1
cross-encoder,-8.036277770996094,1
cross-encoder,-8.035713195800781,1
cross-encoder,-8.034805297851562,1
cross-encoder,-8.032305717468262,1
cross-encoder,-8.030579566955566,1
cross-encoder,-8.028801918029785,1
cross-encoder,-8.026698112487793,1
cross-encoder,-8.023977279663086,1
cross-encoder,-8.023087501525879,1
cross-encoder,-8.021541595458984,1
cross-encoder,-8.020182609558105,1
cross-encoder,-8.020075798034668,1
cross-encoder,-8.01949691772461,1
cross-encoder,-8.011697769165039,1
cross-encoder,-8.001513481140137,1
cross-encoder,-7.997315406799316,1
cross-encoder,-7.995797157287598,1
cross-encoder,-7.990296840667725,1
cross-encoder,-7.990207195281982,1
cross-encoder,-7.986343860626221,1
cross-encoder,-7.985860824584961,1
cross-encoder,-7.981159210205078,1
cross-encoder,-7.981141090393066,1
cross-encoder,-7.9785919189453125,1
cross-encoder,-7.977380752563477,1
cross-encoder,-7.976511478424072,1
cross-encoder,-7.9758710861206055,1
cross-encoder,-7.972164154052734,1
cross-encoder,-7.968724727630615,1
cross-encoder,-7.968628883361816,1
cross-encoder,-7.967831134796143,1
cross-encoder,-7.959145545959473,1
cross-encoder,-7.956874370574951,1
cross-encoder,-7.952236175537109,1
cross-encoder,-7.951838493347168,1
cross-encoder,-7.951590538024902,1
cross-encoder,-7.95137357711792,1
cross-encoder,-7.947017669677734,1
cross-encoder,-7.946246147155762,1
cross-encoder,-7.944399833679199,1
cross-encoder,-7.944377422332764,1
cross-encoder,-7.943559646606445,1
cross-encoder,-7.936883926391602,1
cross-encoder,-7.935475826263428,1
cross-encoder,-7.935158729553223,1
cross-encoder,-7.933663845062256,1
cross-encoder,-7.93087100982666,1
cross-encoder,-7.928899765014648,1
cross-encoder,-7.927554130554199,1
cross-encoder,-7.925400733947754,1
cross-encoder,-7.9249725341796875,1
cross-encoder,-7.920790672302246,1
cross-encoder,-7.918210983276367,1
cross-encoder,-7.916659355163574,1
cross-encoder,-7.915278434753418,1
cross-encoder,-7.913398742675781,1
cross-encoder,-7.91151762008667,1
cross-encoder,-7.90947151184082,1
cross-encoder,-7.90628719329834,1
cross-encoder,-7.903354644775391,1
cross-encoder,-7.90304708480835,1
cross-encoder,-7.902869701385498,1
cross-encoder,-7.8982720375061035,1
cross-encoder,-7.897932052612305,1
cross-encoder,-7.894120216369629,1
cross-encoder,-7.89398193359375,1
cross-encoder,-7.891409397125244,1
cross-encoder,-7.887290954589844,1
cross-encoder,-7.886622428894043,1
cross-encoder,-7.885951042175293,1
cross-encoder,-7.884254455566406,1
cross-encoder,-7.880823135375977,1
cross-encoder,-7.880585193634033,1
cross-encoder,-7.879616737365723,1
cross-encoder,-7.877546787261963,1
cross-encoder,-7.8765106201171875,1
cross-encoder,-7.876186370849609,1
cross-encoder,-7.875912666320801,1
cross-encoder,-7.874900817871094,1
cross-encoder,-7.872035503387451,1
cross-encoder,-7.871527671813965,1
cross-encoder,-7.8708720207214355,1
cross-encoder,-7.867313385009766,1
cross-encoder,-7.865798473358154,1
cross-encoder,-7.86558723449707,1
cross-encoder,-7.8583526611328125,1
cross-encoder,-7.858238220214844,1
cross-encoder,-7.851509094238281,1
cross-encoder,-7.8514084815979,1
cross-encoder,-7.846274375915527,1
cross-encoder,-7.845479488372803,1
cross-encoder,-7.845200538635254,1
cross-encoder,-7.843929290771484,1
cross-encoder,-7.841587066650391,1
cross-encoder,-7.839591026306152,1
cross-encoder,-7.839311599731445,1
cross-encoder,-7.837833404541016,1
cross-encoder,-7.8371148109436035,1
cross-encoder,-7.836375713348389,1
cross-encoder,-7.831143856048584,1
cross-encoder,-7.829691410064697,1
cross-encoder,-7.82951021194458,1
cross-encoder,-7.829415321350098,1
cross-encoder,-7.827484607696533,1
cross-encoder,-7.822869300842285,1
cross-encoder,-7.81935453414917,1
cross-encoder,-7.814648628234863,1
cross-encoder,-7.813714027404785,1
cross-encoder,-7.812290191650391,1
cross-encoder,-7.811185359954834,1
cross-encoder,-7.810539245605469,1
cross-encoder,-7.8091630935668945,1
cross-encoder,-7.807461738586426,1
cross-encoder,-7.806805610656738,1
cross-encoder,-7.79973030090332,1
cross-encoder,-7.797890663146973,1
cross-encoder,-7.7930426597595215,1
cross-encoder,-7.79207181930542,1
cross-encoder,-7.790013790130615,1
cross-encoder,-7.787023067474365,1
cross-encoder,-7.786740303039551,1
cross-encoder,-7.784384727478027,1
cross-encoder,-7.783359527587891,1
cross-encoder,-7.782217979431152,1
cross-encoder,-7.780364036560059,1
cross-encoder,-7.778583526611328,1
cross-encoder,-7.777869701385498,1
cross-encoder,-7.7717790603637695,1
cross-encoder,-7.77081298828125,1
cross-encoder,-7.769960403442383,1
cross-encoder,-7.76914644241333,1
cross-encoder,-7.767779350280762,1
cross-encoder,-7.767581939697266,1
cross-encoder,-7.766416549682617,1
cross-encoder,-7.762711048126221,1
cross-encoder,-7.761958122253418,1
cross-encoder,-7.756744384765625,1
cross-encoder,-7.751560211181641,1
cross-encoder,-7.750558376312256,2
cross-encoder,-7.747809410095215,1
cross-encoder,-7.746122360229492,1
cross-encoder,-7.745706081390381,1
cross-encoder,-7.744908809661865,1
cross-encoder,-7.743350982666016,1
cross-encoder,-7.743257999420166,1
cross-encoder,-7.7412004470825195,1
cross-encoder,-7.739086151123047,1
cross-encoder,-7.729727745056152,1
cross-encoder,-7.728738307952881,1
cross-encoder,-7.728504180908203,1
cross-encoder,-7.726589202880859,1
cross-encoder,-7.726082801818848,1
cross-encoder,-7.7233076095581055,1
cross-encoder,-7.722759246826172,1
cross-encoder,-7.720731258392334,1
cross-encoder,-7.72022008895874,1
cross-encoder,-7.719552040100098,1
cross-encoder,-7.719479560852051,1
cross-encoder,-7.718612194061279,1
cross-encoder,-7.718186855316162,1
cross-encoder,-7.717310905456543,1
cross-encoder,-7.71567964553833,1
cross-encoder,-7.712738990783691,1
cross-encoder,-7.708498954772949,1
cross-encoder,-7.703015327453613,1
cross-encoder,-7.699613094329834,1
cross-encoder,-7.695758819580078,1
cross-encoder,-7.694390296936035,1
cross-encoder,-7.694140434265137,1
cross-encoder,-7.690664768218994,1
cross-encoder,-7.689236164093018,1
cross-encoder,-7.688449382781982,1
cross-encoder,-7.688185691833496,1
cross-encoder,-7.687984466552734,1
cross-encoder,-7.687900543212891,1
cross-encoder,-7.680565357208252,1
cross-encoder,-7.679506301879883,1
cross-encoder,-7.676171779632568,1
cross-encoder,-7.676006317138672,1
cross-encoder,-7.675666809082031,1
cross-encoder,-7.67525577545166,1
cross-encoder,-7.674860000610352,2
cross-encoder,-7.669295310974121,1
cross-encoder,-7.668399810791016,1
cross-encoder,-7.6663641929626465,1
cross-encoder,-7.665877819061279,1
cross-encoder,-7.664492130279541,1
cross-encoder,-7.662590503692627,1
cross-encoder,-7.662364959716797,1
cross-encoder,-7.661801815032959,1
cross-encoder,-7.65972900390625,1
cross-encoder,-7.657498359680176,1
cross-encoder,-7.6524224281311035,1
cross-encoder,-7.649307727813721,1
cross-encoder,-7.646935939788818,1
cross-encoder,-7.643031120300293,1
cross-encoder,-7.642728328704834,1
cross-encoder,-7.642417907714844,1
cross-encoder,-7.642067909240723,1
cross-encoder,-7.640737533569336,1
cross-encoder,-7.640504837036133,1
cross-encoder,-7.6338210105896,1
cross-encoder,-7.632731914520264,1
cross-encoder,-7.629513263702393,1
cross-encoder,-7.629134654998779,1
cross-encoder,-7.6217780113220215,1
cross-encoder,-7.614353179931641,1
cross-encoder,-7.612559795379639,1
cross-encoder,-7.608999252319336,1
cross-encoder,-7.606766700744629,1
cross-encoder,-7.603448867797852,1
cross-encoder,-7.600027561187744,1
cross-encoder,-7.595720291137695,1
cross-encoder,-7.590095520019531,1
cross-encoder,-7.588583946228027,1
cross-encoder,-7.586027145385742,1
cross-encoder,-7.585362434387207,1
cross-encoder,-7.582655906677246,1
cross-encoder,-7.581697940826416,1
cross-encoder,-7.577150344848633,1
cross-encoder,-7.576421737670898,1
cross-encoder,-7.576051235198975,1
cross-encoder,-7.574533462524414,1
cross-encoder,-7.574311256408691,1
cross-encoder,-7.57077169418335,1
cross-encoder,-7.570049285888672,1
cross-encoder,-7.569422721862793,1
cross-encoder,-7.569266319274902,1
cross-encoder,-7.568158149719238,1
cross-encoder,-7.565540313720703,2
cross-encoder,-7.564753532409668,1
cross-encoder,-7.564453125,1
cross-encoder,-7.563177108764648,1
cross-encoder,-7.561134338378906,1
cross-encoder,-7.560103416442871,1
cross-encoder,-7.559324264526367,1
cross-encoder,-7.557076454162598,1
cross-encoder,-7.556509017944336,1
cross-encoder,-7.555157661437988,1
cross-encoder,-7.550149440765381,1
cross-encoder,-7.546597957611084,1
cross-encoder,-7.54345703125,1
cross-encoder,-7.540007591247559,1
cross-encoder,-7.538501739501953,1
cross-encoder,-7.533710956573486,1
cross-encoder,-7.53199577331543,1
cross-encoder,-7.531927108764648,1
cross-encoder,-7.526312828063965,1
cross-encoder,-7.522300720214844,1
cross-encoder,-7.522291660308838,1
cross-encoder,-7.517723083496094,1
cross-encoder,-7.51613187789917,1
cross-encoder,-7.515472412109375,1
cross-encoder,-7.514654159545898,1
cross-encoder,-7.513811111450195,1
cross-encoder,-7.511737823486328,1
cross-encoder,-7.5093302726745605,1
cross-encoder,-7.508490562438965,1
cross-encoder,-7.506686687469482,1
cross-encoder,-7.505776405334473,1
cross-encoder,-7.503600597381592,1
cross-encoder,-7.501878261566162,1
cross-encoder,-7.500152111053467,1
cross-encoder,-7.497197151184082,1
cross-encoder,-7.495192050933838,1
cross-encoder,-7.4944586753845215,1
cross-encoder,-7.492313385009766,1
cross-encoder,-7.490635871887207,1
cross-encoder,-7.489803314208984,1
cross-encoder,-7.485955715179443,1
cross-encoder,-7.48469352722168,1
cross-encoder,-7.48459005355835,1
cross-encoder,-7.4826250076293945,1
cross-encoder,-7.478076457977295,1
cross-encoder,-7.476627349853516,1
cross-encoder,-7.475014686584473,1
cross-encoder,-7.474785804748535,1
cross-encoder,-7.464931964874268,1
cross-encoder,-7.464461326599121,1
cross-encoder,-7.464049339294434,1
cross-encoder,-7.463536739349365,1
cross-encoder,-7.463125705718994,1
cross-encoder,-7.460151672363281,1
cross-encoder,-7.4582929611206055,1
cross-encoder,-7.454351425170898,1
cross-encoder,-7.452689170837402,1
cross-encoder,-7.451648712158203,1
cross-encoder,-7.446760654449463,1
cross-encoder,-7.443780422210693,1
cross-encoder,-7.439722537994385,1
cross-encoder,-7.439492225646973,1
cross-encoder,-7.438218593597412,1
cross-encoder,-7.437958717346191,1
cross-encoder,-7.433562755584717,1
cross-encoder,-7.432785511016846,1
cross-encoder,-7.428825855255127,1
cross-encoder,-7.428719997406006,1
cross-encoder,-7.420510292053223,1
cross-encoder,-7.412571430206299,1
cross-encoder,-7.409281253814697,1
cross-encoder,-7.408602714538574,1
cross-encoder,-7.408278942108154,1
cross-encoder,-7.4077277183532715,1
cross-encoder,-7.4023756980896,1
cross-encoder,-7.401249408721924,1
cross-encoder,-7.400354385375977,1
cross-encoder,-7.3907365798950195,1
cross-encoder,-7.389657020568848,1
cross-encoder,-7.387246131896973,1
cross-encoder,-7.386502265930176,1
cross-encoder,-7.385373115539551,1
cross-encoder,-7.385223865509033,1
cross-encoder,-7.377922058105469,1
cross-encoder,-7.377752304077148,2
cross-encoder,-7.373715877532959,1
cross-encoder,-7.373227119445801,1
cross-encoder,-7.372071266174316,1
cross-encoder,-7.371216773986816,1
cross-encoder,-7.370539665222168,1
cross-encoder,-7.366379261016846,1
cross-encoder,-7.363527297973633,1
cross-encoder,-7.362636566162109,1
cross-encoder,-7.360291481018066,1
cross-encoder,-7.36014986038208,1
cross-encoder,-7.357022762298584,1
cross-encoder,-7.3550333976745605,1
cross-encoder,-7.3545098304748535,1
cross-encoder,-7.35188102722168,1
cross-encoder,-7.347376346588135,1
cross-encoder,-7.345854759216309,1
cross-encoder,-7.344883918762207,1
cross-encoder,-7.3364577293396,1
cross-encoder,-7.33163595199585,1
cross-encoder,-7.330966949462891,1
cross-encoder,-7.327634811401367,1
cross-encoder,-7.3273024559021,1
cross-encoder,-7.323879241943359,1
cross-encoder,-7.323856353759766,1
cross-encoder,-7.319175720214844,1
cross-encoder,-7.318429946899414,1
cross-encoder,-7.317881107330322,1
cross-encoder,-7.316213607788086,1
cross-encoder,-7.3080973625183105,1
cross-encoder,-7.306414604187012,1
cross-encoder,-7.304815292358398,1
cross-encoder,-7.304101943969727,1
cross-encoder,-7.298531532287598,1
cross-encoder,-7.295021057128906,1
cross-encoder,-7.291534423828125,1
cross-encoder,-7.289620399475098,1
cross-encoder,-7.287947654724121,1
cross-encoder,-7.285130500793457,1
cross-encoder,-7.284722805023193,1
cross-encoder,-7.282717704772949,1
cross-encoder,-7.280101776123047,1
cross-encoder,-7.279973983764648,1
cross-encoder,-7.2777018547058105,1
cross-encoder,-7.2755937576293945,1
cross-encoder,-7.2745747566223145,1
cross-encoder,-7.274195194244385,1
cross-encoder,-7.271820068359375,1
cross-encoder,-7.268016338348389,1
cross-encoder,-7.265998840332031,1
cross-encoder,-7.2648115158081055,1
cross-encoder,-7.26478385925293,1
cross-encoder,-7.263937473297119,1
cross-encoder,-7.262452602386475,1
cross-encoder,-7.260077476501465,1
cross-encoder,-7.259969711303711,1
cross-encoder,-7.259517669677734,1
cross-encoder,-7.258767127990723,1
cross-encoder,-7.258270263671875,1
cross-encoder,-7.256120681762695,1
cross-encoder,-7.255764007568359,1
cross-encoder,-7.255335330963135,1
cross-encoder,-7.252327919006348,1
cross-encoder,-7.251951217651367,1
cross-encoder,-7.249870777130127,1
cross-encoder,-7.249664306640625,1
cross-encoder,-7.248959541320801,1
cross-encoder,-7.247134208679199,1
cross-encoder,-7.244809150695801,1
cross-encoder,-7.242876052856445,1
cross-encoder,-7.242867469787598,1
cross-encoder,-7.237826824188232,1
cross-encoder,-7.237022399902344,1
cross-encoder,-7.235694408416748,1
cross-encoder,-7.232753753662109,2
cross-encoder,-7.228921413421631,1
cross-encoder,-7.228789806365967,1
cross-encoder,-7.2286787033081055,1
cross-encoder,-7.227179050445557,1
cross-encoder,-7.224636554718018,1
cross-encoder,-7.2223405838012695,1
cross-encoder,-7.221905708312988,1
cross-encoder,-7.220139503479004,1
cross-encoder,-7.219286918640137,1
cross-encoder,-7.21793270111084,1
cross-encoder,-7.2165679931640625,1
cross-encoder,-7.213282108306885,1
cross-encoder,-7.213151454925537,1
cross-encoder,-7.208425521850586,1
cross-encoder,-7.201312065124512,1
cross-encoder,-7.200834274291992,1
cross-encoder,-7.195861339569092,1
cross-encoder,-7.193575859069824,1
cross-encoder,-7.190709114074707,1
cross-encoder,-7.189799785614014,1
cross-encoder,-7.181601524353027,1
cross-encoder,-7.175118446350098,1
cross-encoder,-7.174920082092285,1
cross-encoder,-7.173572540283203,1
cross-encoder,-7.171661376953125,1
cross-encoder,-7.1698689460754395,1
cross-encoder,-7.1685895919799805,1
cross-encoder,-7.16328239440918,1
cross-encoder,-7.163219451904297,1
cross-encoder,-7.1627373695373535,1
cross-encoder,-7.157557487487793,1
cross-encoder,-7.15651273727417,1
cross-encoder,-7.154471397399902,1
cross-encoder,-7.15087366104126,1
cross-encoder,-7.148006439208984,1
cross-encoder,-7.145493030548096,1
cross-encoder,-7.143266677856445,1
cross-encoder,-7.143102645874023,2
cross-encoder,-7.141759872436523,1
cross-encoder,-7.134795188903809,1
cross-encoder,-7.134576320648193,1
cross-encoder,-7.134099006652832,1
cross-encoder,-7.131284236907959,1
cross-encoder,-7.128748416900635,1
cross-encoder,-7.127757549285889,1
cross-encoder,-7.12004280090332,1
cross-encoder,-7.11737585067749,1
cross-encoder,-7.1148552894592285,1
cross-encoder,-7.114826202392578,1
cross-encoder,-7.113099575042725,1
cross-encoder,-7.112760543823242,1
cross-encoder,-7.1119184494018555,1
cross-encoder,-7.111708641052246,1
cross-encoder,-7.111550331115723,1
cross-encoder,-7.108930587768555,1
cross-encoder,-7.108258247375488,1
cross-encoder,-7.10821008682251,1
cross-encoder,-7.105782508850098,1
cross-encoder,-7.101383686065674,1
cross-encoder,-7.09622859954834,1
cross-encoder,-7.094976902008057,1
cross-encoder,-7.093629837036133,1
cross-encoder,-7.090463638305664,1
cross-encoder,-7.08958101272583,1
cross-encoder,-7.089014053344727,1
cross-encoder,-7.088797569274902,1
cross-encoder,-7.083460330963135,1
cross-encoder,-7.079924583435059,1
cross-encoder,-7.075716495513916,2
cross-encoder,-7.073715686798096,1
cross-encoder,-7.0736799240112305,1
cross-encoder,-7.071650505065918,1
cross-encoder,-7.070443153381348,1
cross-encoder,-7.069423198699951,1
cross-encoder,-7.068948268890381,1
cross-encoder,-7.062195777893066,1
cross-encoder,-7.06045389175415,1
cross-encoder,-7.058695316314697,1
cross-encoder,-7.053878307342529,1
cross-encoder,-7.0530595779418945,1
cross-encoder,-7.043478965759277,1
cross-encoder,-7.040848731994629,1
cross-encoder,-7.03943395614624,1
cross-encoder,-7.033519744873047,1
cross-encoder,-7.031125068664551,1
cross-encoder,-7.029764175415039,1
cross-encoder,-7.029197692871094,1
cross-encoder,-7.026750564575195,1
cross-encoder,-7.026462554931641,1
cross-encoder,-7.021727085113525,1
cross-encoder,-7.0211029052734375,1
cross-encoder,-7.017285346984863,1
cross-encoder,-7.0025434494018555,1
cross-encoder,-7.000756740570068,1
cross-encoder,-6.997481822967529,2
cross-encoder,-6.995062828063965,1
cross-encoder,-6.994165420532227,1
cross-encoder,-6.99338436126709,1
cross-encoder,-6.991682052612305,1
cross-encoder,-6.988137722015381,1
cross-encoder,-6.986549377441406,1
cross-encoder,-6.985942840576172,1
cross-encoder,-6.984171390533447,1
cross-encoder,-6.981154441833496,1
cross-encoder,-6.98049259185791,1
cross-encoder,-6.975311756134033,1
cross-encoder,-6.974728584289551,2
cross-encoder,-6.968993186950684,1
cross-encoder,-6.968151092529297,1
cross-encoder,-6.966599941253662,1
cross-encoder,-6.966405868530273,1
cross-encoder,-6.958308219909668,1
cross-encoder,-6.95802116394043,1
cross-encoder,-6.955222129821777,1
cross-encoder,-6.95510721206665,1
cross-encoder,-6.951399803161621,1
cross-encoder,-6.949843883514404,1
cross-encoder,-6.949617385864258,1
cross-encoder,-6.948038578033447,1
cross-encoder,-6.944173812866211,1
cross-encoder,-6.943351745605469,1
cross-encoder,-6.940993309020996,1
cross-encoder,-6.937723159790039,1
cross-encoder,-6.937628746032715,1
cross-encoder,-6.933358669281006,1
cross-encoder,-6.9306559562683105,1
cross-encoder,-6.925289154052734,1
cross-encoder,-6.925080299377441,1
cross-encoder,-6.924485206604004,1
cross-encoder,-6.923604488372803,1
cross-encoder,-6.922423839569092,1
cross-encoder,-6.92169713973999,1
cross-encoder,-6.919519424438477,1
cross-encoder,-6.916930198669434,1
cross-encoder,-6.915727615356445,1
cross-encoder,-6.914280414581299,1
cross-encoder,-6.9052934646606445,1
cross-encoder,-6.901020050048828,1
cross-encoder,-6.900793075561523,1
cross-encoder,-6.8939337730407715,1
cross-encoder,-6.8932294845581055,1
cross-encoder,-6.890586853027344,1
cross-encoder,-6.889709949493408,1
cross-encoder,-6.888857841491699,1
cross-encoder,-6.885730266571045,1
cross-encoder,-6.88249397277832,1
cross-encoder,-6.8800554275512695,1
cross-encoder,-6.878019332885742,1
cross-encoder,-6.874955177307129,1
cross-encoder,-6.874127388000488,1
cross-encoder,-6.872514724731445,1
cross-encoder,-6.870522499084473,1
cross-encoder,-6.864302635192871,1
cross-encoder,-6.858862400054932,1
cross-encoder,-6.858554363250732,1
cross-encoder,-6.858251571655273,1
cross-encoder,-6.854291915893555,1
cross-encoder,-6.853145599365234,1
cross-encoder,-6.847689628601074,1
cross-encoder,-6.84514856338501,1
cross-encoder,-6.844570159912109,1
cross-encoder,-6.838974475860596,1
cross-encoder,-6.8378448486328125,1
cross-encoder,-6.828696250915527,1
cross-encoder,-6.828382968902588,1
cross-encoder,-6.827322959899902,1
cross-encoder,-6.825424671173096,1
cross-encoder,-6.822414398193359,1
cross-encoder,-6.8149542808532715,1
cross-encoder,-6.810548305511475,1
cross-encoder,-6.8100905418396,1
cross-encoder,-6.809901237487793,1
cross-encoder,-6.808824062347412,1
cross-encoder,-6.807977199554443,1
cross-encoder,-6.798130989074707,1
cross-encoder,-6.795015335083008,1
cross-encoder,-6.792174816131592,1
cross-encoder,-6.788398265838623,1
cross-encoder,-6.786436080932617,1
cross-encoder,-6.781841278076172,1
cross-encoder,-6.78181266784668,1
cross-encoder,-6.781137466430664,1
cross-encoder,-6.780360698699951,1
cross-encoder,-6.779402256011963,1
cross-encoder,-6.776605129241943,1
cross-encoder,-6.776175022125244,1
cross-encoder,-6.7735700607299805,1
cross-encoder,-6.767003536224365,1
cross-encoder,-6.766914367675781,1
cross-encoder,-6.766193389892578,1
cross-encoder,-6.765192031860352,1
cross-encoder,-6.7635650634765625,1
cross-encoder,-6.762661933898926,1
cross-encoder,-6.762274742126465,1
cross-encoder,-6.761942386627197,1
cross-encoder,-6.7544660568237305,1
cross-encoder,-6.753036975860596,1
cross-encoder,-6.752935409545898,1
cross-encoder,-6.748639106750488,1
cross-encoder,-6.748200416564941,1
cross-encoder,-6.746421813964844,1
cross-encoder,-6.7457356452941895,1
cross-encoder,-6.743118762969971,1
cross-encoder,-6.742321014404297,1
cross-encoder,-6.740833282470703,1
cross-encoder,-6.738424301147461,1
cross-encoder,-6.738137722015381,1
cross-encoder,-6.732353210449219,1
cross-encoder,-6.7317399978637695,1
cross-encoder,-6.729825496673584,1
cross-encoder,-6.729211807250977,1
cross-encoder,-6.725611209869385,1
cross-encoder,-6.725165367126465,1
cross-encoder,-6.723733901977539,1
cross-encoder,-6.721603870391846,1
cross-encoder,-6.720605850219727,1
cross-encoder,-6.715326309204102,1
cross-encoder,-6.7119293212890625,1
cross-encoder,-6.707605361938477,1
cross-encoder,-6.705848217010498,1
cross-encoder,-6.704792022705078,1
cross-encoder,-6.701068878173828,1
cross-encoder,-6.700666427612305,1
cross-encoder,-6.694832801818848,1
cross-encoder,-6.694767951965332,1
cross-encoder,-6.693741321563721,1
cross-encoder,-6.693328380584717,1
cross-encoder,-6.688507080078125,1
cross-encoder,-6.685735702514648,1
cross-encoder,-6.683968544006348,1
cross-encoder,-6.6777448654174805,1
cross-encoder,-6.675972938537598,1
cross-encoder,-6.672247886657715,1
cross-encoder,-6.668524265289307,1
cross-encoder,-6.6671142578125,1
cross-encoder,-6.666760444641113,1
cross-encoder,-6.6596479415893555,1
cross-encoder,-6.656442165374756,1
cross-encoder,-6.654933929443359,1
cross-encoder,-6.651104927062988,1
cross-encoder,-6.647953987121582,1
cross-encoder,-6.643801689147949,1
cross-encoder,-6.640631675720215,1
cross-encoder,-6.639052391052246,1
cross-encoder,-6.638418197631836,1
cross-encoder,-6.636696815490723,1
cross-encoder,-6.636440753936768,1
cross-encoder,-6.635488033294678,1
cross-encoder,-6.626188278198242,1
cross-encoder,-6.626068592071533,1
cross-encoder,-6.624739646911621,1
cross-encoder,-6.61763334274292,1
cross-encoder,-6.616014003753662,1
cross-encoder,-6.612173080444336,1
cross-encoder,-6.610093593597412,1
cross-encoder,-6.607209205627441,1
cross-encoder,-6.6026530265808105,1
cross-encoder,-6.602202892303467,1
cross-encoder,-6.600909233093262,1
cross-encoder,-6.593604564666748,2
cross-encoder,-6.592165946960449,1
cross-encoder,-6.591304779052734,1
cross-encoder,-6.589725017547607,1
cross-encoder,-6.588935852050781,1
cross-encoder,-6.58610200881958,1
cross-encoder,-6.583215236663818,1
cross-encoder,-6.577530860900879,1
cross-encoder,-6.573093891143799,1
cross-encoder,-6.57230281829834,1
cross-encoder,-6.571420192718506,1
cross-encoder,-6.567885398864746,1
cross-encoder,-6.566006183624268,1
cross-encoder,-6.562095642089844,1
cross-encoder,-6.561331748962402,1
cross-encoder,-6.5596160888671875,1
cross-encoder,-6.558465003967285,1
cross-encoder,-6.554636478424072,1
cross-encoder,-6.553021430969238,1
cross-encoder,-6.552975654602051,1
cross-encoder,-6.552730560302734,1
cross-encoder,-6.549758434295654,1
cross-encoder,-6.543694496154785,1
cross-encoder,-6.541145324707031,1
cross-encoder,-6.5354814529418945,1
cross-encoder,-6.5343499183654785,1
cross-encoder,-6.53297758102417,1
cross-encoder,-6.532487869262695,1
cross-encoder,-6.53023099899292,1
cross-encoder,-6.528750896453857,1
cross-encoder,-6.527376174926758,1
cross-encoder,-6.525287628173828,1
cross-encoder,-6.523983955383301,1
cross-encoder,-6.520836353302002,1
cross-encoder,-6.519260883331299,1
cross-encoder,-6.5162224769592285,1
cross-encoder,-6.515576362609863,1
cross-encoder,-6.515494346618652,1
cross-encoder,-6.511715412139893,1
cross-encoder,-6.5047407150268555,1
cross-encoder,-6.504420757293701,1
cross-encoder,-6.5042009353637695,1
cross-encoder,-6.5025200843811035,1
cross-encoder,-6.497233867645264,1
cross-encoder,-6.496490001678467,1
cross-encoder,-6.495023727416992,1
cross-encoder,-6.493477821350098,1
cross-encoder,-6.492414474487305,1
cross-encoder,-6.4919633865356445,1
cross-encoder,-6.489746570587158,1
cross-encoder,-6.487124443054199,1
cross-encoder,-6.4864091873168945,1
cross-encoder,-6.485837936401367,1
cross-encoder,-6.485184669494629,1
cross-encoder,-6.482530117034912,1
cross-encoder,-6.480323791503906,1
cross-encoder,-6.474137783050537,1
cross-encoder,-6.472679138183594,1
cross-encoder,-6.4710307121276855,1
cross-encoder,-6.468786716461182,1
cross-encoder,-6.468769073486328,1
cross-encoder,-6.468141555786133,1
cross-encoder,-6.466790199279785,1
cross-encoder,-6.464545249938965,1
cross-encoder,-6.460180759429932,1
cross-encoder,-6.459942817687988,1
cross-encoder,-6.457456111907959,1
cross-encoder,-6.455291271209717,1
cross-encoder,-6.455094337463379,1
cross-encoder,-6.454463958740234,1
cross-encoder,-6.4528303146362305,1
cross-encoder,-6.451628684997559,1
cross-encoder,-6.449923515319824,1
cross-encoder,-6.448294639587402,1
cross-encoder,-6.441873073577881,1
cross-encoder,-6.440646171569824,1
cross-encoder,-6.43837833404541,1
cross-encoder,-6.437787055969238,1
cross-encoder,-6.434284210205078,1
cross-encoder,-6.432467937469482,1
cross-encoder,-6.431678295135498,1
cross-encoder,-6.43144416809082,1
cross-encoder,-6.429820537567139,1
cross-encoder,-6.428414344787598,1
cross-encoder,-6.4265642166137695,1
cross-encoder,-6.418822288513184,1
cross-encoder,-6.41650915145874,1
cross-encoder,-6.4149603843688965,1
cross-encoder,-6.414658546447754,1
cross-encoder,-6.414289474487305,1
cross-encoder,-6.407559394836426,1
cross-encoder,-6.406566143035889,2
cross-encoder,-6.405214786529541,1
cross-encoder,-6.401900768280029,1
cross-encoder,-6.39922571182251,1
cross-encoder,-6.395552635192871,1
cross-encoder,-6.3950724601745605,1
cross-encoder,-6.394857406616211,1
cross-encoder,-6.390629768371582,1
cross-encoder,-6.3872222900390625,1
cross-encoder,-6.379199028015137,1
cross-encoder,-6.378788948059082,1
cross-encoder,-6.375408172607422,1
cross-encoder,-6.375367164611816,1
cross-encoder,-6.371726989746094,1
cross-encoder,-6.370560646057129,1
cross-encoder,-6.365981101989746,1
cross-encoder,-6.365926742553711,1
cross-encoder,-6.363922119140625,1
cross-encoder,-6.361794948577881,1
cross-encoder,-6.359622955322266,1
cross-encoder,-6.358952045440674,1
cross-encoder,-6.356112957000732,1
cross-encoder,-6.3556671142578125,1
cross-encoder,-6.354178428649902,1
cross-encoder,-6.353369235992432,1
cross-encoder,-6.347320556640625,1
cross-encoder,-6.346023082733154,1
cross-encoder,-6.3426361083984375,1
cross-encoder,-6.342218399047852,1
cross-encoder,-6.3418755531311035,1
cross-encoder,-6.340331077575684,1
cross-encoder,-6.339385032653809,1
cross-encoder,-6.337619304656982,1
cross-encoder,-6.337070941925049,1
cross-encoder,-6.332240581512451,1
cross-encoder,-6.331551551818848,1
cross-encoder,-6.331428527832031,1
cross-encoder,-6.327718734741211,1
cross-encoder,-6.326089859008789,1
cross-encoder,-6.323346138000488,1
cross-encoder,-6.322355270385742,1
cross-encoder,-6.316279411315918,1
cross-encoder,-6.316105365753174,1
cross-encoder,-6.315454483032227,1
cross-encoder,-6.313257217407227,1
cross-encoder,-6.312499046325684,1
cross-encoder,-6.31043004989624,1
cross-encoder,-6.307358264923096,1
cross-encoder,-6.299935817718506,1
cross-encoder,-6.297895431518555,1
cross-encoder,-6.296324729919434,1
cross-encoder,-6.294610500335693,1
cross-encoder,-6.292997360229492,1
cross-encoder,-6.289961814880371,1
cross-encoder,-6.286566734313965,1
cross-encoder,-6.285602569580078,1
cross-encoder,-6.284392356872559,1
cross-encoder,-6.283745765686035,1
cross-encoder,-6.281485557556152,1
cross-encoder,-6.281139373779297,1
cross-encoder,-6.27903938293457,1
cross-encoder,-6.277765274047852,1
cross-encoder,-6.2767767906188965,1
cross-encoder,-6.2756781578063965,1
cross-encoder,-6.274127006530762,1
cross-encoder,-6.267188549041748,1
cross-encoder,-6.265203475952148,1
cross-encoder,-6.265072345733643,1
cross-encoder,-6.257433891296387,1
cross-encoder,-6.254319667816162,1
cross-encoder,-6.246621131896973,1
cross-encoder,-6.2425312995910645,1
cross-encoder,-6.233495235443115,1
cross-encoder,-6.232946395874023,1
cross-encoder,-6.232211112976074,1
cross-encoder,-6.2252116203308105,1
cross-encoder,-6.223962783813477,1
cross-encoder,-6.2221784591674805,1
cross-encoder,-6.217600345611572,1
cross-encoder,-6.216701507568359,1
cross-encoder,-6.21633243560791,1
cross-encoder,-6.2137603759765625,1
cross-encoder,-6.2113118171691895,1
cross-encoder,-6.207691192626953,1
cross-encoder,-6.2059526443481445,1
cross-encoder,-6.1996259689331055,1
cross-encoder,-6.198148727416992,1
cross-encoder,-6.197597026824951,2
cross-encoder,-6.196743965148926,1
cross-encoder,-6.195187091827393,1
cross-encoder,-6.189352512359619,1
cross-encoder,-6.1866536140441895,1
cross-encoder,-6.186452865600586,1
cross-encoder,-6.1777544021606445,1
cross-encoder,-6.1759185791015625,1
cross-encoder,-6.175185203552246,1
cross-encoder,-6.166886329650879,1
cross-encoder,-6.164359092712402,1
cross-encoder,-6.161539077758789,1
cross-encoder,-6.160526275634766,1
cross-encoder,-6.1602091789245605,1
cross-encoder,-6.159460544586182,1
cross-encoder,-6.156404972076416,1
cross-encoder,-6.1532063484191895,1
cross-encoder,-6.1510114669799805,1
cross-encoder,-6.1497650146484375,1
cross-encoder,-6.147665500640869,1
cross-encoder,-6.14418888092041,1
cross-encoder,-6.143443584442139,1
cross-encoder,-6.138533115386963,1
cross-encoder,-6.137994766235352,1
cross-encoder,-6.135245323181152,1
cross-encoder,-6.134714603424072,1
cross-encoder,-6.134376049041748,1
cross-encoder,-6.121170997619629,1
cross-encoder,-6.119500160217285,1
cross-encoder,-6.11925745010376,1
cross-encoder,-6.119152069091797,1
cross-encoder,-6.116604804992676,1
cross-encoder,-6.115938186645508,1
cross-encoder,-6.115085601806641,1
cross-encoder,-6.111750602722168,1
cross-encoder,-6.108659744262695,1
cross-encoder,-6.105413436889648,1
cross-encoder,-6.10501766204834,1
cross-encoder,-6.104715347290039,1
cross-encoder,-6.1036481857299805,1
cross-encoder,-6.101166248321533,1
cross-encoder,-6.100806713104248,1
cross-encoder,-6.100144863128662,1
cross-encoder,-6.096423625946045,1
cross-encoder,-6.093843460083008,1
cross-encoder,-6.0935282707214355,1
cross-encoder,-6.093267917633057,1
cross-encoder,-6.092336654663086,1
cross-encoder,-6.092179775238037,1
cross-encoder,-6.082926273345947,1
cross-encoder,-6.082125186920166,1
cross-encoder,-6.081939697265625,1
cross-encoder,-6.076933860778809,1
cross-encoder,-6.071593284606934,1
cross-encoder,-6.071126937866211,1
cross-encoder,-6.0676116943359375,2
cross-encoder,-6.066424369812012,1
cross-encoder,-6.066357135772705,1
cross-encoder,-6.063838481903076,1
cross-encoder,-6.061136245727539,1
cross-encoder,-6.0587968826293945,1
cross-encoder,-6.058539390563965,1
cross-encoder,-6.0573201179504395,1
cross-encoder,-6.057295799255371,1
cross-encoder,-6.055727005004883,1
cross-encoder,-6.049015045166016,1
cross-encoder,-6.047576904296875,1
cross-encoder,-6.042093276977539,1
cross-encoder,-6.04047155380249,1
cross-encoder,-6.03831672668457,1
cross-encoder,-6.0369367599487305,1
cross-encoder,-6.034451484680176,1
cross-encoder,-6.034130096435547,1
cross-encoder,-6.031621932983398,1
cross-encoder,-6.028375625610352,1
cross-encoder,-6.027370452880859,1
cross-encoder,-6.021489143371582,1
cross-encoder,-6.021456718444824,1
cross-encoder,-6.020561695098877,1
cross-encoder,-6.01558256149292,1
cross-encoder,-6.013620376586914,1
cross-encoder,-6.010839462280273,1
cross-encoder,-6.008543014526367,1
cross-encoder,-6.000983715057373,1
cross-encoder,-5.998320579528809,1
cross-encoder,-5.981938362121582,1
cross-encoder,-5.976672172546387,1
cross-encoder,-5.976639270782471,1
cross-encoder,-5.976362705230713,1
cross-encoder,-5.973031997680664,1
cross-encoder,-5.967787742614746,1
cross-encoder,-5.966345310211182,2
cross-encoder,-5.960787773132324,1
cross-encoder,-5.957746982574463,1
cross-encoder,-5.955876350402832,1
cross-encoder,-5.955478668212891,1
cross-encoder,-5.945707321166992,1
cross-encoder,-5.941786289215088,1
cross-encoder,-5.935332775115967,1
cross-encoder,-5.932797908782959,1
cross-encoder,-5.931499481201172,1
cross-encoder,-5.928542137145996,1
cross-encoder,-5.924598693847656,1
cross-encoder,-5.92388916015625,1
cross-encoder,-5.923751354217529,1
cross-encoder,-5.920139789581299,1
cross-encoder,-5.913863182067871,1
cross-encoder,-5.912036418914795,1
cross-encoder,-5.910449981689453,1
cross-encoder,-5.908417701721191,1
cross-encoder,-5.904611587524414,1
cross-encoder,-5.902368545532227,1
cross-encoder,-5.901642799377441,1
cross-encoder,-5.893907070159912,1
cross-encoder,-5.893768310546875,1
cross-encoder,-5.889520168304443,1
cross-encoder,-5.887207984924316,1
cross-encoder,-5.886706352233887,1
cross-encoder,-5.885114669799805,1
cross-encoder,-5.884825706481934,1
cross-encoder,-5.884757995605469,1
cross-encoder,-5.883842468261719,1
cross-encoder,-5.880964279174805,1
cross-encoder,-5.879601955413818,1
cross-encoder,-5.879157066345215,1
cross-encoder,-5.877555847167969,1
cross-encoder,-5.876824378967285,1
cross-encoder,-5.876582145690918,1
cross-encoder,-5.873475074768066,1
cross-encoder,-5.871394634246826,1
cross-encoder,-5.862204551696777,1
cross-encoder,-5.8510661125183105,1
cross-encoder,-5.848647117614746,1
cross-encoder,-5.846051216125488,1
cross-encoder,-5.844009876251221,1
cross-encoder,-5.843684673309326,1
cross-encoder,-5.841730117797852,1
cross-encoder,-5.8413472175598145,2
cross-encoder,-5.8410210609436035,1
cross-encoder,-5.839250564575195,1
cross-encoder,-5.834507942199707,1
cross-encoder,-5.833638668060303,1
cross-encoder,-5.833060264587402,1
cross-encoder,-5.828566551208496,1
cross-encoder,-5.827456474304199,1
cross-encoder,-5.826871395111084,1
cross-encoder,-5.826544761657715,1
cross-encoder,-5.817632675170898,1
cross-encoder,-5.8036041259765625,2
cross-encoder,-5.8026909828186035,1
cross-encoder,-5.801154136657715,1
cross-encoder,-5.7969818115234375,1
cross-encoder,-5.796216011047363,1
cross-encoder,-5.792605876922607,1
cross-encoder,-5.7924652099609375,1
cross-encoder,-5.78743314743042,1
cross-encoder,-5.786539077758789,1
cross-encoder,-5.785737991333008,1
cross-encoder,-5.785611152648926,1
cross-encoder,-5.784651756286621,1
cross-encoder,-5.781357288360596,1
cross-encoder,-5.780457973480225,1
cross-encoder,-5.780004978179932,1
cross-encoder,-5.779494762420654,1
cross-encoder,-5.776907920837402,1
cross-encoder,-5.766854286193848,1
cross-encoder,-5.766488075256348,1
cross-encoder,-5.7639946937561035,1
cross-encoder,-5.763616561889648,1
cross-encoder,-5.763359546661377,1
cross-encoder,-5.762706756591797,1
cross-encoder,-5.759708404541016,1
cross-encoder,-5.7590227127075195,1
cross-encoder,-5.758782863616943,1
cross-encoder,-5.758098602294922,1
cross-encoder,-5.7522292137146,1
cross-encoder,-5.751984596252441,1
cross-encoder,-5.733342170715332,1
cross-encoder,-5.729473114013672,1
cross-encoder,-5.722247123718262,1
cross-encoder,-5.717227458953857,1
cross-encoder,-5.716000556945801,1
cross-encoder,-5.712915420532227,1
cross-encoder,-5.711115837097168,1
cross-encoder,-5.707915306091309,1
cross-encoder,-5.706811904907227,1
cross-encoder,-5.703886985778809,1
cross-encoder,-5.703606128692627,1
cross-encoder,-5.70197057723999,1
cross-encoder,-5.70192289352417,1
cross-encoder,-5.699579238891602,1
cross-encoder,-5.698539733886719,1
cross-encoder,-5.694528579711914,1
cross-encoder,-5.692800521850586,1
cross-encoder,-5.689836025238037,1
cross-encoder,-5.687439918518066,1
cross-encoder,-5.684064865112305,1
cross-encoder,-5.681771755218506,1
cross-encoder,-5.6800432205200195,1
cross-encoder,-5.6797637939453125,1
cross-encoder,-5.6776628494262695,1
cross-encoder,-5.677387714385986,1
cross-encoder,-5.675285339355469,1
cross-encoder,-5.670322895050049,1
cross-encoder,-5.668790817260742,1
cross-encoder,-5.667311668395996,1
cross-encoder,-5.665644645690918,1
cross-encoder,-5.658145427703857,1
cross-encoder,-5.653556823730469,1
cross-encoder,-5.650434494018555,1
cross-encoder,-5.649435997009277,1
cross-encoder,-5.648283958435059,1
cross-encoder,-5.647493839263916,1
cross-encoder,-5.646356105804443,1
cross-encoder,-5.646231651306152,1
cross-encoder,-5.6436309814453125,1
cross-encoder,-5.643178462982178,1
cross-encoder,-5.6421966552734375,1
cross-encoder,-5.642185688018799,1
cross-encoder,-5.641193389892578,1
cross-encoder,-5.640953063964844,1
cross-encoder,-5.638480186462402,1
cross-encoder,-5.633828163146973,1
cross-encoder,-5.632875442504883,1
cross-encoder,-5.631699562072754,1
cross-encoder,-5.628213882446289,1
cross-encoder,-5.621096134185791,1
cross-encoder,-5.619817733764648,1
cross-encoder,-5.609204292297363,1
cross-encoder,-5.598937034606934,1
cross-encoder,-5.5987443923950195,1
cross-encoder,-5.598103046417236,1
cross-encoder,-5.5965776443481445,1
cross-encoder,-5.595571517944336,1
cross-encoder,-5.590287685394287,1
cross-encoder,-5.586949825286865,1
cross-encoder,-5.585302352905273,1
cross-encoder,-5.58349609375,1
cross-encoder,-5.582728385925293,1
cross-encoder,-5.582338333129883,1
cross-encoder,-5.581701278686523,1
cross-encoder,-5.57967472076416,1
cross-encoder,-5.577841758728027,1
cross-encoder,-5.575594425201416,1
cross-encoder,-5.572541236877441,1
cross-encoder,-5.571807384490967,1
cross-encoder,-5.569548606872559,1
cross-encoder,-5.5659894943237305,1
cross-encoder,-5.562155723571777,1
cross-encoder,-5.549145698547363,1
cross-encoder,-5.545959949493408,1
cross-encoder,-5.540530204772949,1
cross-encoder,-5.535099983215332,1
cross-encoder,-5.534492492675781,1
cross-encoder,-5.530548095703125,1
cross-encoder,-5.529460906982422,1
cross-encoder,-5.526364803314209,1
cross-encoder,-5.526324272155762,1
cross-encoder,-5.525046348571777,1
cross-encoder,-5.524275779724121,1
cross-encoder,-5.5225019454956055,1
cross-encoder,-5.521273136138916,1
cross-encoder,-5.510541915893555,1
cross-encoder,-5.510291576385498,1
cross-encoder,-5.5077128410339355,1
cross-encoder,-5.5034499168396,1
cross-encoder,-5.502584457397461,1
cross-encoder,-5.501916408538818,1
cross-encoder,-5.500307083129883,1
cross-encoder,-5.498956680297852,1
cross-encoder,-5.4979400634765625,1
cross-encoder,-5.494253158569336,1
cross-encoder,-5.494182109832764,1
cross-encoder,-5.494077205657959,1
cross-encoder,-5.49334192276001,1
cross-encoder,-5.490999698638916,1
cross-encoder,-5.488525390625,1
cross-encoder,-5.483181476593018,1
cross-encoder,-5.4803290367126465,1
cross-encoder,-5.476357460021973,1
cross-encoder,-5.47493839263916,2
cross-encoder,-5.47285270690918,1
cross-encoder,-5.472750663757324,1
cross-encoder,-5.4717912673950195,1
cross-encoder,-5.471197605133057,1
cross-encoder,-5.466272354125977,1
cross-encoder,-5.465170860290527,1
cross-encoder,-5.4628190994262695,1
cross-encoder,-5.457094669342041,1
cross-encoder,-5.456549644470215,1
cross-encoder,-5.454596996307373,1
cross-encoder,-5.448220729827881,1
cross-encoder,-5.448172569274902,2
cross-encoder,-5.446399688720703,1
cross-encoder,-5.444327354431152,2
cross-encoder,-5.443112373352051,1
cross-encoder,-5.441112518310547,1
cross-encoder,-5.436971664428711,1
cross-encoder,-5.436844825744629,1
cross-encoder,-5.435091972351074,1
cross-encoder,-5.434126377105713,1
cross-encoder,-5.432590484619141,1
cross-encoder,-5.429990768432617,1
cross-encoder,-5.429335117340088,1
cross-encoder,-5.4286909103393555,1
cross-encoder,-5.413585662841797,1
cross-encoder,-5.412614345550537,1
cross-encoder,-5.410284996032715,1
cross-encoder,-5.409844398498535,1
cross-encoder,-5.409465789794922,1
cross-encoder,-5.408661842346191,1
cross-encoder,-5.403785705566406,1
cross-encoder,-5.40346622467041,1
cross-encoder,-5.4015092849731445,1
cross-encoder,-5.400463581085205,1
cross-encoder,-5.391294479370117,1
cross-encoder,-5.377140045166016,1
cross-encoder,-5.37406587600708,1
cross-encoder,-5.37384033203125,1
cross-encoder,-5.3627119064331055,1
cross-encoder,-5.362689018249512,1
cross-encoder,-5.360915184020996,1
cross-encoder,-5.360471248626709,1
cross-encoder,-5.357352256774902,1
cross-encoder,-5.356104850769043,1
cross-encoder,-5.355666637420654,1
cross-encoder,-5.354279518127441,1
cross-encoder,-5.353837966918945,1
cross-encoder,-5.353323459625244,1
cross-encoder,-5.348615646362305,1
cross-encoder,-5.339249610900879,1
cross-encoder,-5.3372802734375,1
cross-encoder,-5.332582473754883,1
cross-encoder,-5.329671859741211,1
cross-encoder,-5.329331398010254,1
cross-encoder,-5.326894760131836,1
cross-encoder,-5.322380542755127,1
cross-encoder,-5.317002773284912,1
cross-encoder,-5.3137311935424805,1
cross-encoder,-5.309079647064209,1
cross-encoder,-5.3074493408203125,1
cross-encoder,-5.307094573974609,1
cross-encoder,-5.30522346496582,1
cross-encoder,-5.304714202880859,1
cross-encoder,-5.303417205810547,1
cross-encoder,-5.301322937011719,1
cross-encoder,-5.2998762130737305,1
cross-encoder,-5.299138069152832,1
cross-encoder,-5.299054145812988,1
cross-encoder,-5.293343544006348,1
cross-encoder,-5.290061950683594,1
cross-encoder,-5.289584636688232,1
cross-encoder,-5.2847819328308105,1
cross-encoder,-5.27910852432251,1
cross-encoder,-5.278599739074707,1
cross-encoder,-5.276608467102051,1
cross-encoder,-5.275093078613281,1
cross-encoder,-5.271513938903809,1
cross-encoder,-5.271467685699463,1
cross-encoder,-5.268235683441162,1
cross-encoder,-5.268141746520996,1
cross-encoder,-5.255434989929199,1
cross-encoder,-5.251934051513672,1
cross-encoder,-5.248134136199951,1
cross-encoder,-5.244190216064453,2
cross-encoder,-5.23952579498291,1
cross-encoder,-5.232454299926758,1
cross-encoder,-5.231389045715332,1
cross-encoder,-5.225793361663818,1
cross-encoder,-5.221817970275879,1
cross-encoder,-5.221546173095703,1
cross-encoder,-5.221520900726318,1
cross-encoder,-5.219235420227051,1
cross-encoder,-5.218958854675293,1
cross-encoder,-5.217751502990723,1
cross-encoder,-5.214689254760742,1
cross-encoder,-5.212756156921387,1
cross-encoder,-5.211902618408203,1
cross-encoder,-5.210472106933594,1
cross-encoder,-5.209293365478516,1
cross-encoder,-5.1990647315979,1
cross-encoder,-5.19732666015625,1
cross-encoder,-5.197137832641602,1
cross-encoder,-5.19293212890625,1
cross-encoder,-5.190500259399414,1
cross-encoder,-5.189964294433594,1
cross-encoder,-5.1891913414001465,1
cross-encoder,-5.188755989074707,1
cross-encoder,-5.188653945922852,1
cross-encoder,-5.184945106506348,1
cross-encoder,-5.1833648681640625,1
cross-encoder,-5.18140172958374,1
cross-encoder,-5.181221008300781,1
cross-encoder,-5.179010391235352,1
cross-encoder,-5.175363540649414,1
cross-encoder,-5.173932075500488,1
cross-encoder,-5.158661842346191,1
cross-encoder,-5.156672477722168,1
cross-encoder,-5.151662826538086,1
cross-encoder,-5.143547058105469,1
cross-encoder,-5.13975715637207,1
cross-encoder,-5.124680519104004,1
cross-encoder,-5.1234307289123535,1
cross-encoder,-5.122420310974121,1
cross-encoder,-5.1208882331848145,1
cross-encoder,-5.120011329650879,1
cross-encoder,-5.111784934997559,1
cross-encoder,-5.107256889343262,1
cross-encoder,-5.106377601623535,1
cross-encoder,-5.104631423950195,1
cross-encoder,-5.104011058807373,1
cross-encoder,-5.100158214569092,1
cross-encoder,-5.099384307861328,1
cross-encoder,-5.099196910858154,1
cross-encoder,-5.099052906036377,1
cross-encoder,-5.092142581939697,1
cross-encoder,-5.091693878173828,1
cross-encoder,-5.088924884796143,1
cross-encoder,-5.085165500640869,1
cross-encoder,-5.08505916595459,1
cross-encoder,-5.081136226654053,1
cross-encoder,-5.080424785614014,1
cross-encoder,-5.080402374267578,1
cross-encoder,-5.0793256759643555,1
cross-encoder,-5.07919979095459,1
cross-encoder,-5.078737735748291,1
cross-encoder,-5.077952861785889,1
cross-encoder,-5.072673797607422,1
cross-encoder,-5.069357872009277,1
cross-encoder,-5.055059432983398,1
cross-encoder,-5.05465030670166,1
cross-encoder,-5.0458502769470215,1
cross-encoder,-5.041546821594238,1
cross-encoder,-5.0375566482543945,1
cross-encoder,-5.021973133087158,1
cross-encoder,-5.019644737243652,1
cross-encoder,-5.011664867401123,1
cross-encoder,-5.010497093200684,1
cross-encoder,-5.009263038635254,1
cross-encoder,-5.008772850036621,1
cross-encoder,-5.005546569824219,1
cross-encoder,-5.003437042236328,1
cross-encoder,-5.000609874725342,1
cross-encoder,-4.996728897094727,1
cross-encoder,-4.996382713317871,1
cross-encoder,-4.992173671722412,1
cross-encoder,-4.9913835525512695,1
cross-encoder,-4.979760646820068,1
cross-encoder,-4.978428840637207,1
cross-encoder,-4.973655700683594,1
cross-encoder,-4.972598075866699,1
cross-encoder,-4.970961093902588,1
cross-encoder,-4.969938278198242,1
cross-encoder,-4.968021869659424,1
cross-encoder,-4.966012954711914,1
cross-encoder,-4.958395481109619,1
cross-encoder,-4.955680847167969,2
cross-encoder,-4.953620910644531,1
cross-encoder,-4.948358535766602,1
cross-encoder,-4.946892261505127,1
cross-encoder,-4.939571857452393,1
cross-encoder,-4.93733024597168,1
cross-encoder,-4.937180042266846,1
cross-encoder,-4.936983585357666,2
cross-encoder,-4.936398029327393,1
cross-encoder,-4.9348978996276855,1
cross-encoder,-4.920651435852051,1
cross-encoder,-4.911170959472656,1
cross-encoder,-4.909978866577148,1
cross-encoder,-4.907784461975098,1
cross-encoder,-4.906123638153076,1
cross-encoder,-4.905638217926025,1
cross-encoder,-4.905575275421143,1
cross-encoder,-4.899874687194824,1
cross-encoder,-4.896874904632568,1
cross-encoder,-4.895633697509766,1
cross-encoder,-4.87789249420166,1
cross-encoder,-4.877262115478516,1
cross-encoder,-4.876796722412109,1
cross-encoder,-4.87251091003418,1
cross-encoder,-4.8695068359375,1
cross-encoder,-4.868786334991455,1
cross-encoder,-4.865004539489746,1
cross-encoder,-4.863574981689453,1
cross-encoder,-4.860467910766602,1
cross-encoder,-4.859312057495117,1
cross-encoder,-4.858863830566406,1
cross-encoder,-4.858860015869141,1
cross-encoder,-4.85441780090332,1
cross-encoder,-4.840839385986328,1
cross-encoder,-4.837091445922852,1
cross-encoder,-4.832588195800781,1
cross-encoder,-4.830293655395508,1
cross-encoder,-4.8287200927734375,1
cross-encoder,-4.828340530395508,1
cross-encoder,-4.824722766876221,1
cross-encoder,-4.821939468383789,1
cross-encoder,-4.816883087158203,1
cross-encoder,-4.811565399169922,1
cross-encoder,-4.806587219238281,1
cross-encoder,-4.8056511878967285,1
cross-encoder,-4.802525997161865,2
cross-encoder,-4.794630527496338,1
cross-encoder,-4.7937211990356445,1
cross-encoder,-4.792447566986084,1
cross-encoder,-4.792148590087891,1
cross-encoder,-4.788345813751221,1
cross-encoder,-4.786945343017578,1
cross-encoder,-4.783269882202148,1
cross-encoder,-4.777073860168457,1
cross-encoder,-4.766029357910156,1
cross-encoder,-4.7631516456604,1
cross-encoder,-4.760854721069336,1
cross-encoder,-4.758512020111084,1
cross-encoder,-4.753425598144531,1
cross-encoder,-4.750068187713623,1
cross-encoder,-4.748183250427246,1
cross-encoder,-4.74495792388916,1
cross-encoder,-4.739867210388184,1
cross-encoder,-4.731420516967773,1
cross-encoder,-4.730825424194336,1
cross-encoder,-4.729809761047363,1
cross-encoder,-4.7262139320373535,1
cross-encoder,-4.722581386566162,1
cross-encoder,-4.712902069091797,1
cross-encoder,-4.710960388183594,1
cross-encoder,-4.708484649658203,1
cross-encoder,-4.701866626739502,1
cross-encoder,-4.699337482452393,1
cross-encoder,-4.694876194000244,1
cross-encoder,-4.684357643127441,1
cross-encoder,-4.679338455200195,1
cross-encoder,-4.677274227142334,1
cross-encoder,-4.674825668334961,1
cross-encoder,-4.674593925476074,1
cross-encoder,-4.668929576873779,1
cross-encoder,-4.659367084503174,1
cross-encoder,-4.655040740966797,1
cross-encoder,-4.652487754821777,1
cross-encoder,-4.648080825805664,1
cross-encoder,-4.646084785461426,1
cross-encoder,-4.643906593322754,1
cross-encoder,-4.638664245605469,1
cross-encoder,-4.634713649749756,1
cross-encoder,-4.633429527282715,1
cross-encoder,-4.630849838256836,1
cross-encoder,-4.625759124755859,1
cross-encoder,-4.623990058898926,1
cross-encoder,-4.623418807983398,1
cross-encoder,-4.616926193237305,1
cross-encoder,-4.60752534866333,1
cross-encoder,-4.600412845611572,1
cross-encoder,-4.594991207122803,1
cross-encoder,-4.5948100090026855,1
cross-encoder,-4.592952251434326,1
cross-encoder,-4.589934349060059,1
cross-encoder,-4.586622714996338,1
cross-encoder,-4.586586952209473,1
cross-encoder,-4.584039211273193,1
cross-encoder,-4.583862781524658,1
cross-encoder,-4.573251724243164,1
cross-encoder,-4.572733402252197,1
cross-encoder,-4.57119083404541,1
cross-encoder,-4.56773567199707,1
cross-encoder,-4.566563129425049,1
cross-encoder,-4.564109802246094,1
cross-encoder,-4.562171459197998,1
cross-encoder,-4.558627128601074,1
cross-encoder,-4.558467864990234,1
cross-encoder,-4.547924041748047,1
cross-encoder,-4.543352127075195,1
cross-encoder,-4.542771339416504,1
cross-encoder,-4.5413103103637695,1
cross-encoder,-4.533580780029297,1
cross-encoder,-4.533288955688477,1
cross-encoder,-4.5318827629089355,1
cross-encoder,-4.529398441314697,1
cross-encoder,-4.529146194458008,1
cross-encoder,-4.521969795227051,1
cross-encoder,-4.5206122398376465,1
cross-encoder,-4.5174970626831055,1
cross-encoder,-4.513265609741211,1
cross-encoder,-4.508495330810547,1
cross-encoder,-4.495546340942383,1
cross-encoder,-4.492428779602051,1
cross-encoder,-4.487106800079346,1
cross-encoder,-4.480766296386719,1
cross-encoder,-4.47553014755249,1
cross-encoder,-4.472883224487305,1
cross-encoder,-4.466207504272461,1
cross-encoder,-4.4585700035095215,1
cross-encoder,-4.457988739013672,1
cross-encoder,-4.45595121383667,1
cross-encoder,-4.453248977661133,1
cross-encoder,-4.449556827545166,2
cross-encoder,-4.448957920074463,1
cross-encoder,-4.4485273361206055,1
cross-encoder,-4.4454169273376465,1
cross-encoder,-4.437889099121094,1
cross-encoder,-4.435007095336914,1
cross-encoder,-4.430858135223389,1
cross-encoder,-4.426941871643066,1
cross-encoder,-4.425841808319092,2
cross-encoder,-4.407447814941406,1
cross-encoder,-4.399967193603516,1
cross-encoder,-4.3991522789001465,1
cross-encoder,-4.391849517822266,1
cross-encoder,-4.386866569519043,1
cross-encoder,-4.384486198425293,1
cross-encoder,-4.379904747009277,1
cross-encoder,-4.374139785766602,1
cross-encoder,-4.373133659362793,1
cross-encoder,-4.372538089752197,1
cross-encoder,-4.371641159057617,1
cross-encoder,-4.369913578033447,1
cross-encoder,-4.365439414978027,1
cross-encoder,-4.363957405090332,1
cross-encoder,-4.354770183563232,1
cross-encoder,-4.3543620109558105,1
cross-encoder,-4.352219581604004,1
cross-encoder,-4.3519158363342285,1
cross-encoder,-4.351356029510498,1
cross-encoder,-4.346733570098877,1
cross-encoder,-4.329479217529297,1
cross-encoder,-4.327399253845215,1
cross-encoder,-4.31826639175415,1
cross-encoder,-4.317626953125,1
cross-encoder,-4.3143415451049805,1
cross-encoder,-4.312612533569336,1
cross-encoder,-4.310729503631592,1
cross-encoder,-4.310034275054932,1
cross-encoder,-4.296463966369629,1
cross-encoder,-4.270771503448486,1
cross-encoder,-4.2700276374816895,1
cross-encoder,-4.2589006423950195,1
cross-encoder,-4.256110668182373,1
cross-encoder,-4.247859001159668,1
cross-encoder,-4.247044563293457,1
cross-encoder,-4.242535591125488,1
cross-encoder,-4.24245548248291,1
cross-encoder,-4.236901760101318,1
cross-encoder,-4.235987663269043,1
cross-encoder,-4.234811305999756,1
cross-encoder,-4.224114418029785,1
cross-encoder,-4.220953941345215,1
cross-encoder,-4.218652725219727,1
cross-encoder,-4.217461585998535,1
cross-encoder,-4.217148780822754,1
cross-encoder,-4.217064380645752,1
cross-encoder,-4.212134838104248,1
cross-encoder,-4.207818031311035,1
cross-encoder,-4.206638336181641,1
cross-encoder,-4.20564603805542,1
cross-encoder,-4.205204963684082,1
cross-encoder,-4.201327800750732,1
cross-encoder,-4.196500778198242,1
cross-encoder,-4.193808078765869,1
cross-encoder,-4.184467315673828,1
cross-encoder,-4.182012557983398,1
cross-encoder,-4.18024206161499,1
cross-encoder,-4.179865837097168,1
cross-encoder,-4.179316997528076,1
cross-encoder,-4.178889274597168,1
cross-encoder,-4.176731586456299,1
cross-encoder,-4.175273418426514,1
cross-encoder,-4.174596786499023,1
cross-encoder,-4.174311637878418,1
cross-encoder,-4.168033123016357,1
cross-encoder,-4.158792972564697,1
cross-encoder,-4.158621788024902,1
cross-encoder,-4.157044410705566,1
cross-encoder,-4.153652191162109,1
cross-encoder,-4.149907112121582,1
cross-encoder,-4.144576549530029,1
cross-encoder,-4.139430999755859,1
cross-encoder,-4.1353254318237305,1
cross-encoder,-4.134984970092773,1
cross-encoder,-4.131385326385498,1
cross-encoder,-4.128631591796875,1
cross-encoder,-4.126432418823242,2
cross-encoder,-4.106306076049805,1
cross-encoder,-4.106263160705566,1
cross-encoder,-4.100193977355957,1
cross-encoder,-4.098086357116699,1
cross-encoder,-4.096519947052002,1
cross-encoder,-4.095486640930176,1
cross-encoder,-4.094470024108887,1
cross-encoder,-4.0847320556640625,1
cross-encoder,-4.084559917449951,1
cross-encoder,-4.081604480743408,1
cross-encoder,-4.080692291259766,1
cross-encoder,-4.079451560974121,1
cross-encoder,-4.058948993682861,1
cross-encoder,-4.05601692199707,1
cross-encoder,-4.05326509475708,1
cross-encoder,-4.048169136047363,1
cross-encoder,-4.043854713439941,1
cross-encoder,-4.043703556060791,1
cross-encoder,-4.0411057472229,1
cross-encoder,-4.034031867980957,1
cross-encoder,-4.033748149871826,1
cross-encoder,-4.0332932472229,1
cross-encoder,-4.032469749450684,1
cross-encoder,-4.012298107147217,1
cross-encoder,-3.9961462020874023,1
cross-encoder,-3.992629289627075,1
cross-encoder,-3.9693076610565186,1
cross-encoder,-3.9687867164611816,1
cross-encoder,-3.9671006202697754,1
cross-encoder,-3.965502977371216,1
cross-encoder,-3.960526943206787,1
cross-encoder,-3.9582982063293457,1
cross-encoder,-3.9334890842437744,1
cross-encoder,-3.9291019439697266,1
cross-encoder,-3.926539659500122,1
cross-encoder,-3.9252147674560547,1
cross-encoder,-3.918929100036621,1
cross-encoder,-3.9105212688446045,1
cross-encoder,-3.90824818611145,1
cross-encoder,-3.907548427581787,1
cross-encoder,-3.9040918350219727,1
cross-encoder,-3.897843837738037,1
cross-encoder,-3.894948959350586,1
cross-encoder,-3.8881893157958984,1
cross-encoder,-3.8833351135253906,1
cross-encoder,-3.8828139305114746,1
cross-encoder,-3.882070779800415,1
cross-encoder,-3.88132643699646,1
cross-encoder,-3.878844738006592,1
cross-encoder,-3.877474308013916,1
cross-encoder,-3.8774194717407227,1
cross-encoder,-3.8752591609954834,1
cross-encoder,-3.871018409729004,1
cross-encoder,-3.8707242012023926,1
cross-encoder,-3.867860794067383,1
cross-encoder,-3.8666930198669434,1
cross-encoder,-3.864150285720825,1
cross-encoder,-3.864070415496826,1
cross-encoder,-3.861407518386841,1
cross-encoder,-3.8588128089904785,1
cross-encoder,-3.852726697921753,1
cross-encoder,-3.8482236862182617,1
cross-encoder,-3.8392796516418457,1
cross-encoder,-3.8392670154571533,1
cross-encoder,-3.8386223316192627,1
cross-encoder,-3.836444854736328,1
cross-encoder,-3.8362956047058105,1
cross-encoder,-3.8335695266723633,1
cross-encoder,-3.8300790786743164,1
cross-encoder,-3.828339099884033,1
cross-encoder,-3.8261289596557617,1
cross-encoder,-3.8251945972442627,1
cross-encoder,-3.824418067932129,1
cross-encoder,-3.823439836502075,1
cross-encoder,-3.822824478149414,1
cross-encoder,-3.8210673332214355,1
cross-encoder,-3.8173696994781494,1
cross-encoder,-3.808788776397705,1
cross-encoder,-3.805962562561035,1
cross-encoder,-3.7930784225463867,1
cross-encoder,-3.7916553020477295,1
cross-encoder,-3.789461612701416,1
cross-encoder,-3.7827141284942627,1
cross-encoder,-3.781038761138916,1
cross-encoder,-3.780116558074951,1
cross-encoder,-3.7758772373199463,1
cross-encoder,-3.7714357376098633,1
cross-encoder,-3.767767906188965,1
cross-encoder,-3.7661616802215576,1
cross-encoder,-3.762603521347046,1
cross-encoder,-3.7505080699920654,1
cross-encoder,-3.7485365867614746,1
cross-encoder,-3.739867687225342,1
cross-encoder,-3.7396318912506104,1
cross-encoder,-3.7393205165863037,1
cross-encoder,-3.7355284690856934,1
cross-encoder,-3.728091239929199,1
cross-encoder,-3.7271652221679688,1
cross-encoder,-3.7233214378356934,1
cross-encoder,-3.7190701961517334,2
cross-encoder,-3.7168617248535156,1
cross-encoder,-3.7154226303100586,1
cross-encoder,-3.714115619659424,1
cross-encoder,-3.713697671890259,1
cross-encoder,-3.713512659072876,1
cross-encoder,-3.708134174346924,1
cross-encoder,-3.698343276977539,1
cross-encoder,-3.69260835647583,1
cross-encoder,-3.6911399364471436,1
cross-encoder,-3.686648368835449,1
cross-encoder,-3.6842548847198486,1
cross-encoder,-3.6819913387298584,1
cross-encoder,-3.67927622795105,1
cross-encoder,-3.6695432662963867,1
cross-encoder,-3.6631369590759277,1
cross-encoder,-3.6589934825897217,1
cross-encoder,-3.6536622047424316,1
cross-encoder,-3.6425676345825195,1
cross-encoder,-3.641258716583252,1
cross-encoder,-3.636138439178467,1
cross-encoder,-3.6354308128356934,1
cross-encoder,-3.6346046924591064,1
cross-encoder,-3.6338589191436768,1
cross-encoder,-3.6307218074798584,1
cross-encoder,-3.6260430812835693,2
cross-encoder,-3.6241884231567383,1
cross-encoder,-3.621155261993408,1
cross-encoder,-3.614168167114258,1
cross-encoder,-3.611279249191284,1
cross-encoder,-3.610800266265869,1
cross-encoder,-3.606461763381958,1
cross-encoder,-3.6037445068359375,1
cross-encoder,-3.5964667797088623,1
cross-encoder,-3.593078136444092,1
cross-encoder,-3.586181402206421,1
cross-encoder,-3.5836405754089355,1
cross-encoder,-3.5819320678710938,1
cross-encoder,-3.5776619911193848,1
cross-encoder,-3.572753429412842,1
cross-encoder,-3.568370819091797,1
cross-encoder,-3.5667293071746826,1
cross-encoder,-3.5656578540802,1
cross-encoder,-3.5600624084472656,1
cross-encoder,-3.5593929290771484,2
cross-encoder,-3.557983875274658,1
cross-encoder,-3.552919864654541,1
cross-encoder,-3.550205945968628,1
cross-encoder,-3.5497405529022217,1
cross-encoder,-3.5490593910217285,1
cross-encoder,-3.5384411811828613,1
cross-encoder,-3.5350475311279297,1
cross-encoder,-3.5246942043304443,1
cross-encoder,-3.5216355323791504,1
cross-encoder,-3.521256446838379,1
cross-encoder,-3.517519950866699,1
cross-encoder,-3.512075901031494,1
cross-encoder,-3.511369228363037,1
cross-encoder,-3.5099027156829834,1
cross-encoder,-3.507667064666748,1
cross-encoder,-3.5057170391082764,1
cross-encoder,-3.5052902698516846,1
cross-encoder,-3.5007495880126953,1
cross-encoder,-3.500636100769043,1
cross-encoder,-3.4969589710235596,1
cross-encoder,-3.4947049617767334,1
cross-encoder,-3.4945855140686035,1
cross-encoder,-3.4941229820251465,1
cross-encoder,-3.490618944168091,2
cross-encoder,-3.4901888370513916,1
cross-encoder,-3.4800004959106445,1
cross-encoder,-3.4793949127197266,1
cross-encoder,-3.4790902137756348,1
cross-encoder,-3.478825569152832,1
cross-encoder,-3.4753522872924805,1
cross-encoder,-3.4700963497161865,1
cross-encoder,-3.466008186340332,1
cross-encoder,-3.462068557739258,1
cross-encoder,-3.4608349800109863,1
cross-encoder,-3.4599339962005615,1
cross-encoder,-3.455709934234619,1
cross-encoder,-3.446640729904175,1
cross-encoder,-3.443798303604126,1
cross-encoder,-3.440556049346924,1
cross-encoder,-3.428551197052002,1
cross-encoder,-3.42706298828125,1
cross-encoder,-3.417098045349121,1
cross-encoder,-3.410507917404175,1
cross-encoder,-3.4078292846679688,1
cross-encoder,-3.4019854068756104,1
cross-encoder,-3.4005632400512695,1
cross-encoder,-3.3949532508850098,1
cross-encoder,-3.3947856426239014,1
cross-encoder,-3.387603282928467,1
cross-encoder,-3.386021137237549,1
cross-encoder,-3.3850605487823486,1
cross-encoder,-3.3812026977539062,1
cross-encoder,-3.381160259246826,1
cross-encoder,-3.372845411300659,1
cross-encoder,-3.3723316192626953,1
cross-encoder,-3.371772527694702,1
cross-encoder,-3.3685684204101562,1
cross-encoder,-3.3572936058044434,1
cross-encoder,-3.3565266132354736,1
cross-encoder,-3.353921890258789,1
cross-encoder,-3.3471477031707764,1
cross-encoder,-3.3445446491241455,1
cross-encoder,-3.342458724975586,1
cross-encoder,-3.3389554023742676,1
cross-encoder,-3.3300271034240723,1
cross-encoder,-3.3241782188415527,1
cross-encoder,-3.318821668624878,1
cross-encoder,-3.3109867572784424,1
cross-encoder,-3.3034751415252686,1
cross-encoder,-3.2994606494903564,1
cross-encoder,-3.299111843109131,1
cross-encoder,-3.2979989051818848,1
cross-encoder,-3.296919822692871,1
cross-encoder,-3.292775869369507,1
cross-encoder,-3.289193630218506,1
cross-encoder,-3.2853434085845947,1
cross-encoder,-3.280611991882324,1
cross-encoder,-3.2762506008148193,1
cross-encoder,-3.2713654041290283,1
cross-encoder,-3.268099308013916,1
cross-encoder,-3.260889768600464,2
cross-encoder,-3.257204532623291,1
cross-encoder,-3.2568578720092773,1
cross-encoder,-3.25240421295166,1
cross-encoder,-3.2511746883392334,1
cross-encoder,-3.248467206954956,1
cross-encoder,-3.2427361011505127,1
cross-encoder,-3.241697311401367,1
cross-encoder,-3.237730026245117,1
cross-encoder,-3.234095573425293,1
cross-encoder,-3.2298948764801025,1
cross-encoder,-3.228017568588257,1
cross-encoder,-3.223623275756836,1
cross-encoder,-3.222923755645752,1
cross-encoder,-3.2105135917663574,1
cross-encoder,-3.1906886100769043,1
cross-encoder,-3.188868761062622,2
cross-encoder,-3.1869399547576904,1
cross-encoder,-3.1825568675994873,1
cross-encoder,-3.177314043045044,1
cross-encoder,-3.1761045455932617,1
cross-encoder,-3.1673800945281982,1
cross-encoder,-3.1667776107788086,1
cross-encoder,-3.1645593643188477,1
cross-encoder,-3.1600632667541504,1
cross-encoder,-3.154141902923584,1
cross-encoder,-3.149582862854004,1
cross-encoder,-3.1407723426818848,1
cross-encoder,-3.1407604217529297,1
cross-encoder,-3.1318254470825195,1
cross-encoder,-3.1272711753845215,1
cross-encoder,-3.125615119934082,1
cross-encoder,-3.1253998279571533,1
cross-encoder,-3.1180129051208496,1
cross-encoder,-3.116497039794922,2
cross-encoder,-3.1154556274414062,1
cross-encoder,-3.114959716796875,1
cross-encoder,-3.1139464378356934,1
cross-encoder,-3.0990452766418457,1
cross-encoder,-3.0939104557037354,1
cross-encoder,-3.0932505130767822,1
cross-encoder,-3.0899927616119385,1
cross-encoder,-3.0836641788482666,1
cross-encoder,-3.083585739135742,1
cross-encoder,-3.066993474960327,1
cross-encoder,-3.065852165222168,1
cross-encoder,-3.0530261993408203,1
cross-encoder,-3.051486015319824,1
cross-encoder,-3.0468640327453613,1
cross-encoder,-3.045846462249756,1
cross-encoder,-3.045830726623535,1
cross-encoder,-3.041288375854492,1
cross-encoder,-3.0337958335876465,1
cross-encoder,-3.027472496032715,1
cross-encoder,-3.017047882080078,1
cross-encoder,-3.0075879096984863,1
cross-encoder,-3.006223678588867,1
cross-encoder,-3.0057170391082764,1
cross-encoder,-3.0035130977630615,1
cross-encoder,-2.9975342750549316,1
cross-encoder,-2.9945554733276367,1
cross-encoder,-2.9935498237609863,1
cross-encoder,-2.988590717315674,1
cross-encoder,-2.980470657348633,1
cross-encoder,-2.9803144931793213,1
cross-encoder,-2.973099708557129,1
cross-encoder,-2.9691596031188965,1
cross-encoder,-2.967573404312134,1
cross-encoder,-2.9642786979675293,1
cross-encoder,-2.960362195968628,1
cross-encoder,-2.9591336250305176,1
cross-encoder,-2.956087112426758,1
cross-encoder,-2.951284885406494,1
cross-encoder,-2.9506237506866455,1
cross-encoder,-2.9362633228302,1
cross-encoder,-2.9349937438964844,1
cross-encoder,-2.9347939491271973,1
cross-encoder,-2.9324283599853516,1
cross-encoder,-2.919931411743164,1
cross-encoder,-2.917955160140991,1
cross-encoder,-2.9102983474731445,1
cross-encoder,-2.884615421295166,1
cross-encoder,-2.883474111557007,2
cross-encoder,-2.8774924278259277,1
cross-encoder,-2.8767855167388916,1
cross-encoder,-2.8752522468566895,1
cross-encoder,-2.8675756454467773,1
cross-encoder,-2.8643624782562256,1
cross-encoder,-2.857395648956299,1
cross-encoder,-2.8573625087738037,1
cross-encoder,-2.8523061275482178,1
cross-encoder,-2.8463246822357178,1
cross-encoder,-2.8286564350128174,1
cross-encoder,-2.827342987060547,1
cross-encoder,-2.8272252082824707,1
cross-encoder,-2.813361406326294,1
cross-encoder,-2.8114585876464844,1
cross-encoder,-2.8087363243103027,1
cross-encoder,-2.799715042114258,1
cross-encoder,-2.7963104248046875,1
cross-encoder,-2.7957286834716797,1
cross-encoder,-2.7899980545043945,1
cross-encoder,-2.7891714572906494,1
cross-encoder,-2.787628173828125,1
cross-encoder,-2.7857956886291504,1
cross-encoder,-2.783320665359497,1
cross-encoder,-2.7812418937683105,1
cross-encoder,-2.7756001949310303,1
cross-encoder,-2.775503158569336,1
cross-encoder,-2.772188663482666,1
cross-encoder,-2.7717103958129883,1
cross-encoder,-2.766303777694702,1
cross-encoder,-2.7636799812316895,1
cross-encoder,-2.76251482963562,1
cross-encoder,-2.756901502609253,1
cross-encoder,-2.75553297996521,1
cross-encoder,-2.754276990890503,1
cross-encoder,-2.749573230743408,1
cross-encoder,-2.745616912841797,1
cross-encoder,-2.744494676589966,1
cross-encoder,-2.7311959266662598,1
cross-encoder,-2.725992202758789,1
cross-encoder,-2.7046384811401367,1
cross-encoder,-2.702284097671509,1
cross-encoder,-2.701840877532959,1
cross-encoder,-2.700417995452881,1
cross-encoder,-2.6977298259735107,1
cross-encoder,-2.695925235748291,1
cross-encoder,-2.695570945739746,1
cross-encoder,-2.6937572956085205,1
cross-encoder,-2.6869797706604004,1
cross-encoder,-2.6863205432891846,1
cross-encoder,-2.682353973388672,1
cross-encoder,-2.678894519805908,1
cross-encoder,-2.67010235786438,1
cross-encoder,-2.6692495346069336,1
cross-encoder,-2.666266441345215,1
cross-encoder,-2.666038990020752,1
cross-encoder,-2.663552761077881,1
cross-encoder,-2.6614537239074707,1
cross-encoder,-2.6583962440490723,1
cross-encoder,-2.6421799659729004,1
cross-encoder,-2.6369245052337646,1
cross-encoder,-2.6324386596679688,1
cross-encoder,-2.6299545764923096,1
cross-encoder,-2.6295037269592285,1
cross-encoder,-2.6267952919006348,1
cross-encoder,-2.620023727416992,1
cross-encoder,-2.6179046630859375,1
cross-encoder,-2.6142287254333496,1
cross-encoder,-2.6120083332061768,1
cross-encoder,-2.6112024784088135,1
cross-encoder,-2.6104798316955566,1
cross-encoder,-2.5978288650512695,1
cross-encoder,-2.5934691429138184,1
cross-encoder,-2.5884928703308105,1
cross-encoder,-2.581606388092041,1
cross-encoder,-2.581547975540161,1
cross-encoder,-2.5807323455810547,1
cross-encoder,-2.5802345275878906,1
cross-encoder,-2.571302652359009,1
cross-encoder,-2.5712714195251465,1
cross-encoder,-2.5669808387756348,1
cross-encoder,-2.5655455589294434,1
cross-encoder,-2.560568332672119,1
cross-encoder,-2.5566978454589844,1
cross-encoder,-2.5555930137634277,1
cross-encoder,-2.5442323684692383,1
cross-encoder,-2.542783737182617,1
cross-encoder,-2.541712522506714,1
cross-encoder,-2.5344784259796143,1
cross-encoder,-2.5325613021850586,1
cross-encoder,-2.518989324569702,1
cross-encoder,-2.5183982849121094,1
cross-encoder,-2.51778507232666,1
cross-encoder,-2.5095601081848145,1
cross-encoder,-2.5033693313598633,1
cross-encoder,-2.502660036087036,1
cross-encoder,-2.4984402656555176,1
cross-encoder,-2.4983925819396973,1
cross-encoder,-2.4924473762512207,1
cross-encoder,-2.488779067993164,1
cross-encoder,-2.4802842140197754,1
cross-encoder,-2.469099521636963,1
cross-encoder,-2.467092514038086,1
cross-encoder,-2.4622139930725098,1
cross-encoder,-2.4617786407470703,1
cross-encoder,-2.4595870971679688,1
cross-encoder,-2.4568591117858887,1
cross-encoder,-2.4533133506774902,1
cross-encoder,-2.4506678581237793,1
cross-encoder,-2.450291156768799,1
cross-encoder,-2.4500787258148193,1
cross-encoder,-2.4493532180786133,1
cross-encoder,-2.442624092102051,1
cross-encoder,-2.4331955909729004,1
cross-encoder,-2.424543857574463,1
cross-encoder,-2.424286365509033,1
cross-encoder,-2.4242796897888184,1
cross-encoder,-2.4192416667938232,1
cross-encoder,-2.4028091430664062,1
cross-encoder,-2.4004316329956055,1
cross-encoder,-2.399501085281372,1
cross-encoder,-2.396958589553833,1
cross-encoder,-2.3915584087371826,1
cross-encoder,-2.391505241394043,1
cross-encoder,-2.3890953063964844,1
cross-encoder,-2.381455421447754,1
cross-encoder,-2.367849826812744,1
cross-encoder,-2.3651981353759766,1
cross-encoder,-2.36445951461792,1
cross-encoder,-2.3633623123168945,1
cross-encoder,-2.353853464126587,1
cross-encoder,-2.3533029556274414,1
cross-encoder,-2.3531532287597656,1
cross-encoder,-2.351053237915039,1
cross-encoder,-2.3485279083251953,1
cross-encoder,-2.3338849544525146,1
cross-encoder,-2.3202438354492188,1
cross-encoder,-2.3197131156921387,1
cross-encoder,-2.3157119750976562,1
cross-encoder,-2.31420636177063,1
cross-encoder,-2.3065361976623535,1
cross-encoder,-2.3000967502593994,1
cross-encoder,-2.294013023376465,1
cross-encoder,-2.289069890975952,1
cross-encoder,-2.287757396697998,1
cross-encoder,-2.285898447036743,1
cross-encoder,-2.279177665710449,1
cross-encoder,-2.276343822479248,1
cross-encoder,-2.2569172382354736,1
cross-encoder,-2.252579689025879,1
cross-encoder,-2.251335859298706,1
cross-encoder,-2.249142646789551,1
cross-encoder,-2.248319625854492,1
cross-encoder,-2.2470903396606445,1
cross-encoder,-2.2402923107147217,1
cross-encoder,-2.2400453090667725,1
cross-encoder,-2.2385292053222656,1
cross-encoder,-2.238239049911499,1
cross-encoder,-2.238192558288574,1
cross-encoder,-2.233384847640991,1
cross-encoder,-2.2324838638305664,1
cross-encoder,-2.2287473678588867,1
cross-encoder,-2.222943067550659,1
cross-encoder,-2.2215733528137207,1
cross-encoder,-2.2125601768493652,1
cross-encoder,-2.2077789306640625,1
cross-encoder,-2.2008919715881348,1
cross-encoder,-2.1975629329681396,1
cross-encoder,-2.1936116218566895,1
cross-encoder,-2.186096668243408,1
cross-encoder,-2.1820645332336426,1
cross-encoder,-2.1585612297058105,1
cross-encoder,-2.158510446548462,1
cross-encoder,-2.157862663269043,1
cross-encoder,-2.1575798988342285,1
cross-encoder,-2.1473309993743896,1
cross-encoder,-2.146455764770508,1
cross-encoder,-2.140779495239258,1
cross-encoder,-2.1380434036254883,1
cross-encoder,-2.13482666015625,1
cross-encoder,-2.1316020488739014,1
cross-encoder,-2.131019353866577,1
cross-encoder,-2.1265509128570557,1
cross-encoder,-2.12449312210083,2
cross-encoder,-2.1167283058166504,1
cross-encoder,-2.11612606048584,1
cross-encoder,-2.1068615913391113,1
cross-encoder,-2.094297409057617,1
cross-encoder,-2.092625141143799,1
cross-encoder,-2.0891523361206055,1
cross-encoder,-2.086629867553711,1
cross-encoder,-2.0861761569976807,1
cross-encoder,-2.083339214324951,1
cross-encoder,-2.082151412963867,1
cross-encoder,-2.0796713829040527,1
cross-encoder,-2.077817678451538,1
cross-encoder,-2.05975079536438,1
cross-encoder,-2.0593929290771484,1
cross-encoder,-2.036189079284668,1
cross-encoder,-2.036126136779785,1
cross-encoder,-2.0347537994384766,1
cross-encoder,-2.0330514907836914,1
cross-encoder,-2.0254383087158203,1
cross-encoder,-2.0227200984954834,1
cross-encoder,-2.0209946632385254,1
cross-encoder,-2.0175206661224365,1
cross-encoder,-2.0127761363983154,1
cross-encoder,-2.0113868713378906,1
cross-encoder,-2.009382724761963,1
cross-encoder,-2.0038840770721436,1
cross-encoder,-1.9945268630981445,1
cross-encoder,-1.9915043115615845,1
cross-encoder,-1.9894623756408691,1
cross-encoder,-1.9862353801727295,1
cross-encoder,-1.9820764064788818,1
cross-encoder,-1.9752655029296875,1
cross-encoder,-1.9746253490447998,1
cross-encoder,-1.9626116752624512,1
cross-encoder,-1.9604603052139282,1
cross-encoder,-1.9548420906066895,1
cross-encoder,-1.9528343677520752,1
cross-encoder,-1.9506961107254028,2
cross-encoder,-1.9504667520523071,1
cross-encoder,-1.9459996223449707,1
cross-encoder,-1.9429914951324463,1
cross-encoder,-1.9428313970565796,1
cross-encoder,-1.940850019454956,1
cross-encoder,-1.9401410818099976,1
cross-encoder,-1.92479407787323,1
cross-encoder,-1.9228801727294922,1
cross-encoder,-1.922794222831726,1
cross-encoder,-1.9131193161010742,1
cross-encoder,-1.9091331958770752,1
cross-encoder,-1.902907371520996,1
cross-encoder,-1.9024676084518433,1
cross-encoder,-1.886825442314148,1
cross-encoder,-1.884697437286377,1
cross-encoder,-1.873542308807373,1
cross-encoder,-1.871300220489502,1
cross-encoder,-1.8702454566955566,1
cross-encoder,-1.8623087406158447,1
cross-encoder,-1.8610519170761108,1
cross-encoder,-1.8608603477478027,1
cross-encoder,-1.8514719009399414,1
cross-encoder,-1.8474314212799072,1
cross-encoder,-1.8467440605163574,1
cross-encoder,-1.839766263961792,1
cross-encoder,-1.837315320968628,1
cross-encoder,-1.8363046646118164,1
cross-encoder,-1.8338854312896729,1
cross-encoder,-1.8290115594863892,1
cross-encoder,-1.8232572078704834,1
cross-encoder,-1.8169424533843994,1
cross-encoder,-1.8115618228912354,1
cross-encoder,-1.8115431070327759,1
cross-encoder,-1.805229902267456,1
cross-encoder,-1.8049410581588745,1
cross-encoder,-1.802629828453064,1
cross-encoder,-1.7869218587875366,1
cross-encoder,-1.7857779264450073,1
cross-encoder,-1.7855232954025269,1
cross-encoder,-1.7734968662261963,1
cross-encoder,-1.7680375576019287,1
cross-encoder,-1.767295241355896,1
cross-encoder,-1.7672226428985596,1
cross-encoder,-1.7647149562835693,1
cross-encoder,-1.7610753774642944,1
cross-encoder,-1.7583210468292236,1
cross-encoder,-1.7569702863693237,1
cross-encoder,-1.754044532775879,1
cross-encoder,-1.752790093421936,1
cross-encoder,-1.7356210947036743,1
cross-encoder,-1.7248610258102417,1
cross-encoder,-1.721269130706787,1
cross-encoder,-1.7134358882904053,1
cross-encoder,-1.7116243839263916,1
cross-encoder,-1.7054892778396606,1
cross-encoder,-1.7043261528015137,1
cross-encoder,-1.6988987922668457,1
cross-encoder,-1.6974605321884155,1
cross-encoder,-1.6923936605453491,1
cross-encoder,-1.688788652420044,1
cross-encoder,-1.6874477863311768,1
cross-encoder,-1.6820448637008667,1
cross-encoder,-1.6816362142562866,1
cross-encoder,-1.6796801090240479,1
cross-encoder,-1.676706075668335,1
cross-encoder,-1.6659519672393799,2
cross-encoder,-1.6562830209732056,1
cross-encoder,-1.6549715995788574,1
cross-encoder,-1.6536879539489746,1
cross-encoder,-1.652946949005127,1
cross-encoder,-1.650892972946167,1
cross-encoder,-1.6485965251922607,1
cross-encoder,-1.642329454421997,1
cross-encoder,-1.6347674131393433,1
cross-encoder,-1.6314157247543335,1
cross-encoder,-1.6254864931106567,1
cross-encoder,-1.6188372373580933,1
cross-encoder,-1.6125457286834717,1
cross-encoder,-1.605587363243103,1
cross-encoder,-1.6017156839370728,1
cross-encoder,-1.5932142734527588,1
cross-encoder,-1.5917894840240479,1
cross-encoder,-1.5898592472076416,1
cross-encoder,-1.5873137712478638,1
cross-encoder,-1.5784542560577393,1
cross-encoder,-1.5747945308685303,1
cross-encoder,-1.5705498456954956,1
cross-encoder,-1.5651459693908691,1
cross-encoder,-1.5597527027130127,1
cross-encoder,-1.5531396865844727,1
cross-encoder,-1.5526537895202637,1
cross-encoder,-1.5440404415130615,1
cross-encoder,-1.5427403450012207,1
cross-encoder,-1.53593111038208,1
cross-encoder,-1.5340962409973145,1
cross-encoder,-1.532750129699707,1
cross-encoder,-1.5277711153030396,2
cross-encoder,-1.5258219242095947,1
cross-encoder,-1.5238685607910156,1
cross-encoder,-1.5144469738006592,1
cross-encoder,-1.4998257160186768,1
cross-encoder,-1.4896786212921143,1
cross-encoder,-1.4868135452270508,1
cross-encoder,-1.4828746318817139,1
cross-encoder,-1.48203444480896,1
cross-encoder,-1.4814103841781616,1
cross-encoder,-1.4812053442001343,1
cross-encoder,-1.4795995950698853,1
cross-encoder,-1.478682279586792,1
cross-encoder,-1.474206805229187,1
cross-encoder,-1.473362684249878,1
cross-encoder,-1.4582693576812744,1
cross-encoder,-1.4525542259216309,1
cross-encoder,-1.4458141326904297,1
cross-encoder,-1.4411886930465698,1
cross-encoder,-1.4353208541870117,1
cross-encoder,-1.4348703622817993,1
cross-encoder,-1.4338818788528442,1
cross-encoder,-1.431536316871643,1
cross-encoder,-1.4246104955673218,1
cross-encoder,-1.4214750528335571,1
cross-encoder,-1.4124739170074463,1
cross-encoder,-1.4094525575637817,1
cross-encoder,-1.4041346311569214,1
cross-encoder,-1.4017750024795532,1
cross-encoder,-1.3960046768188477,1
cross-encoder,-1.3935151100158691,1
cross-encoder,-1.387603759765625,1
cross-encoder,-1.3851109743118286,1
cross-encoder,-1.3837151527404785,1
cross-encoder,-1.364703893661499,1
cross-encoder,-1.363875150680542,2
cross-encoder,-1.3510247468948364,1
cross-encoder,-1.3488229513168335,1
cross-encoder,-1.3479931354522705,1
cross-encoder,-1.334976077079773,1
cross-encoder,-1.3340966701507568,1
cross-encoder,-1.3340373039245605,1
cross-encoder,-1.3313008546829224,1
cross-encoder,-1.330718755722046,1
cross-encoder,-1.309388279914856,1
cross-encoder,-1.3091790676116943,1
cross-encoder,-1.2737900018692017,1
cross-encoder,-1.2737486362457275,1
cross-encoder,-1.2603150606155396,1
cross-encoder,-1.2595208883285522,1
cross-encoder,-1.2512861490249634,1
cross-encoder,-1.2503788471221924,1
cross-encoder,-1.2482202053070068,1
cross-encoder,-1.247658371925354,1
cross-encoder,-1.2444651126861572,1
cross-encoder,-1.2421340942382812,1
cross-encoder,-1.2278000116348267,1
cross-encoder,-1.2253012657165527,1
cross-encoder,-1.2250317335128784,1
cross-encoder,-1.2150189876556396,1
cross-encoder,-1.2103445529937744,1
cross-encoder,-1.2100529670715332,1
cross-encoder,-1.2084144353866577,1
cross-encoder,-1.206026315689087,1
cross-encoder,-1.1869834661483765,1
cross-encoder,-1.1867249011993408,1
cross-encoder,-1.1832671165466309,1
cross-encoder,-1.181015133857727,1
cross-encoder,-1.1778333187103271,1
cross-encoder,-1.1699466705322266,1
cross-encoder,-1.1660771369934082,1
cross-encoder,-1.1655645370483398,1
cross-encoder,-1.1560345888137817,1
cross-encoder,-1.1544462442398071,1
cross-encoder,-1.1429909467697144,1
cross-encoder,-1.1423860788345337,1
cross-encoder,-1.1418381929397583,1
cross-encoder,-1.1222076416015625,1
cross-encoder,-1.1184399127960205,1
cross-encoder,-1.1088969707489014,1
cross-encoder,-1.1057636737823486,1
cross-encoder,-1.1044175624847412,1
cross-encoder,-1.0949217081069946,1
cross-encoder,-1.0831797122955322,1
cross-encoder,-1.0814019441604614,1
cross-encoder,-1.0765080451965332,1
cross-encoder,-1.0728951692581177,1
cross-encoder,-1.0712661743164062,1
cross-encoder,-1.0681859254837036,1
cross-encoder,-1.0421414375305176,1
cross-encoder,-1.0269386768341064,1
cross-encoder,-1.0202077627182007,1
cross-encoder,-1.0077550411224365,1
cross-encoder,-1.0068790912628174,1
cross-encoder,-1.0037620067596436,1
cross-encoder,-0.9901737570762634,1
cross-encoder,-0.9895814657211304,1
cross-encoder,-0.9893981218338013,1
cross-encoder,-0.9866182804107666,1
cross-encoder,-0.9826937913894653,1
cross-encoder,-0.9814726710319519,1
cross-encoder,-0.9787291884422302,1
cross-encoder,-0.9777987599372864,1
cross-encoder,-0.9764240980148315,1
cross-encoder,-0.9729164242744446,1
cross-encoder,-0.9592790007591248,1
cross-encoder,-0.9587877988815308,1
cross-encoder,-0.9513239860534668,1
cross-encoder,-0.9510091543197632,1
cross-encoder,-0.9409517049789429,1
cross-encoder,-0.9376330971717834,1
cross-encoder,-0.932166576385498,1
cross-encoder,-0.9303166270256042,1
cross-encoder,-0.9242417216300964,1
cross-encoder,-0.9231082201004028,1
cross-encoder,-0.9211082458496094,1
cross-encoder,-0.9175424575805664,1
cross-encoder,-0.9109256267547607,1
cross-encoder,-0.9090402126312256,1
cross-encoder,-0.9066128134727478,1
cross-encoder,-0.9059908390045166,1
cross-encoder,-0.8969109058380127,1
cross-encoder,-0.8900355100631714,1
cross-encoder,-0.8891997933387756,1
cross-encoder,-0.8834449052810669,1
cross-encoder,-0.8809545040130615,1
cross-encoder,-0.880058765411377,1
cross-encoder,-0.8774940967559814,1
cross-encoder,-0.8727741837501526,1
cross-encoder,-0.8623164892196655,1
cross-encoder,-0.8588179349899292,1
cross-encoder,-0.8543634414672852,1
cross-encoder,-0.854008138179779,1
cross-encoder,-0.849043607711792,1
cross-encoder,-0.8469833135604858,1
cross-encoder,-0.8440823554992676,1
cross-encoder,-0.8344200849533081,1
cross-encoder,-0.8156931400299072,1
cross-encoder,-0.8081518411636353,1
cross-encoder,-0.7998960614204407,1
cross-encoder,-0.7897745370864868,1
cross-encoder,-0.7892444133758545,1
cross-encoder,-0.7830197215080261,1
cross-encoder,-0.7797426581382751,1
cross-encoder,-0.7672628164291382,1
cross-encoder,-0.7646645307540894,1
cross-encoder,-0.7558341026306152,1
cross-encoder,-0.7552395462989807,1
cross-encoder,-0.7537336945533752,1
cross-encoder,-0.7523230910301208,1
cross-encoder,-0.7521049380302429,1
cross-encoder,-0.748419463634491,1
cross-encoder,-0.7482609152793884,1
cross-encoder,-0.7476174831390381,2
cross-encoder,-0.7367050647735596,1
cross-encoder,-0.7364460825920105,1
cross-encoder,-0.7343913912773132,1
cross-encoder,-0.7331478595733643,1
cross-encoder,-0.7319768667221069,1
cross-encoder,-0.7304050922393799,1
cross-encoder,-0.7222988605499268,1
cross-encoder,-0.7006534337997437,1
cross-encoder,-0.6954494714736938,1
cross-encoder,-0.6855316162109375,1
cross-encoder,-0.6834648847579956,1
cross-encoder,-0.6773291826248169,1
cross-encoder,-0.6726213097572327,1
cross-encoder,-0.6722889542579651,1
cross-encoder,-0.6707817316055298,1
cross-encoder,-0.6701465845108032,1
cross-encoder,-0.6693698167800903,1
cross-encoder,-0.6684828996658325,1
cross-encoder,-0.6644014120101929,1
cross-encoder,-0.663432240486145,1
cross-encoder,-0.6583700180053711,1
cross-encoder,-0.6567933559417725,1
cross-encoder,-0.652515709400177,1
cross-encoder,-0.652458131313324,1
cross-encoder,-0.6500586271286011,1
cross-encoder,-0.6311088800430298,1
cross-encoder,-0.6304565072059631,1
cross-encoder,-0.6254761219024658,1
cross-encoder,-0.618771493434906,1
cross-encoder,-0.6176033616065979,1
cross-encoder,-0.614189624786377,1
cross-encoder,-0.6098803877830505,1
cross-encoder,-0.5885878801345825,1
cross-encoder,-0.5881154537200928,1
cross-encoder,-0.5846835374832153,1
cross-encoder,-0.5836042165756226,1
cross-encoder,-0.5828257203102112,1
cross-encoder,-0.576682448387146,1
cross-encoder,-0.5727005004882812,1
cross-encoder,-0.5667803287506104,1
cross-encoder,-0.5633381605148315,1
cross-encoder,-0.5565328001976013,1
cross-encoder,-0.5474190711975098,1
cross-encoder,-0.5451957583427429,1
cross-encoder,-0.5411658883094788,1
cross-encoder,-0.5382423996925354,1
cross-encoder,-0.532380998134613,1
cross-encoder,-0.5305190682411194,1
cross-encoder,-0.5283424258232117,1
cross-encoder,-0.5258285999298096,1
cross-encoder,-0.5245668888092041,1
cross-encoder,-0.5218110084533691,1
cross-encoder,-0.5187137722969055,1
cross-encoder,-0.5067216157913208,1
cross-encoder,-0.5059945583343506,1
cross-encoder,-0.5052125453948975,1
cross-encoder,-0.5047701597213745,1
cross-encoder,-0.5031709671020508,1
cross-encoder,-0.5010243654251099,1
cross-encoder,-0.49916109442710876,1
cross-encoder,-0.4945988655090332,1
cross-encoder,-0.49305403232574463,1
cross-encoder,-0.487652063369751,2
cross-encoder,-0.4815604090690613,1
cross-encoder,-0.4731891453266144,1
cross-encoder,-0.47259634733200073,1
cross-encoder,-0.468572199344635,1
cross-encoder,-0.4659247100353241,1
cross-encoder,-0.45626628398895264,1
cross-encoder,-0.45626360177993774,1
cross-encoder,-0.4536723494529724,1
cross-encoder,-0.4468945562839508,1
cross-encoder,-0.44187161326408386,1
cross-encoder,-0.43888145685195923,1
cross-encoder,-0.4328756332397461,1
cross-encoder,-0.4321798086166382,1
cross-encoder,-0.42754822969436646,1
cross-encoder,-0.42689841985702515,1
cross-encoder,-0.42483609914779663,1
cross-encoder,-0.4243249297142029,1
cross-encoder,-0.4032750725746155,1
cross-encoder,-0.40240538120269775,1
cross-encoder,-0.39907389879226685,1
cross-encoder,-0.39430370926856995,1
cross-encoder,-0.3898424506187439,1
cross-encoder,-0.3885667622089386,1
cross-encoder,-0.3857037425041199,1
cross-encoder,-0.384798139333725,1
cross-encoder,-0.3785165846347809,1
cross-encoder,-0.37637776136398315,1
cross-encoder,-0.3738514184951782,1
cross-encoder,-0.3671988248825073,1
cross-encoder,-0.3548702597618103,1
cross-encoder,-0.349082887172699,1
cross-encoder,-0.3475574851036072,1
cross-encoder,-0.3436996340751648,1
cross-encoder,-0.3404252529144287,1
cross-encoder,-0.3349946439266205,1
cross-encoder,-0.33432599902153015,1
cross-encoder,-0.3160839080810547,1
cross-encoder,-0.31312811374664307,1
cross-encoder,-0.30889594554901123,1
cross-encoder,-0.30721232295036316,1
cross-encoder,-0.30608588457107544,1
cross-encoder,-0.2961602807044983,1
cross-encoder,-0.29530471563339233,1
cross-encoder,-0.29389411211013794,1
cross-encoder,-0.28882959485054016,1
cross-encoder,-0.28527897596359253,1
cross-encoder,-0.28376251459121704,1
cross-encoder,-0.281080961227417,1
cross-encoder,-0.2612663507461548,1
cross-encoder,-0.25710374116897583,1
cross-encoder,-0.2536843419075012,1
cross-encoder,-0.25200414657592773,1
cross-encoder,-0.25053831934928894,1
cross-encoder,-0.24293094873428345,1
cross-encoder,-0.24207335710525513,1
cross-encoder,-0.24046123027801514,1
cross-encoder,-0.2375740259885788,1
cross-encoder,-0.23019763827323914,1
cross-encoder,-0.230027437210083,1
cross-encoder,-0.22286197543144226,1
cross-encoder,-0.20791691541671753,1
cross-encoder,-0.20648193359375,1
cross-encoder,-0.20272883772850037,1
cross-encoder,-0.1953127086162567,1
cross-encoder,-0.18534597754478455,1
cross-encoder,-0.17712225019931793,1
cross-encoder,-0.16808877885341644,1
cross-encoder,-0.16657808423042297,1
cross-encoder,-0.16087760031223297,1
cross-encoder,-0.1566762626171112,1
cross-encoder,-0.15411654114723206,1
cross-encoder,-0.13186140358448029,1
cross-encoder,-0.12685906887054443,1
cross-encoder,-0.12642201781272888,1
cross-encoder,-0.1208232194185257,1
cross-encoder,-0.1117524728178978,1
cross-encoder,-0.10976887494325638,1
cross-encoder,-0.106441929936409,1
cross-encoder,-0.10331960767507553,1
cross-encoder,-0.09874367713928223,1
cross-encoder,-0.08465360105037689,1
cross-encoder,-0.08160397410392761,1
cross-encoder,-0.07815653085708618,1
cross-encoder,-0.07384751737117767,1
cross-encoder,-0.07127929478883743,1
cross-encoder,-0.0651131272315979,1
cross-encoder,-0.058699339628219604,1
cross-encoder,-0.05863103270530701,1
cross-encoder,-0.057513847947120667,1
cross-encoder,-0.056594111025333405,1
cross-encoder,-0.05011928826570511,1
cross-encoder,-0.04432900995016098,1
cross-encoder,-0.037587568163871765,1
cross-encoder,-0.030078284442424774,1
cross-encoder,-0.026446914300322533,1
cross-encoder,-0.02358795702457428,1
cross-encoder,-0.021819792687892914,1
cross-encoder,-0.021690543740987778,1
cross-encoder,-0.020736509934067726,1
cross-encoder,-0.016378046944737434,1
cross-encoder,-0.008220763877034187,1
cross-encoder,-0.005614200606942177,1
cross-encoder,0.0019765421748161316,1
cross-encoder,0.01473691500723362,1
cross-encoder,0.022243432700634003,1
cross-encoder,0.0315127819776535,1
cross-encoder,0.03719038516283035,1
cross-encoder,0.05643777176737785,1
cross-encoder,0.05771837383508682,1
cross-encoder,0.05943441018462181,1
cross-encoder,0.06477778404951096,1
cross-encoder,0.07173401117324829,1
cross-encoder,0.08238695561885834,1
cross-encoder,0.09207285195589066,1
cross-encoder,0.09846259653568268,1
cross-encoder,0.10032657533884048,1
cross-encoder,0.1023288294672966,1
cross-encoder,0.10842831432819366,1
cross-encoder,0.11554989963769913,1
cross-encoder,0.126514732837677,1
cross-encoder,0.1315332055091858,1
cross-encoder,0.13236531615257263,1
cross-encoder,0.13558539748191833,1
cross-encoder,0.1383567750453949,1
cross-encoder,0.14554575085639954,1
cross-encoder,0.15637758374214172,1
cross-encoder,0.15798859298229218,1
cross-encoder,0.16118811070919037,1
cross-encoder,0.16748884320259094,1
cross-encoder,0.16781166195869446,1
cross-encoder,0.1709754467010498,1
cross-encoder,0.17808939516544342,1
cross-encoder,0.1879727840423584,1
cross-encoder,0.19168886542320251,1
cross-encoder,0.21399693191051483,2
cross-encoder,0.22343972325325012,1
cross-encoder,0.22695450484752655,1
cross-encoder,0.2291913628578186,1
cross-encoder,0.23458120226860046,1
cross-encoder,0.2353317141532898,1
cross-encoder,0.24307669699192047,1
cross-encoder,0.2434220314025879,1
cross-encoder,0.2436302900314331,1
cross-encoder,0.2452666461467743,1
cross-encoder,0.2505344748497009,1
cross-encoder,0.25464174151420593,1
cross-encoder,0.2549089193344116,1
cross-encoder,0.2569847106933594,1
cross-encoder,0.2659836411476135,1
cross-encoder,0.2723598778247833,1
cross-encoder,0.30652737617492676,1
cross-encoder,0.3183839023113251,1
cross-encoder,0.318729966878891,1
cross-encoder,0.33227062225341797,1
cross-encoder,0.33286452293395996,1
cross-encoder,0.3334326148033142,1
cross-encoder,0.3375777304172516,1
cross-encoder,0.338272362947464,1
cross-encoder,0.3383975028991699,1
cross-encoder,0.35217171907424927,1
cross-encoder,0.359358549118042,1
cross-encoder,0.36011064052581787,1
cross-encoder,0.37056949734687805,1
cross-encoder,0.38695475459098816,1
cross-encoder,0.3905351161956787,1
cross-encoder,0.39891430735588074,1
cross-encoder,0.3996296525001526,1
cross-encoder,0.4033130407333374,1
cross-encoder,0.406455397605896,1
cross-encoder,0.4089292883872986,1
cross-encoder,0.41266903281211853,2
cross-encoder,0.4148276746273041,1
cross-encoder,0.41881757974624634,1
cross-encoder,0.42169827222824097,1
cross-encoder,0.42219385504722595,1
cross-encoder,0.42297831177711487,1
cross-encoder,0.4310727119445801,1
cross-encoder,0.43873271346092224,1
cross-encoder,0.44054341316223145,1
cross-encoder,0.4412413239479065,1
cross-encoder,0.4435812830924988,1
cross-encoder,0.453302264213562,1
cross-encoder,0.4610517621040344,1
cross-encoder,0.4700298309326172,1
cross-encoder,0.47304436564445496,1
cross-encoder,0.47492605447769165,1
cross-encoder,0.486245721578598,1
cross-encoder,0.4912748634815216,1
cross-encoder,0.4915582537651062,1
cross-encoder,0.5020055770874023,1
cross-encoder,0.5053471326828003,1
cross-encoder,0.5082231163978577,1
cross-encoder,0.5115971565246582,1
cross-encoder,0.5185286998748779,1
cross-encoder,0.5248743295669556,1
cross-encoder,0.5370532274246216,2
cross-encoder,0.5392125248908997,1
cross-encoder,0.5430954098701477,1
cross-encoder,0.5456907749176025,1
cross-encoder,0.5479978322982788,1
cross-encoder,0.5482954978942871,1
cross-encoder,0.5549507737159729,1
cross-encoder,0.5568292140960693,1
cross-encoder,0.5644435882568359,1
cross-encoder,0.5791317224502563,1
cross-encoder,0.5799010992050171,1
cross-encoder,0.5832310318946838,1
cross-encoder,0.5957974195480347,1
cross-encoder,0.6077555418014526,1
cross-encoder,0.6108489036560059,1
cross-encoder,0.6230614185333252,1
cross-encoder,0.6240854263305664,1
cross-encoder,0.6245678663253784,1
cross-encoder,0.6364155411720276,1
cross-encoder,0.6374160051345825,1
cross-encoder,0.6397637724876404,1
cross-encoder,0.6432885527610779,1
cross-encoder,0.6489796042442322,1
cross-encoder,0.6601413488388062,1
cross-encoder,0.6649102568626404,1
cross-encoder,0.6723591089248657,1
cross-encoder,0.6898981332778931,1
cross-encoder,0.6947464942932129,1
cross-encoder,0.6961525678634644,1
cross-encoder,0.7002830505371094,1
cross-encoder,0.7004947066307068,1
cross-encoder,0.7014438509941101,1
cross-encoder,0.7024611234664917,1
cross-encoder,0.704470694065094,1
cross-encoder,0.7069783806800842,1
cross-encoder,0.7100483179092407,1
cross-encoder,0.7171616554260254,1
cross-encoder,0.7216188311576843,1
cross-encoder,0.7386724948883057,1
cross-encoder,0.7411956787109375,1
cross-encoder,0.7493200898170471,1
cross-encoder,0.7497068643569946,1
cross-encoder,0.7503947019577026,1
cross-encoder,0.7518634796142578,1
cross-encoder,0.76450115442276,1
cross-encoder,0.7674062252044678,1
cross-encoder,0.7843050956726074,1
cross-encoder,0.7865734100341797,1
cross-encoder,0.7962483167648315,1
cross-encoder,0.8015725612640381,1
cross-encoder,0.8029592037200928,1
cross-encoder,0.8064887523651123,1
cross-encoder,0.8119146823883057,1
cross-encoder,0.8129757642745972,1
cross-encoder,0.8276616334915161,1
cross-encoder,0.8345819711685181,1
cross-encoder,0.8368780612945557,1
cross-encoder,0.84852534532547,1
cross-encoder,0.8508772850036621,1
cross-encoder,0.8662813901901245,1
cross-encoder,0.8741155862808228,1
cross-encoder,0.884806752204895,1
cross-encoder,0.886613130569458,1
cross-encoder,0.8972605466842651,1
cross-encoder,0.8989883661270142,1
cross-encoder,0.9011172652244568,1
cross-encoder,0.9061073064804077,1
cross-encoder,0.9088821411132812,1
cross-encoder,0.9174650311470032,1
cross-encoder,0.9210471510887146,1
cross-encoder,0.9292798042297363,1
cross-encoder,0.944045901298523,1
cross-encoder,0.9563155174255371,1
cross-encoder,0.9568947553634644,1
cross-encoder,0.9582247138023376,1
cross-encoder,0.961737334728241,1
cross-encoder,0.9621784090995789,1
cross-encoder,0.9640980958938599,1
cross-encoder,0.9797627925872803,1
cross-encoder,0.983018696308136,1
cross-encoder,0.9834253787994385,1
cross-encoder,0.9862625598907471,1
cross-encoder,0.991671085357666,1
cross-encoder,1.0011169910430908,1
cross-encoder,1.0037493705749512,1
cross-encoder,1.008150577545166,1
cross-encoder,1.0082682371139526,1
cross-encoder,1.0104349851608276,1
cross-encoder,1.0128116607666016,1
cross-encoder,1.0187304019927979,1
cross-encoder,1.019106388092041,1
cross-encoder,1.0274848937988281,1
cross-encoder,1.028254747390747,1
cross-encoder,1.03094482421875,1
cross-encoder,1.0350342988967896,1
cross-encoder,1.0357767343521118,1
cross-encoder,1.038651704788208,1
cross-encoder,1.0411128997802734,1
cross-encoder,1.0432322025299072,1
cross-encoder,1.050811767578125,1
cross-encoder,1.0512590408325195,1
cross-encoder,1.0565792322158813,1
cross-encoder,1.0581114292144775,1
cross-encoder,1.066559076309204,1
cross-encoder,1.067757487297058,1
cross-encoder,1.0703465938568115,1
cross-encoder,1.0730746984481812,1
cross-encoder,1.0794343948364258,1
cross-encoder,1.0981694459915161,1
cross-encoder,1.1118181943893433,1
cross-encoder,1.1130439043045044,1
cross-encoder,1.1158024072647095,1
cross-encoder,1.117545485496521,1
cross-encoder,1.1191174983978271,1
cross-encoder,1.1298878192901611,1
cross-encoder,1.138554573059082,1
cross-encoder,1.144914984703064,1
cross-encoder,1.1532691717147827,1
cross-encoder,1.1620912551879883,1
cross-encoder,1.1699095964431763,1
cross-encoder,1.171833872795105,1
cross-encoder,1.1861982345581055,1
cross-encoder,1.187565803527832,1
cross-encoder,1.1961188316345215,1
cross-encoder,1.2039170265197754,2
cross-encoder,1.205014944076538,1
cross-encoder,1.207988977432251,1
cross-encoder,1.2113996744155884,1
cross-encoder,1.2171390056610107,1
cross-encoder,1.2289966344833374,1
cross-encoder,1.2381521463394165,1
cross-encoder,1.2444556951522827,1
cross-encoder,1.2446749210357666,1
cross-encoder,1.2531592845916748,1
cross-encoder,1.2596460580825806,1
cross-encoder,1.2631251811981201,1
cross-encoder,1.2652124166488647,1
cross-encoder,1.2654833793640137,1
cross-encoder,1.2701929807662964,1
cross-encoder,1.2792853116989136,1
cross-encoder,1.2848842144012451,1
cross-encoder,1.3073835372924805,1
cross-encoder,1.3154945373535156,1
cross-encoder,1.3165500164031982,1
cross-encoder,1.3204765319824219,1
cross-encoder,1.350413203239441,1
cross-encoder,1.3527021408081055,1
cross-encoder,1.3566678762435913,1
cross-encoder,1.3591597080230713,1
cross-encoder,1.361002802848816,1
cross-encoder,1.367258071899414,1
cross-encoder,1.3684990406036377,1
cross-encoder,1.3771523237228394,1
cross-encoder,1.3916879892349243,1
cross-encoder,1.3933310508728027,1
cross-encoder,1.3943920135498047,1
cross-encoder,1.40032958984375,1
cross-encoder,1.4067773818969727,1
cross-encoder,1.4068523645401,1
cross-encoder,1.4146521091461182,1
cross-encoder,1.4155001640319824,1
cross-encoder,1.421513557434082,1
cross-encoder,1.4287136793136597,1
cross-encoder,1.434622049331665,1
cross-encoder,1.4361767768859863,1
cross-encoder,1.4468460083007812,1
cross-encoder,1.448117733001709,1
cross-encoder,1.4552810192108154,1
cross-encoder,1.4575490951538086,1
cross-encoder,1.461574912071228,1
cross-encoder,1.4795253276824951,1
cross-encoder,1.4868512153625488,1
cross-encoder,1.4940497875213623,1
cross-encoder,1.5023078918457031,1
cross-encoder,1.506812334060669,1
cross-encoder,1.5203659534454346,1
cross-encoder,1.5285823345184326,1
cross-encoder,1.52982497215271,1
cross-encoder,1.5299708843231201,1
cross-encoder,1.5330568552017212,1
cross-encoder,1.5415380001068115,1
cross-encoder,1.554468035697937,1
cross-encoder,1.556338906288147,1
cross-encoder,1.566543698310852,1
cross-encoder,1.5695499181747437,1
cross-encoder,1.5755410194396973,1
cross-encoder,1.5885872840881348,1
cross-encoder,1.593658208847046,1
cross-encoder,1.5944888591766357,1
cross-encoder,1.5966566801071167,1
cross-encoder,1.5995010137557983,1
cross-encoder,1.6060044765472412,1
cross-encoder,1.6206282377243042,1
cross-encoder,1.6222782135009766,1
cross-encoder,1.624699354171753,1
cross-encoder,1.625955581665039,1
cross-encoder,1.629320502281189,1
cross-encoder,1.6451137065887451,1
cross-encoder,1.650769829750061,1
cross-encoder,1.6527198553085327,1
cross-encoder,1.6538724899291992,1
cross-encoder,1.668267011642456,1
cross-encoder,1.670098900794983,1
cross-encoder,1.6798702478408813,1
cross-encoder,1.6889879703521729,1
cross-encoder,1.6889910697937012,1
cross-encoder,1.6916229724884033,1
cross-encoder,1.7048274278640747,1
cross-encoder,1.7058045864105225,1
cross-encoder,1.7066371440887451,1
cross-encoder,1.7110419273376465,1
cross-encoder,1.7183443307876587,1
cross-encoder,1.7230287790298462,1
cross-encoder,1.7239034175872803,1
cross-encoder,1.7280726432800293,1
cross-encoder,1.7397748231887817,1
cross-encoder,1.7526615858078003,1
cross-encoder,1.7645330429077148,1
cross-encoder,1.7746225595474243,1
cross-encoder,1.7900307178497314,1
cross-encoder,1.8063325881958008,1
cross-encoder,1.8320432901382446,1
cross-encoder,1.8330587148666382,1
cross-encoder,1.835050106048584,1
cross-encoder,1.8375667333602905,1
cross-encoder,1.8490931987762451,1
cross-encoder,1.8619670867919922,1
cross-encoder,1.8633710145950317,1
cross-encoder,1.8633888959884644,1
cross-encoder,1.868975281715393,1
cross-encoder,1.8805813789367676,1
cross-encoder,1.8835002183914185,1
cross-encoder,1.884300947189331,1
cross-encoder,1.8876551389694214,1
cross-encoder,1.893042802810669,1
cross-encoder,1.895057201385498,1
cross-encoder,1.9027483463287354,1
cross-encoder,1.9141392707824707,1
cross-encoder,1.9156875610351562,1
cross-encoder,1.922001600265503,1
cross-encoder,1.9228168725967407,1
cross-encoder,1.9332892894744873,1
cross-encoder,1.9419949054718018,1
cross-encoder,1.9482572078704834,1
cross-encoder,1.9513343572616577,1
cross-encoder,1.953995704650879,1
cross-encoder,1.964857578277588,1
cross-encoder,1.9649577140808105,1
cross-encoder,1.9722005128860474,1
cross-encoder,1.9958655834197998,1
cross-encoder,2.002741813659668,1
cross-encoder,2.0160508155822754,1
cross-encoder,2.0219736099243164,1
cross-encoder,2.0272226333618164,1
cross-encoder,2.047471523284912,1
cross-encoder,2.0514321327209473,1
cross-encoder,2.0552661418914795,1
cross-encoder,2.063596725463867,1
cross-encoder,2.0663909912109375,1
cross-encoder,2.06876540184021,1
cross-encoder,2.078960657119751,1
cross-encoder,2.0881733894348145,1
cross-encoder,2.0941405296325684,1
cross-encoder,2.106980323791504,1
cross-encoder,2.115652084350586,1
cross-encoder,2.122035026550293,1
cross-encoder,2.126919984817505,1
cross-encoder,2.128957509994507,1
cross-encoder,2.13596248626709,1
cross-encoder,2.137299060821533,1
cross-encoder,2.141467332839966,1
cross-encoder,2.1418094635009766,1
cross-encoder,2.147310733795166,1
cross-encoder,2.148062229156494,1
cross-encoder,2.15097713470459,1
cross-encoder,2.155634880065918,1
cross-encoder,2.16726016998291,1
cross-encoder,2.1686196327209473,1
cross-encoder,2.174588203430176,1
cross-encoder,2.17691707611084,1
cross-encoder,2.180124521255493,1
cross-encoder,2.186542510986328,1
cross-encoder,2.1879444122314453,1
cross-encoder,2.190556526184082,1
cross-encoder,2.1926398277282715,1
cross-encoder,2.1996920108795166,1
cross-encoder,2.2116551399230957,1
cross-encoder,2.2165496349334717,1
cross-encoder,2.2485079765319824,1
cross-encoder,2.2499494552612305,2
cross-encoder,2.2553653717041016,1
cross-encoder,2.261786937713623,1
cross-encoder,2.2632901668548584,1
cross-encoder,2.275383234024048,1
cross-encoder,2.2760725021362305,1
cross-encoder,2.2833564281463623,1
cross-encoder,2.29245662689209,1
cross-encoder,2.297511577606201,1
cross-encoder,2.3000271320343018,1
cross-encoder,2.307321071624756,1
cross-encoder,2.3177003860473633,1
cross-encoder,2.318910598754883,1
cross-encoder,2.3193960189819336,1
cross-encoder,2.3718929290771484,1
cross-encoder,2.380096673965454,1
cross-encoder,2.3840227127075195,1
cross-encoder,2.3900623321533203,1
cross-encoder,2.3947534561157227,1
cross-encoder,2.4073269367218018,1
cross-encoder,2.412560224533081,1
cross-encoder,2.4135100841522217,1
cross-encoder,2.4182591438293457,1
cross-encoder,2.4198360443115234,1
cross-encoder,2.4521024227142334,1
cross-encoder,2.4524660110473633,1
cross-encoder,2.457836151123047,1
cross-encoder,2.4624462127685547,1
cross-encoder,2.463677406311035,1
cross-encoder,2.4690423011779785,1
cross-encoder,2.4827029705047607,2
cross-encoder,2.4843482971191406,1
cross-encoder,2.4917221069335938,1
cross-encoder,2.5033206939697266,1
cross-encoder,2.505779266357422,1
cross-encoder,2.5123934745788574,1
cross-encoder,2.519256591796875,1
cross-encoder,2.521738052368164,1
cross-encoder,2.5219249725341797,1
cross-encoder,2.5366971492767334,1
cross-encoder,2.5407943725585938,1
cross-encoder,2.543285608291626,1
cross-encoder,2.567850112915039,1
cross-encoder,2.579204797744751,1
cross-encoder,2.5833029747009277,1
cross-encoder,2.5974268913269043,1
cross-encoder,2.6060571670532227,1
cross-encoder,2.608924388885498,1
cross-encoder,2.623173713684082,1
cross-encoder,2.6268115043640137,1
cross-encoder,2.6428909301757812,1
cross-encoder,2.6481308937072754,1
cross-encoder,2.6512131690979004,1
cross-encoder,2.6591975688934326,1
cross-encoder,2.6650705337524414,1
cross-encoder,2.6871347427368164,1
cross-encoder,2.68727970123291,1
cross-encoder,2.6910817623138428,1
cross-encoder,2.7086095809936523,1
cross-encoder,2.710982322692871,1
cross-encoder,2.715175151824951,1
cross-encoder,2.723456859588623,1
cross-encoder,2.7286036014556885,1
cross-encoder,2.7308623790740967,1
cross-encoder,2.74484920501709,1
cross-encoder,2.7490952014923096,1
cross-encoder,2.755127191543579,2
cross-encoder,2.7590415477752686,1
cross-encoder,2.759416341781616,1
cross-encoder,2.7598214149475098,1
cross-encoder,2.773739814758301,1
cross-encoder,2.7777395248413086,1
cross-encoder,2.801365375518799,1
cross-encoder,2.807345151901245,1
cross-encoder,2.8100693225860596,1
cross-encoder,2.818408727645874,1
cross-encoder,2.8324198722839355,1
cross-encoder,2.834470748901367,1
cross-encoder,2.837261199951172,1
cross-encoder,2.8650851249694824,1
cross-encoder,2.868654727935791,1
cross-encoder,2.877624273300171,1
cross-encoder,2.879467487335205,1
cross-encoder,2.8886561393737793,1
cross-encoder,2.9074597358703613,1
cross-encoder,2.907505512237549,1
cross-encoder,2.908418893814087,1
cross-encoder,2.912158966064453,1
cross-encoder,2.9155285358428955,1
cross-encoder,2.922586441040039,1
cross-encoder,2.9483895301818848,1
cross-encoder,2.948399543762207,1
cross-encoder,2.9501562118530273,1
cross-encoder,2.955263614654541,1
cross-encoder,2.956055164337158,1
cross-encoder,2.968971014022827,1
cross-encoder,2.9694876670837402,1
cross-encoder,2.97133207321167,1
cross-encoder,2.9723005294799805,1
cross-encoder,2.9737863540649414,1
cross-encoder,2.975999355316162,1
cross-encoder,2.9764487743377686,1
cross-encoder,2.9805972576141357,1
cross-encoder,2.9819931983947754,1
cross-encoder,2.9838318824768066,1
cross-encoder,2.9916460514068604,1
cross-encoder,2.9953198432922363,1
cross-encoder,3.001607656478882,1
cross-encoder,3.014366626739502,1
cross-encoder,3.022386074066162,1
cross-encoder,3.027670383453369,1
cross-encoder,3.0329716205596924,1
cross-encoder,3.0341694355010986,1
cross-encoder,3.0380561351776123,1
cross-encoder,3.0384480953216553,1
cross-encoder,3.0457615852355957,1
cross-encoder,3.0597987174987793,1
cross-encoder,3.069927930831909,1
cross-encoder,3.078796625137329,1
cross-encoder,3.0978713035583496,1
cross-encoder,3.1053919792175293,1
cross-encoder,3.1148486137390137,1
cross-encoder,3.1159582138061523,1
cross-encoder,3.1239919662475586,1
cross-encoder,3.1438815593719482,1
cross-encoder,3.1631712913513184,1
cross-encoder,3.176161766052246,1
cross-encoder,3.176271438598633,1
cross-encoder,3.1886637210845947,1
cross-encoder,3.1889092922210693,2
cross-encoder,3.215893268585205,1
cross-encoder,3.2206931114196777,1
cross-encoder,3.221909999847412,1
cross-encoder,3.225287437438965,1
cross-encoder,3.226576328277588,1
cross-encoder,3.2322397232055664,1
cross-encoder,3.2417654991149902,1
cross-encoder,3.2431857585906982,1
cross-encoder,3.2459230422973633,1
cross-encoder,3.2723848819732666,1
cross-encoder,3.273212432861328,1
cross-encoder,3.2838313579559326,1
cross-encoder,3.2891159057617188,1
cross-encoder,3.290774345397949,1
cross-encoder,3.2912189960479736,1
cross-encoder,3.2919459342956543,1
cross-encoder,3.3008320331573486,1
cross-encoder,3.3052611351013184,1
cross-encoder,3.3174197673797607,1
cross-encoder,3.334656238555908,1
cross-encoder,3.34847354888916,1
cross-encoder,3.351419687271118,1
cross-encoder,3.3629441261291504,1
cross-encoder,3.3651390075683594,1
cross-encoder,3.3698222637176514,1
cross-encoder,3.376105308532715,1
cross-encoder,3.404266357421875,1
cross-encoder,3.421316146850586,1
cross-encoder,3.4378647804260254,1
cross-encoder,3.441624879837036,1
cross-encoder,3.444607973098755,1
cross-encoder,3.4484634399414062,1
cross-encoder,3.4512152671813965,1
cross-encoder,3.45753812789917,1
cross-encoder,3.470017433166504,1
cross-encoder,3.4722275733947754,1
cross-encoder,3.481360912322998,1
cross-encoder,3.482321262359619,1
cross-encoder,3.482602596282959,1
cross-encoder,3.491828441619873,1
cross-encoder,3.4931352138519287,1
cross-encoder,3.4940991401672363,1
cross-encoder,3.5071027278900146,1
cross-encoder,3.514026403427124,1
cross-encoder,3.5192031860351562,1
cross-encoder,3.5207571983337402,1
cross-encoder,3.526416778564453,1
cross-encoder,3.531541585922241,1
cross-encoder,3.5329158306121826,1
cross-encoder,3.539071559906006,1
cross-encoder,3.5956990718841553,1
cross-encoder,3.5978734493255615,1
cross-encoder,3.597933769226074,1
cross-encoder,3.5989115238189697,1
cross-encoder,3.6016902923583984,1
cross-encoder,3.6212148666381836,1
cross-encoder,3.623447895050049,1
cross-encoder,3.62899112701416,1
cross-encoder,3.6327402591705322,1
cross-encoder,3.6507046222686768,1
cross-encoder,3.6652965545654297,1
cross-encoder,3.6669423580169678,1
cross-encoder,3.6760709285736084,1
cross-encoder,3.7157821655273438,1
cross-encoder,3.750267267227173,1
cross-encoder,3.771376371383667,1
cross-encoder,3.794928550720215,1
cross-encoder,3.794975757598877,1
cross-encoder,3.8035154342651367,1
cross-encoder,3.8087844848632812,1
cross-encoder,3.820831775665283,1
cross-encoder,3.8305211067199707,2
cross-encoder,3.839172601699829,1
cross-encoder,3.8432154655456543,1
cross-encoder,3.845709800720215,1
cross-encoder,3.847324848175049,1
cross-encoder,3.8722264766693115,1
cross-encoder,3.8785104751586914,1
cross-encoder,3.8810272216796875,1
cross-encoder,3.8831634521484375,1
cross-encoder,3.885410785675049,1
cross-encoder,3.8854732513427734,1
cross-encoder,3.8880794048309326,1
cross-encoder,3.9010214805603027,1
cross-encoder,3.9032785892486572,2
cross-encoder,3.9081156253814697,1
cross-encoder,3.923023223876953,1
cross-encoder,3.9406371116638184,1
cross-encoder,3.941293478012085,1
cross-encoder,3.949258327484131,1
cross-encoder,3.977526903152466,1
cross-encoder,3.979520320892334,1
cross-encoder,3.993870735168457,1
cross-encoder,4.004019737243652,1
cross-encoder,4.004831314086914,1
cross-encoder,4.017414093017578,1
cross-encoder,4.0193328857421875,1
cross-encoder,4.021815299987793,1
cross-encoder,4.022313594818115,1
cross-encoder,4.029302597045898,1
cross-encoder,4.032907009124756,1
cross-encoder,4.034872531890869,1
cross-encoder,4.038823127746582,1
cross-encoder,4.053802490234375,1
cross-encoder,4.060605049133301,1
cross-encoder,4.074080944061279,1
cross-encoder,4.080126762390137,1
cross-encoder,4.080319881439209,1
cross-encoder,4.095251083374023,1
cross-encoder,4.100668430328369,1
cross-encoder,4.108699321746826,1
cross-encoder,4.11976957321167,1
cross-encoder,4.134328842163086,1
cross-encoder,4.140805244445801,1
cross-encoder,4.1411309242248535,1
cross-encoder,4.167250156402588,1
cross-encoder,4.190675258636475,1
cross-encoder,4.199556350708008,1
cross-encoder,4.201857566833496,1
cross-encoder,4.212471008300781,1
cross-encoder,4.212712287902832,1
cross-encoder,4.220331192016602,1
cross-encoder,4.225072383880615,1
cross-encoder,4.227726459503174,1
cross-encoder,4.229483604431152,1
cross-encoder,4.254552841186523,1
cross-encoder,4.258701324462891,1
cross-encoder,4.260281085968018,1
cross-encoder,4.270155906677246,1
cross-encoder,4.270321846008301,1
cross-encoder,4.275351047515869,1
cross-encoder,4.277837753295898,1
cross-encoder,4.284614562988281,1
cross-encoder,4.293909072875977,1
cross-encoder,4.300813674926758,1
cross-encoder,4.30369758605957,1
cross-encoder,4.317558288574219,1
cross-encoder,4.332450866699219,1
cross-encoder,4.347833156585693,1
cross-encoder,4.357090473175049,1
cross-encoder,4.386802673339844,1
cross-encoder,4.391016006469727,1
cross-encoder,4.394618988037109,1
cross-encoder,4.414281368255615,1
cross-encoder,4.440354347229004,1
cross-encoder,4.455024719238281,1
cross-encoder,4.4969482421875,1
cross-encoder,4.506441116333008,1
cross-encoder,4.513361930847168,1
cross-encoder,4.519794940948486,1
cross-encoder,4.541798114776611,1
cross-encoder,4.558483123779297,1
cross-encoder,4.559505939483643,1
cross-encoder,4.561208248138428,1
cross-encoder,4.571821212768555,1
cross-encoder,4.574089050292969,1
cross-encoder,4.576086044311523,1
cross-encoder,4.589313507080078,1
cross-encoder,4.606410026550293,1
cross-encoder,4.613769054412842,1
cross-encoder,4.629107475280762,1
cross-encoder,4.637850761413574,1
cross-encoder,4.644777774810791,2
cross-encoder,4.6538286209106445,1
cross-encoder,4.655283451080322,1
cross-encoder,4.665335655212402,1
cross-encoder,4.692107200622559,1
cross-encoder,4.716292381286621,1
cross-encoder,4.731283664703369,1
cross-encoder,4.737712860107422,1
cross-encoder,4.7515716552734375,1
cross-encoder,4.757852077484131,1
cross-encoder,4.772939682006836,1
cross-encoder,4.789459705352783,1
cross-encoder,4.794918060302734,1
cross-encoder,4.795339107513428,1
cross-encoder,4.805759429931641,1
cross-encoder,4.816656112670898,1
cross-encoder,4.837959289550781,1
cross-encoder,4.839070796966553,1
cross-encoder,4.841516017913818,1
cross-encoder,4.867905616760254,1
cross-encoder,4.868165016174316,1
cross-encoder,4.902230262756348,1
cross-encoder,4.902809143066406,1
cross-encoder,4.9030327796936035,1
cross-encoder,4.904192924499512,1
cross-encoder,4.912242412567139,1
cross-encoder,4.931585311889648,1
cross-encoder,4.936532020568848,1
cross-encoder,4.941953659057617,1
cross-encoder,4.948806285858154,1
cross-encoder,4.963344573974609,1
cross-encoder,4.997977256774902,1
cross-encoder,5.0003252029418945,1
cross-encoder,5.007516384124756,1
cross-encoder,5.008567810058594,1
cross-encoder,5.011934280395508,1
cross-encoder,5.019157409667969,1
cross-encoder,5.01918888092041,1
cross-encoder,5.057289123535156,1
cross-encoder,5.060135841369629,1
cross-encoder,5.064052581787109,1
cross-encoder,5.075926780700684,1
cross-encoder,5.101536273956299,1
cross-encoder,5.1130523681640625,1
cross-encoder,5.115817070007324,1
cross-encoder,5.115842819213867,1
cross-encoder,5.137835502624512,1
cross-encoder,5.166649341583252,1
cross-encoder,5.174822807312012,1
cross-encoder,5.176706790924072,1
cross-encoder,5.181820869445801,1
cross-encoder,5.210440158843994,1
cross-encoder,5.21515417098999,1
cross-encoder,5.219239234924316,1
cross-encoder,5.225710868835449,1
cross-encoder,5.2358293533325195,1
cross-encoder,5.24809455871582,1
cross-encoder,5.257118225097656,1
cross-encoder,5.263991355895996,1
cross-encoder,5.2924275398254395,1
cross-encoder,5.292852401733398,1
cross-encoder,5.309579372406006,1
cross-encoder,5.325299263000488,1
cross-encoder,5.325603485107422,1
cross-encoder,5.359093189239502,1
cross-encoder,5.3599748611450195,1
cross-encoder,5.362942695617676,1
cross-encoder,5.378358840942383,1
cross-encoder,5.3815531730651855,1
cross-encoder,5.38389253616333,1
cross-encoder,5.442244052886963,1
cross-encoder,5.475737571716309,1
cross-encoder,5.488150596618652,1
cross-encoder,5.4883904457092285,1
cross-encoder,5.523195266723633,1
cross-encoder,5.549001216888428,1
cross-encoder,5.572702407836914,1
cross-encoder,5.581099987030029,1
cross-encoder,5.596837043762207,1
cross-encoder,5.607476234436035,1
cross-encoder,5.609430313110352,1
cross-encoder,5.630681037902832,1
cross-encoder,5.640682220458984,1
cross-encoder,5.6938157081604,1
cross-encoder,5.694216251373291,1
cross-encoder,5.6967620849609375,1
cross-encoder,5.706484317779541,1
cross-encoder,5.71708869934082,1
cross-encoder,5.730086326599121,2
cross-encoder,5.751702308654785,1
cross-encoder,5.761601448059082,1
cross-encoder,5.791220188140869,1
cross-encoder,5.806846618652344,1
cross-encoder,5.810935020446777,1
cross-encoder,5.812826156616211,1
cross-encoder,5.8344197273254395,1
cross-encoder,5.836208343505859,1
cross-encoder,5.863044261932373,2
cross-encoder,5.869204521179199,1
cross-encoder,5.871136665344238,1
cross-encoder,5.886801242828369,1
cross-encoder,5.889092922210693,1
cross-encoder,5.931945323944092,1
cross-encoder,5.941604137420654,1
cross-encoder,5.953815460205078,1
cross-encoder,5.967074394226074,1
cross-encoder,5.971810340881348,1
cross-encoder,6.0023112297058105,1
cross-encoder,6.005629062652588,1
cross-encoder,6.008517265319824,1
cross-encoder,6.011463165283203,1
cross-encoder,6.012920379638672,1
cross-encoder,6.013567924499512,1
cross-encoder,6.035688400268555,1
cross-encoder,6.070640563964844,1
cross-encoder,6.074872016906738,1
cross-encoder,6.096027374267578,1
cross-encoder,6.133116245269775,1
cross-encoder,6.141578674316406,1
cross-encoder,6.144961357116699,1
cross-encoder,6.1500749588012695,1
cross-encoder,6.153682708740234,1
cross-encoder,6.187658309936523,1
cross-encoder,6.2316484451293945,1
cross-encoder,6.2502970695495605,1
cross-encoder,6.259383201599121,1
cross-encoder,6.306917190551758,1
cross-encoder,6.314814567565918,1
cross-encoder,6.33969783782959,1
cross-encoder,6.344008922576904,1
cross-encoder,6.347312927246094,1
cross-encoder,6.353762626647949,1
cross-encoder,6.395483016967773,1
cross-encoder,6.399819850921631,1
cross-encoder,6.41178035736084,1
cross-encoder,6.419272422790527,1
cross-encoder,6.468918800354004,1
cross-encoder,6.482341766357422,1
cross-encoder,6.500263214111328,1
cross-encoder,6.5022687911987305,1
cross-encoder,6.507291793823242,1
cross-encoder,6.5101118087768555,1
cross-encoder,6.527399063110352,1
cross-encoder,6.538131237030029,1
cross-encoder,6.5539984703063965,1
cross-encoder,6.562263011932373,1
cross-encoder,6.567460060119629,1
cross-encoder,6.57080078125,1
cross-encoder,6.593167304992676,1
cross-encoder,6.622641563415527,1
cross-encoder,6.662307262420654,1
cross-encoder,6.668649196624756,1
cross-encoder,6.67336893081665,1
cross-encoder,6.771628379821777,1
cross-encoder,6.848422050476074,1
cross-encoder,6.848683834075928,1
cross-encoder,6.873590469360352,2
cross-encoder,6.879582405090332,1
cross-encoder,6.9299445152282715,1
cross-encoder,6.933149337768555,1
cross-encoder,6.938108921051025,1
cross-encoder,6.953294277191162,1
cross-encoder,7.002631664276123,1
cross-encoder,7.088390350341797,1
cross-encoder,7.116350173950195,1
cross-encoder,7.117364883422852,1
cross-encoder,7.149389266967773,2
cross-encoder,7.182018756866455,1
cross-encoder,7.240768909454346,1
cross-encoder,7.2781267166137695,2
cross-encoder,7.3164262771606445,1
cross-encoder,7.406208515167236,1
cross-encoder,7.479510307312012,1
cross-encoder,7.5175323486328125,1
cross-encoder,7.554190158843994,1
cross-encoder,7.568782329559326,1
cross-encoder,7.575629234313965,1
cross-encoder,7.583867073059082,1
cross-encoder,7.592591762542725,1
cross-encoder,7.64000940322876,1
cross-encoder,7.678796768188477,1
cross-encoder,7.712745189666748,1
cross-encoder,7.74096155166626,1
cross-encoder,7.741391181945801,1
cross-encoder,7.757111549377441,1
cross-encoder,7.7818684577941895,1
cross-encoder,7.838169097900391,1
cross-encoder,7.867264747619629,1
cross-encoder,7.872518062591553,1
cross-encoder,7.897855758666992,1
cross-encoder,7.922842025756836,1
cross-encoder,7.952757835388184,1
cross-encoder,7.961553573608398,1
cross-encoder,7.984011173248291,1
cross-encoder,8.001547813415527,1
cross-encoder,8.078171730041504,1
cross-encoder,8.132726669311523,1
cross-encoder,8.142574310302734,1
cross-encoder,8.15667724609375,1
cross-encoder,8.262213706970215,1
cross-encoder,8.262506484985352,1
cross-encoder,8.322300910949707,1
cross-encoder,8.4093017578125,1
cross-encoder,8.422832489013672,1
cross-encoder,8.491121292114258,1
cross-encoder,8.577028274536133,1
cross-encoder,8.642269134521484,1
cross-encoder,8.826725959777832,1
cross-encoder,8.834247589111328,1
cross-encoder,8.929527282714844,1
cross-encoder,9.020878791809082,1
cross-encoder,9.146646499633789,1
jev-score,0.0,256
jev-score,0.01,283
jev-score,0.02,162
jev-score,0.03,117
jev-score,0.04,113
jev-score,0.05,71
jev-score,0.06,65
jev-score,0.07,51
jev-score,0.08,38
jev-score,0.09,42
jev-score,0.1,49
jev-score,0.11,42
jev-score,0.12,38
jev-score,0.13,36
jev-score,0.14,36
jev-score,0.15,26
jev-score,0.16,37
jev-score,0.17,25
jev-score,0.18,18
jev-score,0.19,24
jev-score,0.2,24
jev-score,0.21,29
jev-score,0.22,18
jev-score,0.23,26
jev-score,0.24,18
jev-score,0.25,18
jev-score,0.26,23
jev-score,0.27,18
jev-score,0.28,16
jev-score,0.29,26
jev-score,0.3,10
jev-score,0.31,29
jev-score,0.32,15
jev-score,0.33,17
jev-score,0.34,17
jev-score,0.35,19
jev-score,0.36,28
jev-score,0.37,22
jev-score,0.38,31
jev-score,0.39,13
jev-score,0.4,25
jev-score,0.41,17
jev-score,0.42,15
jev-score,0.43,21
jev-score,0.44,17
jev-score,0.45,19
jev-score,0.46,19
jev-score,0.47,11
jev-score,0.48,26
jev-score,0.49,7
jev-score,0.5,23
jev-score,0.51,17
jev-score,0.52,17
jev-score,0.53,19
jev-score,0.54,20
jev-score,0.55,19
jev-score,0.56,19
jev-score,0.57,22
jev-score,0.58,19
jev-score,0.59,29
jev-score,0.6,23
jev-score,0.61,22
jev-score,0.62,17
jev-score,0.63,19
jev-score,0.64,25
jev-score,0.65,16
jev-score,0.66,26
jev-score,0.67,25
jev-score,0.68,22
jev-score,0.69,12
jev-score,0.7,22
jev-score,0.71,26
jev-score,0.72,28
jev-score,0.73,19
jev-score,0.74,13
jev-score,0.75,17
jev-score,0.76,21
jev-score,0.77,16
jev-score,0.78,21
jev-score,0.79,21
jev-score,0.8,17
jev-score,0.81,18
jev-score,0.82,24
jev-score,0.83,22
jev-score,0.84,27
jev-score,0.85,22
jev-score,0.86,12
jev-score,0.87,14
jev-score,0.88,19
jev-score,0.89,13
jev-score,0.9,16
jev-score,0.91,13
jev-score,0.92,22
jev-score,0.93,13
jev-score,0.94,21
jev-score,0.95,16
jev-score,0.96,18
jev-score,0.97,19
jev-score,0.98,25
jev-score,0.99,22
jev-score,1.0,28
jev-score,1.01,24
jev-score,1.02,18
jev-score,1.03,14
jev-score,1.04,19
jev-score,1.05,23
jev-score,1.06,17
jev-score,1.07,20
jev-score,1.08,22
jev-score,1.09,8
jev-score,1.1,14
jev-score,1.11,23
jev-score,1.12,22
jev-score,1.13,18
jev-score,1.14,17
jev-score,1.15,19
jev-score,1.16,16
jev-score,1.17,15
jev-score,1.18,10
jev-score,1.19,22
jev-score,1.2,15
jev-score,1.21,22
jev-score,1.22,20
jev-score,1.23,11
jev-score,1.24,22
jev-score,1.25,20
jev-score,1.26,11
jev-score,1.27,20
jev-score,1.28,17
jev-score,1.29,17
jev-score,1.3,23
jev-score,1.31,14
jev-score,1.32,19
jev-score,1.33,17
jev-score,1.34,16
jev-score,1.35,15
jev-score,1.36,15
jev-score,1.37,9
jev-score,1.38,14
jev-score,1.39,10
jev-score,1.4,17
jev-score,1.41,12
jev-score,1.42,12
jev-score,1.43,24
jev-score,1.44,15
jev-score,1.45,10
jev-score,1.46,15
jev-score,1.47,20
jev-score,1.48,13
jev-score,1.49,15
jev-score,1.5,10
jev-score,1.51,14
jev-score,1.52,16
jev-score,1.53,15
jev-score,1.54,8
jev-score,1.55,7
jev-score,1.56,24
jev-score,1.57,18
jev-score,1.58,10
jev-score,1.59,16
jev-score,1.6,14
jev-score,1.61,9
jev-score,1.62,13
jev-score,1.63,17
jev-score,1.64,10
jev-score,1.65,18
jev-score,1.66,14
jev-score,1.67,13
jev-score,1.68,15
jev-score,1.69,15
jev-score,1.7,20
jev-score,1.71,11
jev-score,1.72,13
jev-score,1.73,13
jev-score,1.74,27
jev-score,1.75,13
jev-score,1.76,14
jev-score,1.77,15
jev-score,1.78,12
jev-score,1.79,14
jev-score,1.8,20
jev-score,1.81,12
jev-score,1.82,13
jev-score,1.83,13
jev-score,1.84,18
jev-score,1.85,15
jev-score,1.86,13
jev-score,1.87,15
jev-score,1.88,10
jev-score,1.89,12
jev-score,1.9,23
jev-score,1.91,10
jev-score,1.92,13
jev-score,1.93,12
jev-score,1.94,12
jev-score,1.95,14
jev-score,1.96,10
jev-score,1.97,13
jev-score,1.98,13
jev-score,1.99,11
jev-score,2.0,15
jev-score,2.01,16
jev-score,2.02,18
jev-score,2.03,15
jev-score,2.04,11
jev-score,2.05,9
jev-score,2.06,12
jev-score,2.07,13
jev-score,2.08,10
jev-score,2.09,11
jev-score,2.1,10
jev-score,2.11,18
jev-score,2.12,13
jev-score,2.13,15
jev-score,2.14,14
jev-score,2.15,9
jev-score,2.16,19
jev-score,2.17,16
jev-score,2.18,9
jev-score,2.19,20
jev-score,2.2,14
jev-score,2.21,14
jev-score,2.22,16
jev-score,2.23,14
jev-score,2.24,12
jev-score,2.25,15
jev-score,2.26,15
jev-score,2.27,15
jev-score,2.28,16
jev-score,2.29,19
jev-score,2.3,8
jev-score,2.31,16
jev-score,2.32,15
jev-score,2.33,15
jev-score,2.34,19
jev-score,2.35,16
jev-score,2.36,17
jev-score,2.37,14
jev-score,2.38,9
jev-score,2.39,16
jev-score,2.4,12
jev-score,2.41,17
jev-score,2.42,21
jev-score,2.43,12
jev-score,2.44,12
jev-score,2.45,11
jev-score,2.46,12
jev-score,2.47,15
jev-score,2.48,18
jev-score,2.49,16
jev-score,2.5,11
jev-score,2.51,18
jev-score,2.52,12
jev-score,2.53,15
jev-score,2.54,19
jev-score,2.55,17
jev-score,2.56,13
jev-score,2.57,15
jev-score,2.58,19
jev-score,2.59,12
jev-score,2.6,9
jev-score,2.61,20
jev-score,2.62,19
jev-score,2.63,18
jev-score,2.64,14
jev-score,2.65,15
jev-score,2.66,10
jev-score,2.67,10
jev-score,2.68,15
jev-score,2.69,16
jev-score,2.7,16
jev-score,2.71,9
jev-score,2.72,12
jev-score,2.73,14
jev-score,2.74,16
jev-score,2.75,15
jev-score,2.76,15
jev-score,2.77,17
jev-score,2.78,6
jev-score,2.79,9
jev-score,2.8,14
jev-score,2.81,12
jev-score,2.82,15
jev-score,2.83,11
jev-score,2.84,12
jev-score,2.85,11
jev-score,2.86,12
jev-score,2.87,11
jev-score,2.88,14
jev-score,2.89,7
jev-score,2.9,13
jev-score,2.91,11
jev-score,2.92,6
jev-score,2.93,13
jev-score,2.94,11
jev-score,2.95,11
jev-score,2.96,8
jev-score,2.97,10
jev-score,2.98,10
jev-score,2.99,13
jev-score,3.0,11
jev-score,3.01,8
jev-score,3.02,7
jev-score,3.03,12
jev-score,3.04,5
jev-score,3.05,8
jev-score,3.06,10
jev-score,3.07,4
jev-score,3.08,6
jev-score,3.09,9
jev-score,3.1,5
jev-score,3.11,11
jev-score,3.12,6
jev-score,3.13,11
jev-score,3.14,7
jev-score,3.15,4
jev-score,3.16,6
jev-score,3.17,9
jev-score,3.18,10
jev-score,3.19,11
jev-score,3.2,6
jev-score,3.21,7
jev-score,3.22,8
jev-score,3.23,7
jev-score,3.24,10
jev-score,3.25,4
jev-score,3.26,5
jev-score,3.27,5
jev-score,3.28,6
jev-score,3.29,11
jev-score,3.3,4
jev-score,3.31,6
jev-score,3.32,6
jev-score,3.33,4
jev-score,3.34,4
jev-score,3.35,6
jev-score,3.36,5
jev-score,3.37,6
jev-score,3.38,5
jev-score,3.39,4
jev-score,3.4,4
jev-score,3.41,2
jev-score,3.42,2
jev-score,3.43,7
jev-score,3.44,7
jev-score,3.45,8
jev-score,3.46,4
jev-score,3.47,4
jev-score,3.48,1
jev-score,3.49,4
jev-score,3.5,3
jev-score,3.51,1
jev-score,3.52,3
jev-score,3.53,2
jev-score,3.54,3
jev-score,3.55,1
jev-score,3.56,8
jev-score,3.58,3
jev-score,3.59,4
jev-score,3.6,5
jev-score,3.63,1
jev-score,3.64,1
jev-score,3.65,1
jev-score,3.66,2
jev-score,3.67,1
jev-score,3.68,4
jev-score,3.69,1
jev-score,3.7,2
jev-score,3.71,2
jev-score,3.72,1
jev-score,3.73,3
jev-score,3.74,5
jev-score,3.75,2
jev-score,3.76,1
jev-score,3.78,2
jev-score,3.79,3
jev-score,3.8,1
jev-score,3.81,3
jev-score,3.82,2
jev-score,3.83,2
jev-score,3.84,3
jev-score,3.85,3
jev-score,3.86,2
jev-score,3.87,3
jev-score,3.88,2
jev-score,3.89,4
jev-score,3.9,2
jev-score,3.91,2
jev-score,3.92,5
jev-score,3.93,3
jev-score,3.94,3
jev-score,3.95,1
jev-score,3.96,2
jev-score,3.97,3
jev-score,3.98,1
laya-score,0.0711,1
laya-score,0.0917,1
laya-score,0.1031,1
laya-score,0.1151,1
laya-score,0.1323,1
laya-score,0.1347,1
laya-score,0.1416,1
laya-score,0.1468,1
laya-score,0.1498,1
laya-score,0.175,1
laya-score,0.1761,1
laya-score,0.1904,1
laya-score,0.1949,1
laya-score,0.1963,1
laya-score,0.2197,1
laya-score,0.2224,1
laya-score,0.2241,1
laya-score,0.2261,1
laya-score,0.2315,1
laya-score,0.2383,1
laya-score,0.2405,1
laya-score,0.2426,1
laya-score,0.2443,1
laya-score,0.2526,1
laya-score,0.2559,1
laya-score,0.2613,1
laya-score,0.263,1
laya-score,0.2765,1
laya-score,0.2801,1
laya-score,0.2815,1
laya-score,0.284,1
laya-score,0.2867,1
laya-score,0.2882,1
laya-score,0.2982,1
laya-score,0.3179,1
laya-score,0.3184,1
laya-score,0.3212,1
laya-score,0.3235,1
laya-score,0.3265,1
laya-score,0.3269,1
laya-score,0.3278,1
laya-score,0.3306,1
laya-score,0.3325,1
laya-score,0.3362,1
laya-score,0.3424,1
laya-score,0.343,1
laya-score,0.3437,1
laya-score,0.3473,1
laya-score,0.3527,1
laya-score,0.3661,1
laya-score,0.3735,1
laya-score,0.3758,1
laya-score,0.3774,1
laya-score,0.3812,1
laya-score,0.3857,1
laya-score,0.3861,1
laya-score,0.4001,1
laya-score,0.4019,1
laya-score,0.4032,1
laya-score,0.4074,2
laya-score,0.4126,1
laya-score,0.4144,1
laya-score,0.4171,1
laya-score,0.4174,1
laya-score,0.4234,1
laya-score,0.4264,1
laya-score,0.4458,1
laya-score,0.4479,1
laya-score,0.4534,1
laya-score,0.4657,1
laya-score,0.4666,1
laya-score,0.4694,1
laya-score,0.4696,1
laya-score,0.4789,1
laya-score,0.483,1
laya-score,0.4861,1
laya-score,0.4946,1
laya-score,0.4966,1
laya-score,0.5005,1
laya-score,0.5047,1
laya-score,0.5113,1
laya-score,0.5184,1
laya-score,0.5421,1
laya-score,0.5503,1
laya-score,0.5505,1
laya-score,0.5525,1
laya-score,0.5582,1
laya-score,0.5589,1
laya-score,0.5611,1
laya-score,0.5613,1
laya-score,0.569,1
laya-score,0.5716,1
laya-score,0.5783,1
laya-score,0.5816,1
laya-score,0.5821,1
laya-score,0.5854,1
laya-score,0.5857,1
laya-score,0.5874,1
laya-score,0.596,1
laya-score,0.5963,1
laya-score,0.6,1
laya-score,0.6013,1
laya-score,0.6015,1
laya-score,0.6041,1
laya-score,0.6043,1
laya-score,0.6047,1
laya-score,0.6195,1
laya-score,0.6211,2
laya-score,0.6215,1
laya-score,0.6256,1
laya-score,0.6294,1
laya-score,0.6344,1
laya-score,0.6378,1
laya-score,0.6405,1
laya-score,0.6429,1
laya-score,0.6445,1
laya-score,0.6456,1
laya-score,0.6478,1
laya-score,0.6497,1
laya-score,0.6499,1
laya-score,0.6503,1
laya-score,0.6542,1
laya-score,0.6575,1
laya-score,0.6603,1
laya-score,0.6604,1
laya-score,0.6607,1
laya-score,0.6625,1
laya-score,0.6672,1
laya-score,0.6684,1
laya-score,0.6776,1
laya-score,0.6827,1
laya-score,0.6833,1
laya-score,0.6842,1
laya-score,0.6891,1
laya-score,0.6896,1
laya-score,0.69,1
laya-score,0.6933,1
laya-score,0.6937,1
laya-score,0.6962,1
laya-score,0.6966,1
laya-score,0.6985,1
laya-score,0.7047,1
laya-score,0.7055,1
laya-score,0.7069,1
laya-score,0.7075,1
laya-score,0.7081,1
laya-score,0.7114,1
laya-score,0.7118,1
laya-score,0.7141,1
laya-score,0.715,1
laya-score,0.7161,1
laya-score,0.7188,1
laya-score,0.7211,1
laya-score,0.723,2
laya-score,0.7276,1
laya-score,0.7284,1
laya-score,0.7287,1
laya-score,0.731,1
laya-score,0.7336,1
laya-score,0.7346,1
laya-score,0.735,1
laya-score,0.7451,1
laya-score,0.7463,1
laya-score,0.7471,1
laya-score,0.7504,1
laya-score,0.756,1
laya-score,0.7593,1
laya-score,0.7623,1
laya-score,0.7629,1
laya-score,0.768,1
laya-score,0.7691,1
laya-score,0.7694,1
laya-score,0.7716,1
laya-score,0.7747,1
laya-score,0.7771,1
laya-score,0.7779,1
laya-score,0.7813,1
laya-score,0.7817,1
laya-score,0.783,1
laya-score,0.786,1
laya-score,0.7865,1
laya-score,0.7915,1
laya-score,0.7916,1
laya-score,0.7925,1
laya-score,0.7942,1
laya-score,0.7953,1
laya-score,0.7982,1
laya-score,0.7985,1
laya-score,0.7996,1
laya-score,0.8014,1
laya-score,0.8015,1
laya-score,0.8023,1
laya-score,0.8024,1
laya-score,0.8031,1
laya-score,0.8053,1
laya-score,0.8065,1
laya-score,0.813,1
laya-score,0.8152,1
laya-score,0.8162,1
laya-score,0.8182,1
laya-score,0.8206,1
laya-score,0.8237,1
laya-score,0.824,1
laya-score,0.8263,1
laya-score,0.8278,1
laya-score,0.8304,1
laya-score,0.8311,1
laya-score,0.8319,1
laya-score,0.8323,1
laya-score,0.8353,1
laya-score,0.8403,1
laya-score,0.8413,1
laya-score,0.8443,1
laya-score,0.8452,1
laya-score,0.8474,1
laya-score,0.8508,1
laya-score,0.8529,1
laya-score,0.8531,1
laya-score,0.8533,1
laya-score,0.8539,1
laya-score,0.8659,1
laya-score,0.8672,1
laya-score,0.8678,1
laya-score,0.873,1
laya-score,0.875,1
laya-score,0.8751,1
laya-score,0.877,1
laya-score,0.8782,1
laya-score,0.8802,1
laya-score,0.881,1
laya-score,0.8867,1
laya-score,0.8889,1
laya-score,0.8906,1
laya-score,0.8927,1
laya-score,0.8931,1
laya-score,0.8961,1
laya-score,0.8965,1
laya-score,0.8979,1
laya-score,0.8982,1
laya-score,0.9009,1
laya-score,0.903,1
laya-score,0.9037,1
laya-score,0.9063,1
laya-score,0.9094,1
laya-score,0.9126,1
laya-score,0.9138,1
laya-score,0.9175,1
laya-score,0.9187,1
laya-score,0.9196,1
laya-score,0.9228,1
laya-score,0.924,1
laya-score,0.9244,1
laya-score,0.9248,1
laya-score,0.9311,1
laya-score,0.932,1
laya-score,0.9329,1
laya-score,0.9349,1
laya-score,0.9369,1
laya-score,0.9387,1
laya-score,0.9407,2
laya-score,0.941,1
laya-score,0.9423,1
laya-score,0.9434,1
laya-score,0.944,2
laya-score,0.9446,1
laya-score,0.945,1
laya-score,0.946,2
laya-score,0.9471,1
laya-score,0.9477,2
laya-score,0.9499,1
laya-score,0.953,1
laya-score,0.9533,1
laya-score,0.9538,1
laya-score,0.9546,1
laya-score,0.9553,1
laya-score,0.9567,1
laya-score,0.9579,1
laya-score,0.9596,1
laya-score,0.9599,1
laya-score,0.9604,1
laya-score,0.9612,1
laya-score,0.962,1
laya-score,0.9628,1
laya-score,0.963,1
laya-score,0.9633,1
laya-score,0.9642,1
laya-score,0.965,1
laya-score,0.9654,1
laya-score,0.9701,1
laya-score,0.9721,1
laya-score,0.975,1
laya-score,0.9762,2
laya-score,0.9769,1
laya-score,0.9782,1
laya-score,0.9836,1
laya-score,0.9844,1
laya-score,0.9855,1
laya-score,0.989,1
laya-score,0.9923,1
laya-score,0.9929,1
laya-score,0.9936,1
laya-score,0.994,1
laya-score,0.9941,1
laya-score,0.9944,1
laya-score,0.9957,1
laya-score,0.9983,1
laya-score,0.9989,1
laya-score,0.999,1
laya-score,1.0004,1
laya-score,1.0032,1
laya-score,1.004,1
laya-score,1.006,1
laya-score,1.0074,1
laya-score,1.0075,1
laya-score,1.0082,1
laya-score,1.0089,1
laya-score,1.0098,1
laya-score,1.0111,1
laya-score,1.015,1
laya-score,1.0158,1
laya-score,1.0188,1
laya-score,1.0191,1
laya-score,1.0196,1
laya-score,1.02,2
laya-score,1.021,1
laya-score,1.0212,1
laya-score,1.0215,1
laya-score,1.0218,2
laya-score,1.0236,1
laya-score,1.0247,1
laya-score,1.0273,1
laya-score,1.0291,1
laya-score,1.0303,2
laya-score,1.0319,1
laya-score,1.0323,1
laya-score,1.0325,1
laya-score,1.0349,1
laya-score,1.0355,1
laya-score,1.0368,1
laya-score,1.0376,1
laya-score,1.0388,1
laya-score,1.0398,1
laya-score,1.0399,1
laya-score,1.0402,1
laya-score,1.0411,1
laya-score,1.0428,1
laya-score,1.0433,1
laya-score,1.0457,2
laya-score,1.046,1
laya-score,1.0469,1
laya-score,1.048,1
laya-score,1.0494,1
laya-score,1.0497,1
laya-score,1.0513,1
laya-score,1.0549,1
laya-score,1.0551,1
laya-score,1.0553,1
laya-score,1.0558,1
laya-score,1.057,1
laya-score,1.0593,1
laya-score,1.0603,1
laya-score,1.0616,1
laya-score,1.0619,1
laya-score,1.0647,1
laya-score,1.0667,1
laya-score,1.068,1
laya-score,1.0704,1
laya-score,1.0707,1
laya-score,1.0714,2
laya-score,1.0732,1
laya-score,1.0749,1
laya-score,1.0762,1
laya-score,1.0764,1
laya-score,1.0765,1
laya-score,1.0792,1
laya-score,1.0796,1
laya-score,1.0813,1
laya-score,1.0818,1
laya-score,1.0827,1
laya-score,1.0835,2
laya-score,1.0847,1
laya-score,1.0853,1
laya-score,1.0857,1
laya-score,1.0864,1
laya-score,1.0866,1
laya-score,1.0882,1
laya-score,1.0899,1
laya-score,1.0903,1
laya-score,1.0914,1
laya-score,1.0916,1
laya-score,1.093,2
laya-score,1.0939,2
laya-score,1.0965,1
laya-score,1.0969,1
laya-score,1.0989,1
laya-score,1.1001,1
laya-score,1.1003,1
laya-score,1.1007,1
laya-score,1.1015,1
laya-score,1.1022,1
laya-score,1.1027,1
laya-score,1.1028,1
laya-score,1.104,1
laya-score,1.1057,1
laya-score,1.1072,1
laya-score,1.1084,1
laya-score,1.1085,1
laya-score,1.1106,1
laya-score,1.1122,1
laya-score,1.1134,1
laya-score,1.1148,1
laya-score,1.1153,1
laya-score,1.1154,1
laya-score,1.1159,1
laya-score,1.1164,1
laya-score,1.1165,1
laya-score,1.117,1
laya-score,1.1182,1
laya-score,1.1189,1
laya-score,1.1194,1
laya-score,1.1203,1
laya-score,1.1212,1
laya-score,1.124,1
laya-score,1.1243,1
laya-score,1.1248,2
laya-score,1.1254,1
laya-score,1.1278,1
laya-score,1.1286,1
laya-score,1.1303,1
laya-score,1.1307,1
laya-score,1.1315,1
laya-score,1.1316,1
laya-score,1.1322,1
laya-score,1.1326,1
laya-score,1.1333,1
laya-score,1.1334,1
laya-score,1.1335,1
laya-score,1.1349,1
laya-score,1.136,1
laya-score,1.1367,1
laya-score,1.1377,1
laya-score,1.1384,1
laya-score,1.1392,1
laya-score,1.1404,1
laya-score,1.142,1
laya-score,1.1429,1
laya-score,1.1444,1
laya-score,1.1446,1
laya-score,1.1457,1
laya-score,1.1462,2
laya-score,1.1484,1
laya-score,1.1492,1
laya-score,1.1496,1
laya-score,1.1511,1
laya-score,1.1513,1
laya-score,1.1522,2
laya-score,1.1539,1
laya-score,1.1545,1
laya-score,1.1551,1
laya-score,1.1563,1
laya-score,1.1581,1
laya-score,1.1626,1
laya-score,1.1633,1
laya-score,1.1634,1
laya-score,1.1638,1
laya-score,1.1665,1
laya-score,1.1666,1
laya-score,1.1669,1
laya-score,1.1672,1
laya-score,1.1673,2
laya-score,1.1677,1
laya-score,1.1678,1
laya-score,1.1682,1
laya-score,1.1708,1
laya-score,1.1713,1
laya-score,1.1733,1
laya-score,1.174,1
laya-score,1.1744,1
laya-score,1.1745,1
laya-score,1.1749,1
laya-score,1.1752,1
laya-score,1.1757,1
laya-score,1.1758,1
laya-score,1.1767,1
laya-score,1.1772,1
laya-score,1.1782,1
laya-score,1.1792,1
laya-score,1.1795,1
laya-score,1.1805,1
laya-score,1.1845,1
laya-score,1.1848,1
laya-score,1.1858,1
laya-score,1.186,1
laya-score,1.1861,1
laya-score,1.1867,2
laya-score,1.1871,1
laya-score,1.1874,1
laya-score,1.1886,1
laya-score,1.1903,1
laya-score,1.1904,1
laya-score,1.1906,1
laya-score,1.1911,1
laya-score,1.1931,1
laya-score,1.1938,1
laya-score,1.194,1
laya-score,1.1948,1
laya-score,1.1963,1
laya-score,1.1966,1
laya-score,1.197,1
laya-score,1.1974,1
laya-score,1.1975,1
laya-score,1.1978,1
laya-score,1.1992,1
laya-score,1.1999,1
laya-score,1.2007,1
laya-score,1.2011,1
laya-score,1.2016,1
laya-score,1.2025,1
laya-score,1.2026,1
laya-score,1.2027,1
laya-score,1.2037,1
laya-score,1.2065,1
laya-score,1.2067,1
laya-score,1.207,1
laya-score,1.2087,1
laya-score,1.2101,1
laya-score,1.2104,1
laya-score,1.2107,1
laya-score,1.2119,2
laya-score,1.212,1
laya-score,1.2123,1
laya-score,1.2127,1
laya-score,1.2133,2
laya-score,1.2141,1
laya-score,1.215,1
laya-score,1.2158,1
laya-score,1.2162,1
laya-score,1.2175,1
laya-score,1.2177,1
laya-score,1.2205,1
laya-score,1.2206,1
laya-score,1.2207,1
laya-score,1.2218,2
laya-score,1.2232,1
laya-score,1.2237,1
laya-score,1.224,1
laya-score,1.2257,1
laya-score,1.2259,2
laya-score,1.2264,1
laya-score,1.2274,1
laya-score,1.2275,2
laya-score,1.2278,1
laya-score,1.2291,1
laya-score,1.2302,2
laya-score,1.2304,1
laya-score,1.2305,1
laya-score,1.2306,2
laya-score,1.2308,1
laya-score,1.2309,1
laya-score,1.2315,1
laya-score,1.232,1
laya-score,1.2324,1
laya-score,1.2331,2
laya-score,1.2333,1
laya-score,1.2338,1
laya-score,1.2383,1
laya-score,1.2387,1
laya-score,1.2392,1
laya-score,1.2395,1
laya-score,1.2405,1
laya-score,1.2414,1
laya-score,1.2415,1
laya-score,1.2425,1
laya-score,1.2439,1
laya-score,1.2441,2
laya-score,1.2454,1
laya-score,1.2484,1
laya-score,1.2486,1
laya-score,1.249,1
laya-score,1.2495,1
laya-score,1.2506,1
laya-score,1.2508,1
laya-score,1.2514,1
laya-score,1.2522,1
laya-score,1.2529,1
laya-score,1.2535,2
laya-score,1.2551,1
laya-score,1.2554,1
laya-score,1.256,1
laya-score,1.2561,1
laya-score,1.2569,1
laya-score,1.2575,1
laya-score,1.2583,1
laya-score,1.2588,1
laya-score,1.2593,1
laya-score,1.2594,1
laya-score,1.2607,1
laya-score,1.2609,1
laya-score,1.2616,1
laya-score,1.2619,1
laya-score,1.2621,1
laya-score,1.2662,1
laya-score,1.2663,1
laya-score,1.2665,1
laya-score,1.2677,1
laya-score,1.2688,1
laya-score,1.2689,1
laya-score,1.2693,1
laya-score,1.2694,1
laya-score,1.2705,1
laya-score,1.2716,1
laya-score,1.2723,1
laya-score,1.2735,1
laya-score,1.2737,1
laya-score,1.2743,1
laya-score,1.2762,1
laya-score,1.2769,1
laya-score,1.2775,1
laya-score,1.278,1
laya-score,1.2781,1
laya-score,1.2784,1
laya-score,1.2792,1
laya-score,1.2797,1
laya-score,1.2799,1
laya-score,1.2804,2
laya-score,1.2819,1
laya-score,1.2835,1
laya-score,1.2843,1
laya-score,1.2844,1
laya-score,1.2851,1
laya-score,1.2857,1
laya-score,1.2861,1
laya-score,1.2866,1
laya-score,1.2869,2
laya-score,1.2875,1
laya-score,1.2887,1
laya-score,1.2901,1
laya-score,1.2902,1
laya-score,1.2905,1
laya-score,1.2906,1
laya-score,1.2919,1
laya-score,1.2933,1
laya-score,1.2936,1
laya-score,1.2937,1
laya-score,1.2939,1
laya-score,1.295,1
laya-score,1.2953,2
laya-score,1.296,1
laya-score,1.2962,1
laya-score,1.2976,2
laya-score,1.2985,1
laya-score,1.2987,1
laya-score,1.299,1
laya-score,1.2992,2
laya-score,1.3,1
laya-score,1.3028,1
laya-score,1.3034,1
laya-score,1.3041,1
laya-score,1.3044,1
laya-score,1.306,1
laya-score,1.3061,2
laya-score,1.3064,1
laya-score,1.3066,1
laya-score,1.3083,1
laya-score,1.3087,1
laya-score,1.3088,1
laya-score,1.3089,1
laya-score,1.3091,1
laya-score,1.3092,1
laya-score,1.3093,1
laya-score,1.3127,2
laya-score,1.313,2
laya-score,1.3131,1
laya-score,1.3133,1
laya-score,1.3146,1
laya-score,1.3149,1
laya-score,1.3157,1
laya-score,1.3159,1
laya-score,1.3162,1
laya-score,1.3171,2
laya-score,1.3173,1
laya-score,1.3179,2
laya-score,1.3184,1
laya-score,1.3186,1
laya-score,1.3194,1
laya-score,1.3197,1
laya-score,1.3202,1
laya-score,1.3206,1
laya-score,1.3209,1
laya-score,1.3218,1
laya-score,1.3227,1
laya-score,1.3257,1
laya-score,1.3274,1
laya-score,1.3275,1
laya-score,1.3283,1
laya-score,1.3288,1
laya-score,1.3296,3
laya-score,1.3298,2
laya-score,1.3306,1
laya-score,1.3314,1
laya-score,1.3316,1
laya-score,1.3317,1
laya-score,1.3319,2
laya-score,1.332,1
laya-score,1.3322,1
laya-score,1.3329,1
laya-score,1.3331,1
laya-score,1.3333,2
laya-score,1.3343,2
laya-score,1.335,1
laya-score,1.3352,2
laya-score,1.3371,1
laya-score,1.3377,1
laya-score,1.3382,1
laya-score,1.3385,2
laya-score,1.3389,1
laya-score,1.339,1
laya-score,1.3392,1
laya-score,1.3396,1
laya-score,1.3401,1
laya-score,1.3407,1
laya-score,1.3415,1
laya-score,1.3417,2
laya-score,1.3423,1
laya-score,1.3424,1
laya-score,1.3426,1
laya-score,1.3457,1
laya-score,1.3458,3
laya-score,1.3459,2
laya-score,1.3463,1
laya-score,1.3472,1
laya-score,1.3475,1
laya-score,1.3476,1
laya-score,1.3478,1
laya-score,1.3483,1
laya-score,1.3484,1
laya-score,1.3493,1
laya-score,1.3503,2
laya-score,1.3517,1
laya-score,1.3538,1
laya-score,1.3542,1
laya-score,1.3543,1
laya-score,1.3549,1
laya-score,1.3556,1
laya-score,1.3561,1
laya-score,1.3562,1
laya-score,1.3563,1
laya-score,1.3569,1
laya-score,1.3574,1
laya-score,1.358,1
laya-score,1.3581,1
laya-score,1.3582,1
laya-score,1.3589,1
laya-score,1.359,1
laya-score,1.3591,1
laya-score,1.3592,1
laya-score,1.3594,1
laya-score,1.3598,2
laya-score,1.3604,1
laya-score,1.3605,1
laya-score,1.3611,1
laya-score,1.3623,1
laya-score,1.3633,1
laya-score,1.3654,1
laya-score,1.3656,1
laya-score,1.3657,1
laya-score,1.3658,1
laya-score,1.3659,1
laya-score,1.3675,1
laya-score,1.3676,1
laya-score,1.3689,2
laya-score,1.3693,2
laya-score,1.3702,1
laya-score,1.3703,1
laya-score,1.3708,2
laya-score,1.3709,1
laya-score,1.3712,1
laya-score,1.3714,1
laya-score,1.3716,1
laya-score,1.3717,1
laya-score,1.3721,1
laya-score,1.3723,1
laya-score,1.3725,2
laya-score,1.3729,3
laya-score,1.3732,1
laya-score,1.3735,1
laya-score,1.3742,1
laya-score,1.3749,1
laya-score,1.3751,1
laya-score,1.3755,1
laya-score,1.3761,1
laya-score,1.3767,1
laya-score,1.3768,1
laya-score,1.3772,1
laya-score,1.3775,1
laya-score,1.3777,1
laya-score,1.3785,1
laya-score,1.3786,1
laya-score,1.3788,2
laya-score,1.379,1
laya-score,1.3791,1
laya-score,1.3793,1
laya-score,1.3796,1
laya-score,1.3797,1
laya-score,1.3801,1
laya-score,1.3804,1
laya-score,1.3808,1
laya-score,1.3809,1
laya-score,1.3829,2
laya-score,1.3835,2
laya-score,1.3838,1
laya-score,1.3839,1
laya-score,1.3841,1
laya-score,1.3844,1
laya-score,1.3846,1
laya-score,1.3852,1
laya-score,1.3853,1
laya-score,1.3855,2
laya-score,1.3856,2
laya-score,1.3858,1
laya-score,1.3859,1
laya-score,1.3868,1
laya-score,1.3871,1
laya-score,1.3872,1
laya-score,1.3875,1
laya-score,1.3877,2
laya-score,1.3879,1
laya-score,1.3882,1
laya-score,1.3886,1
laya-score,1.3902,1
laya-score,1.3907,1
laya-score,1.3921,1
laya-score,1.3926,2
laya-score,1.3927,1
laya-score,1.3929,1
laya-score,1.393,1
laya-score,1.394,1
laya-score,1.3944,1
laya-score,1.3958,1
laya-score,1.3962,1
laya-score,1.3964,1
laya-score,1.3975,1
laya-score,1.3979,1
laya-score,1.3983,1
laya-score,1.3986,1
laya-score,1.3988,1
laya-score,1.3994,1
laya-score,1.3996,1
laya-score,1.4004,1
laya-score,1.4006,1
laya-score,1.401,1
laya-score,1.4016,2
laya-score,1.402,1
laya-score,1.4023,1
laya-score,1.4025,1
laya-score,1.4028,1
laya-score,1.404,1
laya-score,1.4056,1
laya-score,1.4066,1
laya-score,1.4074,1
laya-score,1.4079,1
laya-score,1.408,2
laya-score,1.4084,2
laya-score,1.4093,1
laya-score,1.4097,1
laya-score,1.4099,1
laya-score,1.4104,1
laya-score,1.4106,2
laya-score,1.411,1
laya-score,1.4112,1
laya-score,1.4115,1
laya-score,1.4116,1
laya-score,1.4119,2
laya-score,1.4122,1
laya-score,1.4126,1
laya-score,1.4128,1
laya-score,1.4129,1
laya-score,1.4131,1
laya-score,1.4132,1
laya-score,1.4137,2
laya-score,1.4138,1
laya-score,1.4139,1
laya-score,1.4142,1
laya-score,1.4149,1
laya-score,1.4161,1
laya-score,1.4162,2
laya-score,1.4166,1
laya-score,1.4167,1
laya-score,1.4174,1
laya-score,1.4175,1
laya-score,1.4176,1
laya-score,1.4177,1
laya-score,1.4183,1
laya-score,1.4188,1
laya-score,1.4193,2
laya-score,1.4198,1
laya-score,1.4199,2
laya-score,1.4201,1
laya-score,1.4205,1
laya-score,1.4207,2
laya-score,1.421,1
laya-score,1.4213,1
laya-score,1.4216,1
laya-score,1.4225,1
laya-score,1.4231,1
laya-score,1.4232,2
laya-score,1.4233,1
laya-score,1.4236,1
laya-score,1.4237,1
laya-score,1.4242,1
laya-score,1.425,1
laya-score,1.4267,1
laya-score,1.427,1
laya-score,1.4275,1
laya-score,1.4276,1
laya-score,1.4278,1
laya-score,1.4289,1
laya-score,1.429,1
laya-score,1.4291,1
laya-score,1.4303,1
laya-score,1.4306,1
laya-score,1.4307,1
laya-score,1.4309,1
laya-score,1.4317,1
laya-score,1.432,1
laya-score,1.4323,4
laya-score,1.4332,1
laya-score,1.4342,1
laya-score,1.435,2
laya-score,1.4362,1
laya-score,1.4363,1
laya-score,1.4367,1
laya-score,1.4372,1
laya-score,1.4374,1
laya-score,1.4375,1
laya-score,1.4377,1
laya-score,1.4384,2
laya-score,1.4387,2
laya-score,1.4389,1
laya-score,1.4395,1
laya-score,1.4403,1
laya-score,1.4406,1
laya-score,1.4411,1
laya-score,1.4417,1
laya-score,1.442,1
laya-score,1.4426,1
laya-score,1.4427,1
laya-score,1.443,1
laya-score,1.4433,1
laya-score,1.4439,1
laya-score,1.4444,1
laya-score,1.4446,1
laya-score,1.4448,1
laya-score,1.4453,1
laya-score,1.4461,1
laya-score,1.4465,1
laya-score,1.4471,1
laya-score,1.4475,2
laya-score,1.4479,1
laya-score,1.448,1
laya-score,1.4483,1
laya-score,1.4485,1
laya-score,1.4486,1
laya-score,1.4492,3
laya-score,1.4496,1
laya-score,1.4498,1
laya-score,1.4499,1
laya-score,1.45,1
laya-score,1.4503,1
laya-score,1.4505,1
laya-score,1.4506,1
laya-score,1.4508,1
laya-score,1.451,1
laya-score,1.4515,1
laya-score,1.4522,3
laya-score,1.4526,2
laya-score,1.4528,2
laya-score,1.4531,1
laya-score,1.4541,1
laya-score,1.4542,1
laya-score,1.455,1
laya-score,1.4551,2
laya-score,1.4554,2
laya-score,1.4557,3
laya-score,1.4561,1
laya-score,1.4563,1
laya-score,1.4566,2
laya-score,1.4568,1
laya-score,1.457,1
laya-score,1.4573,2
laya-score,1.4574,1
laya-score,1.459,1
laya-score,1.4596,1
laya-score,1.46,1
laya-score,1.4609,1
laya-score,1.4614,1
laya-score,1.462,1
laya-score,1.4621,1
laya-score,1.4622,1
laya-score,1.4629,2
laya-score,1.463,3
laya-score,1.4631,1
laya-score,1.4637,1
laya-score,1.4645,1
laya-score,1.465,2
laya-score,1.4656,1
laya-score,1.4663,3
laya-score,1.4671,2
laya-score,1.4676,1
laya-score,1.47,1
laya-score,1.4701,1
laya-score,1.4705,1
laya-score,1.471,2
laya-score,1.4715,1
laya-score,1.4716,2
laya-score,1.4717,1
laya-score,1.472,1
laya-score,1.4721,1
laya-score,1.4722,2
laya-score,1.4724,1
laya-score,1.4725,1
laya-score,1.4727,1
laya-score,1.4728,1
laya-score,1.473,1
laya-score,1.4731,1
laya-score,1.4735,4
laya-score,1.4737,1
laya-score,1.474,1
laya-score,1.4742,1
laya-score,1.4751,1
laya-score,1.4754,1
laya-score,1.476,1
laya-score,1.4764,1
laya-score,1.4765,1
laya-score,1.4766,1
laya-score,1.4767,1
laya-score,1.4768,1
laya-score,1.4771,1
laya-score,1.4773,1
laya-score,1.478,1
laya-score,1.4787,1
laya-score,1.4788,1
laya-score,1.4799,1
laya-score,1.4809,1
laya-score,1.481,1
laya-score,1.4811,1
laya-score,1.482,1
laya-score,1.4821,2
laya-score,1.4822,1
laya-score,1.4829,1
laya-score,1.4831,1
laya-score,1.4832,1
laya-score,1.4833,1
laya-score,1.4842,1
laya-score,1.4843,1
laya-score,1.4848,2
laya-score,1.4851,1
laya-score,1.4858,2
laya-score,1.4862,1
laya-score,1.4865,1
laya-score,1.4866,1
laya-score,1.4871,1
laya-score,1.4872,1
laya-score,1.4878,2
laya-score,1.4881,3
laya-score,1.4891,1
laya-score,1.4892,2
laya-score,1.4897,3
laya-score,1.4898,1
laya-score,1.4899,1
laya-score,1.4903,1
laya-score,1.4904,1
laya-score,1.4905,2
laya-score,1.4908,1
laya-score,1.4909,1
laya-score,1.4911,1
laya-score,1.4913,1
laya-score,1.4915,1
laya-score,1.4917,1
laya-score,1.4918,1
laya-score,1.4923,1
laya-score,1.4925,1
laya-score,1.4926,1
laya-score,1.4928,1
laya-score,1.4937,1
laya-score,1.494,3
laya-score,1.4942,1
laya-score,1.4943,1
laya-score,1.4949,1
laya-score,1.4951,1
laya-score,1.4952,2
laya-score,1.4955,1
laya-score,1.4956,1
laya-score,1.4959,2
laya-score,1.4973,1
laya-score,1.498,1
laya-score,1.4983,1
laya-score,1.4987,1
laya-score,1.4988,2
laya-score,1.4989,1
laya-score,1.4992,1
laya-score,1.4993,1
laya-score,1.4995,1
laya-score,1.4996,1
laya-score,1.4997,1
laya-score,1.4998,2
laya-score,1.5,1
laya-score,1.5003,1
laya-score,1.5004,1
laya-score,1.5007,1
laya-score,1.5008,1
laya-score,1.5011,1
laya-score,1.5014,1
laya-score,1.5021,1
laya-score,1.5022,3
laya-score,1.5025,1
laya-score,1.5028,2
laya-score,1.5037,1
laya-score,1.5045,1
laya-score,1.5052,1
laya-score,1.5053,1
laya-score,1.5063,1
laya-score,1.5066,1
laya-score,1.5067,1
laya-score,1.5069,1
laya-score,1.507,2
laya-score,1.5071,2
laya-score,1.5072,1
laya-score,1.5076,1
laya-score,1.5078,1
laya-score,1.5079,1
laya-score,1.5081,1
laya-score,1.5082,2
laya-score,1.5098,1
laya-score,1.51,1
laya-score,1.5101,2
laya-score,1.5109,1
laya-score,1.5113,1
laya-score,1.5114,1
laya-score,1.5116,2
laya-score,1.5117,1
laya-score,1.5122,1
laya-score,1.5125,1
laya-score,1.5128,1
laya-score,1.5129,1
laya-score,1.513,1
laya-score,1.5132,1
laya-score,1.5134,1
laya-score,1.5135,1
laya-score,1.5138,2
laya-score,1.5139,1
laya-score,1.5143,1
laya-score,1.5144,1
laya-score,1.5146,1
laya-score,1.5151,1
laya-score,1.5156,1
laya-score,1.5158,1
laya-score,1.5159,1
laya-score,1.5161,2
laya-score,1.5169,2
laya-score,1.5172,1
laya-score,1.5175,1
laya-score,1.5177,1
laya-score,1.5181,1
laya-score,1.5184,1
laya-score,1.5186,1
laya-score,1.5187,1
laya-score,1.5189,1
laya-score,1.519,1
laya-score,1.5191,1
laya-score,1.5192,2
laya-score,1.5197,1
laya-score,1.5198,1
laya-score,1.5202,1
laya-score,1.5204,1
laya-score,1.5205,2
laya-score,1.5208,1
laya-score,1.521,1
laya-score,1.5213,1
laya-score,1.5214,1
laya-score,1.5215,1
laya-score,1.5217,1
laya-score,1.522,1
laya-score,1.5221,1
laya-score,1.5222,3
laya-score,1.5228,2
laya-score,1.5232,1
laya-score,1.5233,1
laya-score,1.5234,1
laya-score,1.5236,1
laya-score,1.5237,1
laya-score,1.5242,1
laya-score,1.5243,1
laya-score,1.5245,1
laya-score,1.5252,1
laya-score,1.5255,1
laya-score,1.5257,1
laya-score,1.5265,1
laya-score,1.5269,1
laya-score,1.5275,1
laya-score,1.5293,1
laya-score,1.5296,1
laya-score,1.5299,1
laya-score,1.5302,1
laya-score,1.5305,4
laya-score,1.5311,2
laya-score,1.5317,1
laya-score,1.5318,1
laya-score,1.5322,1
laya-score,1.5329,1
laya-score,1.5332,1
laya-score,1.5334,1
laya-score,1.5335,1
laya-score,1.534,1
laya-score,1.5341,1
laya-score,1.5345,1
laya-score,1.5346,1
laya-score,1.5348,1
laya-score,1.5349,2
laya-score,1.5354,1
laya-score,1.5359,1
laya-score,1.5363,1
laya-score,1.5371,1
laya-score,1.5376,1
laya-score,1.538,1
laya-score,1.5382,1
laya-score,1.5384,2
laya-score,1.5385,1
laya-score,1.539,1
laya-score,1.5391,1
laya-score,1.5392,1
laya-score,1.5393,1
laya-score,1.5395,1
laya-score,1.5397,2
laya-score,1.5399,1
laya-score,1.5402,1
laya-score,1.5403,2
laya-score,1.5404,2
laya-score,1.5405,1
laya-score,1.5406,2
laya-score,1.5408,1
laya-score,1.5409,1
laya-score,1.541,1
laya-score,1.5411,2
laya-score,1.5413,1
laya-score,1.5415,1
laya-score,1.5416,1
laya-score,1.5422,2
laya-score,1.5427,1
laya-score,1.5429,1
laya-score,1.5432,1
laya-score,1.5434,3
laya-score,1.5436,1
laya-score,1.5437,1
laya-score,1.5438,1
laya-score,1.5444,1
laya-score,1.5453,1
laya-score,1.5454,1
laya-score,1.5459,1
laya-score,1.5461,1
laya-score,1.5462,1
laya-score,1.5466,1
laya-score,1.547,2
laya-score,1.5474,1
laya-score,1.5478,1
laya-score,1.5481,2
laya-score,1.5482,1
laya-score,1.5488,1
laya-score,1.5494,1
laya-score,1.5497,1
laya-score,1.5499,1
laya-score,1.5504,1
laya-score,1.5505,1
laya-score,1.5508,1
laya-score,1.5511,2
laya-score,1.5514,2
laya-score,1.5519,1
laya-score,1.552,1
laya-score,1.5523,1
laya-score,1.5525,1
laya-score,1.5526,1
laya-score,1.5535,2
laya-score,1.5537,2
laya-score,1.5541,2
laya-score,1.5547,1
laya-score,1.5558,1
laya-score,1.556,1
laya-score,1.5567,1
laya-score,1.5568,1
laya-score,1.557,1
laya-score,1.5573,1
laya-score,1.5577,1
laya-score,1.558,1
laya-score,1.5581,2
laya-score,1.5582,1
laya-score,1.5584,1
laya-score,1.5587,1
laya-score,1.559,1
laya-score,1.5595,1
laya-score,1.5599,2
laya-score,1.5604,2
laya-score,1.5605,1
laya-score,1.5614,1
laya-score,1.5619,1
laya-score,1.562,1
laya-score,1.5621,2
laya-score,1.5624,3
laya-score,1.5625,1
laya-score,1.5626,1
laya-score,1.563,1
laya-score,1.5632,1
laya-score,1.5636,1
laya-score,1.5638,2
laya-score,1.5645,1
laya-score,1.5647,1
laya-score,1.5649,1
laya-score,1.565,1
laya-score,1.5651,2
laya-score,1.5652,1
laya-score,1.5656,1
laya-score,1.5663,1
laya-score,1.5665,1
laya-score,1.5667,1
laya-score,1.5668,1
laya-score,1.567,1
laya-score,1.5672,2
laya-score,1.5673,2
laya-score,1.5677,2
laya-score,1.5682,1
laya-score,1.5684,1
laya-score,1.5686,1
laya-score,1.5687,2
laya-score,1.569,1
laya-score,1.5693,1
laya-score,1.5697,1
laya-score,1.5698,1
laya-score,1.57,1
laya-score,1.5701,1
laya-score,1.5702,1
laya-score,1.5704,1
laya-score,1.5706,1
laya-score,1.571,1
laya-score,1.5712,1
laya-score,1.5714,1
laya-score,1.5716,1
laya-score,1.5717,1
laya-score,1.5718,1
laya-score,1.5723,2
laya-score,1.5725,1
laya-score,1.5726,2
laya-score,1.5728,1
laya-score,1.5733,2
laya-score,1.5738,1
laya-score,1.5746,1
laya-score,1.5752,1
laya-score,1.5755,1
laya-score,1.5757,1
laya-score,1.5762,1
laya-score,1.5763,1
laya-score,1.5764,1
laya-score,1.5765,1
laya-score,1.5773,1
laya-score,1.5778,1
laya-score,1.5779,1
laya-score,1.5781,1
laya-score,1.5783,1
laya-score,1.5784,1
laya-score,1.5785,1
laya-score,1.5786,1
laya-score,1.5787,2
laya-score,1.5788,2
laya-score,1.5791,1
laya-score,1.5792,1
laya-score,1.5793,1
laya-score,1.5799,2
laya-score,1.5804,2
laya-score,1.5805,1
laya-score,1.5806,2
laya-score,1.5811,1
laya-score,1.5815,1
laya-score,1.5816,1
laya-score,1.5817,1
laya-score,1.5824,1
laya-score,1.5825,1
laya-score,1.5828,1
laya-score,1.5833,1
laya-score,1.5834,1
laya-score,1.5836,1
laya-score,1.5837,2
laya-score,1.5841,1
laya-score,1.5843,2
laya-score,1.5844,1
laya-score,1.5848,1
laya-score,1.585,1
laya-score,1.5852,2
laya-score,1.5853,1
laya-score,1.5855,1
laya-score,1.5858,1
laya-score,1.5862,1
laya-score,1.5864,1
laya-score,1.5868,1
laya-score,1.5869,1
laya-score,1.5871,1
laya-score,1.5873,1
laya-score,1.5878,3
laya-score,1.5879,1
laya-score,1.5883,2
laya-score,1.5884,1
laya-score,1.5886,2
laya-score,1.5887,1
laya-score,1.5889,1
laya-score,1.589,2
laya-score,1.5891,1
laya-score,1.5895,2
laya-score,1.5896,1
laya-score,1.5905,1
laya-score,1.5912,1
laya-score,1.5915,1
laya-score,1.5917,1
laya-score,1.5918,1
laya-score,1.5919,1
laya-score,1.5923,1
laya-score,1.5925,2
laya-score,1.5928,1
laya-score,1.5931,1
laya-score,1.5932,1
laya-score,1.5938,1
laya-score,1.5939,1
laya-score,1.594,1
laya-score,1.5941,2
laya-score,1.5943,3
laya-score,1.5945,1
laya-score,1.5948,1
laya-score,1.595,1
laya-score,1.5952,1
laya-score,1.5954,1
laya-score,1.5957,1
laya-score,1.596,1
laya-score,1.5965,1
laya-score,1.5967,1
laya-score,1.5968,2
laya-score,1.5969,1
laya-score,1.597,1
laya-score,1.5972,1
laya-score,1.5973,1
laya-score,1.5975,2
laya-score,1.5979,1
laya-score,1.598,1
laya-score,1.5981,1
laya-score,1.5985,1
laya-score,1.5987,1
laya-score,1.5988,1
laya-score,1.599,1
laya-score,1.5991,1
laya-score,1.5992,1
laya-score,1.5993,1
laya-score,1.5998,3
laya-score,1.6001,1
laya-score,1.6002,1
laya-score,1.6006,1
laya-score,1.6007,1
laya-score,1.6013,2
laya-score,1.6014,1
laya-score,1.6015,3
laya-score,1.6016,1
laya-score,1.6018,1
laya-score,1.6019,1
laya-score,1.602,1
laya-score,1.6021,1
laya-score,1.6026,3
laya-score,1.6028,1
laya-score,1.603,2
laya-score,1.6031,1
laya-score,1.6032,2
laya-score,1.6036,2
laya-score,1.6037,2
laya-score,1.6038,1
laya-score,1.604,1
laya-score,1.6041,1
laya-score,1.6042,2
laya-score,1.6044,2
laya-score,1.6045,1
laya-score,1.6049,1
laya-score,1.6051,2
laya-score,1.6061,1
laya-score,1.6066,1
laya-score,1.6068,2
laya-score,1.6069,2
laya-score,1.607,1
laya-score,1.6073,2
laya-score,1.6078,1
laya-score,1.608,2
laya-score,1.6082,1
laya-score,1.6088,2
laya-score,1.6091,1
laya-score,1.6096,1
laya-score,1.6098,1
laya-score,1.6099,1
laya-score,1.6101,1
laya-score,1.6102,3
laya-score,1.6103,1
laya-score,1.6104,1
laya-score,1.6109,1
laya-score,1.6114,1
laya-score,1.6116,3
laya-score,1.6119,1
laya-score,1.6123,1
laya-score,1.6127,1
laya-score,1.6133,2
laya-score,1.6136,1
laya-score,1.6137,1
laya-score,1.614,1
laya-score,1.6141,1
laya-score,1.6142,1
laya-score,1.6148,1
laya-score,1.615,1
laya-score,1.6154,1
laya-score,1.6157,1
laya-score,1.6158,1
laya-score,1.6161,1
laya-score,1.6162,1
laya-score,1.6163,1
laya-score,1.6166,2
laya-score,1.6169,3
laya-score,1.6171,2
laya-score,1.6174,1
laya-score,1.6177,1
laya-score,1.6178,1
laya-score,1.6179,1
laya-score,1.6181,1
laya-score,1.6182,1
laya-score,1.6184,1
laya-score,1.6189,2
laya-score,1.6198,1
laya-score,1.6199,1
laya-score,1.6204,1
laya-score,1.6205,1
laya-score,1.6206,1
laya-score,1.6209,1
laya-score,1.6214,1
laya-score,1.6215,1
laya-score,1.6216,1
laya-score,1.6217,1
laya-score,1.6219,1
laya-score,1.622,1
laya-score,1.6225,1
laya-score,1.6228,1
laya-score,1.6231,1
laya-score,1.6234,1
laya-score,1.6237,1
laya-score,1.6238,1
laya-score,1.6239,1
laya-score,1.6247,1
laya-score,1.625,2
laya-score,1.6251,2
laya-score,1.6253,2
laya-score,1.6254,3
laya-score,1.6257,2
laya-score,1.6258,1
laya-score,1.6259,1
laya-score,1.6262,1
laya-score,1.6264,3
laya-score,1.6265,1
laya-score,1.6268,3
laya-score,1.6279,2
laya-score,1.628,1
laya-score,1.6284,1
laya-score,1.6285,1
laya-score,1.6286,2
laya-score,1.6287,1
laya-score,1.6292,1
laya-score,1.6293,1
laya-score,1.6297,1
laya-score,1.6301,1
laya-score,1.6302,2
laya-score,1.6305,2
laya-score,1.6306,2
laya-score,1.6307,2
laya-score,1.631,1
laya-score,1.6311,1
laya-score,1.6312,1
laya-score,1.6314,1
laya-score,1.6316,1
laya-score,1.6317,1
laya-score,1.6318,1
laya-score,1.6319,2
laya-score,1.6326,1
laya-score,1.6327,2
laya-score,1.6329,3
laya-score,1.6331,1
laya-score,1.6333,1
laya-score,1.6335,1
laya-score,1.6336,2
laya-score,1.6337,2
laya-score,1.6338,2
laya-score,1.634,1
laya-score,1.6342,1
laya-score,1.6345,2
laya-score,1.6346,1
laya-score,1.6347,1
laya-score,1.6348,2
laya-score,1.6349,1
laya-score,1.6352,1
laya-score,1.6353,1
laya-score,1.6354,1
laya-score,1.6356,2
laya-score,1.6357,1
laya-score,1.6358,2
laya-score,1.6362,2
laya-score,1.6364,1
laya-score,1.6365,1
laya-score,1.6367,1
laya-score,1.6368,1
laya-score,1.6371,1
laya-score,1.6373,1
laya-score,1.6375,2
laya-score,1.6376,1
laya-score,1.6379,1
laya-score,1.638,2
laya-score,1.6385,1
laya-score,1.6386,1
laya-score,1.6398,1
laya-score,1.6399,1
laya-score,1.6405,1
laya-score,1.6406,1
laya-score,1.6407,1
laya-score,1.6408,1
laya-score,1.6412,1
laya-score,1.6414,2
laya-score,1.6415,2
laya-score,1.6416,2
laya-score,1.6417,1
laya-score,1.642,1
laya-score,1.6421,2
laya-score,1.6424,1
laya-score,1.6425,1
laya-score,1.6426,2
laya-score,1.6427,1
laya-score,1.643,1
laya-score,1.6435,3
laya-score,1.6438,1
laya-score,1.6443,1
laya-score,1.6445,1
laya-score,1.6446,1
laya-score,1.6451,1
laya-score,1.6453,1
laya-score,1.6455,1
laya-score,1.6456,1
laya-score,1.6462,1
laya-score,1.6463,1
laya-score,1.6464,1
laya-score,1.6465,1
laya-score,1.6474,1
laya-score,1.6479,1
laya-score,1.648,1
laya-score,1.6484,1
laya-score,1.6485,2
laya-score,1.6487,1
laya-score,1.6488,1
laya-score,1.649,1
laya-score,1.6491,1
laya-score,1.6493,1
laya-score,1.65,1
laya-score,1.6501,2
laya-score,1.6504,1
laya-score,1.6508,1
laya-score,1.651,2
laya-score,1.6511,2
laya-score,1.6512,2
laya-score,1.6517,2
laya-score,1.6523,1
laya-score,1.6525,1
laya-score,1.6526,1
laya-score,1.6527,2
laya-score,1.6528,1
laya-score,1.6529,1
laya-score,1.6532,2
laya-score,1.6534,1
laya-score,1.6536,2
laya-score,1.6537,1
laya-score,1.6539,2
laya-score,1.654,2
laya-score,1.6541,1
laya-score,1.6542,1
laya-score,1.6543,1
laya-score,1.6544,1
laya-score,1.6545,3
laya-score,1.6547,2
laya-score,1.655,2
laya-score,1.6554,1
laya-score,1.6555,1
laya-score,1.6556,1
laya-score,1.6557,2
laya-score,1.6558,1
laya-score,1.6559,1
laya-score,1.6561,2
laya-score,1.6562,1
laya-score,1.6563,1
laya-score,1.6565,1
laya-score,1.657,2
laya-score,1.6577,1
laya-score,1.6578,1
laya-score,1.6579,2
laya-score,1.658,2
laya-score,1.6586,2
laya-score,1.6588,1
laya-score,1.6589,1
laya-score,1.6591,1
laya-score,1.6592,2
laya-score,1.6593,1
laya-score,1.6595,1
laya-score,1.6596,1
laya-score,1.6597,1
laya-score,1.66,1
laya-score,1.6601,2
laya-score,1.6604,1
laya-score,1.6605,1
laya-score,1.6608,1
laya-score,1.6609,1
laya-score,1.6613,1
laya-score,1.662,2
laya-score,1.6621,3
laya-score,1.6623,2
laya-score,1.6624,2
laya-score,1.6625,2
laya-score,1.6627,2
laya-score,1.6631,1
laya-score,1.6635,2
laya-score,1.6636,1
laya-score,1.6639,1
laya-score,1.6643,1
laya-score,1.6646,4
laya-score,1.6649,2
laya-score,1.6654,1
laya-score,1.6661,1
laya-score,1.6662,1
laya-score,1.6663,1
laya-score,1.6664,3
laya-score,1.6669,2
laya-score,1.6672,1
laya-score,1.6673,1
laya-score,1.6677,1
laya-score,1.6678,1
laya-score,1.6679,3
laya-score,1.668,3
laya-score,1.6685,2
laya-score,1.6686,1
laya-score,1.6688,1
laya-score,1.6689,1
laya-score,1.669,1
laya-score,1.6692,2
laya-score,1.6693,1
laya-score,1.6699,1
laya-score,1.67,1
laya-score,1.6703,1
laya-score,1.6705,2
laya-score,1.6707,1
laya-score,1.6709,1
laya-score,1.6711,1
laya-score,1.6713,2
laya-score,1.6716,1
laya-score,1.6719,2
laya-score,1.672,1
laya-score,1.6721,1
laya-score,1.6723,1
laya-score,1.6726,1
laya-score,1.6727,1
laya-score,1.6728,1
laya-score,1.673,1
laya-score,1.6738,1
laya-score,1.6739,2
laya-score,1.674,1
laya-score,1.6742,2
laya-score,1.6743,3
laya-score,1.6744,1
laya-score,1.6746,1
laya-score,1.6753,1
laya-score,1.6759,2
laya-score,1.6762,1
laya-score,1.6763,2
laya-score,1.6764,1
laya-score,1.6765,1
laya-score,1.6767,1
laya-score,1.6768,3
laya-score,1.6773,1
laya-score,1.6776,1
laya-score,1.6777,1
laya-score,1.6778,1
laya-score,1.6781,1
laya-score,1.6784,1
laya-score,1.6786,1
laya-score,1.6788,2
laya-score,1.6789,1
laya-score,1.6793,1
laya-score,1.6796,1
laya-score,1.6797,3
laya-score,1.6798,1
laya-score,1.6803,1
laya-score,1.6806,1
laya-score,1.6807,2
laya-score,1.6809,1
laya-score,1.6812,3
laya-score,1.6813,1
laya-score,1.6817,1
laya-score,1.6819,1
laya-score,1.6821,1
laya-score,1.6823,1
laya-score,1.6824,1
laya-score,1.6826,2
laya-score,1.6827,1
laya-score,1.6828,1
laya-score,1.6829,1
laya-score,1.6834,2
laya-score,1.6835,1
laya-score,1.6839,1
laya-score,1.684,1
laya-score,1.6841,2
laya-score,1.6842,1
laya-score,1.6845,1
laya-score,1.6846,1
laya-score,1.6848,1
laya-score,1.6854,1
laya-score,1.6856,1
laya-score,1.6861,2
laya-score,1.6862,3
laya-score,1.6864,1
laya-score,1.6868,1
laya-score,1.6869,1
laya-score,1.6871,1
laya-score,1.6873,3
laya-score,1.6874,1
laya-score,1.688,1
laya-score,1.6886,1
laya-score,1.6888,1
laya-score,1.689,2
laya-score,1.6892,1
laya-score,1.6895,1
laya-score,1.6896,1
laya-score,1.6897,1
laya-score,1.69,1
laya-score,1.6901,1
laya-score,1.6908,1
laya-score,1.6909,2
laya-score,1.6911,1
laya-score,1.6914,1
laya-score,1.6915,1
laya-score,1.6916,1
laya-score,1.692,1
laya-score,1.6921,1
laya-score,1.6922,1
laya-score,1.6926,2
laya-score,1.6927,1
laya-score,1.693,1
laya-score,1.6931,1
laya-score,1.6932,2
laya-score,1.6933,3
laya-score,1.6936,1
laya-score,1.6937,1
laya-score,1.6938,1
laya-score,1.6939,1
laya-score,1.694,3
laya-score,1.6944,1
laya-score,1.6945,2
laya-score,1.6946,2
laya-score,1.6947,1
laya-score,1.6948,1
laya-score,1.6949,1
laya-score,1.6951,2
laya-score,1.6952,1
laya-score,1.6953,1
laya-score,1.6954,2
laya-score,1.6955,1
laya-score,1.6956,1
laya-score,1.6959,2
laya-score,1.6961,1
laya-score,1.6966,1
laya-score,1.6968,1
laya-score,1.6969,3
laya-score,1.6975,2
laya-score,1.6976,1
laya-score,1.6978,3
laya-score,1.698,2
laya-score,1.6981,1
laya-score,1.6987,1
laya-score,1.6989,3
laya-score,1.6991,3
laya-score,1.6993,1
laya-score,1.6994,2
laya-score,1.6995,1
laya-score,1.6997,1
laya-score,1.6999,2
laya-score,1.7,2
laya-score,1.7001,1
laya-score,1.7005,3
laya-score,1.7006,2
laya-score,1.7008,1
laya-score,1.7011,2
laya-score,1.7012,1
laya-score,1.7017,1
laya-score,1.7018,1
laya-score,1.7022,2
laya-score,1.7023,1
laya-score,1.7026,1
laya-score,1.7027,1
laya-score,1.7028,1
laya-score,1.703,1
laya-score,1.7031,1
laya-score,1.7034,1
laya-score,1.7038,1
laya-score,1.7039,1
laya-score,1.7044,1
laya-score,1.7045,1
laya-score,1.7046,1
laya-score,1.7047,1
laya-score,1.7049,3
laya-score,1.7053,1
laya-score,1.7055,1
laya-score,1.7057,1
laya-score,1.7058,2
laya-score,1.7059,2
laya-score,1.7062,2
laya-score,1.7063,2
laya-score,1.7064,2
laya-score,1.7066,1
laya-score,1.7067,1
laya-score,1.7074,2
laya-score,1.7075,1
laya-score,1.7076,1
laya-score,1.7078,3
laya-score,1.708,1
laya-score,1.7082,1
laya-score,1.7083,1
laya-score,1.7085,1
laya-score,1.7089,2
laya-score,1.7092,1
laya-score,1.7093,1
laya-score,1.7097,1
laya-score,1.7099,2
laya-score,1.7101,4
laya-score,1.7102,1
laya-score,1.7104,2
laya-score,1.7108,1
laya-score,1.711,1
laya-score,1.7111,2
laya-score,1.7113,1
laya-score,1.7114,1
laya-score,1.7115,2
laya-score,1.7116,1
laya-score,1.7118,1
laya-score,1.712,2
laya-score,1.7123,1
laya-score,1.7125,2
laya-score,1.7129,1
laya-score,1.713,1
laya-score,1.7131,1
laya-score,1.7132,1
laya-score,1.7133,1
laya-score,1.7134,1
laya-score,1.7139,2
laya-score,1.7142,1
laya-score,1.7143,1
laya-score,1.7144,2
laya-score,1.7146,1
laya-score,1.7148,1
laya-score,1.7151,1
laya-score,1.7152,1
laya-score,1.7155,1
laya-score,1.7156,2
laya-score,1.7159,2
laya-score,1.716,1
laya-score,1.7162,1
laya-score,1.7164,1
laya-score,1.7167,2
laya-score,1.717,1
laya-score,1.7174,1
laya-score,1.7175,2
laya-score,1.7177,2
laya-score,1.7179,1
laya-score,1.7185,3
laya-score,1.7188,2
laya-score,1.7189,1
laya-score,1.7192,1
laya-score,1.7193,1
laya-score,1.7194,1
laya-score,1.7195,2
laya-score,1.7196,2
laya-score,1.7199,1
laya-score,1.72,1
laya-score,1.7206,1
laya-score,1.7209,1
laya-score,1.7211,1
laya-score,1.7213,1
laya-score,1.7214,1
laya-score,1.7216,1
laya-score,1.7219,1
laya-score,1.722,2
laya-score,1.7221,1
laya-score,1.7223,1
laya-score,1.7226,1
laya-score,1.7227,1
laya-score,1.7228,1
laya-score,1.7229,2
laya-score,1.7231,2
laya-score,1.7232,1
laya-score,1.7234,1
laya-score,1.7236,1
laya-score,1.7238,3
laya-score,1.7245,1
laya-score,1.7247,2
laya-score,1.725,1
laya-score,1.7251,2
laya-score,1.7255,1
laya-score,1.7257,4
laya-score,1.7258,1
laya-score,1.7259,2
laya-score,1.7261,1
laya-score,1.7264,1
laya-score,1.7265,2
laya-score,1.7266,1
laya-score,1.7269,1
laya-score,1.727,1
laya-score,1.7271,1
laya-score,1.7275,2
laya-score,1.7276,2
laya-score,1.7282,1
laya-score,1.7283,1
laya-score,1.7284,1
laya-score,1.7285,1
laya-score,1.7286,1
laya-score,1.7287,2
laya-score,1.7288,3
laya-score,1.7293,1
laya-score,1.7295,1
laya-score,1.7297,1
laya-score,1.7302,3
laya-score,1.7304,1
laya-score,1.7307,3
laya-score,1.7308,1
laya-score,1.7312,2
laya-score,1.7314,1
laya-score,1.7318,1
laya-score,1.7321,1
laya-score,1.7322,1
laya-score,1.7323,2
laya-score,1.7327,1
laya-score,1.733,1
laya-score,1.7331,1
laya-score,1.7333,2
laya-score,1.7334,1
laya-score,1.7335,1
laya-score,1.7337,1
laya-score,1.7338,1
laya-score,1.734,1
laya-score,1.7341,2
laya-score,1.7342,1
laya-score,1.7345,1
laya-score,1.7348,2
laya-score,1.7349,1
laya-score,1.735,1
laya-score,1.7352,1
laya-score,1.7354,1
laya-score,1.7355,3
laya-score,1.7358,1
laya-score,1.736,1
laya-score,1.7361,3
laya-score,1.7362,1
laya-score,1.7371,2
laya-score,1.7372,1
laya-score,1.7376,3
laya-score,1.7377,3
laya-score,1.7379,1
laya-score,1.7384,1
laya-score,1.7385,1
laya-score,1.7388,2
laya-score,1.7389,1
laya-score,1.7394,1
laya-score,1.7398,1
laya-score,1.7399,2
laya-score,1.7402,1
laya-score,1.7404,2
laya-score,1.741,1
laya-score,1.7414,1
laya-score,1.7417,2
laya-score,1.7419,2
laya-score,1.742,1
laya-score,1.7422,1
laya-score,1.7423,3
laya-score,1.743,1
laya-score,1.7433,1
laya-score,1.7435,1
laya-score,1.7437,1
laya-score,1.7441,2
laya-score,1.7443,2
laya-score,1.7445,3
laya-score,1.7447,1
laya-score,1.7454,1
laya-score,1.7457,1
laya-score,1.7458,1
laya-score,1.7459,2
laya-score,1.7461,1
laya-score,1.7464,1
laya-score,1.7465,1
laya-score,1.7467,1
laya-score,1.7468,2
laya-score,1.747,1
laya-score,1.7474,2
laya-score,1.7475,1
laya-score,1.7476,1
laya-score,1.7479,1
laya-score,1.7482,1
laya-score,1.7484,1
laya-score,1.7485,1
laya-score,1.7487,1
laya-score,1.7491,3
laya-score,1.7501,1
laya-score,1.7503,2
laya-score,1.7504,2
laya-score,1.7505,4
laya-score,1.7506,1
laya-score,1.7507,2
laya-score,1.7509,1
laya-score,1.751,1
laya-score,1.7512,2
laya-score,1.7513,2
laya-score,1.7514,2
laya-score,1.7515,2
laya-score,1.7516,1
laya-score,1.7517,1
laya-score,1.7518,1
laya-score,1.7522,1
laya-score,1.7526,1
laya-score,1.7529,1
laya-score,1.753,1
laya-score,1.7532,1
laya-score,1.7533,1
laya-score,1.7534,1
laya-score,1.7536,1
laya-score,1.7537,1
laya-score,1.7541,4
laya-score,1.7543,1
laya-score,1.7544,2
laya-score,1.7546,1
laya-score,1.7547,1
laya-score,1.755,1
laya-score,1.7553,1
laya-score,1.7554,1
laya-score,1.7556,2
laya-score,1.7557,1
laya-score,1.7558,1
laya-score,1.7559,1
laya-score,1.7561,1
laya-score,1.7562,2
laya-score,1.7564,1
laya-score,1.7565,2
laya-score,1.7566,1
laya-score,1.7567,2
laya-score,1.757,1
laya-score,1.7571,1
laya-score,1.7573,2
laya-score,1.7576,1
laya-score,1.7578,2
laya-score,1.7579,1
laya-score,1.7581,1
laya-score,1.7584,1
laya-score,1.7586,3
laya-score,1.7587,1
laya-score,1.759,1
laya-score,1.7591,1
laya-score,1.7593,1
laya-score,1.7595,1
laya-score,1.7596,1
laya-score,1.7597,3
laya-score,1.7598,1
laya-score,1.7599,1
laya-score,1.76,2
laya-score,1.7601,2
laya-score,1.7604,1
laya-score,1.7605,2
laya-score,1.7606,2
laya-score,1.7612,1
laya-score,1.7613,2
laya-score,1.7614,1
laya-score,1.7615,2
laya-score,1.7616,1
laya-score,1.7617,2
laya-score,1.762,2
laya-score,1.7622,1
laya-score,1.7623,1
laya-score,1.7624,3
laya-score,1.7625,1
laya-score,1.7627,1
laya-score,1.7629,1
laya-score,1.7631,1
laya-score,1.7634,1
laya-score,1.7635,2
laya-score,1.7641,1
laya-score,1.7645,2
laya-score,1.7646,1
laya-score,1.7647,1
laya-score,1.7651,1
laya-score,1.7654,1
laya-score,1.7655,1
laya-score,1.7657,1
laya-score,1.7658,2
laya-score,1.7659,1
laya-score,1.7661,1
laya-score,1.7662,1
laya-score,1.7666,1
laya-score,1.7668,2
laya-score,1.7673,2
laya-score,1.7674,2
laya-score,1.7678,1
laya-score,1.7679,1
laya-score,1.768,1
laya-score,1.7684,1
laya-score,1.7685,1
laya-score,1.7687,1
laya-score,1.7691,1
laya-score,1.7692,1
laya-score,1.7694,1
laya-score,1.7695,1
laya-score,1.7699,1
laya-score,1.77,3
laya-score,1.7702,1
laya-score,1.7703,2
laya-score,1.7708,1
laya-score,1.7709,1
laya-score,1.7712,3
laya-score,1.7713,1
laya-score,1.7714,1
laya-score,1.7716,1
laya-score,1.7718,1
laya-score,1.7724,1
laya-score,1.7725,1
laya-score,1.7726,1
laya-score,1.7727,1
laya-score,1.7733,3
laya-score,1.7734,1
laya-score,1.7735,1
laya-score,1.7736,1
laya-score,1.7737,2
laya-score,1.7739,1
laya-score,1.7743,1
laya-score,1.7747,2
laya-score,1.7748,1
laya-score,1.7749,1
laya-score,1.775,1
laya-score,1.7751,1
laya-score,1.7752,1
laya-score,1.7754,1
laya-score,1.7759,2
laya-score,1.776,1
laya-score,1.7761,2
laya-score,1.7767,1
laya-score,1.777,1
laya-score,1.7772,1
laya-score,1.7773,1
laya-score,1.778,3
laya-score,1.7781,1
laya-score,1.7782,1
laya-score,1.7783,1
laya-score,1.7786,1
laya-score,1.7789,1
laya-score,1.779,1
laya-score,1.7791,1
laya-score,1.7792,1
laya-score,1.7794,1
laya-score,1.7796,2
laya-score,1.7797,1
laya-score,1.7798,1
laya-score,1.7803,1
laya-score,1.7805,1
laya-score,1.7809,1
laya-score,1.781,1
laya-score,1.7811,1
laya-score,1.7814,1
laya-score,1.7816,2
laya-score,1.7817,2
laya-score,1.7821,1
laya-score,1.7825,1
laya-score,1.7826,1
laya-score,1.7827,1
laya-score,1.783,1
laya-score,1.7831,1
laya-score,1.7834,3
laya-score,1.7835,1
laya-score,1.7836,1
laya-score,1.7838,1
laya-score,1.7839,3
laya-score,1.784,1
laya-score,1.7841,1
laya-score,1.7844,1
laya-score,1.7848,1
laya-score,1.7852,1
laya-score,1.7853,1
laya-score,1.7856,1
laya-score,1.7858,1
laya-score,1.7859,1
laya-score,1.7865,1
laya-score,1.7866,1
laya-score,1.7868,1
laya-score,1.7869,2
laya-score,1.7873,1
laya-score,1.7875,1
laya-score,1.7876,2
laya-score,1.7878,2
laya-score,1.7881,2
laya-score,1.7883,1
laya-score,1.7885,1
laya-score,1.7886,1
laya-score,1.7889,1
laya-score,1.7891,1
laya-score,1.7893,1
laya-score,1.7894,2
laya-score,1.7895,1
laya-score,1.7898,1
laya-score,1.79,1
laya-score,1.7901,1
laya-score,1.7904,2
laya-score,1.7908,2
laya-score,1.7909,1
laya-score,1.7916,1
laya-score,1.7917,1
laya-score,1.792,1
laya-score,1.7921,1
laya-score,1.7922,1
laya-score,1.7923,1
laya-score,1.7924,1
laya-score,1.7925,1
laya-score,1.7928,1
laya-score,1.7929,3
laya-score,1.7931,1
laya-score,1.7932,2
laya-score,1.7935,1
laya-score,1.7936,1
laya-score,1.7937,2
laya-score,1.794,1
laya-score,1.7941,2
laya-score,1.7943,2
laya-score,1.7945,3
laya-score,1.7946,2
laya-score,1.7947,1
laya-score,1.7951,2
laya-score,1.7953,2
laya-score,1.7955,2
laya-score,1.7957,1
laya-score,1.7958,1
laya-score,1.7966,1
laya-score,1.7967,1
laya-score,1.7968,1
laya-score,1.797,2
laya-score,1.7971,2
laya-score,1.7975,1
laya-score,1.7976,1
laya-score,1.7978,1
laya-score,1.7981,1
laya-score,1.7982,1
laya-score,1.7984,1
laya-score,1.7986,1
laya-score,1.7991,2
laya-score,1.7994,1
laya-score,1.7995,1
laya-score,1.7997,1
laya-score,1.7998,1
laya-score,1.7999,3
laya-score,1.8,1
laya-score,1.8001,1
laya-score,1.8002,1
laya-score,1.8005,1
laya-score,1.8006,1
laya-score,1.8007,1
laya-score,1.8008,1
laya-score,1.8011,1
laya-score,1.8016,2
laya-score,1.8017,1
laya-score,1.8018,2
laya-score,1.8019,1
laya-score,1.802,1
laya-score,1.8022,1
laya-score,1.8025,2
laya-score,1.8027,1
laya-score,1.8029,1
laya-score,1.803,1
laya-score,1.8031,1
laya-score,1.8033,1
laya-score,1.8034,1
laya-score,1.8036,1
laya-score,1.8038,1
laya-score,1.8043,1
laya-score,1.8048,1
laya-score,1.8049,1
laya-score,1.805,1
laya-score,1.8051,2
laya-score,1.8059,1
laya-score,1.8061,1
laya-score,1.8063,1
laya-score,1.8068,1
laya-score,1.8072,2
laya-score,1.8074,1
laya-score,1.8075,1
laya-score,1.8078,1
laya-score,1.8081,1
laya-score,1.8083,1
laya-score,1.8085,1
laya-score,1.8086,1
laya-score,1.8087,2
laya-score,1.8088,1
laya-score,1.809,2
laya-score,1.8091,2
laya-score,1.8092,1
laya-score,1.8093,1
laya-score,1.8094,2
laya-score,1.8096,1
laya-score,1.8098,2
laya-score,1.8099,1
laya-score,1.8103,2
laya-score,1.8104,1
laya-score,1.8105,1
laya-score,1.8107,3
laya-score,1.8109,1
laya-score,1.8113,1
laya-score,1.8121,2
laya-score,1.8126,1
laya-score,1.8129,3
laya-score,1.813,2
laya-score,1.8131,1
laya-score,1.8133,1
laya-score,1.8135,1
laya-score,1.8136,1
laya-score,1.8139,1
laya-score,1.814,1
laya-score,1.8141,1
laya-score,1.8142,1
laya-score,1.8144,1
laya-score,1.8145,1
laya-score,1.8147,1
laya-score,1.8149,1
laya-score,1.8152,1
laya-score,1.8155,2
laya-score,1.816,1
laya-score,1.8165,1
laya-score,1.8166,1
laya-score,1.817,2
laya-score,1.8172,1
laya-score,1.8175,1
laya-score,1.8177,1
laya-score,1.8178,3
laya-score,1.8179,1
laya-score,1.818,2
laya-score,1.8183,2
laya-score,1.8184,2
laya-score,1.8185,1
laya-score,1.8187,1
laya-score,1.8188,1
laya-score,1.8194,1
laya-score,1.8195,1
laya-score,1.8197,3
laya-score,1.8199,1
laya-score,1.8205,2
laya-score,1.8213,2
laya-score,1.8215,2
laya-score,1.8218,2
laya-score,1.8219,1
laya-score,1.8223,1
laya-score,1.8224,1
laya-score,1.8229,2
laya-score,1.823,1
laya-score,1.8231,1
laya-score,1.8232,1
laya-score,1.8238,1
laya-score,1.824,1
laya-score,1.8241,2
laya-score,1.8243,1
laya-score,1.8245,1
laya-score,1.8249,3
laya-score,1.8251,1
laya-score,1.8252,1
laya-score,1.8255,1
laya-score,1.8261,1
laya-score,1.8262,1
laya-score,1.8263,2
laya-score,1.8267,3
laya-score,1.8268,2
laya-score,1.8269,1
laya-score,1.8272,2
laya-score,1.8274,1
laya-score,1.8276,1
laya-score,1.8279,1
laya-score,1.828,1
laya-score,1.8282,1
laya-score,1.8283,2
laya-score,1.8284,1
laya-score,1.829,2
laya-score,1.8292,1
laya-score,1.8293,1
laya-score,1.8294,1
laya-score,1.8301,1
laya-score,1.8302,1
laya-score,1.8303,1
laya-score,1.8304,3
laya-score,1.8305,2
laya-score,1.8306,2
laya-score,1.8307,2
laya-score,1.8308,1
laya-score,1.8311,1
laya-score,1.8314,1
laya-score,1.8319,1
laya-score,1.832,1
laya-score,1.8326,2
laya-score,1.8328,1
laya-score,1.8329,1
laya-score,1.8331,1
laya-score,1.8334,1
laya-score,1.8336,2
laya-score,1.8338,1
laya-score,1.8339,3
laya-score,1.834,1
laya-score,1.8343,1
laya-score,1.8347,1
laya-score,1.8348,1
laya-score,1.835,2
laya-score,1.8351,1
laya-score,1.8352,1
laya-score,1.8353,2
laya-score,1.8358,1
laya-score,1.836,1
laya-score,1.8361,2
laya-score,1.8364,1
laya-score,1.8365,1
laya-score,1.8366,1
laya-score,1.8367,1
laya-score,1.8368,1
laya-score,1.8372,1
laya-score,1.8373,1
laya-score,1.8375,1
laya-score,1.8377,1
laya-score,1.838,2
laya-score,1.8381,1
laya-score,1.8382,1
laya-score,1.8387,1
laya-score,1.8388,1
laya-score,1.8389,2
laya-score,1.8392,2
laya-score,1.8394,1
laya-score,1.8395,1
laya-score,1.8396,3
laya-score,1.8397,2
laya-score,1.8403,1
laya-score,1.8404,1
laya-score,1.8405,1
laya-score,1.8408,1
laya-score,1.841,3
laya-score,1.8411,2
laya-score,1.8412,1
laya-score,1.842,2
laya-score,1.8422,2
laya-score,1.8425,1
laya-score,1.8426,3
laya-score,1.8428,1
laya-score,1.8429,3
laya-score,1.843,1
laya-score,1.8431,1
laya-score,1.8433,2
laya-score,1.8434,1
laya-score,1.8435,1
laya-score,1.8436,1
laya-score,1.8437,1
laya-score,1.844,1
laya-score,1.8441,1
laya-score,1.8442,3
laya-score,1.8443,1
laya-score,1.8445,1
laya-score,1.8447,2
laya-score,1.8448,1
laya-score,1.8449,1
laya-score,1.845,2
laya-score,1.8453,3
laya-score,1.8454,1
laya-score,1.8455,1
laya-score,1.8457,1
laya-score,1.8458,2
laya-score,1.8461,1
laya-score,1.8462,1
laya-score,1.8463,3
laya-score,1.8465,1
laya-score,1.8466,4
laya-score,1.8469,1
laya-score,1.8472,2
laya-score,1.8473,1
laya-score,1.8475,1
laya-score,1.8476,2
laya-score,1.8479,1
laya-score,1.8481,2
laya-score,1.8482,2
laya-score,1.8483,1
laya-score,1.8484,1
laya-score,1.8485,1
laya-score,1.8489,2
laya-score,1.8493,1
laya-score,1.8495,1
laya-score,1.8497,1
laya-score,1.8498,1
laya-score,1.85,2
laya-score,1.8501,2
laya-score,1.8502,2
laya-score,1.8503,2
laya-score,1.8505,1
laya-score,1.8509,1
laya-score,1.851,2
laya-score,1.8512,2
laya-score,1.8513,1
laya-score,1.8514,1
laya-score,1.8515,2
laya-score,1.8517,1
laya-score,1.8518,1
laya-score,1.8524,1
laya-score,1.8525,1
laya-score,1.8526,2
laya-score,1.853,2
laya-score,1.8534,1
laya-score,1.8536,3
laya-score,1.8537,1
laya-score,1.8542,2
laya-score,1.8545,1
laya-score,1.855,3
laya-score,1.8551,1
laya-score,1.8554,1
laya-score,1.8555,1
laya-score,1.8556,1
laya-score,1.856,1
laya-score,1.8561,1
laya-score,1.8562,1
laya-score,1.8563,2
laya-score,1.8564,1
laya-score,1.8565,2
laya-score,1.8566,2
laya-score,1.8567,1
laya-score,1.8569,2
laya-score,1.857,1
laya-score,1.8572,1
laya-score,1.8573,2
laya-score,1.8575,1
laya-score,1.8576,3
laya-score,1.8579,2
laya-score,1.8581,1
laya-score,1.8584,1
laya-score,1.8586,1
laya-score,1.8589,2
laya-score,1.8591,1
laya-score,1.8592,1
laya-score,1.8595,2
laya-score,1.8597,1
laya-score,1.8601,1
laya-score,1.8602,1
laya-score,1.8606,2
laya-score,1.8607,3
laya-score,1.8609,1
laya-score,1.861,3
laya-score,1.8612,1
laya-score,1.8614,1
laya-score,1.8617,1
laya-score,1.8621,2
laya-score,1.8622,2
laya-score,1.8626,1
laya-score,1.8627,1
laya-score,1.8629,1
laya-score,1.8631,1
laya-score,1.8632,1
laya-score,1.8638,2
laya-score,1.8639,1
laya-score,1.864,1
laya-score,1.8641,1
laya-score,1.8642,3
laya-score,1.8644,2
laya-score,1.865,1
laya-score,1.8651,1
laya-score,1.8653,2
laya-score,1.8655,2
laya-score,1.8656,2
laya-score,1.866,2
laya-score,1.8661,1
laya-score,1.8664,1
laya-score,1.8665,1
laya-score,1.8667,2
laya-score,1.8672,2
laya-score,1.8674,2
laya-score,1.8675,4
laya-score,1.8678,1
laya-score,1.8682,1
laya-score,1.8684,1
laya-score,1.8685,1
laya-score,1.8687,1
laya-score,1.869,1
laya-score,1.8692,1
laya-score,1.8693,1
laya-score,1.8695,1
laya-score,1.8696,1
laya-score,1.8698,2
laya-score,1.8699,1
laya-score,1.87,1
laya-score,1.8702,2
laya-score,1.8705,1
laya-score,1.8706,2
laya-score,1.8707,1
laya-score,1.871,2
laya-score,1.8711,1
laya-score,1.8712,1
laya-score,1.8713,1
laya-score,1.8716,2
laya-score,1.8717,1
laya-score,1.8719,2
laya-score,1.872,1
laya-score,1.8722,1
laya-score,1.8725,1
laya-score,1.8726,1
laya-score,1.8728,2
laya-score,1.8729,1
laya-score,1.873,2
laya-score,1.8732,1
laya-score,1.8734,2
laya-score,1.8736,1
laya-score,1.8737,1
laya-score,1.8739,1
laya-score,1.8741,1
laya-score,1.8742,1
laya-score,1.8743,1
laya-score,1.8744,1
laya-score,1.8745,1
laya-score,1.8746,1
laya-score,1.8748,1
laya-score,1.8749,5
laya-score,1.8753,1
laya-score,1.8758,2
laya-score,1.8759,1
laya-score,1.8761,1
laya-score,1.8763,2
laya-score,1.8766,1
laya-score,1.8768,2
laya-score,1.8771,1
laya-score,1.8777,3
laya-score,1.8778,2
laya-score,1.878,3
laya-score,1.8781,1
laya-score,1.8782,2
laya-score,1.8788,1
laya-score,1.8789,1
laya-score,1.8791,1
laya-score,1.8792,1
laya-score,1.8793,1
laya-score,1.8794,2
laya-score,1.8796,1
laya-score,1.88,1
laya-score,1.8801,1
laya-score,1.8802,1
laya-score,1.8804,1
laya-score,1.8805,1
laya-score,1.8806,1
laya-score,1.8807,1
laya-score,1.8808,2
laya-score,1.8815,3
laya-score,1.8816,1
laya-score,1.8819,1
laya-score,1.8821,1
laya-score,1.8826,1
laya-score,1.8827,2
laya-score,1.8828,2
laya-score,1.8829,4
laya-score,1.8831,3
laya-score,1.8832,2
laya-score,1.8833,1
laya-score,1.8834,2
laya-score,1.8837,2
laya-score,1.8838,2
laya-score,1.884,1
laya-score,1.8843,1
laya-score,1.8844,1
laya-score,1.8846,2
laya-score,1.8847,1
laya-score,1.8848,1
laya-score,1.8849,1
laya-score,1.885,1
laya-score,1.8851,2
laya-score,1.8852,1
laya-score,1.8855,1
laya-score,1.8856,1
laya-score,1.8859,1
laya-score,1.886,3
laya-score,1.8861,1
laya-score,1.8867,1
laya-score,1.8869,2
laya-score,1.887,1
laya-score,1.8871,1
laya-score,1.8872,1
laya-score,1.8873,1
laya-score,1.8882,1
laya-score,1.8885,1
laya-score,1.8886,1
laya-score,1.8889,1
laya-score,1.8891,1
laya-score,1.8894,2
laya-score,1.8895,1
laya-score,1.8897,2
laya-score,1.8903,1
laya-score,1.8905,1
laya-score,1.8906,2
laya-score,1.8907,1
laya-score,1.8912,1
laya-score,1.8914,2
laya-score,1.8915,2
laya-score,1.8916,1
laya-score,1.8917,1
laya-score,1.8918,1
laya-score,1.8919,1
laya-score,1.892,2
laya-score,1.8924,1
laya-score,1.8925,1
laya-score,1.8928,2
laya-score,1.8929,1
laya-score,1.8933,2
laya-score,1.8936,1
laya-score,1.8937,1
laya-score,1.8938,2
laya-score,1.894,3
laya-score,1.8942,4
laya-score,1.8943,2
laya-score,1.8944,1
laya-score,1.8947,1
laya-score,1.8949,4
laya-score,1.8952,1
laya-score,1.8954,1
laya-score,1.8956,1
laya-score,1.8958,1
laya-score,1.8964,2
laya-score,1.8965,2
laya-score,1.8968,1
laya-score,1.8973,1
laya-score,1.8974,2
laya-score,1.8975,1
laya-score,1.8977,1
laya-score,1.898,1
laya-score,1.8982,1
laya-score,1.8984,1
laya-score,1.8987,2
laya-score,1.8988,1
laya-score,1.8991,1
laya-score,1.8996,3
laya-score,1.8998,1
laya-score,1.8999,1
laya-score,1.9003,2
laya-score,1.9007,2
laya-score,1.9008,1
laya-score,1.901,2
laya-score,1.9012,1
laya-score,1.9013,1
laya-score,1.9015,2
laya-score,1.9017,1
laya-score,1.9018,1
laya-score,1.902,2
laya-score,1.9021,1
laya-score,1.9024,1
laya-score,1.9028,2
laya-score,1.9032,1
laya-score,1.9034,1
laya-score,1.9037,2
laya-score,1.9039,2
laya-score,1.9041,1
laya-score,1.9042,1
laya-score,1.9044,3
laya-score,1.9045,1
laya-score,1.9048,3
laya-score,1.905,1
laya-score,1.9054,1
laya-score,1.9055,1
laya-score,1.9058,1
laya-score,1.906,1
laya-score,1.9063,1
laya-score,1.9064,2
laya-score,1.9065,2
laya-score,1.9066,2
laya-score,1.9068,3
laya-score,1.9069,1
laya-score,1.907,1
laya-score,1.9076,1
laya-score,1.9077,1
laya-score,1.9084,2
laya-score,1.9085,1
laya-score,1.9088,1
laya-score,1.9089,1
laya-score,1.909,1
laya-score,1.9091,2
laya-score,1.9092,1
laya-score,1.9095,1
laya-score,1.9098,1
laya-score,1.9101,3
laya-score,1.9104,3
laya-score,1.9107,2
laya-score,1.911,1
laya-score,1.9111,1
laya-score,1.9114,1
laya-score,1.9115,1
laya-score,1.9116,2
laya-score,1.9118,2
laya-score,1.9121,1
laya-score,1.9123,2
laya-score,1.9124,1
laya-score,1.9128,5
laya-score,1.9129,3
laya-score,1.913,1
laya-score,1.9131,1
laya-score,1.9133,1
laya-score,1.9134,2
laya-score,1.9135,1
laya-score,1.9136,1
laya-score,1.9138,1
laya-score,1.9139,1
laya-score,1.914,1
laya-score,1.9141,1
laya-score,1.9143,1
laya-score,1.9144,1
laya-score,1.9149,3
laya-score,1.915,1
laya-score,1.9155,1
laya-score,1.9157,1
laya-score,1.9158,1
laya-score,1.9162,1
laya-score,1.9163,1
laya-score,1.9164,1
laya-score,1.9168,1
laya-score,1.9169,1
laya-score,1.9171,1
laya-score,1.9172,2
laya-score,1.9173,1
laya-score,1.9174,1
laya-score,1.9176,1
laya-score,1.9178,3
laya-score,1.9179,2
laya-score,1.9181,1
laya-score,1.9183,1
laya-score,1.9184,2
laya-score,1.9185,2
laya-score,1.9187,1
laya-score,1.9189,2
laya-score,1.9191,1
laya-score,1.9193,1
laya-score,1.9194,1
laya-score,1.9196,1
laya-score,1.9197,4
laya-score,1.9198,1
laya-score,1.9199,1
laya-score,1.9201,1
laya-score,1.9202,1
laya-score,1.9204,1
laya-score,1.9205,1
laya-score,1.9209,3
laya-score,1.921,1
laya-score,1.9211,1
laya-score,1.9212,2
laya-score,1.9214,1
laya-score,1.9218,2
laya-score,1.9219,1
laya-score,1.922,1
laya-score,1.9222,1
laya-score,1.9224,1
laya-score,1.9227,1
laya-score,1.9228,1
laya-score,1.923,3
laya-score,1.9231,1
laya-score,1.9236,1
laya-score,1.9238,1
laya-score,1.9239,2
laya-score,1.924,1
laya-score,1.9243,3
laya-score,1.9244,1
laya-score,1.9246,1
laya-score,1.9249,1
laya-score,1.925,1
laya-score,1.9251,3
laya-score,1.9253,1
laya-score,1.9255,2
laya-score,1.9258,1
laya-score,1.9259,1
laya-score,1.926,1
laya-score,1.9264,2
laya-score,1.9265,1
laya-score,1.9267,1
laya-score,1.9275,1
laya-score,1.9277,2
laya-score,1.9278,2
laya-score,1.928,1
laya-score,1.9282,1
laya-score,1.9283,1
laya-score,1.9285,1
laya-score,1.9287,1
laya-score,1.9288,1
laya-score,1.9289,3
laya-score,1.9291,2
laya-score,1.9293,3
laya-score,1.9295,1
laya-score,1.9301,2
laya-score,1.9302,1
laya-score,1.9304,1
laya-score,1.9305,1
laya-score,1.9306,3
laya-score,1.9308,1
laya-score,1.9309,1
laya-score,1.9312,1
laya-score,1.9313,1
laya-score,1.9314,2
laya-score,1.9315,1
laya-score,1.9316,2
laya-score,1.932,1
laya-score,1.9321,1
laya-score,1.9323,1
laya-score,1.9324,2
laya-score,1.9325,1
laya-score,1.9326,1
laya-score,1.933,2
laya-score,1.9331,1
laya-score,1.9332,1
laya-score,1.9333,2
laya-score,1.9334,1
laya-score,1.9336,1
laya-score,1.9337,1
laya-score,1.9338,1
laya-score,1.9339,2
laya-score,1.934,1
laya-score,1.9345,1
laya-score,1.9346,3
laya-score,1.9351,1
laya-score,1.9353,1
laya-score,1.9354,2
laya-score,1.9357,1
laya-score,1.9358,1
laya-score,1.9359,1
laya-score,1.936,3
laya-score,1.9368,1
laya-score,1.9369,1
laya-score,1.937,1
laya-score,1.9371,1
laya-score,1.9372,1
laya-score,1.9376,2
laya-score,1.9379,2
laya-score,1.938,2
laya-score,1.9384,3
laya-score,1.9385,1
laya-score,1.9386,2
laya-score,1.9387,1
laya-score,1.9389,1
laya-score,1.939,1
laya-score,1.9393,1
laya-score,1.9394,1
laya-score,1.9397,1
laya-score,1.9398,3
laya-score,1.94,1
laya-score,1.9401,1
laya-score,1.9403,1
laya-score,1.9405,1
laya-score,1.9407,1
laya-score,1.9408,2
laya-score,1.9411,1
laya-score,1.9413,2
laya-score,1.9414,1
laya-score,1.9415,1
laya-score,1.9416,1
laya-score,1.9418,3
laya-score,1.9419,2
laya-score,1.9421,1
laya-score,1.9425,1
laya-score,1.9428,1
laya-score,1.9429,2
laya-score,1.9433,1
laya-score,1.9439,1
laya-score,1.944,2
laya-score,1.9442,1
laya-score,1.9444,1
laya-score,1.9445,1
laya-score,1.9448,3
laya-score,1.9449,2
laya-score,1.9453,1
laya-score,1.9455,1
laya-score,1.9456,1
laya-score,1.9457,1
laya-score,1.9458,1
laya-score,1.946,1
laya-score,1.9461,2
laya-score,1.9463,2
laya-score,1.9464,1
laya-score,1.9466,2
laya-score,1.9467,1
laya-score,1.9468,1
laya-score,1.9469,1
laya-score,1.9475,1
laya-score,1.9477,1
laya-score,1.9478,2
laya-score,1.948,2
laya-score,1.9482,2
laya-score,1.9483,1
laya-score,1.9485,2
laya-score,1.9487,1
laya-score,1.9488,1
laya-score,1.949,2
laya-score,1.9493,1
laya-score,1.9495,1
laya-score,1.95,1
laya-score,1.9501,1
laya-score,1.9502,1
laya-score,1.9504,3
laya-score,1.9505,1
laya-score,1.9506,1
laya-score,1.9508,4
laya-score,1.9509,2
laya-score,1.951,3
laya-score,1.9511,3
laya-score,1.9519,1
laya-score,1.952,1
laya-score,1.9522,1
laya-score,1.9524,1
laya-score,1.9525,2
laya-score,1.9528,2
laya-score,1.9529,1
laya-score,1.9534,1
laya-score,1.9536,1
laya-score,1.9538,1
laya-score,1.9539,1
laya-score,1.9543,1
laya-score,1.955,1
laya-score,1.9551,1
laya-score,1.9555,1
laya-score,1.9556,1
laya-score,1.9557,1
laya-score,1.9558,1
laya-score,1.956,1
laya-score,1.9561,1
laya-score,1.9564,3
laya-score,1.9566,2
laya-score,1.9567,2
laya-score,1.9569,1
laya-score,1.9574,2
laya-score,1.9575,1
laya-score,1.9576,1
laya-score,1.9577,1
laya-score,1.9578,1
laya-score,1.9582,1
laya-score,1.9584,3
laya-score,1.9585,2
laya-score,1.9587,1
laya-score,1.959,1
laya-score,1.9592,1
laya-score,1.9594,2
laya-score,1.9595,2
laya-score,1.9597,1
laya-score,1.9598,1
laya-score,1.96,3
laya-score,1.9603,1
laya-score,1.9604,1
laya-score,1.9606,2
laya-score,1.9607,1
laya-score,1.9608,2
laya-score,1.9612,2
laya-score,1.9613,1
laya-score,1.9614,1
laya-score,1.9619,1
laya-score,1.9623,1
laya-score,1.9625,2
laya-score,1.9626,1
laya-score,1.9628,1
laya-score,1.9629,2
laya-score,1.963,1
laya-score,1.9631,1
laya-score,1.9636,2
laya-score,1.9637,1
laya-score,1.9641,2
laya-score,1.9643,2
laya-score,1.9644,1
laya-score,1.9651,1
laya-score,1.9653,1
laya-score,1.9656,1
laya-score,1.966,1
laya-score,1.9661,1
laya-score,1.9666,1
laya-score,1.9667,1
laya-score,1.9669,1
laya-score,1.9671,1
laya-score,1.968,1
laya-score,1.9681,4
laya-score,1.9682,1
laya-score,1.9685,1
laya-score,1.9686,2
laya-score,1.9688,1
laya-score,1.969,1
laya-score,1.9695,2
laya-score,1.9696,1
laya-score,1.9697,1
laya-score,1.9698,2
laya-score,1.97,1
laya-score,1.9702,2
laya-score,1.9705,2
laya-score,1.9706,1
laya-score,1.9711,1
laya-score,1.9713,1
laya-score,1.9714,1
laya-score,1.9716,1
laya-score,1.9719,3
laya-score,1.972,1
laya-score,1.9726,2
laya-score,1.9727,1
laya-score,1.9729,1
laya-score,1.9731,2
laya-score,1.9732,2
laya-score,1.9733,3
laya-score,1.9735,3
laya-score,1.9737,1
laya-score,1.9738,3
laya-score,1.9739,1
laya-score,1.974,1
laya-score,1.9742,1
laya-score,1.9745,1
laya-score,1.9746,1
laya-score,1.9747,1
laya-score,1.9748,1
laya-score,1.9756,1
laya-score,1.9757,1
laya-score,1.9762,1
laya-score,1.9766,1
laya-score,1.9769,1
laya-score,1.977,1
laya-score,1.9771,1
laya-score,1.9772,1
laya-score,1.9778,2
laya-score,1.978,1
laya-score,1.9782,1
laya-score,1.9784,1
laya-score,1.9786,1
laya-score,1.9787,1
laya-score,1.9789,1
laya-score,1.979,1
laya-score,1.9791,1
laya-score,1.9793,1
laya-score,1.9796,1
laya-score,1.9797,1
laya-score,1.98,2
laya-score,1.9805,1
laya-score,1.9807,1
laya-score,1.9808,2
laya-score,1.9809,1
laya-score,1.9811,2
laya-score,1.9812,2
laya-score,1.9817,1
laya-score,1.9819,2
laya-score,1.9821,2
laya-score,1.9822,2
laya-score,1.9825,2
laya-score,1.9828,1
laya-score,1.9829,1
laya-score,1.983,1
laya-score,1.9834,1
laya-score,1.9838,1
laya-score,1.9844,2
laya-score,1.9848,1
laya-score,1.985,1
laya-score,1.9852,3
laya-score,1.9853,1
laya-score,1.9855,1
laya-score,1.9857,1
laya-score,1.986,1
laya-score,1.9861,1
laya-score,1.9864,1
laya-score,1.9867,1
laya-score,1.9869,2
laya-score,1.987,1
laya-score,1.9872,3
laya-score,1.9873,1
laya-score,1.9875,1
laya-score,1.9876,1
laya-score,1.9878,1
laya-score,1.9879,3
laya-score,1.988,2
laya-score,1.9881,2
laya-score,1.9883,2
laya-score,1.9886,1
laya-score,1.989,2
laya-score,1.9891,2
laya-score,1.9892,1
laya-score,1.9894,1
laya-score,1.9897,2
laya-score,1.9898,2
laya-score,1.9899,1
laya-score,1.9903,1
laya-score,1.9904,1
laya-score,1.9906,1
laya-score,1.9908,1
laya-score,1.9909,1
laya-score,1.9911,1
laya-score,1.9912,1
laya-score,1.9914,1
laya-score,1.9918,1
laya-score,1.9924,1
laya-score,1.9925,1
laya-score,1.9931,1
laya-score,1.9933,2
laya-score,1.9936,1
laya-score,1.9945,1
laya-score,1.9947,1
laya-score,1.9949,1
laya-score,1.9951,1
laya-score,1.9953,1
laya-score,1.9955,1
laya-score,1.9956,1
laya-score,1.9958,1
laya-score,1.996,2
laya-score,1.9961,1
laya-score,1.9963,1
laya-score,1.9966,1
laya-score,1.9968,2
laya-score,1.9969,2
laya-score,1.9971,1
laya-score,1.9973,1
laya-score,1.9974,1
laya-score,1.9975,2
laya-score,1.9977,1
laya-score,1.998,1
laya-score,1.9981,3
laya-score,1.9983,1
laya-score,1.9984,1
laya-score,1.9986,1
laya-score,1.9987,2
laya-score,1.999,1
laya-score,1.9994,1
laya-score,1.9996,1
laya-score,1.9999,1
laya-score,2.0,1
laya-score,2.0004,1
laya-score,2.0007,1
laya-score,2.0008,1
laya-score,2.0013,3
laya-score,2.0014,2
laya-score,2.0018,1
laya-score,2.0021,1
laya-score,2.0022,1
laya-score,2.0023,1
laya-score,2.0028,1
laya-score,2.0031,2
laya-score,2.0032,1
laya-score,2.0033,1
laya-score,2.0036,1
laya-score,2.0037,1
laya-score,2.0041,1
laya-score,2.0042,1
laya-score,2.0043,2
laya-score,2.0046,1
laya-score,2.0052,2
laya-score,2.0054,1
laya-score,2.0055,1
laya-score,2.0059,2
laya-score,2.0062,2
laya-score,2.0063,2
laya-score,2.0064,1
laya-score,2.0066,1
laya-score,2.007,1
laya-score,2.0072,1
laya-score,2.0073,2
laya-score,2.0075,1
laya-score,2.0077,1
laya-score,2.0078,1
laya-score,2.0081,1
laya-score,2.0084,2
laya-score,2.0085,1
laya-score,2.0086,1
laya-score,2.0087,1
laya-score,2.0089,1
laya-score,2.0091,1
laya-score,2.0092,2
laya-score,2.0094,1
laya-score,2.0095,1
laya-score,2.0096,3
laya-score,2.0099,4
laya-score,2.01,2
laya-score,2.0101,1
laya-score,2.0103,2
laya-score,2.0104,2
laya-score,2.0105,1
laya-score,2.0107,2
laya-score,2.0108,2
laya-score,2.011,1
laya-score,2.0115,1
laya-score,2.012,2
laya-score,2.0122,1
laya-score,2.0123,1
laya-score,2.0127,1
laya-score,2.013,1
laya-score,2.0134,1
laya-score,2.0135,1
laya-score,2.0141,1
laya-score,2.0145,1
laya-score,2.0146,1
laya-score,2.015,2
laya-score,2.0152,1
laya-score,2.0156,3
laya-score,2.0158,1
laya-score,2.0162,1
laya-score,2.0167,1
laya-score,2.017,3
laya-score,2.0178,2
laya-score,2.018,1
laya-score,2.0184,2
laya-score,2.0188,1
laya-score,2.0189,1
laya-score,2.0192,1
laya-score,2.0194,2
laya-score,2.0198,1
laya-score,2.0199,2
laya-score,2.0204,1
laya-score,2.0208,1
laya-score,2.0211,1
laya-score,2.0213,1
laya-score,2.022,1
laya-score,2.0227,1
laya-score,2.023,1
laya-score,2.0233,1
laya-score,2.0234,2
laya-score,2.0236,1
laya-score,2.0237,2
laya-score,2.0238,1
laya-score,2.0242,1
laya-score,2.0243,1
laya-score,2.0244,1
laya-score,2.0249,1
laya-score,2.0251,1
laya-score,2.0253,1
laya-score,2.0258,1
laya-score,2.0259,1
laya-score,2.0261,1
laya-score,2.0262,1
laya-score,2.0264,1
laya-score,2.0266,1
laya-score,2.0267,1
laya-score,2.0268,1
laya-score,2.0269,2
laya-score,2.027,2
laya-score,2.0276,1
laya-score,2.028,4
laya-score,2.0283,1
laya-score,2.0285,1
laya-score,2.0286,1
laya-score,2.0287,1
laya-score,2.0288,1
laya-score,2.029,2
laya-score,2.0291,1
laya-score,2.0296,1
laya-score,2.0299,1
laya-score,2.03,2
laya-score,2.0303,2
laya-score,2.0304,1
laya-score,2.0309,1
laya-score,2.0311,1
laya-score,2.0313,1
laya-score,2.0315,1
laya-score,2.0319,1
laya-score,2.032,1
laya-score,2.0324,1
laya-score,2.0326,1
laya-score,2.0328,1
laya-score,2.0329,1
laya-score,2.0333,1
laya-score,2.0336,2
laya-score,2.0339,2
laya-score,2.034,3
laya-score,2.0343,2
laya-score,2.0345,1
laya-score,2.035,1
laya-score,2.0351,1
laya-score,2.0352,1
laya-score,2.0355,2
laya-score,2.0356,1
laya-score,2.0357,2
laya-score,2.036,1
laya-score,2.0361,1
laya-score,2.0363,1
laya-score,2.0364,1
laya-score,2.0365,2
laya-score,2.0367,1
laya-score,2.037,1
laya-score,2.0372,1
laya-score,2.0373,1
laya-score,2.0374,1
laya-score,2.0375,1
laya-score,2.0377,1
laya-score,2.0381,3
laya-score,2.0382,2
laya-score,2.0384,1
laya-score,2.0385,1
laya-score,2.0387,2
laya-score,2.0389,1
laya-score,2.0396,1
laya-score,2.0402,2
laya-score,2.0403,1
laya-score,2.0405,1
laya-score,2.0408,2
laya-score,2.0412,1
laya-score,2.0413,1
laya-score,2.0417,1
laya-score,2.0419,3
laya-score,2.042,1
laya-score,2.0422,1
laya-score,2.0423,1
laya-score,2.0424,1
laya-score,2.0425,1
laya-score,2.0427,2
laya-score,2.0429,3
laya-score,2.0431,1
laya-score,2.0438,1
laya-score,2.044,1
laya-score,2.0441,1
laya-score,2.0442,1
laya-score,2.0444,1
laya-score,2.0445,1
laya-score,2.0447,2
laya-score,2.0448,1
laya-score,2.0455,1
laya-score,2.0457,2
laya-score,2.0458,1
laya-score,2.046,1
laya-score,2.0461,2
laya-score,2.0466,1
laya-score,2.0469,1
laya-score,2.0473,1
laya-score,2.0474,2
laya-score,2.0476,3
laya-score,2.0478,2
laya-score,2.0479,3
laya-score,2.0482,1
laya-score,2.0488,1
laya-score,2.049,1
laya-score,2.0491,3
laya-score,2.0494,1
laya-score,2.0502,1
laya-score,2.0507,1
laya-score,2.0509,2
laya-score,2.051,1
laya-score,2.0511,2
laya-score,2.0513,2
laya-score,2.0515,1
laya-score,2.0517,1
laya-score,2.0518,2
laya-score,2.0523,1
laya-score,2.0532,1
laya-score,2.0534,1
laya-score,2.0536,1
laya-score,2.0537,2
laya-score,2.0538,1
laya-score,2.0539,3
laya-score,2.0542,1
laya-score,2.0545,1
laya-score,2.0551,1
laya-score,2.0552,1
laya-score,2.0553,1
laya-score,2.0557,1
laya-score,2.0559,1
laya-score,2.0561,1
laya-score,2.0562,1
laya-score,2.0563,1
laya-score,2.0565,1
laya-score,2.0566,1
laya-score,2.0568,1
laya-score,2.0569,2
laya-score,2.0572,1
laya-score,2.0574,1
laya-score,2.0575,1
laya-score,2.0577,1
laya-score,2.0578,1
laya-score,2.0581,3
laya-score,2.0587,3
laya-score,2.0588,1
laya-score,2.059,1
laya-score,2.0591,1
laya-score,2.0592,1
laya-score,2.0593,1
laya-score,2.0597,1
laya-score,2.0598,1
laya-score,2.0599,1
laya-score,2.06,1
laya-score,2.0603,1
laya-score,2.0604,2
laya-score,2.0609,1
laya-score,2.0612,1
laya-score,2.0618,2
laya-score,2.0619,1
laya-score,2.0623,1
laya-score,2.0624,1
laya-score,2.0627,1
laya-score,2.0628,1
laya-score,2.0629,1
laya-score,2.0633,1
laya-score,2.0636,1
laya-score,2.0637,1
laya-score,2.0639,1
laya-score,2.0641,1
laya-score,2.0642,1
laya-score,2.0648,1
laya-score,2.0649,1
laya-score,2.0654,1
laya-score,2.0657,1
laya-score,2.0662,1
laya-score,2.0663,1
laya-score,2.0665,1
laya-score,2.0666,1
laya-score,2.0669,1
laya-score,2.0673,2
laya-score,2.0681,1
laya-score,2.0682,1
laya-score,2.0686,1
laya-score,2.0688,1
laya-score,2.0692,1
laya-score,2.0695,1
laya-score,2.0705,1
laya-score,2.0716,1
laya-score,2.0717,1
laya-score,2.0718,1
laya-score,2.0719,1
laya-score,2.0722,2
laya-score,2.0725,1
laya-score,2.0726,1
laya-score,2.073,1
laya-score,2.0731,1
laya-score,2.0734,1
laya-score,2.0735,2
laya-score,2.0736,1
laya-score,2.0742,1
laya-score,2.0744,2
laya-score,2.075,2
laya-score,2.0751,1
laya-score,2.0754,1
laya-score,2.0755,3
laya-score,2.0757,1
laya-score,2.0758,1
laya-score,2.0761,1
laya-score,2.0772,1
laya-score,2.0773,2
laya-score,2.0776,1
laya-score,2.0778,1
laya-score,2.0779,1
laya-score,2.078,1
laya-score,2.0781,1
laya-score,2.0783,1
laya-score,2.0786,1
laya-score,2.079,2
laya-score,2.0793,2
laya-score,2.0794,1
laya-score,2.0797,1
laya-score,2.0798,3
laya-score,2.0802,1
laya-score,2.0804,1
laya-score,2.0806,2
laya-score,2.0812,2
laya-score,2.0813,1
laya-score,2.0814,1
laya-score,2.0816,1
laya-score,2.0821,1
laya-score,2.0823,1
laya-score,2.0824,1
laya-score,2.0827,1
laya-score,2.083,1
laya-score,2.0831,2
laya-score,2.0834,1
laya-score,2.0836,1
laya-score,2.0842,2
laya-score,2.0844,1
laya-score,2.0847,1
laya-score,2.0848,2
laya-score,2.0851,2
laya-score,2.0854,1
laya-score,2.0858,1
laya-score,2.086,1
laya-score,2.0867,1
laya-score,2.0869,1
laya-score,2.0871,1
laya-score,2.0873,1
laya-score,2.0874,2
laya-score,2.0875,1
laya-score,2.0877,1
laya-score,2.0878,1
laya-score,2.0881,1
laya-score,2.0884,1
laya-score,2.0887,1
laya-score,2.0888,2
laya-score,2.0891,1
laya-score,2.0892,1
laya-score,2.0893,1
laya-score,2.0895,1
laya-score,2.0899,3
laya-score,2.0905,1
laya-score,2.0911,1
laya-score,2.0912,2
laya-score,2.0915,1
laya-score,2.0916,1
laya-score,2.0918,1
laya-score,2.0919,1
laya-score,2.092,1
laya-score,2.0924,1
laya-score,2.0927,1
laya-score,2.0928,1
laya-score,2.0929,1
laya-score,2.0932,1
laya-score,2.0937,1
laya-score,2.0938,2
laya-score,2.0941,1
laya-score,2.0943,1
laya-score,2.0944,2
laya-score,2.0946,2
laya-score,2.0947,1
laya-score,2.0955,1
laya-score,2.0961,1
laya-score,2.0963,1
laya-score,2.0964,1
laya-score,2.0967,1
laya-score,2.0968,2
laya-score,2.0969,1
laya-score,2.0977,1
laya-score,2.0979,1
laya-score,2.0982,2
laya-score,2.0988,1
laya-score,2.0989,1
laya-score,2.099,1
laya-score,2.0993,1
laya-score,2.0996,1
laya-score,2.1004,1
laya-score,2.1006,3
laya-score,2.1008,1
laya-score,2.1009,2
laya-score,2.1016,1
laya-score,2.1019,1
laya-score,2.102,1
laya-score,2.1021,1
laya-score,2.1023,1
laya-score,2.1031,1
laya-score,2.1037,1
laya-score,2.1041,2
laya-score,2.1044,1
laya-score,2.1046,1
laya-score,2.1047,1
laya-score,2.1048,1
laya-score,2.1049,2
laya-score,2.1051,1
laya-score,2.1054,1
laya-score,2.1059,1
laya-score,2.1065,1
laya-score,2.107,1
laya-score,2.1072,1
laya-score,2.1074,1
laya-score,2.1078,2
laya-score,2.1079,2
laya-score,2.108,1
laya-score,2.1084,1
laya-score,2.1086,1
laya-score,2.109,1
laya-score,2.1092,1
laya-score,2.1096,1
laya-score,2.1097,1
laya-score,2.1099,2
laya-score,2.1103,2
laya-score,2.1112,1
laya-score,2.1116,2
laya-score,2.1118,1
laya-score,2.1119,1
laya-score,2.112,2
laya-score,2.1122,1
laya-score,2.1131,1
laya-score,2.1132,1
laya-score,2.1134,1
laya-score,2.1135,2
laya-score,2.1138,1
laya-score,2.1143,1
laya-score,2.115,1
laya-score,2.1153,1
laya-score,2.1154,1
laya-score,2.1157,1
laya-score,2.1159,2
laya-score,2.1162,1
laya-score,2.1164,1
laya-score,2.1168,1
laya-score,2.1169,2
laya-score,2.1171,2
laya-score,2.1173,2
laya-score,2.1175,2
laya-score,2.1176,1
laya-score,2.1178,2
laya-score,2.1179,1
laya-score,2.1181,1
laya-score,2.1182,1
laya-score,2.1186,2
laya-score,2.1188,1
laya-score,2.1192,1
laya-score,2.1197,1
laya-score,2.1198,3
laya-score,2.121,1
laya-score,2.1214,1
laya-score,2.1216,1
laya-score,2.1217,1
laya-score,2.1218,1
laya-score,2.1219,1
laya-score,2.1224,2
laya-score,2.1225,1
laya-score,2.1232,1
laya-score,2.1236,1
laya-score,2.124,1
laya-score,2.1241,1
laya-score,2.1244,1
laya-score,2.1245,2
laya-score,2.1254,2
laya-score,2.1258,3
laya-score,2.1262,1
laya-score,2.1267,1
laya-score,2.1273,1
laya-score,2.1276,1
laya-score,2.1277,1
laya-score,2.128,1
laya-score,2.1285,1
laya-score,2.1289,1
laya-score,2.1295,1
laya-score,2.1304,1
laya-score,2.1305,1
laya-score,2.1306,1
laya-score,2.1307,1
laya-score,2.131,1
laya-score,2.1313,1
laya-score,2.1316,1
laya-score,2.1317,1
laya-score,2.1318,1
laya-score,2.1323,1
laya-score,2.1328,1
laya-score,2.1334,1
laya-score,2.1336,2
laya-score,2.1339,1
laya-score,2.1342,1
laya-score,2.1343,1
laya-score,2.1346,1
laya-score,2.135,1
laya-score,2.1354,3
laya-score,2.1358,1
laya-score,2.1362,1
laya-score,2.1363,1
laya-score,2.1369,1
laya-score,2.1374,1
laya-score,2.1376,1
laya-score,2.1378,1
laya-score,2.138,2
laya-score,2.1382,1
laya-score,2.1383,1
laya-score,2.1384,1
laya-score,2.1385,1
laya-score,2.1393,1
laya-score,2.1398,1
laya-score,2.1399,2
laya-score,2.1403,1
laya-score,2.1417,1
laya-score,2.1418,1
laya-score,2.1419,2
laya-score,2.1421,2
laya-score,2.1423,1
laya-score,2.1425,1
laya-score,2.1426,1
laya-score,2.1428,1
laya-score,2.1435,1
laya-score,2.1436,1
laya-score,2.144,1
laya-score,2.1442,1
laya-score,2.1444,1
laya-score,2.1449,1
laya-score,2.1451,1
laya-score,2.1453,1
laya-score,2.1454,1
laya-score,2.1455,1
laya-score,2.1457,3
laya-score,2.1461,1
laya-score,2.1463,1
laya-score,2.1464,1
laya-score,2.1467,1
laya-score,2.147,2
laya-score,2.1471,1
laya-score,2.1474,1
laya-score,2.1475,1
laya-score,2.1477,1
laya-score,2.1478,1
laya-score,2.148,1
laya-score,2.1481,1
laya-score,2.1486,1
laya-score,2.1488,1
laya-score,2.1489,1
laya-score,2.149,1
laya-score,2.1495,1
laya-score,2.1499,1
laya-score,2.1502,1
laya-score,2.1503,1
laya-score,2.1504,1
laya-score,2.1505,1
laya-score,2.1506,1
laya-score,2.151,1
laya-score,2.1511,1
laya-score,2.1516,1
laya-score,2.1519,3
laya-score,2.1521,2
laya-score,2.1522,2
laya-score,2.1523,2
laya-score,2.1526,2
laya-score,2.1527,1
laya-score,2.1532,1
laya-score,2.1534,1
laya-score,2.1536,1
laya-score,2.1538,1
laya-score,2.1539,1
laya-score,2.1545,2
laya-score,2.1553,1
laya-score,2.1555,1
laya-score,2.1568,1
laya-score,2.1569,2
laya-score,2.1571,1
laya-score,2.1572,1
laya-score,2.1576,1
laya-score,2.1577,1
laya-score,2.1578,1
laya-score,2.1581,1
laya-score,2.1586,1
laya-score,2.1587,1
laya-score,2.1588,1
laya-score,2.159,1
laya-score,2.1594,1
laya-score,2.1598,1
laya-score,2.1602,1
laya-score,2.1603,1
laya-score,2.1605,1
laya-score,2.1615,1
laya-score,2.1617,1
laya-score,2.1618,1
laya-score,2.1622,2
laya-score,2.1628,1
laya-score,2.1637,1
laya-score,2.1639,1
laya-score,2.1646,1
laya-score,2.1656,1
laya-score,2.1658,1
laya-score,2.1661,1
laya-score,2.1666,1
laya-score,2.167,1
laya-score,2.1674,1
laya-score,2.1675,1
laya-score,2.1679,1
laya-score,2.1681,1
laya-score,2.1689,1
laya-score,2.169,1
laya-score,2.1692,2
laya-score,2.1693,1
laya-score,2.1695,2
laya-score,2.1697,1
laya-score,2.17,2
laya-score,2.1704,2
laya-score,2.1706,1
laya-score,2.1708,1
laya-score,2.1712,1
laya-score,2.1717,1
laya-score,2.1718,1
laya-score,2.1719,1
laya-score,2.1725,2
laya-score,2.1737,1
laya-score,2.1739,1
laya-score,2.1743,2
laya-score,2.1753,2
laya-score,2.1757,1
laya-score,2.1759,1
laya-score,2.1764,1
laya-score,2.1765,2
laya-score,2.1768,1
laya-score,2.1771,1
laya-score,2.1779,1
laya-score,2.1782,1
laya-score,2.1784,1
laya-score,2.1787,1
laya-score,2.1788,1
laya-score,2.179,1
laya-score,2.1792,2
laya-score,2.1794,1
laya-score,2.1795,1
laya-score,2.1797,2
laya-score,2.1801,1
laya-score,2.1807,1
laya-score,2.1815,1
laya-score,2.1818,1
laya-score,2.1819,1
laya-score,2.182,1
laya-score,2.1821,1
laya-score,2.1822,1
laya-score,2.1825,1
laya-score,2.183,2
laya-score,2.1832,1
laya-score,2.1834,1
laya-score,2.1848,1
laya-score,2.1854,2
laya-score,2.1856,1
laya-score,2.1868,1
laya-score,2.1869,1
laya-score,2.187,1
laya-score,2.1872,1
laya-score,2.1873,2
laya-score,2.1877,1
laya-score,2.1881,1
laya-score,2.1886,3
laya-score,2.1889,1
laya-score,2.1892,1
laya-score,2.1893,1
laya-score,2.1894,1
laya-score,2.1895,1
laya-score,2.1901,1
laya-score,2.1903,1
laya-score,2.1904,1
laya-score,2.1905,2
laya-score,2.1913,1
laya-score,2.1915,1
laya-score,2.1918,1
laya-score,2.1922,2
laya-score,2.1923,1
laya-score,2.1924,2
laya-score,2.1926,1
laya-score,2.1933,1
laya-score,2.1934,2
laya-score,2.1944,1
laya-score,2.1945,1
laya-score,2.1949,1
laya-score,2.1959,1
laya-score,2.1965,1
laya-score,2.1967,1
laya-score,2.1971,1
laya-score,2.1972,2
laya-score,2.1978,1
laya-score,2.1979,1
laya-score,2.1988,1
laya-score,2.199,1
laya-score,2.1999,1
laya-score,2.2008,1
laya-score,2.201,1
laya-score,2.2011,1
laya-score,2.2014,1
laya-score,2.2017,1
laya-score,2.202,1
laya-score,2.2025,1
laya-score,2.2046,1
laya-score,2.2048,1
laya-score,2.2049,1
laya-score,2.2052,1
laya-score,2.2055,1
laya-score,2.2059,1
laya-score,2.2063,1
laya-score,2.2064,1
laya-score,2.2066,1
laya-score,2.207,1
laya-score,2.2073,1
laya-score,2.2075,1
laya-score,2.208,1
laya-score,2.2082,1
laya-score,2.2089,1
laya-score,2.2094,1
laya-score,2.2096,1
laya-score,2.2098,1
laya-score,2.2099,1
laya-score,2.2102,1
laya-score,2.2107,1
laya-score,2.2109,1
laya-score,2.2113,1
laya-score,2.2122,1
laya-score,2.2124,1
laya-score,2.2128,1
laya-score,2.2129,1
laya-score,2.2142,1
laya-score,2.2155,1
laya-score,2.2156,1
laya-score,2.2159,1
laya-score,2.2164,1
laya-score,2.2167,1
laya-score,2.217,1
laya-score,2.2176,1
laya-score,2.2182,1
laya-score,2.2192,1
laya-score,2.2198,1
laya-score,2.2202,1
laya-score,2.2211,1
laya-score,2.2216,1
laya-score,2.2223,1
laya-score,2.2227,1
laya-score,2.223,3
laya-score,2.2234,1
laya-score,2.2237,1
laya-score,2.2243,1
laya-score,2.2254,1
laya-score,2.2255,1
laya-score,2.226,1
laya-score,2.2262,1
laya-score,2.2267,1
laya-score,2.2274,1
laya-score,2.2277,1
laya-score,2.2287,2
laya-score,2.2292,1
laya-score,2.2293,1
laya-score,2.2299,1
laya-score,2.2301,1
laya-score,2.2305,1
laya-score,2.2312,1
laya-score,2.2313,1
laya-score,2.2314,1
laya-score,2.2315,1
laya-score,2.2318,2
laya-score,2.2321,1
laya-score,2.2324,1
laya-score,2.2325,2
laya-score,2.2326,1
laya-score,2.2328,2
laya-score,2.2329,1
laya-score,2.2332,1
laya-score,2.2338,1
laya-score,2.2341,1
laya-score,2.2343,2
laya-score,2.2346,1
laya-score,2.2351,1
laya-score,2.2352,1
laya-score,2.2353,1
laya-score,2.2363,1
laya-score,2.2368,2
laya-score,2.2369,1
laya-score,2.2371,1
laya-score,2.2372,1
laya-score,2.2373,3
laya-score,2.2381,1
laya-score,2.2383,1
laya-score,2.2384,1
laya-score,2.2387,1
laya-score,2.2393,2
laya-score,2.2396,1
laya-score,2.2399,1
laya-score,2.2406,2
laya-score,2.2409,3
laya-score,2.2415,2
laya-score,2.2425,1
laya-score,2.2438,1
laya-score,2.244,1
laya-score,2.2441,1
laya-score,2.2442,1
laya-score,2.2443,1
laya-score,2.2444,2
laya-score,2.2446,1
laya-score,2.2447,1
laya-score,2.2452,1
laya-score,2.2456,1
laya-score,2.2463,1
laya-score,2.2467,1
laya-score,2.2474,1
laya-score,2.2477,1
laya-score,2.2482,1
laya-score,2.2484,1
laya-score,2.2485,1
laya-score,2.249,1
laya-score,2.2497,2
laya-score,2.2498,1
laya-score,2.2504,1
laya-score,2.2506,2
laya-score,2.2513,1
laya-score,2.2516,1
laya-score,2.2522,1
laya-score,2.2523,1
laya-score,2.2524,1
laya-score,2.2525,1
laya-score,2.2528,1
laya-score,2.2537,1
laya-score,2.2544,1
laya-score,2.2546,1
laya-score,2.2552,1
laya-score,2.2553,1
laya-score,2.2558,1
laya-score,2.2566,1
laya-score,2.2569,1
laya-score,2.2581,1
laya-score,2.2584,1
laya-score,2.259,1
laya-score,2.2592,1
laya-score,2.2596,1
laya-score,2.2609,1
laya-score,2.2615,2
laya-score,2.2629,1
laya-score,2.2633,1
laya-score,2.2637,1
laya-score,2.2659,2
laya-score,2.266,1
laya-score,2.2661,1
laya-score,2.2663,1
laya-score,2.2671,1
laya-score,2.2673,1
laya-score,2.2678,1
laya-score,2.2682,1
laya-score,2.2691,1
laya-score,2.2696,1
laya-score,2.2697,1
laya-score,2.2707,1
laya-score,2.2708,1
laya-score,2.271,3
laya-score,2.2728,1
laya-score,2.2738,1
laya-score,2.2741,2
laya-score,2.2746,1
laya-score,2.2747,1
laya-score,2.2756,1
laya-score,2.2767,1
laya-score,2.2768,1
laya-score,2.2769,1
laya-score,2.2773,1
laya-score,2.278,1
laya-score,2.2781,1
laya-score,2.2783,1
laya-score,2.2796,1
laya-score,2.2804,1
laya-score,2.2806,1
laya-score,2.2808,1
laya-score,2.2811,2
laya-score,2.2816,1
laya-score,2.2817,3
laya-score,2.2821,1
laya-score,2.2822,1
laya-score,2.2833,1
laya-score,2.2837,1
laya-score,2.2839,1
laya-score,2.2843,1
laya-score,2.285,1
laya-score,2.2852,1
laya-score,2.2853,1
laya-score,2.2855,1
laya-score,2.2866,1
laya-score,2.2868,2
laya-score,2.287,2
laya-score,2.2874,1
laya-score,2.2879,1
laya-score,2.288,1
laya-score,2.2899,1
laya-score,2.2905,1
laya-score,2.2907,2
laya-score,2.2915,1
laya-score,2.292,2
laya-score,2.2921,1
laya-score,2.2922,1
laya-score,2.2931,1
laya-score,2.2932,1
laya-score,2.2933,1
laya-score,2.2939,1
laya-score,2.2941,1
laya-score,2.2943,1
laya-score,2.2953,1
laya-score,2.2954,2
laya-score,2.297,1
laya-score,2.2971,1
laya-score,2.2977,1
laya-score,2.2982,1
laya-score,2.299,1
laya-score,2.2991,1
laya-score,2.2992,1
laya-score,2.2994,1
laya-score,2.3001,1
laya-score,2.3002,1
laya-score,2.3003,1
laya-score,2.3014,1
laya-score,2.3018,1
laya-score,2.3019,1
laya-score,2.3022,1
laya-score,2.3031,1
laya-score,2.3032,1
laya-score,2.3035,1
laya-score,2.304,1
laya-score,2.305,1
laya-score,2.3053,2
laya-score,2.3054,2
laya-score,2.3057,1
laya-score,2.3058,1
laya-score,2.3061,3
laya-score,2.3065,1
laya-score,2.3068,1
laya-score,2.3069,2
laya-score,2.3073,2
laya-score,2.308,1
laya-score,2.3089,1
laya-score,2.3091,1
laya-score,2.3099,1
laya-score,2.3101,1
laya-score,2.3102,1
laya-score,2.3103,1
laya-score,2.3112,1
laya-score,2.3124,1
laya-score,2.3125,1
laya-score,2.3128,1
laya-score,2.3129,1
laya-score,2.3145,1
laya-score,2.3149,1
laya-score,2.315,1
laya-score,2.3153,1
laya-score,2.3155,1
laya-score,2.3159,1
laya-score,2.3162,1
laya-score,2.3163,1
laya-score,2.3164,1
laya-score,2.3166,1
laya-score,2.3174,2
laya-score,2.3175,1
laya-score,2.3177,2
laya-score,2.3182,2
laya-score,2.3184,1
laya-score,2.319,1
laya-score,2.3201,1
laya-score,2.3202,1
laya-score,2.3203,1
laya-score,2.3209,1
laya-score,2.3223,1
laya-score,2.323,1
laya-score,2.3242,2
laya-score,2.3243,1
laya-score,2.3245,1
laya-score,2.3246,1
laya-score,2.3254,1
laya-score,2.3255,1
laya-score,2.3259,1
laya-score,2.3268,1
laya-score,2.327,1
laya-score,2.3275,2
laya-score,2.3277,1
laya-score,2.3281,1
laya-score,2.3282,1
laya-score,2.3283,1
laya-score,2.3287,1
laya-score,2.3289,1
laya-score,2.3299,1
laya-score,2.3302,1
laya-score,2.3305,1
laya-score,2.331,1
laya-score,2.3315,2
laya-score,2.3319,1
laya-score,2.332,1
laya-score,2.3342,1
laya-score,2.3344,1
laya-score,2.3347,1
laya-score,2.3354,1
laya-score,2.3358,1
laya-score,2.336,2
laya-score,2.3364,1
laya-score,2.337,1
laya-score,2.3374,1
laya-score,2.3375,2
laya-score,2.3376,1
laya-score,2.3377,1
laya-score,2.3384,1
laya-score,2.339,1
laya-score,2.3393,1
laya-score,2.3395,1
laya-score,2.3398,1
laya-score,2.3399,1
laya-score,2.3414,1
laya-score,2.3417,1
laya-score,2.3421,1
laya-score,2.3422,1
laya-score,2.3423,1
laya-score,2.3425,1
laya-score,2.3426,1
laya-score,2.343,1
laya-score,2.3431,1
laya-score,2.3436,1
laya-score,2.3442,2
laya-score,2.3447,2
laya-score,2.3452,1
laya-score,2.3453,1
laya-score,2.3469,1
laya-score,2.347,1
laya-score,2.3483,1
laya-score,2.3486,1
laya-score,2.3488,1
laya-score,2.3491,1
laya-score,2.3492,1
laya-score,2.3497,1
laya-score,2.3501,2
laya-score,2.3503,1
laya-score,2.3504,1
laya-score,2.3508,2
laya-score,2.3511,1
laya-score,2.3514,1
laya-score,2.3515,1
laya-score,2.3518,1
laya-score,2.3523,1
laya-score,2.3526,1
laya-score,2.3529,1
laya-score,2.353,1
laya-score,2.354,1
laya-score,2.3546,1
laya-score,2.3547,1
laya-score,2.3548,1
laya-score,2.3551,1
laya-score,2.3558,1
laya-score,2.356,1
laya-score,2.3561,1
laya-score,2.3565,1
laya-score,2.3583,1
laya-score,2.3586,1
laya-score,2.3587,1
laya-score,2.3596,1
laya-score,2.3597,1
laya-score,2.3599,1
laya-score,2.3601,1
laya-score,2.3603,2
laya-score,2.361,1
laya-score,2.3613,1
laya-score,2.3623,1
laya-score,2.3633,1
laya-score,2.3648,1
laya-score,2.3651,1
laya-score,2.3656,1
laya-score,2.3659,2
laya-score,2.3671,1
laya-score,2.3674,1
laya-score,2.368,1
laya-score,2.3682,2
laya-score,2.3694,1
laya-score,2.37,1
laya-score,2.3705,3
laya-score,2.373,1
laya-score,2.3743,1
laya-score,2.3754,1
laya-score,2.3763,2
laya-score,2.3775,1
laya-score,2.3776,1
laya-score,2.3779,1
laya-score,2.3786,1
laya-score,2.3788,1
laya-score,2.3792,1
laya-score,2.3794,1
laya-score,2.3796,1
laya-score,2.38,1
laya-score,2.3803,1
laya-score,2.3806,1
laya-score,2.3819,2
laya-score,2.3822,1
laya-score,2.3824,1
laya-score,2.3827,2
laya-score,2.3829,1
laya-score,2.3832,1
laya-score,2.3837,1
laya-score,2.3838,1
laya-score,2.3848,1
laya-score,2.3854,1
laya-score,2.3877,1
laya-score,2.3879,1
laya-score,2.3885,2
laya-score,2.3888,2
laya-score,2.3892,1
laya-score,2.3896,1
laya-score,2.3898,1
laya-score,2.3904,1
laya-score,2.3907,1
laya-score,2.3921,1
laya-score,2.3923,2
laya-score,2.3925,1
laya-score,2.3928,1
laya-score,2.3934,1
laya-score,2.3937,1
laya-score,2.3948,1
laya-score,2.3962,1
laya-score,2.3964,2
laya-score,2.3966,1
laya-score,2.3973,1
laya-score,2.3976,2
laya-score,2.3981,1
laya-score,2.3982,1
laya-score,2.399,2
laya-score,2.4002,1
laya-score,2.4003,1
laya-score,2.4014,1
laya-score,2.4015,1
laya-score,2.4022,2
laya-score,2.4024,1
laya-score,2.4025,1
laya-score,2.4029,1
laya-score,2.4034,1
laya-score,2.4042,2
laya-score,2.4053,1
laya-score,2.4058,1
laya-score,2.4059,1
laya-score,2.4062,3
laya-score,2.4063,1
laya-score,2.4069,1
laya-score,2.4081,2
laya-score,2.4084,2
laya-score,2.4091,1
laya-score,2.4098,1
laya-score,2.4101,1
laya-score,2.4105,1
laya-score,2.4129,1
laya-score,2.4139,1
laya-score,2.4146,1
laya-score,2.4147,1
laya-score,2.4148,1
laya-score,2.4149,1
laya-score,2.415,1
laya-score,2.416,1
laya-score,2.4167,1
laya-score,2.4169,1
laya-score,2.4171,1
laya-score,2.4173,1
laya-score,2.4176,1
laya-score,2.418,1
laya-score,2.4183,2
laya-score,2.4187,1
laya-score,2.419,1
laya-score,2.4191,1
laya-score,2.4197,1
laya-score,2.42,1
laya-score,2.4205,1
laya-score,2.4212,1
laya-score,2.4213,1
laya-score,2.4225,2
laya-score,2.4226,1
laya-score,2.4227,1
laya-score,2.4228,2
laya-score,2.4232,1
laya-score,2.4241,1
laya-score,2.4258,1
laya-score,2.4259,2
laya-score,2.4261,1
laya-score,2.4267,1
laya-score,2.4276,1
laya-score,2.4277,1
laya-score,2.428,1
laya-score,2.4301,1
laya-score,2.4304,1
laya-score,2.4308,1
laya-score,2.4314,1
laya-score,2.4323,1
laya-score,2.4324,1
laya-score,2.4325,1
laya-score,2.4328,1
laya-score,2.4331,1
laya-score,2.4335,1
laya-score,2.4337,1
laya-score,2.4345,1
laya-score,2.4348,1
laya-score,2.4349,1
laya-score,2.4351,1
laya-score,2.4352,2
laya-score,2.4353,1
laya-score,2.4357,1
laya-score,2.4359,1
laya-score,2.4362,1
laya-score,2.4368,1
laya-score,2.4375,1
laya-score,2.4379,1
laya-score,2.4381,1
laya-score,2.4383,1
laya-score,2.4388,1
laya-score,2.4396,1
laya-score,2.4425,1
laya-score,2.4438,1
laya-score,2.4449,1
laya-score,2.4464,1
laya-score,2.4466,1
laya-score,2.4467,1
laya-score,2.4485,1
laya-score,2.4486,1
laya-score,2.45,1
laya-score,2.4507,1
laya-score,2.451,2
laya-score,2.4521,2
laya-score,2.4526,1
laya-score,2.4536,1
laya-score,2.4554,1
laya-score,2.4562,1
laya-score,2.4565,1
laya-score,2.4567,2
laya-score,2.4573,1
laya-score,2.4576,1
laya-score,2.4582,1
laya-score,2.4588,1
laya-score,2.4592,1
laya-score,2.4594,1
laya-score,2.4608,1
laya-score,2.4614,1
laya-score,2.4618,1
laya-score,2.4621,1
laya-score,2.4626,1
laya-score,2.4627,1
laya-score,2.4635,1
laya-score,2.4637,1
laya-score,2.4638,1
laya-score,2.4643,1
laya-score,2.4645,1
laya-score,2.4657,1
laya-score,2.466,1
laya-score,2.4662,1
laya-score,2.4665,1
laya-score,2.467,1
laya-score,2.4688,1
laya-score,2.4691,1
laya-score,2.4695,1
laya-score,2.4697,1
laya-score,2.4701,1
laya-score,2.4708,1
laya-score,2.4713,1
laya-score,2.4716,1
laya-score,2.4736,1
laya-score,2.4738,1
laya-score,2.4741,1
laya-score,2.4752,1
laya-score,2.4758,1
laya-score,2.4759,1
laya-score,2.4761,1
laya-score,2.4763,1
laya-score,2.4765,1
laya-score,2.4766,1
laya-score,2.4769,1
laya-score,2.477,1
laya-score,2.4778,1
laya-score,2.4779,1
laya-score,2.4784,1
laya-score,2.4788,1
laya-score,2.4802,1
laya-score,2.481,1
laya-score,2.4811,1
laya-score,2.4828,1
laya-score,2.483,1
laya-score,2.4835,1
laya-score,2.4853,1
laya-score,2.4857,1
laya-score,2.4858,1
laya-score,2.486,1
laya-score,2.4865,1
laya-score,2.4869,1
laya-score,2.487,2
laya-score,2.4871,1
laya-score,2.4872,2
laya-score,2.4887,1
laya-score,2.4889,1
laya-score,2.489,1
laya-score,2.4893,1
laya-score,2.4897,1
laya-score,2.4925,1
laya-score,2.4933,1
laya-score,2.4935,2
laya-score,2.4944,1
laya-score,2.4945,1
laya-score,2.4948,1
laya-score,2.4953,1
laya-score,2.4959,1
laya-score,2.4963,1
laya-score,2.4964,1
laya-score,2.4967,1
laya-score,2.4971,1
laya-score,2.4974,1
laya-score,2.4976,2
laya-score,2.4979,1
laya-score,2.498,1
laya-score,2.4988,1
laya-score,2.5015,2
laya-score,2.5016,1
laya-score,2.5023,1
laya-score,2.5029,1
laya-score,2.5056,1
laya-score,2.5057,1
laya-score,2.5058,1
laya-score,2.506,1
laya-score,2.5063,1
laya-score,2.5065,1
laya-score,2.5074,1
laya-score,2.5081,1
laya-score,2.5093,2
laya-score,2.5094,1
laya-score,2.5095,1
laya-score,2.5097,1
laya-score,2.51,1
laya-score,2.5102,1
laya-score,2.5103,1
laya-score,2.5109,1
laya-score,2.511,1
laya-score,2.5115,1
laya-score,2.5118,1
laya-score,2.5129,1
laya-score,2.5135,1
laya-score,2.5141,1
laya-score,2.5143,1
laya-score,2.5152,1
laya-score,2.5155,1
laya-score,2.5162,1
laya-score,2.5173,1
laya-score,2.5193,1
laya-score,2.5202,1
laya-score,2.5219,1
laya-score,2.5224,1
laya-score,2.5236,1
laya-score,2.5241,2
laya-score,2.5248,1
laya-score,2.5255,1
laya-score,2.5256,1
laya-score,2.5273,1
laya-score,2.5278,1
laya-score,2.529,1
laya-score,2.5297,1
laya-score,2.5304,1
laya-score,2.5309,1
laya-score,2.5312,3
laya-score,2.5317,1
laya-score,2.5323,1
laya-score,2.5327,1
laya-score,2.5328,1
laya-score,2.5329,1
laya-score,2.5334,1
laya-score,2.5335,1
laya-score,2.5336,1
laya-score,2.5337,1
laya-score,2.5344,1
laya-score,2.5355,1
laya-score,2.5356,1
laya-score,2.5366,2
laya-score,2.5368,1
laya-score,2.5379,1
laya-score,2.5394,1
laya-score,2.5409,1
laya-score,2.5417,1
laya-score,2.5424,1
laya-score,2.5437,1
laya-score,2.5448,1
laya-score,2.5449,1
laya-score,2.5455,1
laya-score,2.5462,1
laya-score,2.5466,1
laya-score,2.547,1
laya-score,2.5474,1
laya-score,2.5481,1
laya-score,2.5486,2
laya-score,2.5499,1
laya-score,2.5503,2
laya-score,2.5506,1
laya-score,2.5507,2
laya-score,2.551,1
laya-score,2.5519,1
laya-score,2.5571,1
laya-score,2.5591,1
laya-score,2.5594,1
laya-score,2.5595,1
laya-score,2.5602,1
laya-score,2.5604,1
laya-score,2.562,1
laya-score,2.5629,1
laya-score,2.563,1
laya-score,2.5631,1
laya-score,2.5638,1
laya-score,2.5641,1
laya-score,2.5645,1
laya-score,2.5658,1
laya-score,2.5659,1
laya-score,2.5669,1
laya-score,2.5691,1
laya-score,2.5694,1
laya-score,2.5719,1
laya-score,2.5729,1
laya-score,2.5745,1
laya-score,2.5755,1
laya-score,2.5767,1
laya-score,2.5772,1
laya-score,2.5777,1
laya-score,2.5778,1
laya-score,2.5785,1
laya-score,2.5791,1
laya-score,2.5793,1
laya-score,2.5794,1
laya-score,2.58,1
laya-score,2.5833,1
laya-score,2.5847,1
laya-score,2.5865,1
laya-score,2.587,1
laya-score,2.5876,1
laya-score,2.5882,1
laya-score,2.589,1
laya-score,2.5894,1
laya-score,2.5895,1
laya-score,2.5897,1
laya-score,2.5904,2
laya-score,2.5911,1
laya-score,2.593,1
laya-score,2.5931,1
laya-score,2.5942,1
laya-score,2.5949,1
laya-score,2.5951,1
laya-score,2.5975,1
laya-score,2.5979,1
laya-score,2.5981,1
laya-score,2.6001,1
laya-score,2.6008,1
laya-score,2.6014,1
laya-score,2.6027,2
laya-score,2.6028,1
laya-score,2.6032,1
laya-score,2.6045,1
laya-score,2.6049,1
laya-score,2.6066,1
laya-score,2.6079,1
laya-score,2.6085,1
laya-score,2.6096,2
laya-score,2.6111,1
laya-score,2.6115,1
laya-score,2.6116,1
laya-score,2.6119,2
laya-score,2.6135,1
laya-score,2.6137,1
laya-score,2.6141,1
laya-score,2.6142,1
laya-score,2.615,1
laya-score,2.616,2
laya-score,2.6167,1
laya-score,2.6173,1
laya-score,2.6175,1
laya-score,2.6188,1
laya-score,2.6194,1
laya-score,2.6198,1
laya-score,2.6201,1
laya-score,2.6202,1
laya-score,2.6211,1
laya-score,2.6227,1
laya-score,2.623,1
laya-score,2.6257,1
laya-score,2.6269,1
laya-score,2.6281,1
laya-score,2.6292,1
laya-score,2.6294,1
laya-score,2.63,1
laya-score,2.6306,1
laya-score,2.6325,1
laya-score,2.633,1
laya-score,2.6331,1
laya-score,2.6334,1
laya-score,2.6344,1
laya-score,2.635,2
laya-score,2.6354,1
laya-score,2.6356,1
laya-score,2.636,1
laya-score,2.6363,1
laya-score,2.6371,1
laya-score,2.6373,1
laya-score,2.6376,1
laya-score,2.6389,1
laya-score,2.6409,1
laya-score,2.6416,1
laya-score,2.6427,1
laya-score,2.6435,1
laya-score,2.6445,1
laya-score,2.6464,1
laya-score,2.6469,2
laya-score,2.6481,1
laya-score,2.6487,1
laya-score,2.6491,1
laya-score,2.6497,1
laya-score,2.6505,1
laya-score,2.6518,1
laya-score,2.6523,1
laya-score,2.653,1
laya-score,2.6532,1
laya-score,2.6536,1
laya-score,2.6542,1
laya-score,2.6554,1
laya-score,2.6556,1
laya-score,2.657,1
laya-score,2.6576,1
laya-score,2.6596,1
laya-score,2.6597,1
laya-score,2.6606,1
laya-score,2.6613,1
laya-score,2.6616,1
laya-score,2.6618,1
laya-score,2.6628,1
laya-score,2.6634,1
laya-score,2.6659,1
laya-score,2.6662,1
laya-score,2.6664,1
laya-score,2.6667,1
laya-score,2.6684,1
laya-score,2.6685,1
laya-score,2.67,1
laya-score,2.6713,1
laya-score,2.6715,1
laya-score,2.6718,1
laya-score,2.6729,1
laya-score,2.6731,1
laya-score,2.6734,1
laya-score,2.6737,1
laya-score,2.6739,1
laya-score,2.6769,1
laya-score,2.6778,1
laya-score,2.6785,1
laya-score,2.6795,1
laya-score,2.6798,1
laya-score,2.68,1
laya-score,2.6808,1
laya-score,2.6813,1
laya-score,2.6815,1
laya-score,2.6816,1
laya-score,2.6819,1
laya-score,2.6828,1
laya-score,2.6875,1
laya-score,2.6884,1
laya-score,2.6885,1
laya-score,2.691,1
laya-score,2.6914,1
laya-score,2.6916,1
laya-score,2.6936,1
laya-score,2.6977,1
laya-score,2.6991,1
laya-score,2.6992,1
laya-score,2.6999,1
laya-score,2.7,1
laya-score,2.7006,1
laya-score,2.7015,1
laya-score,2.704,1
laya-score,2.7048,1
laya-score,2.7056,1
laya-score,2.7066,1
laya-score,2.7068,1
laya-score,2.7081,1
laya-score,2.7093,1
laya-score,2.7101,1
laya-score,2.7102,1
laya-score,2.7109,1
laya-score,2.7124,2
laya-score,2.7129,1
laya-score,2.7139,1
laya-score,2.7147,1
laya-score,2.7152,1
laya-score,2.7188,1
laya-score,2.7201,1
laya-score,2.7212,1
laya-score,2.7213,1
laya-score,2.7214,1
laya-score,2.7217,1
laya-score,2.7221,2
laya-score,2.7229,1
laya-score,2.7259,1
laya-score,2.7265,1
laya-score,2.7269,1
laya-score,2.7282,1
laya-score,2.7315,1
laya-score,2.7318,1
laya-score,2.734,1
laya-score,2.735,1
laya-score,2.7368,1
laya-score,2.7371,1
laya-score,2.7382,1
laya-score,2.7396,1
laya-score,2.7398,1
laya-score,2.7431,1
laya-score,2.7432,2
laya-score,2.7433,1
laya-score,2.7436,1
laya-score,2.7467,1
laya-score,2.747,1
laya-score,2.7472,1
laya-score,2.7474,1
laya-score,2.7515,2
laya-score,2.752,1
laya-score,2.7543,1
laya-score,2.7555,1
laya-score,2.7565,1
laya-score,2.7568,1
laya-score,2.7593,1
laya-score,2.7598,1
laya-score,2.7601,1
laya-score,2.7626,1
laya-score,2.763,1
laya-score,2.7631,1
laya-score,2.7659,1
laya-score,2.7669,1
laya-score,2.7672,1
laya-score,2.7698,2
laya-score,2.77,1
laya-score,2.7704,1
laya-score,2.7706,1
laya-score,2.7714,1
laya-score,2.7726,1
laya-score,2.7746,1
laya-score,2.7747,1
laya-score,2.7762,2
laya-score,2.7767,1
laya-score,2.7787,1
laya-score,2.7792,2
laya-score,2.7795,1
laya-score,2.7796,1
laya-score,2.7799,1
laya-score,2.7804,1
laya-score,2.7824,1
laya-score,2.785,1
laya-score,2.7894,1
laya-score,2.7907,1
laya-score,2.7935,1
laya-score,2.7949,1
laya-score,2.7965,1
laya-score,2.7968,1
laya-score,2.7994,1
laya-score,2.8005,1
laya-score,2.8007,1
laya-score,2.8042,1
laya-score,2.8043,1
laya-score,2.8051,2
laya-score,2.8053,1
laya-score,2.8059,1
laya-score,2.8085,1
laya-score,2.8103,2
laya-score,2.8114,1
laya-score,2.8135,1
laya-score,2.8147,1
laya-score,2.8171,1
laya-score,2.8174,1
laya-score,2.8176,1
laya-score,2.8193,2
laya-score,2.8218,1
laya-score,2.8236,1
laya-score,2.8247,1
laya-score,2.8264,1
laya-score,2.8288,2
laya-score,2.8292,1
laya-score,2.8313,1
laya-score,2.8345,1
laya-score,2.8352,1
laya-score,2.8357,1
laya-score,2.8378,1
laya-score,2.8379,1
laya-score,2.8391,1
laya-score,2.8392,1
laya-score,2.8398,1
laya-score,2.8402,1
laya-score,2.8411,1
laya-score,2.8419,1
laya-score,2.8425,1
laya-score,2.8435,1
laya-score,2.8453,1
laya-score,2.8458,1
laya-score,2.8473,1
laya-score,2.8482,1
laya-score,2.849,1
laya-score,2.8501,1
laya-score,2.8502,1
laya-score,2.8513,1
laya-score,2.8529,1
laya-score,2.8532,2
laya-score,2.8563,1
laya-score,2.8614,1
laya-score,2.862,1
laya-score,2.8634,2
laya-score,2.8645,1
laya-score,2.8648,1
laya-score,2.8654,1
laya-score,2.8667,1
laya-score,2.8685,1
laya-score,2.8686,1
laya-score,2.8694,1
laya-score,2.8704,1
laya-score,2.8716,1
laya-score,2.8725,2
laya-score,2.8738,2
laya-score,2.8746,1
laya-score,2.8747,1
laya-score,2.8748,1
laya-score,2.8768,1
laya-score,2.877,1
laya-score,2.8773,1
laya-score,2.8797,1
laya-score,2.8798,1
laya-score,2.8814,1
laya-score,2.8819,1
laya-score,2.8821,1
laya-score,2.8822,1
laya-score,2.8831,1
laya-score,2.8843,1
laya-score,2.8867,1
laya-score,2.8877,1
laya-score,2.8893,1
laya-score,2.8902,1
laya-score,2.8912,1
laya-score,2.8943,1
laya-score,2.8956,1
laya-score,2.8972,1
laya-score,2.8985,1
laya-score,2.9031,1
laya-score,2.9032,1
laya-score,2.9111,1
laya-score,2.9116,1
laya-score,2.9135,1
laya-score,2.9137,1
laya-score,2.9168,1
laya-score,2.9187,1
laya-score,2.9195,1
laya-score,2.9196,1
laya-score,2.9215,1
laya-score,2.9231,1
laya-score,2.9233,1
laya-score,2.9247,1
laya-score,2.9273,1
laya-score,2.928,1
laya-score,2.929,1
laya-score,2.9293,2
laya-score,2.9299,1
laya-score,2.93,1
laya-score,2.9332,1
laya-score,2.9364,1
laya-score,2.9381,1
laya-score,2.9411,1
laya-score,2.9442,2
laya-score,2.9458,1
laya-score,2.9464,1
laya-score,2.9495,1
laya-score,2.9533,1
laya-score,2.955,1
laya-score,2.9625,1
laya-score,2.9655,1
laya-score,2.9664,1
laya-score,2.9675,1
laya-score,2.9682,1
laya-score,2.9714,1
laya-score,2.9716,1
laya-score,2.9724,2
laya-score,2.9733,1
laya-score,2.9773,1
laya-score,2.9779,1
laya-score,2.9817,1
laya-score,2.983,1
laya-score,2.9859,1
laya-score,2.9879,1
laya-score,2.9887,1
laya-score,2.989,1
laya-score,2.9892,1
laya-score,2.9894,1
laya-score,2.9897,1
laya-score,2.995,1
laya-score,3.0011,1
laya-score,3.0018,1
laya-score,3.0061,1
laya-score,3.0064,1
laya-score,3.0068,1
laya-score,3.0076,1
laya-score,3.0104,1
laya-score,3.0107,1
laya-score,3.0145,1
laya-score,3.0148,1
laya-score,3.023,1
laya-score,3.0282,1
laya-score,3.0286,1
laya-score,3.0312,1
laya-score,3.0348,1
laya-score,3.037,2
laya-score,3.0407,1
laya-score,3.0412,1
laya-score,3.0448,1
laya-score,3.0494,1
laya-score,3.0501,1
laya-score,3.0506,1
laya-score,3.0551,1
laya-score,3.0559,1
laya-score,3.0583,1
laya-score,3.0588,1
laya-score,3.0589,1
laya-score,3.0602,1
laya-score,3.062,1
laya-score,3.0621,1
laya-score,3.0631,1
laya-score,3.0659,1
laya-score,3.0661,1
laya-score,3.0662,1
laya-score,3.0699,1
laya-score,3.0724,1
laya-score,3.0739,1
laya-score,3.0799,1
laya-score,3.0839,1
laya-score,3.0871,1
laya-score,3.0875,1
laya-score,3.0906,1
laya-score,3.092,1
laya-score,3.0989,1
laya-score,3.1021,1
laya-score,3.106,1
laya-score,3.1062,1
laya-score,3.1135,1
laya-score,3.1173,1
laya-score,3.1183,1
laya-score,3.1192,1
laya-score,3.1217,1
laya-score,3.1251,1
laya-score,3.135,1
laya-score,3.1376,1
laya-score,3.1411,1
laya-score,3.1591,1
laya-score,3.1611,1
laya-score,3.1634,1
laya-score,3.1665,1
laya-score,3.1691,1
laya-score,3.1777,1
laya-score,3.1842,1
laya-score,3.1844,1
laya-score,3.1903,1
laya-score,3.1939,1
laya-score,3.1944,1
laya-score,3.2038,1
laya-score,3.2062,1
laya-score,3.2064,1
laya-score,3.2175,1
laya-score,3.2244,1
laya-score,3.2349,1
laya-score,3.235,1
laya-score,3.2386,1
laya-score,3.2473,1
laya-score,3.2474,1
laya-score,3.2481,1
laya-score,3.2483,1
laya-score,3.2546,1
laya-score,3.256,1
laya-score,3.2571,1
laya-score,3.2623,1
laya-score,3.2764,1
laya-score,3.278,1
laya-score,3.2786,1
laya-score,3.2931,1
laya-score,3.2945,2
laya-score,3.298,1
laya-score,3.3058,1
laya-score,3.3061,1
laya-score,3.3084,1
laya-score,3.32,1
laya-score,3.3308,1
laya-score,3.3567,1
laya-score,3.3578,1
laya-score,3.3598,1
laya-score,3.3627,1
laya-score,3.3695,1
laya-score,3.3748,1
laya-score,3.386,1
laya-score,3.4041,1
laya-score,3.4315,1
laya-score,3.4353,1
laya-score,3.4417,1
laya-score,3.4489,1
laya-score,3.452,1
laya-score,3.4755,1
laya-score,3.4784,1
laya-score,3.4856,1
laya-score,3.4915,1
laya-score,3.5237,1
laya-score,3.5498,1
laya-typed-score,0.6964,1
laya-typed-score,1.3305,1
laya-typed-score,1.3558,1
laya-typed-score,1.3988,1
laya-typed-score,1.4169,1
laya-typed-score,1.4637,1
laya-typed-score,1.477,1
laya-typed-score,1.4976,1
laya-typed-score,1.5062,1
laya-typed-score,1.5079,1
laya-typed-score,1.5206,1
laya-typed-score,1.5385,1
laya-typed-score,1.5467,1
laya-typed-score,1.5473,1
laya-typed-score,1.5521,1
laya-typed-score,1.5549,1
laya-typed-score,1.5567,1
laya-typed-score,1.5572,1
laya-typed-score,1.57,1
laya-typed-score,1.5705,1
laya-typed-score,1.5774,1
laya-typed-score,1.578,1
laya-typed-score,1.5795,1
laya-typed-score,1.582,1
laya-typed-score,1.5822,1
laya-typed-score,1.5825,1
laya-typed-score,1.583,1
laya-typed-score,1.5842,1
laya-typed-score,1.5891,1
laya-typed-score,1.5899,1
laya-typed-score,1.5931,1
laya-typed-score,1.5954,1
laya-typed-score,1.5987,2
laya-typed-score,1.5995,1
laya-typed-score,1.605,1
laya-typed-score,1.6052,1
laya-typed-score,1.607,1
laya-typed-score,1.6087,1
laya-typed-score,1.6135,1
laya-typed-score,1.6138,1
laya-typed-score,1.6146,1
laya-typed-score,1.6202,1
laya-typed-score,1.6223,1
laya-typed-score,1.6243,1
laya-typed-score,1.6259,1
laya-typed-score,1.6265,1
laya-typed-score,1.6278,1
laya-typed-score,1.628,1
laya-typed-score,1.6281,2
laya-typed-score,1.6337,1
laya-typed-score,1.6339,1
laya-typed-score,1.6342,1
laya-typed-score,1.6345,1
laya-typed-score,1.6357,1
laya-typed-score,1.6358,1
laya-typed-score,1.636,2
laya-typed-score,1.6368,1
laya-typed-score,1.6376,1
laya-typed-score,1.6388,1
laya-typed-score,1.6394,1
laya-typed-score,1.6415,1
laya-typed-score,1.6416,1
laya-typed-score,1.6428,1
laya-typed-score,1.645,1
laya-typed-score,1.6462,1
laya-typed-score,1.647,2
laya-typed-score,1.6496,1
laya-typed-score,1.6501,1
laya-typed-score,1.6508,1
laya-typed-score,1.651,1
laya-typed-score,1.6513,2
laya-typed-score,1.6516,1
laya-typed-score,1.6524,1
laya-typed-score,1.6526,1
laya-typed-score,1.6532,1
laya-typed-score,1.6535,1
laya-typed-score,1.6538,1
laya-typed-score,1.654,1
laya-typed-score,1.6548,1
laya-typed-score,1.6581,1
laya-typed-score,1.6602,1
laya-typed-score,1.6617,1
laya-typed-score,1.6626,1
laya-typed-score,1.666,1
laya-typed-score,1.6665,1
laya-typed-score,1.6679,1
laya-typed-score,1.6684,1
laya-typed-score,1.6687,1
laya-typed-score,1.6688,1
laya-typed-score,1.6695,1
laya-typed-score,1.6697,2
laya-typed-score,1.6701,1
laya-typed-score,1.6704,1
laya-typed-score,1.6716,1
laya-typed-score,1.6718,1
laya-typed-score,1.6736,1
laya-typed-score,1.6739,1
laya-typed-score,1.675,1
laya-typed-score,1.6753,1
laya-typed-score,1.6759,1
laya-typed-score,1.6768,1
laya-typed-score,1.678,1
laya-typed-score,1.6783,1
laya-typed-score,1.6795,1
laya-typed-score,1.6806,1
laya-typed-score,1.6811,1
laya-typed-score,1.6819,1
laya-typed-score,1.6831,1
laya-typed-score,1.6838,1
laya-typed-score,1.6851,1
laya-typed-score,1.6861,1
laya-typed-score,1.6862,1
laya-typed-score,1.6866,1
laya-typed-score,1.6871,1
laya-typed-score,1.6872,1
laya-typed-score,1.688,1
laya-typed-score,1.6892,1
laya-typed-score,1.6893,1
laya-typed-score,1.6911,1
laya-typed-score,1.6922,1
laya-typed-score,1.6924,1
laya-typed-score,1.6934,1
laya-typed-score,1.6935,1
laya-typed-score,1.6942,1
laya-typed-score,1.6943,1
laya-typed-score,1.6954,1
laya-typed-score,1.6957,1
laya-typed-score,1.6958,1
laya-typed-score,1.6967,1
laya-typed-score,1.6978,1
laya-typed-score,1.6989,1
laya-typed-score,1.6991,1
laya-typed-score,1.6993,1
laya-typed-score,1.6994,1
laya-typed-score,1.6995,1
laya-typed-score,1.7009,1
laya-typed-score,1.701,1
laya-typed-score,1.7019,1
laya-typed-score,1.7025,1
laya-typed-score,1.7028,1
laya-typed-score,1.7032,1
laya-typed-score,1.7038,1
laya-typed-score,1.7039,2
laya-typed-score,1.7056,2
laya-typed-score,1.7059,1
laya-typed-score,1.7063,1
laya-typed-score,1.7071,1
laya-typed-score,1.7083,1
laya-typed-score,1.71,1
laya-typed-score,1.7113,1
laya-typed-score,1.7115,1
laya-typed-score,1.7119,1
laya-typed-score,1.7124,1
laya-typed-score,1.7126,1
laya-typed-score,1.7127,1
laya-typed-score,1.7138,1
laya-typed-score,1.7141,1
laya-typed-score,1.7147,1
laya-typed-score,1.715,1
laya-typed-score,1.7152,1
laya-typed-score,1.7154,1
laya-typed-score,1.7164,1
laya-typed-score,1.7166,1
laya-typed-score,1.7172,1
laya-typed-score,1.7173,1
laya-typed-score,1.7174,1
laya-typed-score,1.7175,1
laya-typed-score,1.7205,2
laya-typed-score,1.7206,1
laya-typed-score,1.7213,1
laya-typed-score,1.7215,1
laya-typed-score,1.7233,1
laya-typed-score,1.7249,1
laya-typed-score,1.7255,1
laya-typed-score,1.7257,1
laya-typed-score,1.727,1
laya-typed-score,1.7282,1
laya-typed-score,1.7284,2
laya-typed-score,1.7285,1
laya-typed-score,1.729,1
laya-typed-score,1.7303,1
laya-typed-score,1.7318,1
laya-typed-score,1.7325,1
laya-typed-score,1.7326,1
laya-typed-score,1.7332,1
laya-typed-score,1.7336,1
laya-typed-score,1.7338,2
laya-typed-score,1.7343,1
laya-typed-score,1.7345,2
laya-typed-score,1.736,1
laya-typed-score,1.7364,2
laya-typed-score,1.737,1
laya-typed-score,1.7381,1
laya-typed-score,1.7383,1
laya-typed-score,1.7386,1
laya-typed-score,1.7396,1
laya-typed-score,1.7417,1
laya-typed-score,1.7429,1
laya-typed-score,1.7431,1
laya-typed-score,1.7432,1
laya-typed-score,1.7435,1
laya-typed-score,1.7439,1
laya-typed-score,1.7445,1
laya-typed-score,1.7446,1
laya-typed-score,1.7453,1
laya-typed-score,1.7462,1
laya-typed-score,1.7463,1
laya-typed-score,1.7473,1
laya-typed-score,1.7474,1
laya-typed-score,1.7475,1
laya-typed-score,1.7481,1
laya-typed-score,1.7483,1
laya-typed-score,1.749,1
laya-typed-score,1.7491,1
laya-typed-score,1.7493,1
laya-typed-score,1.75,2
laya-typed-score,1.7501,1
laya-typed-score,1.7504,2
laya-typed-score,1.7516,1
laya-typed-score,1.7517,1
laya-typed-score,1.7522,1
laya-typed-score,1.7526,1
laya-typed-score,1.7528,2
laya-typed-score,1.7532,2
laya-typed-score,1.7536,1
laya-typed-score,1.7537,1
laya-typed-score,1.7539,1
laya-typed-score,1.754,1
laya-typed-score,1.7546,1
laya-typed-score,1.7547,1
laya-typed-score,1.7552,1
laya-typed-score,1.7554,1
laya-typed-score,1.7559,1
laya-typed-score,1.756,1
laya-typed-score,1.7569,2
laya-typed-score,1.757,1
laya-typed-score,1.7572,1
laya-typed-score,1.7574,2
laya-typed-score,1.759,1
laya-typed-score,1.7592,1
laya-typed-score,1.7598,1
laya-typed-score,1.7604,2
laya-typed-score,1.7612,2
laya-typed-score,1.7618,1
laya-typed-score,1.7621,1
laya-typed-score,1.7623,1
laya-typed-score,1.7626,1
laya-typed-score,1.7628,1
laya-typed-score,1.7631,1
laya-typed-score,1.7652,1
laya-typed-score,1.7655,1
laya-typed-score,1.7659,1
laya-typed-score,1.7662,1
laya-typed-score,1.7668,2
laya-typed-score,1.7674,3
laya-typed-score,1.7679,1
laya-typed-score,1.768,1
laya-typed-score,1.7681,2
laya-typed-score,1.7689,1
laya-typed-score,1.7705,1
laya-typed-score,1.7709,1
laya-typed-score,1.7712,1
laya-typed-score,1.7713,3
laya-typed-score,1.7719,1
laya-typed-score,1.7721,1
laya-typed-score,1.7732,1
laya-typed-score,1.7736,1
laya-typed-score,1.7737,1
laya-typed-score,1.7743,1
laya-typed-score,1.7745,1
laya-typed-score,1.7746,3
laya-typed-score,1.7753,1
laya-typed-score,1.7759,1
laya-typed-score,1.7761,1
laya-typed-score,1.7762,1
laya-typed-score,1.7768,1
laya-typed-score,1.777,1
laya-typed-score,1.7773,1
laya-typed-score,1.7781,1
laya-typed-score,1.7791,2
laya-typed-score,1.7793,1
laya-typed-score,1.7797,2
laya-typed-score,1.7802,1
laya-typed-score,1.7803,1
laya-typed-score,1.7804,1
laya-typed-score,1.7819,1
laya-typed-score,1.782,1
laya-typed-score,1.7824,1
laya-typed-score,1.7829,2
laya-typed-score,1.7834,2
laya-typed-score,1.7839,1
laya-typed-score,1.7844,1
laya-typed-score,1.7845,1
laya-typed-score,1.7846,2
laya-typed-score,1.7849,1
laya-typed-score,1.785,1
laya-typed-score,1.7851,1
laya-typed-score,1.7862,1
laya-typed-score,1.7865,1
laya-typed-score,1.7871,2
laya-typed-score,1.7874,2
laya-typed-score,1.7875,2
laya-typed-score,1.7877,1
laya-typed-score,1.7886,1
laya-typed-score,1.7897,1
laya-typed-score,1.7898,1
laya-typed-score,1.7909,1
laya-typed-score,1.7912,1
laya-typed-score,1.7914,1
laya-typed-score,1.7915,1
laya-typed-score,1.7919,1
laya-typed-score,1.792,1
laya-typed-score,1.7921,2
laya-typed-score,1.7924,1
laya-typed-score,1.7927,1
laya-typed-score,1.7929,1
laya-typed-score,1.7934,1
laya-typed-score,1.7936,2
laya-typed-score,1.7939,1
laya-typed-score,1.794,1
laya-typed-score,1.7943,1
laya-typed-score,1.7946,1
laya-typed-score,1.7952,1
laya-typed-score,1.7953,1
laya-typed-score,1.7961,1
laya-typed-score,1.7962,2
laya-typed-score,1.7966,1
laya-typed-score,1.7981,1
laya-typed-score,1.7983,1
laya-typed-score,1.7984,2
laya-typed-score,1.7985,1
laya-typed-score,1.7987,1
laya-typed-score,1.7992,1
laya-typed-score,1.7997,2
laya-typed-score,1.7998,1
laya-typed-score,1.8001,1
laya-typed-score,1.8005,1
laya-typed-score,1.801,2
laya-typed-score,1.8013,2
laya-typed-score,1.802,1
laya-typed-score,1.8021,2
laya-typed-score,1.8023,1
laya-typed-score,1.8026,1
laya-typed-score,1.803,1
laya-typed-score,1.8031,1
laya-typed-score,1.8032,1
laya-typed-score,1.8034,1
laya-typed-score,1.8035,1
laya-typed-score,1.8039,1
laya-typed-score,1.8045,1
laya-typed-score,1.8048,1
laya-typed-score,1.805,1
laya-typed-score,1.8055,1
laya-typed-score,1.8056,1
laya-typed-score,1.8066,1
laya-typed-score,1.8068,1
laya-typed-score,1.8069,1
laya-typed-score,1.8072,1
laya-typed-score,1.8076,1
laya-typed-score,1.8082,1
laya-typed-score,1.8089,1
laya-typed-score,1.8091,1
laya-typed-score,1.8092,1
laya-typed-score,1.8099,1
laya-typed-score,1.8102,1
laya-typed-score,1.8105,1
laya-typed-score,1.8107,2
laya-typed-score,1.811,1
laya-typed-score,1.8111,2
laya-typed-score,1.8112,2
laya-typed-score,1.8113,2
laya-typed-score,1.8116,1
laya-typed-score,1.812,1
laya-typed-score,1.8122,1
laya-typed-score,1.8127,1
laya-typed-score,1.8136,1
laya-typed-score,1.8137,1
laya-typed-score,1.8142,1
laya-typed-score,1.8143,1
laya-typed-score,1.8145,1
laya-typed-score,1.8147,2
laya-typed-score,1.8149,2
laya-typed-score,1.8154,2
laya-typed-score,1.8155,1
laya-typed-score,1.8156,1
laya-typed-score,1.8161,2
laya-typed-score,1.8163,1
laya-typed-score,1.8166,2
laya-typed-score,1.8171,2
laya-typed-score,1.8175,3
laya-typed-score,1.8176,1
laya-typed-score,1.8177,1
laya-typed-score,1.8181,1
laya-typed-score,1.8188,1
laya-typed-score,1.8189,1
laya-typed-score,1.8191,2
laya-typed-score,1.8193,1
laya-typed-score,1.8196,1
laya-typed-score,1.8197,1
laya-typed-score,1.8198,2
laya-typed-score,1.82,1
laya-typed-score,1.8202,1
laya-typed-score,1.8209,1
laya-typed-score,1.821,2
laya-typed-score,1.8212,1
laya-typed-score,1.8213,2
laya-typed-score,1.8215,2
laya-typed-score,1.8221,1
laya-typed-score,1.8223,1
laya-typed-score,1.8224,1
laya-typed-score,1.8228,1
laya-typed-score,1.8229,1
laya-typed-score,1.8231,1
laya-typed-score,1.8232,1
laya-typed-score,1.8234,2
laya-typed-score,1.8236,2
laya-typed-score,1.8237,1
laya-typed-score,1.8238,1
laya-typed-score,1.824,1
laya-typed-score,1.8244,2
laya-typed-score,1.8246,1
laya-typed-score,1.8247,1
laya-typed-score,1.8249,1
laya-typed-score,1.825,2
laya-typed-score,1.8255,1
laya-typed-score,1.8257,1
laya-typed-score,1.8259,1
laya-typed-score,1.8261,1
laya-typed-score,1.8263,1
laya-typed-score,1.8265,4
laya-typed-score,1.8268,1
laya-typed-score,1.827,1
laya-typed-score,1.8276,2
laya-typed-score,1.8277,1
laya-typed-score,1.8278,2
laya-typed-score,1.8279,1
laya-typed-score,1.8282,2
laya-typed-score,1.8283,1
laya-typed-score,1.8287,1
laya-typed-score,1.8288,1
laya-typed-score,1.829,1
laya-typed-score,1.8294,1
laya-typed-score,1.8296,1
laya-typed-score,1.8301,1
laya-typed-score,1.8307,1
laya-typed-score,1.8308,3
laya-typed-score,1.8312,4
laya-typed-score,1.8313,1
laya-typed-score,1.8316,1
laya-typed-score,1.8317,1
laya-typed-score,1.8319,1
laya-typed-score,1.832,1
laya-typed-score,1.8321,1
laya-typed-score,1.8322,2
laya-typed-score,1.8323,1
laya-typed-score,1.8325,3
laya-typed-score,1.8328,1
laya-typed-score,1.833,1
laya-typed-score,1.8333,1
laya-typed-score,1.8335,1
laya-typed-score,1.8338,1
laya-typed-score,1.8339,1
laya-typed-score,1.834,2
laya-typed-score,1.8344,1
laya-typed-score,1.8345,1
laya-typed-score,1.8348,1
laya-typed-score,1.8349,2
laya-typed-score,1.8352,1
laya-typed-score,1.8353,1
laya-typed-score,1.8354,1
laya-typed-score,1.8357,2
laya-typed-score,1.8358,1
laya-typed-score,1.8359,2
laya-typed-score,1.836,1
laya-typed-score,1.8361,1
laya-typed-score,1.8364,1
laya-typed-score,1.8366,1
laya-typed-score,1.8367,1
laya-typed-score,1.8369,2
laya-typed-score,1.8374,2
laya-typed-score,1.8376,1
laya-typed-score,1.8379,2
laya-typed-score,1.838,1
laya-typed-score,1.8381,1
laya-typed-score,1.8382,2
laya-typed-score,1.8383,1
laya-typed-score,1.8384,1
laya-typed-score,1.8386,1
laya-typed-score,1.8388,1
laya-typed-score,1.8389,1
laya-typed-score,1.839,1
laya-typed-score,1.8391,1
laya-typed-score,1.8392,2
laya-typed-score,1.8395,1
laya-typed-score,1.8398,1
laya-typed-score,1.8399,1
laya-typed-score,1.84,1
laya-typed-score,1.8402,1
laya-typed-score,1.8403,2
laya-typed-score,1.8406,1
laya-typed-score,1.841,2
laya-typed-score,1.8411,1
laya-typed-score,1.8413,2
laya-typed-score,1.8414,1
laya-typed-score,1.8415,1
laya-typed-score,1.8416,1
laya-typed-score,1.8418,1
laya-typed-score,1.8422,1
laya-typed-score,1.8424,1
laya-typed-score,1.8426,1
laya-typed-score,1.8431,3
laya-typed-score,1.8434,1
laya-typed-score,1.8436,2
laya-typed-score,1.8439,1
laya-typed-score,1.8442,2
laya-typed-score,1.8447,2
laya-typed-score,1.8455,1
laya-typed-score,1.8456,1
laya-typed-score,1.846,1
laya-typed-score,1.8467,1
laya-typed-score,1.847,1
laya-typed-score,1.8471,1
laya-typed-score,1.8472,1
laya-typed-score,1.8473,1
laya-typed-score,1.8479,1
laya-typed-score,1.8487,2
laya-typed-score,1.8497,1
laya-typed-score,1.8499,1
laya-typed-score,1.85,1
laya-typed-score,1.8502,1
laya-typed-score,1.8503,1
laya-typed-score,1.8504,1
laya-typed-score,1.8505,1
laya-typed-score,1.8508,1
laya-typed-score,1.8513,1
laya-typed-score,1.8516,2
laya-typed-score,1.8517,1
laya-typed-score,1.8526,1
laya-typed-score,1.8527,2
laya-typed-score,1.8529,2
laya-typed-score,1.8531,1
laya-typed-score,1.8533,1
laya-typed-score,1.8534,1
laya-typed-score,1.8535,1
laya-typed-score,1.854,3
laya-typed-score,1.8541,2
laya-typed-score,1.8547,2
laya-typed-score,1.8549,1
laya-typed-score,1.8552,3
laya-typed-score,1.8561,1
laya-typed-score,1.8562,1
laya-typed-score,1.8563,1
laya-typed-score,1.8565,1
laya-typed-score,1.8566,1
laya-typed-score,1.857,1
laya-typed-score,1.8579,1
laya-typed-score,1.8587,1
laya-typed-score,1.859,3
laya-typed-score,1.8593,1
laya-typed-score,1.8595,1
laya-typed-score,1.8596,2
laya-typed-score,1.8598,1
laya-typed-score,1.8601,1
laya-typed-score,1.8602,1
laya-typed-score,1.8603,1
laya-typed-score,1.8607,1
laya-typed-score,1.8608,1
laya-typed-score,1.861,2
laya-typed-score,1.8611,1
laya-typed-score,1.8618,2
laya-typed-score,1.8621,1
laya-typed-score,1.8627,1
laya-typed-score,1.8628,1
laya-typed-score,1.863,2
laya-typed-score,1.8631,1
laya-typed-score,1.8633,1
laya-typed-score,1.8636,2
laya-typed-score,1.8638,2
laya-typed-score,1.8643,1
laya-typed-score,1.8645,1
laya-typed-score,1.8647,2
laya-typed-score,1.8648,1
laya-typed-score,1.8649,2
laya-typed-score,1.865,1
laya-typed-score,1.8661,1
laya-typed-score,1.8662,2
laya-typed-score,1.8664,1
laya-typed-score,1.8667,1
laya-typed-score,1.8669,1
laya-typed-score,1.8675,1
laya-typed-score,1.8676,1
laya-typed-score,1.8679,2
laya-typed-score,1.868,1
laya-typed-score,1.8681,1
laya-typed-score,1.8684,1
laya-typed-score,1.8686,2
laya-typed-score,1.8687,1
laya-typed-score,1.8691,1
laya-typed-score,1.8694,1
laya-typed-score,1.8695,1
laya-typed-score,1.8697,1
laya-typed-score,1.8699,2
laya-typed-score,1.8701,1
laya-typed-score,1.8702,1
laya-typed-score,1.8703,1
laya-typed-score,1.8704,1
laya-typed-score,1.8706,2
laya-typed-score,1.8707,1
laya-typed-score,1.871,1
laya-typed-score,1.8713,1
laya-typed-score,1.8714,1
laya-typed-score,1.8717,2
laya-typed-score,1.8721,1
laya-typed-score,1.8722,2
laya-typed-score,1.8724,1
laya-typed-score,1.8725,1
laya-typed-score,1.8727,2
laya-typed-score,1.8728,1
laya-typed-score,1.8729,1
laya-typed-score,1.8735,1
laya-typed-score,1.8739,1
laya-typed-score,1.874,2
laya-typed-score,1.8741,1
laya-typed-score,1.8743,1
laya-typed-score,1.8744,2
laya-typed-score,1.8745,1
laya-typed-score,1.8746,1
laya-typed-score,1.8747,1
laya-typed-score,1.8751,1
laya-typed-score,1.8753,1
laya-typed-score,1.8754,1
laya-typed-score,1.8755,1
laya-typed-score,1.8756,2
laya-typed-score,1.8757,1
laya-typed-score,1.8758,2
laya-typed-score,1.8761,1
laya-typed-score,1.8766,1
laya-typed-score,1.8773,2
laya-typed-score,1.8775,1
laya-typed-score,1.8776,2
laya-typed-score,1.8777,1
laya-typed-score,1.8778,1
laya-typed-score,1.8779,1
laya-typed-score,1.8782,1
laya-typed-score,1.8783,1
laya-typed-score,1.8784,1
laya-typed-score,1.8786,1
laya-typed-score,1.8787,1
laya-typed-score,1.8788,1
laya-typed-score,1.8789,1
laya-typed-score,1.8794,2
laya-typed-score,1.8795,1
laya-typed-score,1.8797,1
laya-typed-score,1.8798,1
laya-typed-score,1.88,1
laya-typed-score,1.8803,1
laya-typed-score,1.8809,2
laya-typed-score,1.8811,1
laya-typed-score,1.8813,2
laya-typed-score,1.8814,1
laya-typed-score,1.8816,1
laya-typed-score,1.8819,1
laya-typed-score,1.882,1
laya-typed-score,1.8825,1
laya-typed-score,1.8831,1
laya-typed-score,1.8836,1
laya-typed-score,1.8837,1
laya-typed-score,1.8841,1
laya-typed-score,1.8843,2
laya-typed-score,1.8846,1
laya-typed-score,1.8847,2
laya-typed-score,1.8848,1
laya-typed-score,1.8849,1
laya-typed-score,1.885,1
laya-typed-score,1.8851,1
laya-typed-score,1.8853,1
laya-typed-score,1.8856,2
laya-typed-score,1.8858,1
laya-typed-score,1.8859,3
laya-typed-score,1.886,2
laya-typed-score,1.8863,1
laya-typed-score,1.8865,1
laya-typed-score,1.8867,1
laya-typed-score,1.8868,1
laya-typed-score,1.8869,1
laya-typed-score,1.8878,1
laya-typed-score,1.8883,1
laya-typed-score,1.8885,1
laya-typed-score,1.8886,1
laya-typed-score,1.889,1
laya-typed-score,1.8893,2
laya-typed-score,1.89,1
laya-typed-score,1.8902,1
laya-typed-score,1.8903,1
laya-typed-score,1.8904,1
laya-typed-score,1.8906,1
laya-typed-score,1.8908,1
laya-typed-score,1.891,1
laya-typed-score,1.8911,1
laya-typed-score,1.8912,2
laya-typed-score,1.8915,1
laya-typed-score,1.8916,1
laya-typed-score,1.8918,1
laya-typed-score,1.8919,2
laya-typed-score,1.8923,1
laya-typed-score,1.8926,1
laya-typed-score,1.8927,1
laya-typed-score,1.8928,1
laya-typed-score,1.8929,1
laya-typed-score,1.8932,1
laya-typed-score,1.8934,1
laya-typed-score,1.8935,1
laya-typed-score,1.8936,2
laya-typed-score,1.8939,2
laya-typed-score,1.8942,1
laya-typed-score,1.8944,1
laya-typed-score,1.8947,1
laya-typed-score,1.8949,1
laya-typed-score,1.8951,2
laya-typed-score,1.8952,1
laya-typed-score,1.8953,1
laya-typed-score,1.8954,2
laya-typed-score,1.8956,1
laya-typed-score,1.8958,1
laya-typed-score,1.896,1
laya-typed-score,1.8962,1
laya-typed-score,1.8963,2
laya-typed-score,1.8964,5
laya-typed-score,1.8968,2
laya-typed-score,1.8969,2
laya-typed-score,1.8973,2
laya-typed-score,1.8977,1
laya-typed-score,1.8982,1
laya-typed-score,1.8983,4
laya-typed-score,1.8985,1
laya-typed-score,1.8987,1
laya-typed-score,1.8991,1
laya-typed-score,1.8995,2
laya-typed-score,1.8997,1
laya-typed-score,1.9,1
laya-typed-score,1.9001,2
laya-typed-score,1.9004,1
laya-typed-score,1.9007,2
laya-typed-score,1.9009,1
laya-typed-score,1.9013,2
laya-typed-score,1.9015,1
laya-typed-score,1.9016,2
laya-typed-score,1.9017,1
laya-typed-score,1.9019,1
laya-typed-score,1.902,1
laya-typed-score,1.9022,1
laya-typed-score,1.9023,1
laya-typed-score,1.9027,1
laya-typed-score,1.903,2
laya-typed-score,1.9033,2
laya-typed-score,1.9035,1
laya-typed-score,1.9037,2
laya-typed-score,1.9041,1
laya-typed-score,1.9044,1
laya-typed-score,1.9046,2
laya-typed-score,1.9047,1
laya-typed-score,1.9051,1
laya-typed-score,1.9052,1
laya-typed-score,1.9053,2
laya-typed-score,1.9054,1
laya-typed-score,1.9056,1
laya-typed-score,1.9058,1
laya-typed-score,1.9063,1
laya-typed-score,1.907,1
laya-typed-score,1.9072,1
laya-typed-score,1.9073,1
laya-typed-score,1.9076,1
laya-typed-score,1.9077,1
laya-typed-score,1.9079,1
laya-typed-score,1.9089,1
laya-typed-score,1.9092,1
laya-typed-score,1.9095,1
laya-typed-score,1.9099,1
laya-typed-score,1.91,2
laya-typed-score,1.9101,3
laya-typed-score,1.9103,1
laya-typed-score,1.9104,1
laya-typed-score,1.9105,1
laya-typed-score,1.9107,2
laya-typed-score,1.9109,1
laya-typed-score,1.911,2
laya-typed-score,1.9111,1
laya-typed-score,1.9112,3
laya-typed-score,1.9114,3
laya-typed-score,1.9115,1
laya-typed-score,1.9116,2
laya-typed-score,1.9118,1
laya-typed-score,1.9122,1
laya-typed-score,1.9123,1
laya-typed-score,1.913,1
laya-typed-score,1.9132,1
laya-typed-score,1.9135,1
laya-typed-score,1.9136,2
laya-typed-score,1.9137,2
laya-typed-score,1.9139,2
laya-typed-score,1.9143,1
laya-typed-score,1.9144,1
laya-typed-score,1.9145,2
laya-typed-score,1.9147,1
laya-typed-score,1.9148,1
laya-typed-score,1.9149,1
laya-typed-score,1.9151,2
laya-typed-score,1.9152,1
laya-typed-score,1.9153,1
laya-typed-score,1.9155,2
laya-typed-score,1.9156,1
laya-typed-score,1.9158,1
laya-typed-score,1.9161,1
laya-typed-score,1.9163,1
laya-typed-score,1.9164,1
laya-typed-score,1.9165,1
laya-typed-score,1.9169,1
laya-typed-score,1.9171,1
laya-typed-score,1.9172,1
laya-typed-score,1.9173,2
laya-typed-score,1.9175,1
laya-typed-score,1.9176,1
laya-typed-score,1.9184,1
laya-typed-score,1.9185,1
laya-typed-score,1.9186,1
laya-typed-score,1.9187,2
laya-typed-score,1.9188,1
laya-typed-score,1.919,1
laya-typed-score,1.9192,1
laya-typed-score,1.9193,1
laya-typed-score,1.9194,1
laya-typed-score,1.9195,1
laya-typed-score,1.9196,1
laya-typed-score,1.9199,3
laya-typed-score,1.9202,1
laya-typed-score,1.9203,1
laya-typed-score,1.9205,2
laya-typed-score,1.9206,1
laya-typed-score,1.9207,1
laya-typed-score,1.9214,1
laya-typed-score,1.9215,1
laya-typed-score,1.9217,1
laya-typed-score,1.9218,1
laya-typed-score,1.9221,1
laya-typed-score,1.9223,1
laya-typed-score,1.9225,3
laya-typed-score,1.9226,2
laya-typed-score,1.9227,1
laya-typed-score,1.9228,1
laya-typed-score,1.923,3
laya-typed-score,1.9231,1
laya-typed-score,1.9233,1
laya-typed-score,1.9236,1
laya-typed-score,1.9237,1
laya-typed-score,1.9241,1
laya-typed-score,1.9245,1
laya-typed-score,1.9249,1
laya-typed-score,1.9251,1
laya-typed-score,1.9253,1
laya-typed-score,1.9254,2
laya-typed-score,1.9257,1
laya-typed-score,1.9259,1
laya-typed-score,1.926,1
laya-typed-score,1.9261,2
laya-typed-score,1.9262,2
laya-typed-score,1.9266,1
laya-typed-score,1.9268,1
laya-typed-score,1.927,1
laya-typed-score,1.9272,1
laya-typed-score,1.9278,1
laya-typed-score,1.9279,1
laya-typed-score,1.928,1
laya-typed-score,1.9282,1
laya-typed-score,1.9285,1
laya-typed-score,1.9286,2
laya-typed-score,1.9287,1
laya-typed-score,1.9288,1
laya-typed-score,1.9289,1
laya-typed-score,1.9292,1
laya-typed-score,1.9294,2
laya-typed-score,1.9295,1
laya-typed-score,1.9296,1
laya-typed-score,1.9298,2
laya-typed-score,1.9299,1
laya-typed-score,1.9303,1
laya-typed-score,1.9304,1
laya-typed-score,1.9305,2
laya-typed-score,1.9306,1
laya-typed-score,1.9307,1
laya-typed-score,1.9308,1
laya-typed-score,1.9309,1
laya-typed-score,1.9313,2
laya-typed-score,1.9316,1
laya-typed-score,1.9321,1
laya-typed-score,1.9323,1
laya-typed-score,1.9324,1
laya-typed-score,1.9327,1
laya-typed-score,1.9328,1
laya-typed-score,1.9329,4
laya-typed-score,1.933,1
laya-typed-score,1.9331,1
laya-typed-score,1.9336,1
laya-typed-score,1.9339,3
laya-typed-score,1.9342,1
laya-typed-score,1.9343,1
laya-typed-score,1.9344,1
laya-typed-score,1.9345,2
laya-typed-score,1.9346,1
laya-typed-score,1.9348,1
laya-typed-score,1.935,1
laya-typed-score,1.9352,1
laya-typed-score,1.9353,2
laya-typed-score,1.9354,1
laya-typed-score,1.9355,1
laya-typed-score,1.9356,1
laya-typed-score,1.9357,1
laya-typed-score,1.9358,2
laya-typed-score,1.9359,3
laya-typed-score,1.936,1
laya-typed-score,1.9362,3
laya-typed-score,1.9364,1
laya-typed-score,1.9365,1
laya-typed-score,1.937,1
laya-typed-score,1.9372,1
laya-typed-score,1.9377,2
laya-typed-score,1.9379,1
laya-typed-score,1.9381,1
laya-typed-score,1.9382,1
laya-typed-score,1.9384,2
laya-typed-score,1.9387,1
laya-typed-score,1.9388,1
laya-typed-score,1.939,1
laya-typed-score,1.9391,1
laya-typed-score,1.9392,1
laya-typed-score,1.9393,3
laya-typed-score,1.9394,1
laya-typed-score,1.9397,1
laya-typed-score,1.9402,2
laya-typed-score,1.9403,3
laya-typed-score,1.9404,1
laya-typed-score,1.9405,1
laya-typed-score,1.9406,1
laya-typed-score,1.9407,1
laya-typed-score,1.9409,1
laya-typed-score,1.9412,1
laya-typed-score,1.9416,1
laya-typed-score,1.9417,1
laya-typed-score,1.9419,2
laya-typed-score,1.9421,2
laya-typed-score,1.9423,1
laya-typed-score,1.9425,2
laya-typed-score,1.9428,1
laya-typed-score,1.943,1
laya-typed-score,1.9431,1
laya-typed-score,1.9435,2
laya-typed-score,1.9436,1
laya-typed-score,1.9437,2
laya-typed-score,1.9438,1
laya-typed-score,1.9439,1
laya-typed-score,1.9441,1
laya-typed-score,1.9444,1
laya-typed-score,1.9445,2
laya-typed-score,1.9446,1
laya-typed-score,1.9447,1
laya-typed-score,1.9449,2
laya-typed-score,1.945,1
laya-typed-score,1.9451,1
laya-typed-score,1.9454,1
laya-typed-score,1.9455,1
laya-typed-score,1.9457,1
laya-typed-score,1.9458,3
laya-typed-score,1.9462,1
laya-typed-score,1.9465,1
laya-typed-score,1.9468,1
laya-typed-score,1.9469,2
laya-typed-score,1.947,1
laya-typed-score,1.9472,1
laya-typed-score,1.9474,1
laya-typed-score,1.9476,1
laya-typed-score,1.9477,2
laya-typed-score,1.9479,1
laya-typed-score,1.9481,2
laya-typed-score,1.9487,2
laya-typed-score,1.9492,1
laya-typed-score,1.9493,1
laya-typed-score,1.9495,1
laya-typed-score,1.9496,2
laya-typed-score,1.9497,1
laya-typed-score,1.9498,2
laya-typed-score,1.9499,2
laya-typed-score,1.95,2
laya-typed-score,1.9501,2
laya-typed-score,1.9503,2
laya-typed-score,1.9505,1
laya-typed-score,1.9508,2
laya-typed-score,1.9509,1
laya-typed-score,1.951,1
laya-typed-score,1.9512,1
laya-typed-score,1.9515,1
laya-typed-score,1.952,1
laya-typed-score,1.9524,4
laya-typed-score,1.9525,1
laya-typed-score,1.9527,1
laya-typed-score,1.9528,1
laya-typed-score,1.9532,1
laya-typed-score,1.9533,1
laya-typed-score,1.9534,2
laya-typed-score,1.9536,1
laya-typed-score,1.9538,1
laya-typed-score,1.9539,2
laya-typed-score,1.9543,4
laya-typed-score,1.9544,1
laya-typed-score,1.9546,1
laya-typed-score,1.9547,1
laya-typed-score,1.9548,2
laya-typed-score,1.9549,1
laya-typed-score,1.955,2
laya-typed-score,1.9554,1
laya-typed-score,1.9555,1
laya-typed-score,1.9556,2
laya-typed-score,1.9558,2
laya-typed-score,1.9559,3
laya-typed-score,1.9561,1
laya-typed-score,1.9564,1
laya-typed-score,1.9566,1
laya-typed-score,1.9568,1
laya-typed-score,1.957,1
laya-typed-score,1.9573,1
laya-typed-score,1.9574,1
laya-typed-score,1.9575,2
laya-typed-score,1.9576,1
laya-typed-score,1.9578,1
laya-typed-score,1.958,3
laya-typed-score,1.9581,1
laya-typed-score,1.9582,1
laya-typed-score,1.9585,1
laya-typed-score,1.9587,1
laya-typed-score,1.9589,2
laya-typed-score,1.959,1
laya-typed-score,1.9594,2
laya-typed-score,1.9597,2
laya-typed-score,1.9599,3
laya-typed-score,1.96,1
laya-typed-score,1.9602,1
laya-typed-score,1.9603,3
laya-typed-score,1.9604,1
laya-typed-score,1.9605,3
laya-typed-score,1.9606,1
laya-typed-score,1.9609,1
laya-typed-score,1.961,1
laya-typed-score,1.9611,1
laya-typed-score,1.9613,1
laya-typed-score,1.9614,1
laya-typed-score,1.9616,1
laya-typed-score,1.9617,2
laya-typed-score,1.9618,2
laya-typed-score,1.9619,1
laya-typed-score,1.962,1
laya-typed-score,1.9621,1
laya-typed-score,1.9622,1
laya-typed-score,1.9623,3
laya-typed-score,1.9628,3
laya-typed-score,1.963,1
laya-typed-score,1.9631,1
laya-typed-score,1.9632,1
laya-typed-score,1.9635,1
laya-typed-score,1.9636,1
laya-typed-score,1.9639,1
laya-typed-score,1.9641,4
laya-typed-score,1.9643,1
laya-typed-score,1.9645,1
laya-typed-score,1.9647,1
laya-typed-score,1.965,1
laya-typed-score,1.9651,1
laya-typed-score,1.9657,1
laya-typed-score,1.9658,1
laya-typed-score,1.9659,2
laya-typed-score,1.9661,2
laya-typed-score,1.9663,1
laya-typed-score,1.9667,1
laya-typed-score,1.9668,1
laya-typed-score,1.9669,3
laya-typed-score,1.967,2
laya-typed-score,1.9671,1
laya-typed-score,1.9672,1
laya-typed-score,1.9673,1
laya-typed-score,1.9674,1
laya-typed-score,1.9678,1
laya-typed-score,1.968,1
laya-typed-score,1.9684,1
laya-typed-score,1.9686,2
laya-typed-score,1.9688,1
laya-typed-score,1.9689,1
laya-typed-score,1.9692,1
laya-typed-score,1.9693,1
laya-typed-score,1.9695,1
laya-typed-score,1.9696,1
laya-typed-score,1.9698,1
laya-typed-score,1.9701,1
laya-typed-score,1.9702,1
laya-typed-score,1.9704,1
laya-typed-score,1.9707,2
laya-typed-score,1.9708,2
laya-typed-score,1.971,1
laya-typed-score,1.9712,3
laya-typed-score,1.9719,1
laya-typed-score,1.9721,2
laya-typed-score,1.9724,2
laya-typed-score,1.9725,1
laya-typed-score,1.9727,2
laya-typed-score,1.973,2
laya-typed-score,1.9733,2
laya-typed-score,1.9734,1
laya-typed-score,1.9735,1
laya-typed-score,1.9739,1
laya-typed-score,1.974,2
laya-typed-score,1.9741,1
laya-typed-score,1.9743,1
laya-typed-score,1.9744,1
laya-typed-score,1.9746,2
laya-typed-score,1.9748,2
laya-typed-score,1.975,1
laya-typed-score,1.9754,2
laya-typed-score,1.9755,1
laya-typed-score,1.9756,3
laya-typed-score,1.976,1
laya-typed-score,1.9761,1
laya-typed-score,1.9764,1
laya-typed-score,1.9767,1
laya-typed-score,1.9768,2
laya-typed-score,1.9769,1
laya-typed-score,1.977,1
laya-typed-score,1.9771,2
laya-typed-score,1.9775,1
laya-typed-score,1.9778,1
laya-typed-score,1.9779,1
laya-typed-score,1.978,2
laya-typed-score,1.9783,1
laya-typed-score,1.9785,1
laya-typed-score,1.9786,1
laya-typed-score,1.9795,2
laya-typed-score,1.9798,1
laya-typed-score,1.9799,4
laya-typed-score,1.98,1
laya-typed-score,1.9809,1
laya-typed-score,1.981,3
laya-typed-score,1.9812,2
laya-typed-score,1.9813,1
laya-typed-score,1.9815,2
laya-typed-score,1.9818,1
laya-typed-score,1.9819,3
laya-typed-score,1.982,1
laya-typed-score,1.9822,2
laya-typed-score,1.9823,1
laya-typed-score,1.9824,1
laya-typed-score,1.9825,1
laya-typed-score,1.9827,2
laya-typed-score,1.9828,2
laya-typed-score,1.983,1
laya-typed-score,1.9831,1
laya-typed-score,1.9833,1
laya-typed-score,1.9834,2
laya-typed-score,1.9835,2
laya-typed-score,1.9837,2
laya-typed-score,1.984,2
laya-typed-score,1.9841,2
laya-typed-score,1.9842,1
laya-typed-score,1.9844,2
laya-typed-score,1.9845,1
laya-typed-score,1.9846,1
laya-typed-score,1.9848,1
laya-typed-score,1.9849,1
laya-typed-score,1.985,2
laya-typed-score,1.9851,1
laya-typed-score,1.9853,1
laya-typed-score,1.9854,1
laya-typed-score,1.9857,1
laya-typed-score,1.9861,2
laya-typed-score,1.9863,1
laya-typed-score,1.9864,2
laya-typed-score,1.987,1
laya-typed-score,1.9871,2
laya-typed-score,1.9872,3
laya-typed-score,1.9873,2
laya-typed-score,1.9874,1
laya-typed-score,1.9875,1
laya-typed-score,1.9876,3
laya-typed-score,1.9877,3
laya-typed-score,1.9879,1
laya-typed-score,1.9882,1
laya-typed-score,1.9883,1
laya-typed-score,1.9885,2
laya-typed-score,1.9886,1
laya-typed-score,1.9887,4
laya-typed-score,1.9889,1
laya-typed-score,1.9892,1
laya-typed-score,1.9895,1
laya-typed-score,1.9896,1
laya-typed-score,1.9897,2
laya-typed-score,1.9898,1
laya-typed-score,1.9903,1
laya-typed-score,1.991,2
laya-typed-score,1.9911,1
laya-typed-score,1.9912,1
laya-typed-score,1.9914,1
laya-typed-score,1.9915,1
laya-typed-score,1.9917,1
laya-typed-score,1.9919,2
laya-typed-score,1.992,2
laya-typed-score,1.9922,1
laya-typed-score,1.9923,5
laya-typed-score,1.9926,1
laya-typed-score,1.9927,2
laya-typed-score,1.9928,1
laya-typed-score,1.993,1
laya-typed-score,1.9931,3
laya-typed-score,1.9932,1
laya-typed-score,1.9933,1
laya-typed-score,1.9934,1
laya-typed-score,1.9935,2
laya-typed-score,1.9936,3
laya-typed-score,1.9937,1
laya-typed-score,1.994,1
laya-typed-score,1.9942,1
laya-typed-score,1.9946,2
laya-typed-score,1.9949,2
laya-typed-score,1.9951,1
laya-typed-score,1.9953,1
laya-typed-score,1.9954,1
laya-typed-score,1.9957,1
laya-typed-score,1.9958,1
laya-typed-score,1.9959,2
laya-typed-score,1.9961,3
laya-typed-score,1.9962,1
laya-typed-score,1.9963,1
laya-typed-score,1.9964,1
laya-typed-score,1.9966,1
laya-typed-score,1.9969,1
laya-typed-score,1.9973,2
laya-typed-score,1.9976,1
laya-typed-score,1.9978,1
laya-typed-score,1.9982,1
laya-typed-score,1.9983,1
laya-typed-score,1.9986,3
laya-typed-score,1.9987,1
laya-typed-score,1.9988,1
laya-typed-score,1.999,2
laya-typed-score,1.9992,1
laya-typed-score,1.9994,1
laya-typed-score,1.9996,1
laya-typed-score,1.9998,2
laya-typed-score,1.9999,2
laya-typed-score,2.0,1
laya-typed-score,2.0003,1
laya-typed-score,2.0004,1
laya-typed-score,2.0011,1
laya-typed-score,2.0012,1
laya-typed-score,2.0013,1
laya-typed-score,2.0016,1
laya-typed-score,2.0017,1
laya-typed-score,2.0018,2
laya-typed-score,2.0019,2
laya-typed-score,2.002,1
laya-typed-score,2.0023,1
laya-typed-score,2.0024,1
laya-typed-score,2.0025,1
laya-typed-score,2.0026,2
laya-typed-score,2.0028,3
laya-typed-score,2.0032,1
laya-typed-score,2.0034,2
laya-typed-score,2.0037,1
laya-typed-score,2.004,1
laya-typed-score,2.0042,1
laya-typed-score,2.0043,1
laya-typed-score,2.0046,1
laya-typed-score,2.0048,2
laya-typed-score,2.005,1
laya-typed-score,2.0052,1
laya-typed-score,2.0056,1
laya-typed-score,2.0058,1
laya-typed-score,2.0059,1
laya-typed-score,2.006,1
laya-typed-score,2.0066,1
laya-typed-score,2.0071,2
laya-typed-score,2.0075,2
laya-typed-score,2.0077,2
laya-typed-score,2.0078,1
laya-typed-score,2.008,1
laya-typed-score,2.0081,1
laya-typed-score,2.0083,1
laya-typed-score,2.0084,2
laya-typed-score,2.0085,1
laya-typed-score,2.0086,1
laya-typed-score,2.0087,1
laya-typed-score,2.0088,1
laya-typed-score,2.009,1
laya-typed-score,2.0093,2
laya-typed-score,2.0094,1
laya-typed-score,2.0095,1
laya-typed-score,2.01,2
laya-typed-score,2.0102,1
laya-typed-score,2.0104,2
laya-typed-score,2.0107,1
laya-typed-score,2.0108,1
laya-typed-score,2.011,1
laya-typed-score,2.0112,2
laya-typed-score,2.0114,1
laya-typed-score,2.0115,1
laya-typed-score,2.0116,1
laya-typed-score,2.0118,2
laya-typed-score,2.0119,1
laya-typed-score,2.012,2
laya-typed-score,2.0121,1
laya-typed-score,2.0122,1
laya-typed-score,2.0123,1
laya-typed-score,2.0124,4
laya-typed-score,2.0125,1
laya-typed-score,2.0129,2
laya-typed-score,2.0135,2
laya-typed-score,2.0137,1
laya-typed-score,2.014,2
laya-typed-score,2.0144,1
laya-typed-score,2.0145,1
laya-typed-score,2.0147,1
laya-typed-score,2.015,2
laya-typed-score,2.0153,1
laya-typed-score,2.0154,1
laya-typed-score,2.0156,3
laya-typed-score,2.0158,1
laya-typed-score,2.0159,1
laya-typed-score,2.016,1
laya-typed-score,2.0161,2
laya-typed-score,2.0162,1
laya-typed-score,2.0163,2
laya-typed-score,2.0164,1
laya-typed-score,2.0165,1
laya-typed-score,2.017,1
laya-typed-score,2.0171,1
laya-typed-score,2.0172,2
laya-typed-score,2.0173,1
laya-typed-score,2.0175,1
laya-typed-score,2.0177,1
laya-typed-score,2.0179,1
laya-typed-score,2.018,3
laya-typed-score,2.0181,1
laya-typed-score,2.0186,1
laya-typed-score,2.0187,1
laya-typed-score,2.0191,2
laya-typed-score,2.0192,1
laya-typed-score,2.0193,1
laya-typed-score,2.0194,1
laya-typed-score,2.0195,3
laya-typed-score,2.0197,2
laya-typed-score,2.0199,1
laya-typed-score,2.02,2
laya-typed-score,2.0201,1
laya-typed-score,2.0202,3
laya-typed-score,2.0204,1
laya-typed-score,2.0205,2
laya-typed-score,2.0207,1
laya-typed-score,2.021,1
laya-typed-score,2.0212,1
laya-typed-score,2.0213,1
laya-typed-score,2.0214,1
laya-typed-score,2.0216,2
laya-typed-score,2.0219,3
laya-typed-score,2.022,1
laya-typed-score,2.0223,1
laya-typed-score,2.0226,1
laya-typed-score,2.0227,5
laya-typed-score,2.0228,1
laya-typed-score,2.0231,3
laya-typed-score,2.0232,2
laya-typed-score,2.0233,2
laya-typed-score,2.0234,1
laya-typed-score,2.0235,2
laya-typed-score,2.0238,2
laya-typed-score,2.024,2
laya-typed-score,2.0241,1
laya-typed-score,2.0242,1
laya-typed-score,2.0243,2
laya-typed-score,2.0246,1
laya-typed-score,2.0249,1
laya-typed-score,2.0251,1
laya-typed-score,2.0254,1
laya-typed-score,2.0256,1
laya-typed-score,2.0257,1
laya-typed-score,2.0259,3
laya-typed-score,2.0261,1
laya-typed-score,2.0262,1
laya-typed-score,2.0264,2
laya-typed-score,2.0265,1
laya-typed-score,2.0267,2
laya-typed-score,2.0269,1
laya-typed-score,2.0271,2
laya-typed-score,2.0272,1
laya-typed-score,2.0275,1
laya-typed-score,2.0276,2
laya-typed-score,2.0277,2
laya-typed-score,2.0283,1
laya-typed-score,2.0286,1
laya-typed-score,2.0287,2
laya-typed-score,2.0289,1
laya-typed-score,2.029,1
laya-typed-score,2.0293,1
laya-typed-score,2.0297,1
laya-typed-score,2.03,1
laya-typed-score,2.0302,1
laya-typed-score,2.0303,1
laya-typed-score,2.0308,1
laya-typed-score,2.031,1
laya-typed-score,2.0311,1
laya-typed-score,2.0312,1
laya-typed-score,2.0313,1
laya-typed-score,2.0315,1
laya-typed-score,2.0316,1
laya-typed-score,2.0318,1
laya-typed-score,2.0321,1
laya-typed-score,2.0322,2
laya-typed-score,2.0324,1
laya-typed-score,2.0327,2
laya-typed-score,2.0329,1
laya-typed-score,2.0331,1
laya-typed-score,2.0336,1
laya-typed-score,2.0338,2
laya-typed-score,2.034,1
laya-typed-score,2.0341,1
laya-typed-score,2.0346,1
laya-typed-score,2.0347,3
laya-typed-score,2.0349,2
laya-typed-score,2.035,2
laya-typed-score,2.0351,1
laya-typed-score,2.0352,1
laya-typed-score,2.0354,1
laya-typed-score,2.0355,1
laya-typed-score,2.0356,1
laya-typed-score,2.0357,1
laya-typed-score,2.0361,1
laya-typed-score,2.0366,3
laya-typed-score,2.0367,1
laya-typed-score,2.0369,1
laya-typed-score,2.0371,1
laya-typed-score,2.0372,1
laya-typed-score,2.0374,2
laya-typed-score,2.0375,1
laya-typed-score,2.0376,2
laya-typed-score,2.0377,2
laya-typed-score,2.0379,1
laya-typed-score,2.038,2
laya-typed-score,2.0382,1
laya-typed-score,2.0384,1
laya-typed-score,2.0387,1
laya-typed-score,2.0388,2
laya-typed-score,2.0393,3
laya-typed-score,2.0394,1
laya-typed-score,2.0395,1
laya-typed-score,2.0399,1
laya-typed-score,2.04,1
laya-typed-score,2.0401,1
laya-typed-score,2.0404,1
laya-typed-score,2.0409,1
laya-typed-score,2.041,4
laya-typed-score,2.0412,1
laya-typed-score,2.0414,1
laya-typed-score,2.0415,1
laya-typed-score,2.0416,2
laya-typed-score,2.042,1
laya-typed-score,2.0421,1
laya-typed-score,2.0423,1
laya-typed-score,2.0425,1
laya-typed-score,2.0431,3
laya-typed-score,2.0432,1
laya-typed-score,2.0433,1
laya-typed-score,2.0434,1
laya-typed-score,2.0437,2
laya-typed-score,2.0438,1
laya-typed-score,2.044,1
laya-typed-score,2.0441,2
laya-typed-score,2.0442,1
laya-typed-score,2.0443,1
laya-typed-score,2.0444,1
laya-typed-score,2.0445,3
laya-typed-score,2.0446,1
laya-typed-score,2.0447,1
laya-typed-score,2.045,2
laya-typed-score,2.0451,1
laya-typed-score,2.0455,1
laya-typed-score,2.0456,2
laya-typed-score,2.0458,2
laya-typed-score,2.0459,1
laya-typed-score,2.046,1
laya-typed-score,2.0462,1
laya-typed-score,2.0463,2
laya-typed-score,2.0466,1
laya-typed-score,2.0468,5
laya-typed-score,2.0469,1
laya-typed-score,2.047,3
laya-typed-score,2.0471,2
laya-typed-score,2.0473,1
laya-typed-score,2.0475,1
laya-typed-score,2.0476,1
laya-typed-score,2.0477,1
laya-typed-score,2.0478,1
laya-typed-score,2.0481,2
laya-typed-score,2.0482,2
laya-typed-score,2.0484,1
laya-typed-score,2.0486,1
laya-typed-score,2.0487,1
laya-typed-score,2.0489,2
laya-typed-score,2.049,1
laya-typed-score,2.0492,1
laya-typed-score,2.0498,1
laya-typed-score,2.0499,1
laya-typed-score,2.0503,1
laya-typed-score,2.0504,2
laya-typed-score,2.0506,3
laya-typed-score,2.0508,1
laya-typed-score,2.0509,1
laya-typed-score,2.051,1
laya-typed-score,2.0511,1
laya-typed-score,2.0512,3
laya-typed-score,2.0513,2
laya-typed-score,2.0514,2
laya-typed-score,2.0515,1
laya-typed-score,2.0517,1
laya-typed-score,2.052,1
laya-typed-score,2.0521,1
laya-typed-score,2.0522,1
laya-typed-score,2.0524,2
laya-typed-score,2.0528,1
laya-typed-score,2.0531,2
laya-typed-score,2.0533,2
laya-typed-score,2.0534,2
laya-typed-score,2.0537,2
laya-typed-score,2.054,1
laya-typed-score,2.0541,1
laya-typed-score,2.0542,1
laya-typed-score,2.0543,2
laya-typed-score,2.0545,1
laya-typed-score,2.0546,1
laya-typed-score,2.0548,1
laya-typed-score,2.055,1
laya-typed-score,2.0552,1
laya-typed-score,2.0554,2
laya-typed-score,2.0555,1
laya-typed-score,2.0558,2
laya-typed-score,2.0559,2
laya-typed-score,2.0562,1
laya-typed-score,2.0563,1
laya-typed-score,2.0564,1
laya-typed-score,2.0565,2
laya-typed-score,2.0567,1
laya-typed-score,2.0568,2
laya-typed-score,2.0573,1
laya-typed-score,2.0575,4
laya-typed-score,2.0576,2
laya-typed-score,2.058,1
laya-typed-score,2.0583,1
laya-typed-score,2.0586,1
laya-typed-score,2.0587,1
laya-typed-score,2.0589,1
laya-typed-score,2.0592,3
laya-typed-score,2.0596,2
laya-typed-score,2.0598,1
laya-typed-score,2.06,2
laya-typed-score,2.0602,1
laya-typed-score,2.0604,2
laya-typed-score,2.0605,1
laya-typed-score,2.0606,2
laya-typed-score,2.0608,2
laya-typed-score,2.061,3
laya-typed-score,2.0611,2
laya-typed-score,2.0612,1
laya-typed-score,2.0613,2
laya-typed-score,2.0618,1
laya-typed-score,2.0619,2
laya-typed-score,2.062,1
laya-typed-score,2.0621,1
laya-typed-score,2.063,1
laya-typed-score,2.0633,1
laya-typed-score,2.0635,2
laya-typed-score,2.0636,2
laya-typed-score,2.0639,1
laya-typed-score,2.064,1
laya-typed-score,2.0641,2
laya-typed-score,2.0642,1
laya-typed-score,2.0643,1
laya-typed-score,2.0644,1
laya-typed-score,2.0645,1
laya-typed-score,2.0647,2
laya-typed-score,2.0648,5
laya-typed-score,2.0649,1
laya-typed-score,2.0651,1
laya-typed-score,2.0653,2
laya-typed-score,2.0654,1
laya-typed-score,2.066,2
laya-typed-score,2.0662,1
laya-typed-score,2.0664,2
laya-typed-score,2.0666,1
laya-typed-score,2.0667,2
laya-typed-score,2.0673,1
laya-typed-score,2.0676,2
laya-typed-score,2.0678,1
laya-typed-score,2.068,3
laya-typed-score,2.0682,1
laya-typed-score,2.0683,1
laya-typed-score,2.0686,3
laya-typed-score,2.0687,1
laya-typed-score,2.0691,1
laya-typed-score,2.0693,1
laya-typed-score,2.0694,1
laya-typed-score,2.0697,2
laya-typed-score,2.0699,3
laya-typed-score,2.0701,1
laya-typed-score,2.0705,1
laya-typed-score,2.0706,2
laya-typed-score,2.0707,1
laya-typed-score,2.0709,1
laya-typed-score,2.071,1
laya-typed-score,2.0713,1
laya-typed-score,2.0714,2
laya-typed-score,2.0718,2
laya-typed-score,2.072,1
laya-typed-score,2.0721,1
laya-typed-score,2.0725,1
laya-typed-score,2.0726,1
laya-typed-score,2.0727,3
laya-typed-score,2.0728,1
laya-typed-score,2.0729,2
laya-typed-score,2.0736,2
laya-typed-score,2.0737,1
laya-typed-score,2.074,4
laya-typed-score,2.0741,1
laya-typed-score,2.0742,3
laya-typed-score,2.0744,1
laya-typed-score,2.0745,2
laya-typed-score,2.0748,2
laya-typed-score,2.0749,3
laya-typed-score,2.0751,1
laya-typed-score,2.0752,2
laya-typed-score,2.0754,1
laya-typed-score,2.0761,2
laya-typed-score,2.0763,1
laya-typed-score,2.0768,1
laya-typed-score,2.0769,1
laya-typed-score,2.0772,1
laya-typed-score,2.0773,1
laya-typed-score,2.0775,1
laya-typed-score,2.0778,1
laya-typed-score,2.078,1
laya-typed-score,2.0781,1
laya-typed-score,2.0783,1
laya-typed-score,2.0785,2
laya-typed-score,2.0787,1
laya-typed-score,2.0789,2
laya-typed-score,2.079,2
laya-typed-score,2.0791,1
laya-typed-score,2.0792,1
laya-typed-score,2.0793,3
laya-typed-score,2.0797,2
laya-typed-score,2.0798,1
laya-typed-score,2.0799,3
laya-typed-score,2.0803,1
laya-typed-score,2.0804,1
laya-typed-score,2.0807,1
laya-typed-score,2.0811,1
laya-typed-score,2.0812,2
laya-typed-score,2.0813,2
laya-typed-score,2.0815,1
laya-typed-score,2.082,1
laya-typed-score,2.0822,1
laya-typed-score,2.0823,1
laya-typed-score,2.0826,2
laya-typed-score,2.0828,1
laya-typed-score,2.083,2
laya-typed-score,2.0834,1
laya-typed-score,2.0836,2
laya-typed-score,2.0837,1
laya-typed-score,2.0838,2
laya-typed-score,2.0839,3
laya-typed-score,2.0841,1
laya-typed-score,2.0842,4
laya-typed-score,2.0843,1
laya-typed-score,2.0844,1
laya-typed-score,2.0847,1
laya-typed-score,2.0849,2
laya-typed-score,2.085,1
laya-typed-score,2.0851,1
laya-typed-score,2.0852,1
laya-typed-score,2.0857,1
laya-typed-score,2.0862,3
laya-typed-score,2.0863,1
laya-typed-score,2.0864,1
laya-typed-score,2.0866,1
laya-typed-score,2.0867,2
laya-typed-score,2.0873,3
laya-typed-score,2.0874,1
laya-typed-score,2.0877,2
laya-typed-score,2.0879,2
laya-typed-score,2.0882,2
laya-typed-score,2.0883,1
laya-typed-score,2.0885,1
laya-typed-score,2.0886,1
laya-typed-score,2.0887,1
laya-typed-score,2.0889,3
laya-typed-score,2.0891,1
laya-typed-score,2.0893,1
laya-typed-score,2.0894,1
laya-typed-score,2.0895,1
laya-typed-score,2.0899,1
laya-typed-score,2.0901,2
laya-typed-score,2.0905,1
laya-typed-score,2.0906,1
laya-typed-score,2.0911,1
laya-typed-score,2.0912,2
laya-typed-score,2.0913,1
laya-typed-score,2.0914,1
laya-typed-score,2.0915,2
laya-typed-score,2.0917,2
laya-typed-score,2.0922,1
laya-typed-score,2.0924,1
laya-typed-score,2.0926,1
laya-typed-score,2.0927,1
laya-typed-score,2.0928,1
laya-typed-score,2.0929,2
laya-typed-score,2.0931,2
laya-typed-score,2.0932,1
laya-typed-score,2.0933,2
laya-typed-score,2.0934,1
laya-typed-score,2.0937,1
laya-typed-score,2.0938,1
laya-typed-score,2.094,2
laya-typed-score,2.0941,2
laya-typed-score,2.0944,2
laya-typed-score,2.0946,1
laya-typed-score,2.0947,2
laya-typed-score,2.0948,1
laya-typed-score,2.095,1
laya-typed-score,2.0951,1
laya-typed-score,2.0955,1
laya-typed-score,2.0956,1
laya-typed-score,2.0957,2
laya-typed-score,2.096,2
laya-typed-score,2.0961,1
laya-typed-score,2.0962,1
laya-typed-score,2.0964,1
laya-typed-score,2.0969,1
laya-typed-score,2.097,1
laya-typed-score,2.0971,2
laya-typed-score,2.0972,2
laya-typed-score,2.0975,1
laya-typed-score,2.0979,1
laya-typed-score,2.0981,2
laya-typed-score,2.0983,1
laya-typed-score,2.0986,2
laya-typed-score,2.0989,1
laya-typed-score,2.0994,1
laya-typed-score,2.0995,1
laya-typed-score,2.0998,2
laya-typed-score,2.1005,1
laya-typed-score,2.1006,3
laya-typed-score,2.1012,2
laya-typed-score,2.1016,1
laya-typed-score,2.1017,1
laya-typed-score,2.1018,1
laya-typed-score,2.102,2
laya-typed-score,2.1021,1
laya-typed-score,2.1025,1
laya-typed-score,2.1028,1
laya-typed-score,2.1031,2
laya-typed-score,2.1034,2
laya-typed-score,2.1039,2
laya-typed-score,2.1044,2
laya-typed-score,2.1049,1
laya-typed-score,2.1052,1
laya-typed-score,2.1053,1
laya-typed-score,2.1055,1
laya-typed-score,2.1056,1
laya-typed-score,2.1057,1
laya-typed-score,2.1067,1
laya-typed-score,2.1072,1
laya-typed-score,2.1075,5
laya-typed-score,2.1076,1
laya-typed-score,2.1077,3
laya-typed-score,2.1081,1
laya-typed-score,2.1083,2
laya-typed-score,2.1084,1
laya-typed-score,2.1085,1
laya-typed-score,2.1086,1
laya-typed-score,2.1087,1
laya-typed-score,2.1088,2
laya-typed-score,2.1089,1
laya-typed-score,2.109,1
laya-typed-score,2.1091,1
laya-typed-score,2.1092,2
laya-typed-score,2.1094,1
laya-typed-score,2.1095,1
laya-typed-score,2.1097,1
laya-typed-score,2.1098,1
laya-typed-score,2.1101,1
laya-typed-score,2.1102,1
laya-typed-score,2.1103,1
laya-typed-score,2.1104,1
laya-typed-score,2.1105,3
laya-typed-score,2.1107,3
laya-typed-score,2.1109,1
laya-typed-score,2.111,1
laya-typed-score,2.1111,1
laya-typed-score,2.1112,1
laya-typed-score,2.1113,1
laya-typed-score,2.1115,2
laya-typed-score,2.1116,1
laya-typed-score,2.1117,1
laya-typed-score,2.1118,1
laya-typed-score,2.1119,3
laya-typed-score,2.112,1
laya-typed-score,2.1121,1
laya-typed-score,2.1122,1
laya-typed-score,2.1123,1
laya-typed-score,2.1124,1
laya-typed-score,2.1125,3
laya-typed-score,2.1127,1
laya-typed-score,2.1128,1
laya-typed-score,2.1129,1
laya-typed-score,2.1131,1
laya-typed-score,2.1133,1
laya-typed-score,2.1134,1
laya-typed-score,2.1135,1
laya-typed-score,2.1136,1
laya-typed-score,2.1137,1
laya-typed-score,2.1138,1
laya-typed-score,2.1139,1
laya-typed-score,2.1144,2
laya-typed-score,2.1145,1
laya-typed-score,2.1146,1
laya-typed-score,2.1147,1
laya-typed-score,2.1152,1
laya-typed-score,2.1153,3
laya-typed-score,2.1154,1
laya-typed-score,2.1155,1
laya-typed-score,2.1156,3
laya-typed-score,2.1158,1
laya-typed-score,2.1159,1
laya-typed-score,2.1162,1
laya-typed-score,2.1163,3
laya-typed-score,2.1164,1
laya-typed-score,2.1165,2
laya-typed-score,2.1168,1
laya-typed-score,2.1169,1
laya-typed-score,2.1171,2
laya-typed-score,2.1173,2
laya-typed-score,2.1175,1
laya-typed-score,2.1176,2
laya-typed-score,2.1177,5
laya-typed-score,2.1178,1
laya-typed-score,2.118,1
laya-typed-score,2.1183,1
laya-typed-score,2.1185,2
laya-typed-score,2.1186,2
laya-typed-score,2.1187,1
laya-typed-score,2.1189,2
laya-typed-score,2.119,1
laya-typed-score,2.1192,1
laya-typed-score,2.1193,1
laya-typed-score,2.1194,1
laya-typed-score,2.1195,1
laya-typed-score,2.1198,2
laya-typed-score,2.12,1
laya-typed-score,2.1201,1
laya-typed-score,2.1207,1
laya-typed-score,2.1211,4
laya-typed-score,2.1212,1
laya-typed-score,2.1216,3
laya-typed-score,2.1217,2
laya-typed-score,2.1219,1
laya-typed-score,2.1221,1
laya-typed-score,2.1222,1
laya-typed-score,2.1223,2
laya-typed-score,2.1224,1
laya-typed-score,2.1228,1
laya-typed-score,2.123,1
laya-typed-score,2.1231,1
laya-typed-score,2.1233,2
laya-typed-score,2.1235,1
laya-typed-score,2.1237,2
laya-typed-score,2.1239,2
laya-typed-score,2.1246,1
laya-typed-score,2.1251,1
laya-typed-score,2.1253,2
laya-typed-score,2.1255,3
laya-typed-score,2.1258,3
laya-typed-score,2.1259,1
laya-typed-score,2.1261,1
laya-typed-score,2.1262,3
laya-typed-score,2.1263,1
laya-typed-score,2.1265,1
laya-typed-score,2.1266,2
laya-typed-score,2.1269,1
laya-typed-score,2.1271,1
laya-typed-score,2.1273,2
laya-typed-score,2.1275,2
laya-typed-score,2.1276,3
laya-typed-score,2.1277,4
laya-typed-score,2.128,1
laya-typed-score,2.1281,2
laya-typed-score,2.1282,1
laya-typed-score,2.1283,1
laya-typed-score,2.1284,1
laya-typed-score,2.1286,2
laya-typed-score,2.129,1
laya-typed-score,2.1291,2
laya-typed-score,2.1293,1
laya-typed-score,2.1294,1
laya-typed-score,2.1295,2
laya-typed-score,2.1297,2
laya-typed-score,2.13,1
laya-typed-score,2.1302,3
laya-typed-score,2.1303,2
laya-typed-score,2.1304,2
laya-typed-score,2.1308,2
laya-typed-score,2.131,2
laya-typed-score,2.1311,1
laya-typed-score,2.1315,3
laya-typed-score,2.132,1
laya-typed-score,2.1321,1
laya-typed-score,2.1322,1
laya-typed-score,2.1323,1
laya-typed-score,2.1325,2
laya-typed-score,2.1331,1
laya-typed-score,2.1332,2
laya-typed-score,2.1335,1
laya-typed-score,2.1336,1
laya-typed-score,2.1337,2
laya-typed-score,2.1338,2
laya-typed-score,2.1339,1
laya-typed-score,2.134,2
laya-typed-score,2.1342,4
laya-typed-score,2.1345,1
laya-typed-score,2.1346,2
laya-typed-score,2.1348,1
laya-typed-score,2.1352,1
laya-typed-score,2.1353,1
laya-typed-score,2.1354,3
laya-typed-score,2.1355,1
laya-typed-score,2.1357,2
laya-typed-score,2.1358,2
laya-typed-score,2.1359,2
laya-typed-score,2.136,1
laya-typed-score,2.1361,1
laya-typed-score,2.1364,1
laya-typed-score,2.1368,1
laya-typed-score,2.1369,1
laya-typed-score,2.137,1
laya-typed-score,2.1371,2
laya-typed-score,2.1372,1
laya-typed-score,2.1374,2
laya-typed-score,2.1375,2
laya-typed-score,2.1376,1
laya-typed-score,2.1377,1
laya-typed-score,2.1379,3
laya-typed-score,2.1386,1
laya-typed-score,2.139,4
laya-typed-score,2.1391,1
laya-typed-score,2.1395,1
laya-typed-score,2.1397,1
laya-typed-score,2.1398,1
laya-typed-score,2.1399,1
laya-typed-score,2.1403,2
laya-typed-score,2.1405,1
laya-typed-score,2.1406,1
laya-typed-score,2.1407,1
laya-typed-score,2.1409,2
laya-typed-score,2.1412,2
laya-typed-score,2.1413,1
laya-typed-score,2.1414,2
laya-typed-score,2.1415,1
laya-typed-score,2.1416,1
laya-typed-score,2.1419,1
laya-typed-score,2.142,1
laya-typed-score,2.1421,2
laya-typed-score,2.1422,3
laya-typed-score,2.1423,1
laya-typed-score,2.1425,3
laya-typed-score,2.1427,1
laya-typed-score,2.1429,1
laya-typed-score,2.1431,2
laya-typed-score,2.1432,1
laya-typed-score,2.1433,1
laya-typed-score,2.1436,2
laya-typed-score,2.1437,2
laya-typed-score,2.1438,1
laya-typed-score,2.1439,1
laya-typed-score,2.144,1
laya-typed-score,2.1445,1
laya-typed-score,2.1446,1
laya-typed-score,2.1447,1
laya-typed-score,2.1448,1
laya-typed-score,2.1449,1
laya-typed-score,2.1453,1
laya-typed-score,2.1454,1
laya-typed-score,2.1456,2
laya-typed-score,2.1458,1
laya-typed-score,2.146,1
laya-typed-score,2.1464,1
laya-typed-score,2.1465,2
laya-typed-score,2.1466,2
laya-typed-score,2.1467,2
laya-typed-score,2.147,1
laya-typed-score,2.1471,1
laya-typed-score,2.1473,2
laya-typed-score,2.1474,1
laya-typed-score,2.1479,2
laya-typed-score,2.148,4
laya-typed-score,2.1483,1
laya-typed-score,2.1485,2
laya-typed-score,2.1488,1
laya-typed-score,2.1493,1
laya-typed-score,2.1494,2
laya-typed-score,2.1496,2
laya-typed-score,2.1497,1
laya-typed-score,2.15,1
laya-typed-score,2.1501,1
laya-typed-score,2.1504,2
laya-typed-score,2.1506,1
laya-typed-score,2.1512,1
laya-typed-score,2.1515,1
laya-typed-score,2.1516,1
laya-typed-score,2.1519,1
laya-typed-score,2.1521,2
laya-typed-score,2.1526,1
laya-typed-score,2.1527,1
laya-typed-score,2.1528,1
laya-typed-score,2.1529,1
laya-typed-score,2.153,1
laya-typed-score,2.1531,1
laya-typed-score,2.1532,3
laya-typed-score,2.1533,2
laya-typed-score,2.1534,1
laya-typed-score,2.1538,1
laya-typed-score,2.154,1
laya-typed-score,2.1541,1
laya-typed-score,2.1542,1
laya-typed-score,2.1543,2
laya-typed-score,2.1545,2
laya-typed-score,2.1546,1
laya-typed-score,2.1549,2
laya-typed-score,2.155,1
laya-typed-score,2.1553,1
laya-typed-score,2.1557,1
laya-typed-score,2.1566,1
laya-typed-score,2.1568,2
laya-typed-score,2.1569,1
laya-typed-score,2.157,2
laya-typed-score,2.1577,3
laya-typed-score,2.1578,1
laya-typed-score,2.1581,1
laya-typed-score,2.1582,1
laya-typed-score,2.1583,2
laya-typed-score,2.1584,1
laya-typed-score,2.1586,4
laya-typed-score,2.1587,1
laya-typed-score,2.159,2
laya-typed-score,2.1593,1
laya-typed-score,2.1595,1
laya-typed-score,2.1597,2
laya-typed-score,2.1598,2
laya-typed-score,2.16,2
laya-typed-score,2.1601,1
laya-typed-score,2.1603,1
laya-typed-score,2.1604,1
laya-typed-score,2.1605,1
laya-typed-score,2.1608,1
laya-typed-score,2.1609,2
laya-typed-score,2.161,1
laya-typed-score,2.1613,1
laya-typed-score,2.1614,1
laya-typed-score,2.1617,2
laya-typed-score,2.1618,1
laya-typed-score,2.1619,1
laya-typed-score,2.162,1
laya-typed-score,2.1622,2
laya-typed-score,2.1624,1
laya-typed-score,2.1626,1
laya-typed-score,2.163,2
laya-typed-score,2.1632,2
laya-typed-score,2.1635,2
laya-typed-score,2.1636,1
laya-typed-score,2.1637,1
laya-typed-score,2.1639,1
laya-typed-score,2.164,1
laya-typed-score,2.1643,1
laya-typed-score,2.1644,1
laya-typed-score,2.1645,1
laya-typed-score,2.1646,2
laya-typed-score,2.1647,1
laya-typed-score,2.1648,1
laya-typed-score,2.1654,1
laya-typed-score,2.1656,1
laya-typed-score,2.1659,1
laya-typed-score,2.1664,1
laya-typed-score,2.1666,1
laya-typed-score,2.1668,1
laya-typed-score,2.1669,1
laya-typed-score,2.1672,2
laya-typed-score,2.1673,3
laya-typed-score,2.1674,2
laya-typed-score,2.1677,1
laya-typed-score,2.1678,1
laya-typed-score,2.1679,3
laya-typed-score,2.1683,1
laya-typed-score,2.1684,1
laya-typed-score,2.1685,1
laya-typed-score,2.1686,1
laya-typed-score,2.1687,2
laya-typed-score,2.169,1
laya-typed-score,2.1692,1
laya-typed-score,2.1696,2
laya-typed-score,2.1697,1
laya-typed-score,2.1699,1
laya-typed-score,2.1701,2
laya-typed-score,2.1702,2
laya-typed-score,2.1707,1
laya-typed-score,2.1709,1
laya-typed-score,2.1711,1
laya-typed-score,2.1713,1
laya-typed-score,2.1714,1
laya-typed-score,2.1716,2
laya-typed-score,2.1717,1
laya-typed-score,2.1718,1
laya-typed-score,2.1719,2
laya-typed-score,2.172,1
laya-typed-score,2.1721,1
laya-typed-score,2.1723,1
laya-typed-score,2.1725,1
laya-typed-score,2.1726,3
laya-typed-score,2.1728,1
laya-typed-score,2.1729,2
laya-typed-score,2.173,1
laya-typed-score,2.1734,1
laya-typed-score,2.1735,1
laya-typed-score,2.1738,2
laya-typed-score,2.174,2
laya-typed-score,2.1741,1
laya-typed-score,2.1742,1
laya-typed-score,2.1743,1
laya-typed-score,2.1744,1
laya-typed-score,2.1746,1
laya-typed-score,2.1747,1
laya-typed-score,2.1748,1
laya-typed-score,2.1749,2
laya-typed-score,2.175,1
laya-typed-score,2.1752,4
laya-typed-score,2.1753,1
laya-typed-score,2.1757,1
laya-typed-score,2.176,1
laya-typed-score,2.1762,1
laya-typed-score,2.1765,1
laya-typed-score,2.1769,1
laya-typed-score,2.177,2
laya-typed-score,2.1771,1
laya-typed-score,2.1774,1
laya-typed-score,2.1776,2
laya-typed-score,2.1777,1
laya-typed-score,2.1778,1
laya-typed-score,2.178,1
laya-typed-score,2.1785,1
laya-typed-score,2.1786,1
laya-typed-score,2.1788,1
laya-typed-score,2.179,2
laya-typed-score,2.1791,1
laya-typed-score,2.1792,1
laya-typed-score,2.1793,2
laya-typed-score,2.1794,2
laya-typed-score,2.1796,2
laya-typed-score,2.1797,1
laya-typed-score,2.1798,1
laya-typed-score,2.1801,1
laya-typed-score,2.1803,1
laya-typed-score,2.1808,1
laya-typed-score,2.1811,1
laya-typed-score,2.1812,1
laya-typed-score,2.1813,1
laya-typed-score,2.1815,3
laya-typed-score,2.1816,2
laya-typed-score,2.1817,1
laya-typed-score,2.1821,2
laya-typed-score,2.1822,1
laya-typed-score,2.1823,1
laya-typed-score,2.1824,2
laya-typed-score,2.1825,3
laya-typed-score,2.1826,1
laya-typed-score,2.1827,1
laya-typed-score,2.1831,3
laya-typed-score,2.1834,1
laya-typed-score,2.1835,1
laya-typed-score,2.1837,1
laya-typed-score,2.1839,1
laya-typed-score,2.1841,1
laya-typed-score,2.1842,1
laya-typed-score,2.1844,1
laya-typed-score,2.1846,1
laya-typed-score,2.1847,1
laya-typed-score,2.1848,1
laya-typed-score,2.185,1
laya-typed-score,2.1851,1
laya-typed-score,2.1852,1
laya-typed-score,2.1853,1
laya-typed-score,2.1854,1
laya-typed-score,2.1858,1
laya-typed-score,2.1859,1
laya-typed-score,2.186,1
laya-typed-score,2.1864,1
laya-typed-score,2.1865,3
laya-typed-score,2.1866,1
laya-typed-score,2.1868,2
laya-typed-score,2.1872,1
laya-typed-score,2.1873,1
laya-typed-score,2.1874,1
laya-typed-score,2.1875,1
laya-typed-score,2.1876,1
laya-typed-score,2.1882,2
laya-typed-score,2.1884,2
laya-typed-score,2.1885,1
laya-typed-score,2.1889,1
laya-typed-score,2.1891,1
laya-typed-score,2.1892,1
laya-typed-score,2.1894,2
laya-typed-score,2.1897,2
laya-typed-score,2.1899,1
laya-typed-score,2.19,1
laya-typed-score,2.1903,1
laya-typed-score,2.1905,2
laya-typed-score,2.1906,2
laya-typed-score,2.1908,1
laya-typed-score,2.1909,1
laya-typed-score,2.191,3
laya-typed-score,2.1911,1
laya-typed-score,2.1913,2
laya-typed-score,2.1916,1
laya-typed-score,2.1917,3
laya-typed-score,2.1919,1
laya-typed-score,2.1922,1
laya-typed-score,2.1923,2
laya-typed-score,2.1925,1
laya-typed-score,2.1928,1
laya-typed-score,2.1931,1
laya-typed-score,2.1932,1
laya-typed-score,2.1935,1
laya-typed-score,2.1936,1
laya-typed-score,2.1937,2
laya-typed-score,2.194,1
laya-typed-score,2.1941,1
laya-typed-score,2.1942,1
laya-typed-score,2.1946,2
laya-typed-score,2.195,1
laya-typed-score,2.1951,1
laya-typed-score,2.1958,1
laya-typed-score,2.1959,1
laya-typed-score,2.196,1
laya-typed-score,2.1962,1
laya-typed-score,2.1963,1
laya-typed-score,2.1965,1
laya-typed-score,2.1966,1
laya-typed-score,2.1969,1
laya-typed-score,2.197,1
laya-typed-score,2.1971,1
laya-typed-score,2.1974,1
laya-typed-score,2.1975,1
laya-typed-score,2.1978,1
laya-typed-score,2.198,1
laya-typed-score,2.1981,1
laya-typed-score,2.1983,1
laya-typed-score,2.1984,2
laya-typed-score,2.1986,2
laya-typed-score,2.1989,3
laya-typed-score,2.199,3
laya-typed-score,2.1991,3
laya-typed-score,2.1996,1
laya-typed-score,2.2,1
laya-typed-score,2.2001,1
laya-typed-score,2.2002,1
laya-typed-score,2.2008,1
laya-typed-score,2.2009,1
laya-typed-score,2.2012,2
laya-typed-score,2.2018,2
laya-typed-score,2.202,1
laya-typed-score,2.2022,2
laya-typed-score,2.2023,1
laya-typed-score,2.2026,1
laya-typed-score,2.2029,1
laya-typed-score,2.2032,1
laya-typed-score,2.2039,1
laya-typed-score,2.204,1
laya-typed-score,2.2041,1
laya-typed-score,2.2042,2
laya-typed-score,2.2048,1
laya-typed-score,2.2053,1
laya-typed-score,2.2054,1
laya-typed-score,2.2055,1
laya-typed-score,2.206,1
laya-typed-score,2.2061,1
laya-typed-score,2.2063,1
laya-typed-score,2.2064,1
laya-typed-score,2.2065,1
laya-typed-score,2.2067,1
laya-typed-score,2.2069,1
laya-typed-score,2.2074,1
laya-typed-score,2.2075,2
laya-typed-score,2.2076,1
laya-typed-score,2.2077,1
laya-typed-score,2.2078,1
laya-typed-score,2.2079,1
laya-typed-score,2.208,2
laya-typed-score,2.2083,2
laya-typed-score,2.2084,1
laya-typed-score,2.2085,1
laya-typed-score,2.2087,2
laya-typed-score,2.2089,1
laya-typed-score,2.2094,1
laya-typed-score,2.2095,1
laya-typed-score,2.2096,2
laya-typed-score,2.2097,2
laya-typed-score,2.2098,1
laya-typed-score,2.2099,1
laya-typed-score,2.2101,1
laya-typed-score,2.2102,2
laya-typed-score,2.2104,1
laya-typed-score,2.2105,1
laya-typed-score,2.2106,1
laya-typed-score,2.2108,1
laya-typed-score,2.211,3
laya-typed-score,2.2112,1
laya-typed-score,2.212,1
laya-typed-score,2.2123,1
laya-typed-score,2.2124,2
laya-typed-score,2.2126,1
laya-typed-score,2.2128,1
laya-typed-score,2.2131,1
laya-typed-score,2.2134,2
laya-typed-score,2.2145,2
laya-typed-score,2.2147,2
laya-typed-score,2.2151,2
laya-typed-score,2.2152,1
laya-typed-score,2.2153,2
laya-typed-score,2.2154,1
laya-typed-score,2.2155,1
laya-typed-score,2.2156,2
laya-typed-score,2.216,1
laya-typed-score,2.2162,1
laya-typed-score,2.2167,1
laya-typed-score,2.2169,1
laya-typed-score,2.217,1
laya-typed-score,2.2173,1
laya-typed-score,2.2174,1
laya-typed-score,2.2175,1
laya-typed-score,2.2181,2
laya-typed-score,2.2182,1
laya-typed-score,2.2186,1
laya-typed-score,2.2187,1
laya-typed-score,2.2188,1
laya-typed-score,2.2189,1
laya-typed-score,2.2191,1
laya-typed-score,2.2195,1
laya-typed-score,2.2202,1
laya-typed-score,2.2208,1
laya-typed-score,2.2209,1
laya-typed-score,2.2212,1
laya-typed-score,2.2213,3
laya-typed-score,2.2214,1
laya-typed-score,2.2216,1
laya-typed-score,2.2217,1
laya-typed-score,2.2218,2
laya-typed-score,2.2221,1
laya-typed-score,2.2227,1
laya-typed-score,2.2229,1
laya-typed-score,2.2234,1
laya-typed-score,2.2235,1
laya-typed-score,2.2236,1
laya-typed-score,2.224,1
laya-typed-score,2.2242,2
laya-typed-score,2.2244,1
laya-typed-score,2.2247,2
laya-typed-score,2.2248,1
laya-typed-score,2.2249,1
laya-typed-score,2.2252,2
laya-typed-score,2.2253,1
laya-typed-score,2.2256,1
laya-typed-score,2.2257,1
laya-typed-score,2.2258,1
laya-typed-score,2.2261,1
laya-typed-score,2.2263,2
laya-typed-score,2.2265,1
laya-typed-score,2.2267,1
laya-typed-score,2.2268,1
laya-typed-score,2.227,1
laya-typed-score,2.2271,1
laya-typed-score,2.2275,2
laya-typed-score,2.2276,1
laya-typed-score,2.2277,1
laya-typed-score,2.2279,4
laya-typed-score,2.2282,1
laya-typed-score,2.2283,1
laya-typed-score,2.2284,1
laya-typed-score,2.2288,1
laya-typed-score,2.229,1
laya-typed-score,2.2291,4
laya-typed-score,2.2294,2
laya-typed-score,2.2295,1
laya-typed-score,2.2297,5
laya-typed-score,2.2304,1
laya-typed-score,2.2305,1
laya-typed-score,2.2306,2
laya-typed-score,2.2308,1
laya-typed-score,2.2309,2
laya-typed-score,2.231,1
laya-typed-score,2.2316,2
laya-typed-score,2.2317,1
laya-typed-score,2.2319,1
laya-typed-score,2.232,2
laya-typed-score,2.2322,2
laya-typed-score,2.2325,1
laya-typed-score,2.2327,2
laya-typed-score,2.2328,1
laya-typed-score,2.2329,1
laya-typed-score,2.2331,1
laya-typed-score,2.2341,1
laya-typed-score,2.2342,2
laya-typed-score,2.2343,1
laya-typed-score,2.2344,2
laya-typed-score,2.2345,2
laya-typed-score,2.2347,2
laya-typed-score,2.2349,2
laya-typed-score,2.2354,1
laya-typed-score,2.2359,2
laya-typed-score,2.236,2
laya-typed-score,2.2361,1
laya-typed-score,2.2362,1
laya-typed-score,2.2365,1
laya-typed-score,2.2366,1
laya-typed-score,2.237,1
laya-typed-score,2.2378,1
laya-typed-score,2.238,1
laya-typed-score,2.2381,1
laya-typed-score,2.2382,2
laya-typed-score,2.2385,1
laya-typed-score,2.2389,1
laya-typed-score,2.239,1
laya-typed-score,2.2395,1
laya-typed-score,2.2397,1
laya-typed-score,2.24,3
laya-typed-score,2.2401,1
laya-typed-score,2.2402,1
laya-typed-score,2.2403,1
laya-typed-score,2.2411,2
laya-typed-score,2.2414,2
laya-typed-score,2.2416,3
laya-typed-score,2.2417,2
laya-typed-score,2.2419,1
laya-typed-score,2.2421,1
laya-typed-score,2.2422,1
laya-typed-score,2.2425,1
laya-typed-score,2.2426,3
laya-typed-score,2.2428,1
laya-typed-score,2.2429,2
laya-typed-score,2.2433,4
laya-typed-score,2.2435,1
laya-typed-score,2.2437,1
laya-typed-score,2.2438,1
laya-typed-score,2.2439,2
laya-typed-score,2.244,1
laya-typed-score,2.2441,1
laya-typed-score,2.2443,1
laya-typed-score,2.2444,1
laya-typed-score,2.2445,2
laya-typed-score,2.2446,1
laya-typed-score,2.2447,1
laya-typed-score,2.245,1
laya-typed-score,2.2451,2
laya-typed-score,2.2452,3
laya-typed-score,2.2457,1
laya-typed-score,2.2458,1
laya-typed-score,2.2459,1
laya-typed-score,2.2463,1
laya-typed-score,2.2465,1
laya-typed-score,2.2466,1
laya-typed-score,2.247,2
laya-typed-score,2.2475,1
laya-typed-score,2.2477,1
laya-typed-score,2.2478,1
laya-typed-score,2.248,1
laya-typed-score,2.2482,2
laya-typed-score,2.2483,2
laya-typed-score,2.2488,1
laya-typed-score,2.2493,1
laya-typed-score,2.2497,1
laya-typed-score,2.2498,1
laya-typed-score,2.2499,1
laya-typed-score,2.25,1
laya-typed-score,2.2501,1
laya-typed-score,2.2502,1
laya-typed-score,2.2504,1
laya-typed-score,2.2506,1
laya-typed-score,2.2509,1
laya-typed-score,2.2511,1
laya-typed-score,2.2514,1
laya-typed-score,2.2516,2
laya-typed-score,2.2517,1
laya-typed-score,2.2518,1
laya-typed-score,2.2519,1
laya-typed-score,2.2524,1
laya-typed-score,2.2528,1
laya-typed-score,2.2529,2
laya-typed-score,2.2533,1
laya-typed-score,2.2534,1
laya-typed-score,2.2535,3
laya-typed-score,2.2536,1
laya-typed-score,2.2537,1
laya-typed-score,2.2543,1
laya-typed-score,2.2545,1
laya-typed-score,2.2547,1
laya-typed-score,2.2548,1
laya-typed-score,2.2551,1
laya-typed-score,2.2553,1
laya-typed-score,2.2555,2
laya-typed-score,2.2559,2
laya-typed-score,2.2564,2
laya-typed-score,2.2569,2
laya-typed-score,2.257,1
laya-typed-score,2.2575,2
laya-typed-score,2.2576,2
laya-typed-score,2.2577,2
laya-typed-score,2.2582,1
laya-typed-score,2.2583,1
laya-typed-score,2.2584,2
laya-typed-score,2.2587,1
laya-typed-score,2.2588,1
laya-typed-score,2.259,1
laya-typed-score,2.2592,2
laya-typed-score,2.2595,1
laya-typed-score,2.2598,3
laya-typed-score,2.2599,1
laya-typed-score,2.2603,1
laya-typed-score,2.2604,1
laya-typed-score,2.2609,2
laya-typed-score,2.2615,1
laya-typed-score,2.2616,1
laya-typed-score,2.2617,1
laya-typed-score,2.2618,1
laya-typed-score,2.2623,2
laya-typed-score,2.2625,1
laya-typed-score,2.2632,1
laya-typed-score,2.2633,1
laya-typed-score,2.2637,1
laya-typed-score,2.2638,1
laya-typed-score,2.2639,1
laya-typed-score,2.264,1
laya-typed-score,2.2642,2
laya-typed-score,2.2643,1
laya-typed-score,2.2644,2
laya-typed-score,2.2646,1
laya-typed-score,2.2648,1
laya-typed-score,2.2654,1
laya-typed-score,2.2656,2
laya-typed-score,2.2658,1
laya-typed-score,2.2667,1
laya-typed-score,2.2669,2
laya-typed-score,2.267,1
laya-typed-score,2.2672,1
laya-typed-score,2.2674,1
laya-typed-score,2.2675,2
laya-typed-score,2.2676,2
laya-typed-score,2.2677,1
laya-typed-score,2.268,1
laya-typed-score,2.2684,1
laya-typed-score,2.2685,1
laya-typed-score,2.2686,1
laya-typed-score,2.2688,1
laya-typed-score,2.2691,1
laya-typed-score,2.2692,1
laya-typed-score,2.2693,2
laya-typed-score,2.2695,1
laya-typed-score,2.2697,2
laya-typed-score,2.2698,2
laya-typed-score,2.2699,2
laya-typed-score,2.2701,2
laya-typed-score,2.2702,1
laya-typed-score,2.2705,2
laya-typed-score,2.2707,1
laya-typed-score,2.2708,1
laya-typed-score,2.2716,2
laya-typed-score,2.2718,2
laya-typed-score,2.2719,1
laya-typed-score,2.2721,1
laya-typed-score,2.2724,1
laya-typed-score,2.2728,2
laya-typed-score,2.2729,1
laya-typed-score,2.2739,2
laya-typed-score,2.2741,1
laya-typed-score,2.2742,3
laya-typed-score,2.2746,1
laya-typed-score,2.2749,1
laya-typed-score,2.2752,2
laya-typed-score,2.2753,2
laya-typed-score,2.2756,3
laya-typed-score,2.2757,2
laya-typed-score,2.2758,1
laya-typed-score,2.2761,2
laya-typed-score,2.2763,1
laya-typed-score,2.2764,2
laya-typed-score,2.2765,1
laya-typed-score,2.2767,2
laya-typed-score,2.2769,1
laya-typed-score,2.2772,2
laya-typed-score,2.2774,4
laya-typed-score,2.2776,1
laya-typed-score,2.2778,1
laya-typed-score,2.2779,1
laya-typed-score,2.278,1
laya-typed-score,2.2781,1
laya-typed-score,2.2784,2
laya-typed-score,2.279,1
laya-typed-score,2.2791,2
laya-typed-score,2.2795,1
laya-typed-score,2.2797,2
laya-typed-score,2.2799,2
laya-typed-score,2.2801,1
laya-typed-score,2.2804,1
laya-typed-score,2.2808,1
laya-typed-score,2.281,1
laya-typed-score,2.2812,1
laya-typed-score,2.2814,1
laya-typed-score,2.2817,1
laya-typed-score,2.2818,1
laya-typed-score,2.2819,1
laya-typed-score,2.282,2
laya-typed-score,2.2822,1
laya-typed-score,2.2823,1
laya-typed-score,2.2824,1
laya-typed-score,2.2828,1
laya-typed-score,2.2829,1
laya-typed-score,2.2831,1
laya-typed-score,2.2834,2
laya-typed-score,2.2836,2
laya-typed-score,2.2837,3
laya-typed-score,2.2839,3
laya-typed-score,2.2841,1
laya-typed-score,2.2846,1
laya-typed-score,2.2847,1
laya-typed-score,2.2848,1
laya-typed-score,2.2849,1
laya-typed-score,2.2853,2
laya-typed-score,2.2856,1
laya-typed-score,2.2857,1
laya-typed-score,2.2858,2
laya-typed-score,2.286,1
laya-typed-score,2.2861,1
laya-typed-score,2.2863,1
laya-typed-score,2.2865,1
laya-typed-score,2.2867,2
laya-typed-score,2.2869,2
laya-typed-score,2.287,2
laya-typed-score,2.2872,1
laya-typed-score,2.2873,5
laya-typed-score,2.2877,1
laya-typed-score,2.289,1
laya-typed-score,2.2891,1
laya-typed-score,2.2893,1
laya-typed-score,2.2895,1
laya-typed-score,2.2896,1
laya-typed-score,2.2898,2
laya-typed-score,2.2899,1
laya-typed-score,2.2901,1
laya-typed-score,2.2902,1
laya-typed-score,2.2903,1
laya-typed-score,2.2906,1
laya-typed-score,2.2907,1
laya-typed-score,2.2908,1
laya-typed-score,2.291,1
laya-typed-score,2.2911,1
laya-typed-score,2.2912,1
laya-typed-score,2.2913,1
laya-typed-score,2.2915,1
laya-typed-score,2.2916,1
laya-typed-score,2.292,1
laya-typed-score,2.2921,3
laya-typed-score,2.2922,2
laya-typed-score,2.2924,2
laya-typed-score,2.2928,1
laya-typed-score,2.2935,1
laya-typed-score,2.2936,1
laya-typed-score,2.2938,1
laya-typed-score,2.2939,1
laya-typed-score,2.2941,1
laya-typed-score,2.2943,1
laya-typed-score,2.2944,1
laya-typed-score,2.2947,1
laya-typed-score,2.2951,1
laya-typed-score,2.2952,2
laya-typed-score,2.2953,1
laya-typed-score,2.2954,1
laya-typed-score,2.2958,1
laya-typed-score,2.2959,1
laya-typed-score,2.2965,1
laya-typed-score,2.2967,2
laya-typed-score,2.297,1
laya-typed-score,2.2971,1
laya-typed-score,2.2972,1
laya-typed-score,2.2973,1
laya-typed-score,2.2975,4
laya-typed-score,2.2977,1
laya-typed-score,2.298,1
laya-typed-score,2.2982,2
laya-typed-score,2.2987,1
laya-typed-score,2.2988,2
laya-typed-score,2.299,1
laya-typed-score,2.2991,1
laya-typed-score,2.2993,1
laya-typed-score,2.2999,1
laya-typed-score,2.3001,2
laya-typed-score,2.3002,2
laya-typed-score,2.3004,2
laya-typed-score,2.3005,1
laya-typed-score,2.3009,2
laya-typed-score,2.3012,1
laya-typed-score,2.3014,2
laya-typed-score,2.3017,1
laya-typed-score,2.3018,1
laya-typed-score,2.302,1
laya-typed-score,2.3021,1
laya-typed-score,2.3022,1
laya-typed-score,2.3024,2
laya-typed-score,2.3027,1
laya-typed-score,2.3029,1
laya-typed-score,2.3031,1
laya-typed-score,2.3032,1
laya-typed-score,2.3034,3
laya-typed-score,2.3035,1
laya-typed-score,2.3037,2
laya-typed-score,2.3038,2
laya-typed-score,2.3039,1
laya-typed-score,2.304,1
laya-typed-score,2.3044,1
laya-typed-score,2.3048,2
laya-typed-score,2.3051,1
laya-typed-score,2.3052,2
laya-typed-score,2.3053,1
laya-typed-score,2.3058,1
laya-typed-score,2.3059,1
laya-typed-score,2.3062,3
laya-typed-score,2.3063,2
laya-typed-score,2.3066,3
laya-typed-score,2.3068,1
laya-typed-score,2.307,1
laya-typed-score,2.3073,1
laya-typed-score,2.3075,1
laya-typed-score,2.3076,1
laya-typed-score,2.3077,1
laya-typed-score,2.3081,1
laya-typed-score,2.3082,2
laya-typed-score,2.3083,1
laya-typed-score,2.3084,2
laya-typed-score,2.309,2
laya-typed-score,2.3092,1
laya-typed-score,2.3093,1
laya-typed-score,2.3095,1
laya-typed-score,2.3096,3
laya-typed-score,2.3099,2
laya-typed-score,2.3101,1
laya-typed-score,2.3103,1
laya-typed-score,2.3104,1
laya-typed-score,2.3109,1
laya-typed-score,2.3112,1
laya-typed-score,2.3113,1
laya-typed-score,2.3114,3
laya-typed-score,2.3115,4
laya-typed-score,2.312,2
laya-typed-score,2.3126,1
laya-typed-score,2.3128,1
laya-typed-score,2.3134,1
laya-typed-score,2.314,1
laya-typed-score,2.3142,1
laya-typed-score,2.3144,1
laya-typed-score,2.3147,1
laya-typed-score,2.3148,1
laya-typed-score,2.3151,1
laya-typed-score,2.3152,1
laya-typed-score,2.3153,2
laya-typed-score,2.3155,1
laya-typed-score,2.316,1
laya-typed-score,2.3161,3
laya-typed-score,2.3162,1
laya-typed-score,2.3163,1
laya-typed-score,2.3165,1
laya-typed-score,2.317,1
laya-typed-score,2.3171,1
laya-typed-score,2.3174,1
laya-typed-score,2.3176,2
laya-typed-score,2.318,1
laya-typed-score,2.3181,1
laya-typed-score,2.3182,3
laya-typed-score,2.3183,2
laya-typed-score,2.3185,1
laya-typed-score,2.3187,1
laya-typed-score,2.3189,1
laya-typed-score,2.319,1
laya-typed-score,2.3191,1
laya-typed-score,2.3192,1
laya-typed-score,2.3194,2
laya-typed-score,2.3196,1
laya-typed-score,2.3199,2
laya-typed-score,2.3202,1
laya-typed-score,2.3204,1
laya-typed-score,2.3205,1
laya-typed-score,2.3209,2
laya-typed-score,2.3211,1
laya-typed-score,2.3214,2
laya-typed-score,2.3217,1
laya-typed-score,2.3222,1
laya-typed-score,2.3225,1
laya-typed-score,2.3229,1
laya-typed-score,2.3233,2
laya-typed-score,2.3235,1
laya-typed-score,2.3236,1
laya-typed-score,2.3238,1
laya-typed-score,2.3239,1
laya-typed-score,2.3242,2
laya-typed-score,2.3243,1
laya-typed-score,2.3244,1
laya-typed-score,2.3245,1
laya-typed-score,2.3247,2
laya-typed-score,2.3248,1
laya-typed-score,2.3249,1
laya-typed-score,2.325,2
laya-typed-score,2.3252,1
laya-typed-score,2.3257,1
laya-typed-score,2.3258,1
laya-typed-score,2.3259,1
laya-typed-score,2.3263,2
laya-typed-score,2.3264,1
laya-typed-score,2.3266,1
laya-typed-score,2.3268,2
laya-typed-score,2.327,1
laya-typed-score,2.3271,1
laya-typed-score,2.3272,1
laya-typed-score,2.3273,1
laya-typed-score,2.3275,2
laya-typed-score,2.3279,1
laya-typed-score,2.328,1
laya-typed-score,2.3282,3
laya-typed-score,2.3284,1
laya-typed-score,2.3285,1
laya-typed-score,2.329,1
laya-typed-score,2.3291,2
laya-typed-score,2.3297,2
laya-typed-score,2.3298,1
laya-typed-score,2.3299,1
laya-typed-score,2.33,1
laya-typed-score,2.3305,1
laya-typed-score,2.3308,1
laya-typed-score,2.3312,1
laya-typed-score,2.3317,1
laya-typed-score,2.3318,1
laya-typed-score,2.332,2
laya-typed-score,2.3324,1
laya-typed-score,2.3325,1
laya-typed-score,2.3331,2
laya-typed-score,2.3333,1
laya-typed-score,2.3336,1
laya-typed-score,2.3341,1
laya-typed-score,2.3342,1
laya-typed-score,2.3344,2
laya-typed-score,2.3346,1
laya-typed-score,2.3349,1
laya-typed-score,2.3356,2
laya-typed-score,2.3357,1
laya-typed-score,2.3358,1
laya-typed-score,2.3359,1
laya-typed-score,2.336,1
laya-typed-score,2.3361,1
laya-typed-score,2.3365,1
laya-typed-score,2.3366,1
laya-typed-score,2.3367,1
laya-typed-score,2.3372,1
laya-typed-score,2.3373,1
laya-typed-score,2.3374,2
laya-typed-score,2.3375,1
laya-typed-score,2.3376,1
laya-typed-score,2.3379,1
laya-typed-score,2.338,1
laya-typed-score,2.3381,1
laya-typed-score,2.3386,1
laya-typed-score,2.3387,3
laya-typed-score,2.3388,1
laya-typed-score,2.3389,4
laya-typed-score,2.3391,1
laya-typed-score,2.3395,1
laya-typed-score,2.3398,1
laya-typed-score,2.34,1
laya-typed-score,2.3401,1
laya-typed-score,2.3402,2
laya-typed-score,2.3404,1
laya-typed-score,2.3405,1
laya-typed-score,2.3406,2
laya-typed-score,2.3414,1
laya-typed-score,2.3415,2
laya-typed-score,2.3418,1
laya-typed-score,2.3419,1
laya-typed-score,2.342,1
laya-typed-score,2.3422,1
laya-typed-score,2.3425,1
laya-typed-score,2.3428,1
laya-typed-score,2.3429,1
laya-typed-score,2.3431,1
laya-typed-score,2.3433,2
laya-typed-score,2.3434,1
laya-typed-score,2.3436,1
laya-typed-score,2.3437,1
laya-typed-score,2.344,2
laya-typed-score,2.3441,2
laya-typed-score,2.3443,1
laya-typed-score,2.3446,1
laya-typed-score,2.3447,1
laya-typed-score,2.3448,1
laya-typed-score,2.3452,1
laya-typed-score,2.3456,1
laya-typed-score,2.3457,2
laya-typed-score,2.346,3
laya-typed-score,2.3461,4
laya-typed-score,2.3463,1
laya-typed-score,2.3464,1
laya-typed-score,2.3465,1
laya-typed-score,2.3466,1
laya-typed-score,2.3467,1
laya-typed-score,2.3468,3
laya-typed-score,2.3469,2
laya-typed-score,2.3471,1
laya-typed-score,2.3474,2
laya-typed-score,2.3475,1
laya-typed-score,2.3478,1
laya-typed-score,2.3479,1
laya-typed-score,2.348,1
laya-typed-score,2.3484,2
laya-typed-score,2.3486,1
laya-typed-score,2.3488,2
laya-typed-score,2.349,1
laya-typed-score,2.3492,1
laya-typed-score,2.3493,1
laya-typed-score,2.3494,1
laya-typed-score,2.3495,2
laya-typed-score,2.35,2
laya-typed-score,2.3502,1
laya-typed-score,2.3503,1
laya-typed-score,2.3506,1
laya-typed-score,2.3508,1
laya-typed-score,2.3509,2
laya-typed-score,2.3513,1
laya-typed-score,2.3516,1
laya-typed-score,2.3518,1
laya-typed-score,2.3519,1
laya-typed-score,2.352,1
laya-typed-score,2.3522,1
laya-typed-score,2.3523,1
laya-typed-score,2.3524,1
laya-typed-score,2.3526,2
laya-typed-score,2.3527,1
laya-typed-score,2.3528,2
laya-typed-score,2.3531,1
laya-typed-score,2.3532,1
laya-typed-score,2.3535,1
laya-typed-score,2.3537,1
laya-typed-score,2.3538,1
laya-typed-score,2.3541,2
laya-typed-score,2.3542,2
laya-typed-score,2.3543,1
laya-typed-score,2.3556,3
laya-typed-score,2.3557,1
laya-typed-score,2.356,1
laya-typed-score,2.3561,1
laya-typed-score,2.3562,2
laya-typed-score,2.3566,1
laya-typed-score,2.3568,1
laya-typed-score,2.357,1
laya-typed-score,2.3573,1
laya-typed-score,2.3578,1
laya-typed-score,2.3581,1
laya-typed-score,2.3582,2
laya-typed-score,2.3586,1
laya-typed-score,2.3588,1
laya-typed-score,2.3589,2
laya-typed-score,2.3591,1
laya-typed-score,2.3597,1
laya-typed-score,2.3598,1
laya-typed-score,2.3599,1
laya-typed-score,2.3602,1
laya-typed-score,2.3603,1
laya-typed-score,2.3605,2
laya-typed-score,2.3607,1
laya-typed-score,2.3608,2
laya-typed-score,2.361,1
laya-typed-score,2.3612,2
laya-typed-score,2.3617,1
laya-typed-score,2.3618,4
laya-typed-score,2.362,1
laya-typed-score,2.3621,1
laya-typed-score,2.3622,1
laya-typed-score,2.3623,1
laya-typed-score,2.3624,2
laya-typed-score,2.3626,1
laya-typed-score,2.3628,2
laya-typed-score,2.3629,1
laya-typed-score,2.3633,1
laya-typed-score,2.3634,2
laya-typed-score,2.3637,1
laya-typed-score,2.3638,1
laya-typed-score,2.3639,1
laya-typed-score,2.364,1
laya-typed-score,2.3643,2
laya-typed-score,2.3653,1
laya-typed-score,2.3655,1
laya-typed-score,2.3656,1
laya-typed-score,2.3658,1
laya-typed-score,2.3659,1
laya-typed-score,2.366,1
laya-typed-score,2.3663,1
laya-typed-score,2.3665,1
laya-typed-score,2.3667,2
laya-typed-score,2.3668,1
laya-typed-score,2.367,1
laya-typed-score,2.3671,2
laya-typed-score,2.3672,1
laya-typed-score,2.3673,1
laya-typed-score,2.3676,1
laya-typed-score,2.3678,1
laya-typed-score,2.3681,1
laya-typed-score,2.3684,1
laya-typed-score,2.3685,1
laya-typed-score,2.3686,2
laya-typed-score,2.3687,1
laya-typed-score,2.3688,1
laya-typed-score,2.3692,2
laya-typed-score,2.3694,1
laya-typed-score,2.3696,1
laya-typed-score,2.37,1
laya-typed-score,2.3701,1
laya-typed-score,2.3703,1
laya-typed-score,2.3707,1
laya-typed-score,2.371,1
laya-typed-score,2.3712,1
laya-typed-score,2.3714,1
laya-typed-score,2.3716,1
laya-typed-score,2.3719,1
laya-typed-score,2.3722,1
laya-typed-score,2.3726,2
laya-typed-score,2.3727,3
laya-typed-score,2.3729,2
laya-typed-score,2.3733,1
laya-typed-score,2.3741,1
laya-typed-score,2.3744,2
laya-typed-score,2.3747,1
laya-typed-score,2.3748,1
laya-typed-score,2.3749,1
laya-typed-score,2.3751,3
laya-typed-score,2.3754,2
laya-typed-score,2.3756,1
laya-typed-score,2.3757,1
laya-typed-score,2.376,1
laya-typed-score,2.3762,1
laya-typed-score,2.3764,2
laya-typed-score,2.3767,1
laya-typed-score,2.3768,2
laya-typed-score,2.3769,1
laya-typed-score,2.3773,2
laya-typed-score,2.3775,1
laya-typed-score,2.3777,1
laya-typed-score,2.3782,1
laya-typed-score,2.3783,2
laya-typed-score,2.3785,1
laya-typed-score,2.3786,2
laya-typed-score,2.3788,1
laya-typed-score,2.3789,1
laya-typed-score,2.379,2
laya-typed-score,2.3792,1
laya-typed-score,2.3793,1
laya-typed-score,2.3794,1
laya-typed-score,2.3795,2
laya-typed-score,2.3799,2
laya-typed-score,2.3805,1
laya-typed-score,2.3807,1
laya-typed-score,2.3809,2
laya-typed-score,2.381,2
laya-typed-score,2.3813,3
laya-typed-score,2.3814,1
laya-typed-score,2.3815,2
laya-typed-score,2.3816,3
laya-typed-score,2.3818,1
laya-typed-score,2.3819,1
laya-typed-score,2.3825,2
laya-typed-score,2.3826,1
laya-typed-score,2.383,1
laya-typed-score,2.3833,1
laya-typed-score,2.3835,2
laya-typed-score,2.3836,3
laya-typed-score,2.3837,1
laya-typed-score,2.3838,1
laya-typed-score,2.3839,1
laya-typed-score,2.3842,2
laya-typed-score,2.3843,1
laya-typed-score,2.3845,1
laya-typed-score,2.3846,1
laya-typed-score,2.3847,2
laya-typed-score,2.3849,1
laya-typed-score,2.3851,2
laya-typed-score,2.3852,1
laya-typed-score,2.3858,2
laya-typed-score,2.386,1
laya-typed-score,2.3861,1
laya-typed-score,2.3863,1
laya-typed-score,2.3866,1
laya-typed-score,2.3868,2
laya-typed-score,2.3869,1
laya-typed-score,2.387,1
laya-typed-score,2.3874,1
laya-typed-score,2.3879,2
laya-typed-score,2.388,1
laya-typed-score,2.3885,1
laya-typed-score,2.3888,1
laya-typed-score,2.389,1
laya-typed-score,2.3891,1
laya-typed-score,2.3893,1
laya-typed-score,2.3894,1
laya-typed-score,2.3897,2
laya-typed-score,2.3902,3
laya-typed-score,2.391,2
laya-typed-score,2.3914,2
laya-typed-score,2.3915,1
laya-typed-score,2.3916,1
laya-typed-score,2.3917,1
laya-typed-score,2.3924,1
laya-typed-score,2.393,2
laya-typed-score,2.3933,1
laya-typed-score,2.3935,1
laya-typed-score,2.3937,1
laya-typed-score,2.3939,1
laya-typed-score,2.3943,1
laya-typed-score,2.3945,1
laya-typed-score,2.3947,1
laya-typed-score,2.3948,2
laya-typed-score,2.3949,1
laya-typed-score,2.3954,2
laya-typed-score,2.3957,1
laya-typed-score,2.3959,1
laya-typed-score,2.3961,2
laya-typed-score,2.3963,1
laya-typed-score,2.3964,1
laya-typed-score,2.3965,1
laya-typed-score,2.3968,1
laya-typed-score,2.3972,1
laya-typed-score,2.3975,1
laya-typed-score,2.3976,1
laya-typed-score,2.3979,1
laya-typed-score,2.3981,2
laya-typed-score,2.3982,1
laya-typed-score,2.3983,2
laya-typed-score,2.3985,1
laya-typed-score,2.3986,1
laya-typed-score,2.3989,2
laya-typed-score,2.399,1
laya-typed-score,2.3992,1
laya-typed-score,2.3995,2
laya-typed-score,2.3996,1
laya-typed-score,2.3997,1
laya-typed-score,2.3998,1
laya-typed-score,2.3999,2
laya-typed-score,2.4001,2
laya-typed-score,2.4003,1
laya-typed-score,2.4004,1
laya-typed-score,2.4008,1
laya-typed-score,2.4013,2
laya-typed-score,2.4015,1
laya-typed-score,2.4016,1
laya-typed-score,2.4017,2
laya-typed-score,2.4018,2
laya-typed-score,2.4027,1
laya-typed-score,2.4028,1
laya-typed-score,2.4035,1
laya-typed-score,2.4036,1
laya-typed-score,2.4039,1
laya-typed-score,2.404,1
laya-typed-score,2.4043,1
laya-typed-score,2.4048,1
laya-typed-score,2.405,1
laya-typed-score,2.4053,1
laya-typed-score,2.4056,3
laya-typed-score,2.4059,1
laya-typed-score,2.4062,1
laya-typed-score,2.4065,1
laya-typed-score,2.4066,2
laya-typed-score,2.4068,1
laya-typed-score,2.407,2
laya-typed-score,2.4071,2
laya-typed-score,2.4072,1
laya-typed-score,2.4075,1
laya-typed-score,2.4078,1
laya-typed-score,2.4083,2
laya-typed-score,2.4084,1
laya-typed-score,2.4085,1
laya-typed-score,2.4086,1
laya-typed-score,2.4087,1
laya-typed-score,2.409,1
laya-typed-score,2.4091,4
laya-typed-score,2.4094,2
laya-typed-score,2.41,1
laya-typed-score,2.4105,1
laya-typed-score,2.4106,1
laya-typed-score,2.4109,1
laya-typed-score,2.4111,3
laya-typed-score,2.4117,2
laya-typed-score,2.4119,1
laya-typed-score,2.412,1
laya-typed-score,2.4124,1
laya-typed-score,2.4127,1
laya-typed-score,2.4129,1
laya-typed-score,2.413,1
laya-typed-score,2.4132,1
laya-typed-score,2.4133,1
laya-typed-score,2.4134,1
laya-typed-score,2.4139,1
laya-typed-score,2.4142,1
laya-typed-score,2.4143,1
laya-typed-score,2.4145,2
laya-typed-score,2.4149,1
laya-typed-score,2.4156,2
laya-typed-score,2.4158,1
laya-typed-score,2.4161,1
laya-typed-score,2.4163,2
laya-typed-score,2.4166,1
laya-typed-score,2.4167,2
laya-typed-score,2.4169,1
laya-typed-score,2.417,1
laya-typed-score,2.4174,1
laya-typed-score,2.4175,1
laya-typed-score,2.4177,2
laya-typed-score,2.4178,1
laya-typed-score,2.418,1
laya-typed-score,2.4181,1
laya-typed-score,2.4182,1
laya-typed-score,2.4183,4
laya-typed-score,2.4185,1
laya-typed-score,2.4186,1
laya-typed-score,2.4187,1
laya-typed-score,2.4189,2
laya-typed-score,2.419,1
laya-typed-score,2.4194,1
laya-typed-score,2.4195,2
laya-typed-score,2.4197,2
laya-typed-score,2.4199,2
laya-typed-score,2.42,2
laya-typed-score,2.4203,3
laya-typed-score,2.4204,1
laya-typed-score,2.4206,1
laya-typed-score,2.4208,3
laya-typed-score,2.421,2
laya-typed-score,2.4213,1
laya-typed-score,2.4215,2
laya-typed-score,2.4217,1
laya-typed-score,2.4218,1
laya-typed-score,2.4219,1
laya-typed-score,2.4222,1
laya-typed-score,2.4223,1
laya-typed-score,2.4226,1
laya-typed-score,2.4227,2
laya-typed-score,2.423,1
laya-typed-score,2.4233,1
laya-typed-score,2.4234,2
laya-typed-score,2.4235,1
laya-typed-score,2.4238,1
laya-typed-score,2.4241,1
laya-typed-score,2.4243,1
laya-typed-score,2.4246,1
laya-typed-score,2.4254,1
laya-typed-score,2.4255,1
laya-typed-score,2.4257,1
laya-typed-score,2.4258,3
laya-typed-score,2.4259,1
laya-typed-score,2.4261,1
laya-typed-score,2.4262,2
laya-typed-score,2.4263,1
laya-typed-score,2.4265,1
laya-typed-score,2.4266,2
laya-typed-score,2.4268,1
laya-typed-score,2.4278,1
laya-typed-score,2.428,2
laya-typed-score,2.4284,1
laya-typed-score,2.4285,1
laya-typed-score,2.4287,1
laya-typed-score,2.4288,1
laya-typed-score,2.429,1
laya-typed-score,2.4291,1
laya-typed-score,2.4292,1
laya-typed-score,2.4296,1
laya-typed-score,2.43,1
laya-typed-score,2.4304,2
laya-typed-score,2.4305,1
laya-typed-score,2.431,1
laya-typed-score,2.4312,1
laya-typed-score,2.4315,2
laya-typed-score,2.4318,2
laya-typed-score,2.4322,2
laya-typed-score,2.4323,1
laya-typed-score,2.4328,1
laya-typed-score,2.4331,1
laya-typed-score,2.4333,1
laya-typed-score,2.4339,1
laya-typed-score,2.434,1
laya-typed-score,2.4342,2
laya-typed-score,2.4343,1
laya-typed-score,2.4345,1
laya-typed-score,2.4346,1
laya-typed-score,2.4349,1
laya-typed-score,2.4351,1
laya-typed-score,2.4353,1
laya-typed-score,2.4354,4
laya-typed-score,2.4363,1
laya-typed-score,2.4366,1
laya-typed-score,2.4371,1
laya-typed-score,2.4372,1
laya-typed-score,2.4374,1
laya-typed-score,2.4377,1
laya-typed-score,2.4378,2
laya-typed-score,2.438,1
laya-typed-score,2.4384,2
laya-typed-score,2.4388,2
laya-typed-score,2.4389,1
laya-typed-score,2.4392,1
laya-typed-score,2.4395,2
laya-typed-score,2.4399,1
laya-typed-score,2.4402,1
laya-typed-score,2.4403,4
laya-typed-score,2.4405,2
laya-typed-score,2.441,1
laya-typed-score,2.4411,1
laya-typed-score,2.4413,1
laya-typed-score,2.4414,1
laya-typed-score,2.4416,1
laya-typed-score,2.4417,1
laya-typed-score,2.442,2
laya-typed-score,2.4423,1
laya-typed-score,2.4426,1
laya-typed-score,2.4427,1
laya-typed-score,2.4429,1
laya-typed-score,2.443,1
laya-typed-score,2.4431,1
laya-typed-score,2.4435,2
laya-typed-score,2.4439,4
laya-typed-score,2.4444,1
laya-typed-score,2.4446,1
laya-typed-score,2.445,1
laya-typed-score,2.4452,1
laya-typed-score,2.4453,1
laya-typed-score,2.4455,1
laya-typed-score,2.4456,1
laya-typed-score,2.4458,1
laya-typed-score,2.4464,1
laya-typed-score,2.4466,1
laya-typed-score,2.4473,1
laya-typed-score,2.4475,1
laya-typed-score,2.4481,1
laya-typed-score,2.4486,2
laya-typed-score,2.449,1
laya-typed-score,2.4491,2
laya-typed-score,2.4496,1
laya-typed-score,2.4498,1
laya-typed-score,2.45,1
laya-typed-score,2.4506,2
laya-typed-score,2.4508,1
laya-typed-score,2.451,2
laya-typed-score,2.4515,1
laya-typed-score,2.4516,1
laya-typed-score,2.4517,1
laya-typed-score,2.4523,1
laya-typed-score,2.4524,1
laya-typed-score,2.4532,1
laya-typed-score,2.4535,1
laya-typed-score,2.4549,1
laya-typed-score,2.455,1
laya-typed-score,2.4553,1
laya-typed-score,2.4554,1
laya-typed-score,2.4555,2
laya-typed-score,2.4561,1
laya-typed-score,2.4567,1
laya-typed-score,2.4568,2
laya-typed-score,2.457,1
laya-typed-score,2.4571,2
laya-typed-score,2.4572,1
laya-typed-score,2.4575,2
laya-typed-score,2.4577,1
laya-typed-score,2.4579,1
laya-typed-score,2.4582,2
laya-typed-score,2.4585,1
laya-typed-score,2.459,1
laya-typed-score,2.4591,1
laya-typed-score,2.4593,2
laya-typed-score,2.4597,1
laya-typed-score,2.4599,1
laya-typed-score,2.46,2
laya-typed-score,2.4602,2
laya-typed-score,2.4603,1
laya-typed-score,2.4604,2
laya-typed-score,2.4606,2
laya-typed-score,2.4612,2
laya-typed-score,2.4615,1
laya-typed-score,2.4617,1
laya-typed-score,2.4618,1
laya-typed-score,2.4626,1
laya-typed-score,2.4627,1
laya-typed-score,2.4631,1
laya-typed-score,2.4632,1
laya-typed-score,2.4634,2
laya-typed-score,2.4635,1
laya-typed-score,2.464,2
laya-typed-score,2.4642,1
laya-typed-score,2.4651,1
laya-typed-score,2.4654,1
laya-typed-score,2.4655,1
laya-typed-score,2.4656,1
laya-typed-score,2.4658,1
laya-typed-score,2.4659,1
laya-typed-score,2.4661,2
laya-typed-score,2.4665,1
laya-typed-score,2.4671,1
laya-typed-score,2.4672,2
laya-typed-score,2.4673,2
laya-typed-score,2.4675,1
laya-typed-score,2.4676,1
laya-typed-score,2.4678,1
laya-typed-score,2.4679,1
laya-typed-score,2.468,2
laya-typed-score,2.4681,2
laya-typed-score,2.4688,2
laya-typed-score,2.4693,1
laya-typed-score,2.4697,1
laya-typed-score,2.4703,2
laya-typed-score,2.4704,2
laya-typed-score,2.4707,1
laya-typed-score,2.4708,1
laya-typed-score,2.4715,1
laya-typed-score,2.4717,1
laya-typed-score,2.4718,1
laya-typed-score,2.4719,2
laya-typed-score,2.4722,2
laya-typed-score,2.4723,1
laya-typed-score,2.4725,1
laya-typed-score,2.4726,1
laya-typed-score,2.4727,2
laya-typed-score,2.473,1
laya-typed-score,2.4732,1
laya-typed-score,2.4739,1
laya-typed-score,2.4742,1
laya-typed-score,2.4747,2
laya-typed-score,2.4749,1
laya-typed-score,2.4756,1
laya-typed-score,2.4762,1
laya-typed-score,2.4763,1
laya-typed-score,2.4765,2
laya-typed-score,2.4766,1
laya-typed-score,2.4767,2
laya-typed-score,2.4768,1
laya-typed-score,2.4771,2
laya-typed-score,2.4773,1
laya-typed-score,2.4774,1
laya-typed-score,2.478,1
laya-typed-score,2.4782,1
laya-typed-score,2.4783,1
laya-typed-score,2.4784,1
laya-typed-score,2.4786,1
laya-typed-score,2.4788,1
laya-typed-score,2.4789,2
laya-typed-score,2.479,1
laya-typed-score,2.4791,1
laya-typed-score,2.4798,1
laya-typed-score,2.4799,1
laya-typed-score,2.4802,3
laya-typed-score,2.4804,1
laya-typed-score,2.4808,2
laya-typed-score,2.4817,1
laya-typed-score,2.4818,1
laya-typed-score,2.4822,2
laya-typed-score,2.4823,1
laya-typed-score,2.4825,2
laya-typed-score,2.4828,1
laya-typed-score,2.4829,1
laya-typed-score,2.4831,1
laya-typed-score,2.4834,1
laya-typed-score,2.4836,1
laya-typed-score,2.4837,1
laya-typed-score,2.4842,1
laya-typed-score,2.4848,1
laya-typed-score,2.4849,1
laya-typed-score,2.485,1
laya-typed-score,2.4852,1
laya-typed-score,2.4853,1
laya-typed-score,2.4858,1
laya-typed-score,2.4859,1
laya-typed-score,2.4862,1
laya-typed-score,2.4863,1
laya-typed-score,2.4864,1
laya-typed-score,2.4865,2
laya-typed-score,2.4874,1
laya-typed-score,2.4877,1
laya-typed-score,2.4882,1
laya-typed-score,2.4885,1
laya-typed-score,2.4886,1
laya-typed-score,2.4887,2
laya-typed-score,2.4888,2
laya-typed-score,2.4889,1
laya-typed-score,2.4892,1
laya-typed-score,2.4897,1
laya-typed-score,2.4898,1
laya-typed-score,2.49,1
laya-typed-score,2.4903,1
laya-typed-score,2.4905,1
laya-typed-score,2.4914,1
laya-typed-score,2.4915,1
laya-typed-score,2.4921,1
laya-typed-score,2.4922,1
laya-typed-score,2.4923,2
laya-typed-score,2.4925,2
laya-typed-score,2.4926,1
laya-typed-score,2.493,1
laya-typed-score,2.4931,1
laya-typed-score,2.4935,1
laya-typed-score,2.4937,2
laya-typed-score,2.4938,1
laya-typed-score,2.4941,1
laya-typed-score,2.4945,1
laya-typed-score,2.4947,1
laya-typed-score,2.4949,2
laya-typed-score,2.495,1
laya-typed-score,2.4952,2
laya-typed-score,2.4953,1
laya-typed-score,2.4955,1
laya-typed-score,2.4958,2
laya-typed-score,2.4959,1
laya-typed-score,2.496,1
laya-typed-score,2.4963,1
laya-typed-score,2.4966,1
laya-typed-score,2.4967,1
laya-typed-score,2.4969,1
laya-typed-score,2.497,3
laya-typed-score,2.4973,1
laya-typed-score,2.4977,1
laya-typed-score,2.4979,2
laya-typed-score,2.4981,1
laya-typed-score,2.4983,1
laya-typed-score,2.4985,1
laya-typed-score,2.4992,1
laya-typed-score,2.4995,1
laya-typed-score,2.4996,1
laya-typed-score,2.5,2
laya-typed-score,2.5001,2
laya-typed-score,2.5002,1
laya-typed-score,2.5007,2
laya-typed-score,2.5008,2
laya-typed-score,2.5009,2
laya-typed-score,2.501,2
laya-typed-score,2.5011,2
laya-typed-score,2.5012,2
laya-typed-score,2.5013,1
laya-typed-score,2.5017,2
laya-typed-score,2.502,1
laya-typed-score,2.5025,1
laya-typed-score,2.5028,1
laya-typed-score,2.5032,3
laya-typed-score,2.5033,1
laya-typed-score,2.5038,1
laya-typed-score,2.5039,2
laya-typed-score,2.5043,1
laya-typed-score,2.5046,1
laya-typed-score,2.5047,1
laya-typed-score,2.5053,2
laya-typed-score,2.5057,1
laya-typed-score,2.5059,1
laya-typed-score,2.5062,1
laya-typed-score,2.5064,1
laya-typed-score,2.5065,1
laya-typed-score,2.5069,2
laya-typed-score,2.5074,1
laya-typed-score,2.5076,1
laya-typed-score,2.5077,1
laya-typed-score,2.5079,1
laya-typed-score,2.508,1
laya-typed-score,2.5081,2
laya-typed-score,2.5082,1
laya-typed-score,2.5083,2
laya-typed-score,2.5089,2
laya-typed-score,2.509,1
laya-typed-score,2.5096,1
laya-typed-score,2.5097,1
laya-typed-score,2.5099,1
laya-typed-score,2.51,1
laya-typed-score,2.5101,1
laya-typed-score,2.5103,1
laya-typed-score,2.5104,3
laya-typed-score,2.511,1
laya-typed-score,2.5114,1
laya-typed-score,2.5117,1
laya-typed-score,2.5119,1
laya-typed-score,2.5121,1
laya-typed-score,2.5123,1
laya-typed-score,2.5124,2
laya-typed-score,2.5125,2
laya-typed-score,2.5126,1
laya-typed-score,2.5127,4
laya-typed-score,2.5128,2
laya-typed-score,2.5129,3
laya-typed-score,2.5133,1
laya-typed-score,2.5139,1
laya-typed-score,2.5142,1
laya-typed-score,2.5146,1
laya-typed-score,2.515,1
laya-typed-score,2.5152,1
laya-typed-score,2.5163,2
laya-typed-score,2.5172,1
laya-typed-score,2.5173,1
laya-typed-score,2.5177,1
laya-typed-score,2.5179,2
laya-typed-score,2.5183,1
laya-typed-score,2.5184,1
laya-typed-score,2.5185,1
laya-typed-score,2.5189,3
laya-typed-score,2.5191,2
laya-typed-score,2.5192,1
laya-typed-score,2.5197,1
laya-typed-score,2.5199,1
laya-typed-score,2.5218,1
laya-typed-score,2.522,2
laya-typed-score,2.5226,1
laya-typed-score,2.5228,1
laya-typed-score,2.5229,1
laya-typed-score,2.5232,1
laya-typed-score,2.5237,1
laya-typed-score,2.5242,2
laya-typed-score,2.5243,1
laya-typed-score,2.5245,1
laya-typed-score,2.5249,1
laya-typed-score,2.5251,1
laya-typed-score,2.5252,1
laya-typed-score,2.5253,1
laya-typed-score,2.5254,1
laya-typed-score,2.5256,2
laya-typed-score,2.5259,1
laya-typed-score,2.5262,3
laya-typed-score,2.5265,1
laya-typed-score,2.527,1
laya-typed-score,2.5272,1
laya-typed-score,2.5273,2
laya-typed-score,2.5277,1
laya-typed-score,2.5279,1
laya-typed-score,2.528,1
laya-typed-score,2.5283,2
laya-typed-score,2.5286,3
laya-typed-score,2.529,1
laya-typed-score,2.5291,2
laya-typed-score,2.5292,1
laya-typed-score,2.5295,1
laya-typed-score,2.5299,1
laya-typed-score,2.5301,3
laya-typed-score,2.5302,2
laya-typed-score,2.5305,1
laya-typed-score,2.5306,1
laya-typed-score,2.5308,1
laya-typed-score,2.5309,2
laya-typed-score,2.5315,1
laya-typed-score,2.5317,1
laya-typed-score,2.5319,1
laya-typed-score,2.5322,1
laya-typed-score,2.5325,1
laya-typed-score,2.5327,1
laya-typed-score,2.5331,1
laya-typed-score,2.5332,2
laya-typed-score,2.5335,2
laya-typed-score,2.5336,2
laya-typed-score,2.5338,1
laya-typed-score,2.534,1
laya-typed-score,2.5344,1
laya-typed-score,2.5346,2
laya-typed-score,2.5349,1
laya-typed-score,2.535,1
laya-typed-score,2.5351,1
laya-typed-score,2.5352,1
laya-typed-score,2.5353,2
laya-typed-score,2.5354,1
laya-typed-score,2.5356,1
laya-typed-score,2.5359,1
laya-typed-score,2.5362,2
laya-typed-score,2.5364,2
laya-typed-score,2.5366,2
laya-typed-score,2.5367,3
laya-typed-score,2.5368,1
laya-typed-score,2.537,1
laya-typed-score,2.5371,1
laya-typed-score,2.5375,1
laya-typed-score,2.5383,1
laya-typed-score,2.5389,2
laya-typed-score,2.5392,2
laya-typed-score,2.5399,1
laya-typed-score,2.54,1
laya-typed-score,2.5401,2
laya-typed-score,2.5403,1
laya-typed-score,2.5406,2
laya-typed-score,2.5408,1
laya-typed-score,2.5409,2
laya-typed-score,2.541,2
laya-typed-score,2.5411,2
laya-typed-score,2.5412,1
laya-typed-score,2.5413,3
laya-typed-score,2.5418,1
laya-typed-score,2.5422,1
laya-typed-score,2.5423,1
laya-typed-score,2.5424,2
laya-typed-score,2.5431,1
laya-typed-score,2.5432,2
laya-typed-score,2.5433,1
laya-typed-score,2.5435,3
laya-typed-score,2.5436,1
laya-typed-score,2.5437,1
laya-typed-score,2.5442,1
laya-typed-score,2.5445,1
laya-typed-score,2.5446,1
laya-typed-score,2.5448,1
laya-typed-score,2.5449,1
laya-typed-score,2.545,1
laya-typed-score,2.5451,1
laya-typed-score,2.5452,2
laya-typed-score,2.5453,1
laya-typed-score,2.5457,2
laya-typed-score,2.5458,1
laya-typed-score,2.5459,1
laya-typed-score,2.5461,1
laya-typed-score,2.5464,1
laya-typed-score,2.5465,2
laya-typed-score,2.5466,1
laya-typed-score,2.547,1
laya-typed-score,2.5472,1
laya-typed-score,2.5479,1
laya-typed-score,2.5481,3
laya-typed-score,2.5483,2
laya-typed-score,2.5485,2
laya-typed-score,2.5486,1
laya-typed-score,2.5488,2
laya-typed-score,2.5489,1
laya-typed-score,2.5492,1
laya-typed-score,2.5494,1
laya-typed-score,2.55,1
laya-typed-score,2.5501,1
laya-typed-score,2.5507,1
laya-typed-score,2.5508,1
laya-typed-score,2.5512,1
laya-typed-score,2.5514,1
laya-typed-score,2.5515,2
laya-typed-score,2.5516,1
laya-typed-score,2.5518,1
laya-typed-score,2.5519,1
laya-typed-score,2.552,1
laya-typed-score,2.5521,1
laya-typed-score,2.5524,1
laya-typed-score,2.5525,1
laya-typed-score,2.5527,1
laya-typed-score,2.5529,1
laya-typed-score,2.5533,1
laya-typed-score,2.5534,1
laya-typed-score,2.5538,1
laya-typed-score,2.5542,2
laya-typed-score,2.5549,1
laya-typed-score,2.5552,1
laya-typed-score,2.5553,2
laya-typed-score,2.5554,2
laya-typed-score,2.5559,1
laya-typed-score,2.5564,2
laya-typed-score,2.5565,1
laya-typed-score,2.5566,1
laya-typed-score,2.557,1
laya-typed-score,2.5577,1
laya-typed-score,2.5582,1
laya-typed-score,2.5583,1
laya-typed-score,2.5584,1
laya-typed-score,2.5585,2
laya-typed-score,2.5587,1
laya-typed-score,2.5589,1
laya-typed-score,2.559,1
laya-typed-score,2.5591,1
laya-typed-score,2.5594,1
laya-typed-score,2.5595,1
laya-typed-score,2.5599,2
laya-typed-score,2.56,1
laya-typed-score,2.5602,2
laya-typed-score,2.5603,2
laya-typed-score,2.5604,1
laya-typed-score,2.5606,1
laya-typed-score,2.5607,1
laya-typed-score,2.5608,1
laya-typed-score,2.561,1
laya-typed-score,2.5611,1
laya-typed-score,2.5612,1
laya-typed-score,2.5615,2
laya-typed-score,2.5616,1
laya-typed-score,2.5617,2
laya-typed-score,2.5622,1
laya-typed-score,2.5623,1
laya-typed-score,2.5628,1
laya-typed-score,2.563,1
laya-typed-score,2.5632,1
laya-typed-score,2.5634,1
laya-typed-score,2.5635,2
laya-typed-score,2.5636,1
laya-typed-score,2.5638,1
laya-typed-score,2.5639,1
laya-typed-score,2.5642,1
laya-typed-score,2.5643,1
laya-typed-score,2.5644,1
laya-typed-score,2.5652,2
laya-typed-score,2.5655,1
laya-typed-score,2.5656,2
laya-typed-score,2.5658,1
laya-typed-score,2.5662,1
laya-typed-score,2.5664,1
laya-typed-score,2.5666,1
laya-typed-score,2.5668,1
laya-typed-score,2.5669,1
laya-typed-score,2.5672,1
laya-typed-score,2.5675,3
laya-typed-score,2.5678,2
laya-typed-score,2.5679,1
laya-typed-score,2.5684,1
laya-typed-score,2.5685,1
laya-typed-score,2.5687,1
laya-typed-score,2.5691,1
laya-typed-score,2.5693,1
laya-typed-score,2.5697,1
laya-typed-score,2.5703,1
laya-typed-score,2.5704,1
laya-typed-score,2.5705,1
laya-typed-score,2.5706,1
laya-typed-score,2.5707,1
laya-typed-score,2.5709,2
laya-typed-score,2.5711,1
laya-typed-score,2.5712,1
laya-typed-score,2.5713,1
laya-typed-score,2.5715,1
laya-typed-score,2.5719,2
laya-typed-score,2.5722,3
laya-typed-score,2.5726,1
laya-typed-score,2.5731,1
laya-typed-score,2.5733,1
laya-typed-score,2.5735,1
laya-typed-score,2.5736,1
laya-typed-score,2.5737,2
laya-typed-score,2.574,1
laya-typed-score,2.5741,1
laya-typed-score,2.5742,1
laya-typed-score,2.5745,2
laya-typed-score,2.5746,1
laya-typed-score,2.5754,1
laya-typed-score,2.5755,1
laya-typed-score,2.5756,1
laya-typed-score,2.5758,1
laya-typed-score,2.5759,1
laya-typed-score,2.5762,1
laya-typed-score,2.5771,1
laya-typed-score,2.5772,1
laya-typed-score,2.5774,1
laya-typed-score,2.5781,1
laya-typed-score,2.579,1
laya-typed-score,2.5797,1
laya-typed-score,2.58,1
laya-typed-score,2.5801,1
laya-typed-score,2.5807,2
laya-typed-score,2.5809,1
laya-typed-score,2.581,1
laya-typed-score,2.5811,1
laya-typed-score,2.5813,1
laya-typed-score,2.5814,1
laya-typed-score,2.5815,1
laya-typed-score,2.5816,1
laya-typed-score,2.5828,1
laya-typed-score,2.5831,2
laya-typed-score,2.5832,1
laya-typed-score,2.5835,1
laya-typed-score,2.5837,2
laya-typed-score,2.5838,1
laya-typed-score,2.5842,2
laya-typed-score,2.5849,1
laya-typed-score,2.5853,1
laya-typed-score,2.5857,1
laya-typed-score,2.5859,2
laya-typed-score,2.586,1
laya-typed-score,2.5861,1
laya-typed-score,2.5862,1
laya-typed-score,2.5863,1
laya-typed-score,2.5864,1
laya-typed-score,2.5866,1
laya-typed-score,2.5869,1
laya-typed-score,2.587,2
laya-typed-score,2.5872,1
laya-typed-score,2.5875,1
laya-typed-score,2.5883,1
laya-typed-score,2.5884,1
laya-typed-score,2.5885,1
laya-typed-score,2.589,2
laya-typed-score,2.5896,1
laya-typed-score,2.5899,1
laya-typed-score,2.5903,1
laya-typed-score,2.5905,1
laya-typed-score,2.5907,1
laya-typed-score,2.5908,1
laya-typed-score,2.5912,2
laya-typed-score,2.5913,1
laya-typed-score,2.5915,1
laya-typed-score,2.5916,1
laya-typed-score,2.5917,1
laya-typed-score,2.5918,1
laya-typed-score,2.5923,1
laya-typed-score,2.593,2
laya-typed-score,2.5931,1
laya-typed-score,2.5932,3
laya-typed-score,2.5933,1
laya-typed-score,2.5935,1
laya-typed-score,2.5937,1
laya-typed-score,2.5939,1
laya-typed-score,2.594,1
laya-typed-score,2.5941,1
laya-typed-score,2.5942,1
laya-typed-score,2.5944,2
laya-typed-score,2.5946,1
laya-typed-score,2.595,1
laya-typed-score,2.5951,1
laya-typed-score,2.5952,1
laya-typed-score,2.5955,1
laya-typed-score,2.5964,1
laya-typed-score,2.5965,1
laya-typed-score,2.5968,1
laya-typed-score,2.5976,1
laya-typed-score,2.598,1
laya-typed-score,2.5983,1
laya-typed-score,2.5984,1
laya-typed-score,2.5988,1
laya-typed-score,2.599,1
laya-typed-score,2.5993,1
laya-typed-score,2.5994,1
laya-typed-score,2.5995,1
laya-typed-score,2.5996,1
laya-typed-score,2.5998,2
laya-typed-score,2.6005,1
laya-typed-score,2.6008,1
laya-typed-score,2.6009,2
laya-typed-score,2.601,1
laya-typed-score,2.6013,1
laya-typed-score,2.6014,1
laya-typed-score,2.6018,3
laya-typed-score,2.6019,3
laya-typed-score,2.6021,2
laya-typed-score,2.6024,1
laya-typed-score,2.6025,1
laya-typed-score,2.6029,2
laya-typed-score,2.6031,1
laya-typed-score,2.6033,3
laya-typed-score,2.6036,1
laya-typed-score,2.604,1
laya-typed-score,2.6041,1
laya-typed-score,2.6042,1
laya-typed-score,2.6045,2
laya-typed-score,2.6051,2
laya-typed-score,2.6052,1
laya-typed-score,2.6054,1
laya-typed-score,2.6055,1
laya-typed-score,2.6059,2
laya-typed-score,2.606,2
laya-typed-score,2.6061,2
laya-typed-score,2.6063,1
laya-typed-score,2.6064,2
laya-typed-score,2.6065,2
laya-typed-score,2.6067,2
laya-typed-score,2.6071,1
laya-typed-score,2.6072,2
laya-typed-score,2.6079,1
laya-typed-score,2.6081,1
laya-typed-score,2.6082,1
laya-typed-score,2.6089,2
laya-typed-score,2.6093,1
laya-typed-score,2.6094,2
laya-typed-score,2.6097,1
laya-typed-score,2.6098,1
laya-typed-score,2.61,1
laya-typed-score,2.6102,3
laya-typed-score,2.6104,1
laya-typed-score,2.6108,2
laya-typed-score,2.611,2
laya-typed-score,2.6112,1
laya-typed-score,2.6113,1
laya-typed-score,2.6119,1
laya-typed-score,2.6126,1
laya-typed-score,2.6127,1
laya-typed-score,2.6128,1
laya-typed-score,2.6129,1
laya-typed-score,2.613,2
laya-typed-score,2.6132,1
laya-typed-score,2.6137,2
laya-typed-score,2.6142,1
laya-typed-score,2.6147,1
laya-typed-score,2.6148,1
laya-typed-score,2.6149,1
laya-typed-score,2.6151,1
laya-typed-score,2.6153,1
laya-typed-score,2.6154,2
laya-typed-score,2.6157,1
laya-typed-score,2.6164,2
laya-typed-score,2.6167,1
laya-typed-score,2.6169,1
laya-typed-score,2.617,1
laya-typed-score,2.6174,2
laya-typed-score,2.6176,1
laya-typed-score,2.6191,1
laya-typed-score,2.6192,1
laya-typed-score,2.6193,1
laya-typed-score,2.6199,1
laya-typed-score,2.6201,1
laya-typed-score,2.6202,1
laya-typed-score,2.6204,1
laya-typed-score,2.6205,2
laya-typed-score,2.6209,1
laya-typed-score,2.6211,1
laya-typed-score,2.6212,2
laya-typed-score,2.6215,1
laya-typed-score,2.6218,2
laya-typed-score,2.6219,2
laya-typed-score,2.6221,1
laya-typed-score,2.6225,1
laya-typed-score,2.6231,1
laya-typed-score,2.6234,1
laya-typed-score,2.6235,1
laya-typed-score,2.6236,1
laya-typed-score,2.6237,1
laya-typed-score,2.624,2
laya-typed-score,2.6242,2
laya-typed-score,2.6243,1
laya-typed-score,2.6244,1
laya-typed-score,2.6245,1
laya-typed-score,2.6249,2
laya-typed-score,2.6251,1
laya-typed-score,2.6252,1
laya-typed-score,2.6253,2
laya-typed-score,2.6254,1
laya-typed-score,2.6255,1
laya-typed-score,2.6256,1
laya-typed-score,2.6259,1
laya-typed-score,2.626,1
laya-typed-score,2.6261,2
laya-typed-score,2.6262,1
laya-typed-score,2.6265,1
laya-typed-score,2.6266,1
laya-typed-score,2.6267,3
laya-typed-score,2.627,1
laya-typed-score,2.6271,1
laya-typed-score,2.6275,2
laya-typed-score,2.6278,1
laya-typed-score,2.6281,2
laya-typed-score,2.6283,1
laya-typed-score,2.6284,1
laya-typed-score,2.6286,1
laya-typed-score,2.6288,1
laya-typed-score,2.6291,1
laya-typed-score,2.6292,1
laya-typed-score,2.6297,1
laya-typed-score,2.6298,1
laya-typed-score,2.6299,2
laya-typed-score,2.6304,1
laya-typed-score,2.6306,1
laya-typed-score,2.6307,1
laya-typed-score,2.6309,1
laya-typed-score,2.6312,1
laya-typed-score,2.6314,1
laya-typed-score,2.6315,1
laya-typed-score,2.6317,1
laya-typed-score,2.6319,1
laya-typed-score,2.632,2
laya-typed-score,2.6321,1
laya-typed-score,2.6326,1
laya-typed-score,2.6328,1
laya-typed-score,2.6331,1
laya-typed-score,2.6333,1
laya-typed-score,2.6334,1
laya-typed-score,2.6336,1
laya-typed-score,2.6341,1
laya-typed-score,2.6345,2
laya-typed-score,2.6346,1
laya-typed-score,2.6348,1
laya-typed-score,2.6349,1
laya-typed-score,2.6354,2
laya-typed-score,2.6359,1
laya-typed-score,2.6364,1
laya-typed-score,2.637,1
laya-typed-score,2.6373,2
laya-typed-score,2.6374,2
laya-typed-score,2.6375,1
laya-typed-score,2.6379,1
laya-typed-score,2.6383,1
laya-typed-score,2.6385,1
laya-typed-score,2.6386,1
laya-typed-score,2.6387,1
laya-typed-score,2.639,3
laya-typed-score,2.6392,1
laya-typed-score,2.6394,1
laya-typed-score,2.6395,1
laya-typed-score,2.6399,2
laya-typed-score,2.64,1
laya-typed-score,2.6404,2
laya-typed-score,2.641,1
laya-typed-score,2.6417,1
laya-typed-score,2.6419,2
laya-typed-score,2.642,1
laya-typed-score,2.6421,1
laya-typed-score,2.6423,1
laya-typed-score,2.6428,1
laya-typed-score,2.6431,2
laya-typed-score,2.6437,1
laya-typed-score,2.6438,1
laya-typed-score,2.6443,1
laya-typed-score,2.6444,2
laya-typed-score,2.6446,1
laya-typed-score,2.6447,1
laya-typed-score,2.6449,2
laya-typed-score,2.6454,2
laya-typed-score,2.6456,2
laya-typed-score,2.646,1
laya-typed-score,2.6461,1
laya-typed-score,2.6468,1
laya-typed-score,2.6469,1
laya-typed-score,2.6471,1
laya-typed-score,2.6473,1
laya-typed-score,2.6474,1
laya-typed-score,2.6478,1
laya-typed-score,2.6481,2
laya-typed-score,2.6482,1
laya-typed-score,2.6486,1
laya-typed-score,2.649,1
laya-typed-score,2.6493,2
laya-typed-score,2.6499,1
laya-typed-score,2.65,1
laya-typed-score,2.6509,2
laya-typed-score,2.6511,1
laya-typed-score,2.6517,1
laya-typed-score,2.6518,1
laya-typed-score,2.6522,1
laya-typed-score,2.6525,2
laya-typed-score,2.6526,1
laya-typed-score,2.6528,2
laya-typed-score,2.6531,1
laya-typed-score,2.6534,1
laya-typed-score,2.6536,1
laya-typed-score,2.6537,1
laya-typed-score,2.6538,1
laya-typed-score,2.6548,2
laya-typed-score,2.6564,1
laya-typed-score,2.6566,1
laya-typed-score,2.6568,2
laya-typed-score,2.6571,2
laya-typed-score,2.6572,1
laya-typed-score,2.6575,3
laya-typed-score,2.6579,1
laya-typed-score,2.6582,1
laya-typed-score,2.6585,1
laya-typed-score,2.6588,1
laya-typed-score,2.659,1
laya-typed-score,2.6592,1
laya-typed-score,2.6593,1
laya-typed-score,2.6596,1
laya-typed-score,2.6602,1
laya-typed-score,2.6604,2
laya-typed-score,2.6605,1
laya-typed-score,2.6606,1
laya-typed-score,2.6612,1
laya-typed-score,2.6615,1
laya-typed-score,2.6617,1
laya-typed-score,2.6618,1
laya-typed-score,2.6622,1
laya-typed-score,2.6623,1
laya-typed-score,2.6625,1
laya-typed-score,2.6628,1
laya-typed-score,2.6629,2
laya-typed-score,2.6631,1
laya-typed-score,2.6634,1
laya-typed-score,2.6637,1
laya-typed-score,2.6645,1
laya-typed-score,2.6646,1
laya-typed-score,2.6647,1
laya-typed-score,2.6649,1
laya-typed-score,2.665,1
laya-typed-score,2.6651,1
laya-typed-score,2.6653,1
laya-typed-score,2.6654,1
laya-typed-score,2.6658,2
laya-typed-score,2.6663,1
laya-typed-score,2.667,3
laya-typed-score,2.6675,2
laya-typed-score,2.6676,1
laya-typed-score,2.6684,2
laya-typed-score,2.6685,1
laya-typed-score,2.6687,1
laya-typed-score,2.6688,2
laya-typed-score,2.6689,1
laya-typed-score,2.6698,1
laya-typed-score,2.6699,1
laya-typed-score,2.67,1
laya-typed-score,2.6702,1
laya-typed-score,2.6706,1
laya-typed-score,2.6709,1
laya-typed-score,2.671,3
laya-typed-score,2.6719,2
laya-typed-score,2.6722,1
laya-typed-score,2.6725,2
laya-typed-score,2.6726,1
laya-typed-score,2.6728,1
laya-typed-score,2.6729,1
laya-typed-score,2.6731,2
laya-typed-score,2.6734,2
laya-typed-score,2.6735,1
laya-typed-score,2.6736,1
laya-typed-score,2.6737,2
laya-typed-score,2.6739,1
laya-typed-score,2.6744,1
laya-typed-score,2.6753,1
laya-typed-score,2.6756,1
laya-typed-score,2.6757,1
laya-typed-score,2.6761,1
laya-typed-score,2.6762,1
laya-typed-score,2.6764,1
laya-typed-score,2.6767,1
laya-typed-score,2.6772,1
laya-typed-score,2.6773,1
laya-typed-score,2.6776,1
laya-typed-score,2.6777,1
laya-typed-score,2.6778,1
laya-typed-score,2.678,1
laya-typed-score,2.6784,1
laya-typed-score,2.6785,3
laya-typed-score,2.6788,1
laya-typed-score,2.679,1
laya-typed-score,2.6791,1
laya-typed-score,2.6798,1
laya-typed-score,2.68,2
laya-typed-score,2.6809,1
laya-typed-score,2.6813,1
laya-typed-score,2.6816,1
laya-typed-score,2.6817,1
laya-typed-score,2.6822,1
laya-typed-score,2.6824,1
laya-typed-score,2.6832,1
laya-typed-score,2.6842,1
laya-typed-score,2.6849,1
laya-typed-score,2.6852,1
laya-typed-score,2.6857,1
laya-typed-score,2.686,1
laya-typed-score,2.6864,1
laya-typed-score,2.6869,3
laya-typed-score,2.687,1
laya-typed-score,2.6876,1
laya-typed-score,2.6881,1
laya-typed-score,2.6889,1
laya-typed-score,2.6893,3
laya-typed-score,2.6895,1
laya-typed-score,2.6897,1
laya-typed-score,2.6898,1
laya-typed-score,2.69,1
laya-typed-score,2.6901,1
laya-typed-score,2.6903,3
laya-typed-score,2.6904,1
laya-typed-score,2.6905,2
laya-typed-score,2.6907,1
laya-typed-score,2.6911,1
laya-typed-score,2.6912,1
laya-typed-score,2.6913,1
laya-typed-score,2.6914,1
laya-typed-score,2.6916,2
laya-typed-score,2.6919,1
laya-typed-score,2.6921,1
laya-typed-score,2.6923,2
laya-typed-score,2.6925,1
laya-typed-score,2.6929,1
laya-typed-score,2.6931,1
laya-typed-score,2.6932,2
laya-typed-score,2.6941,1
laya-typed-score,2.6943,1
laya-typed-score,2.695,1
laya-typed-score,2.6954,1
laya-typed-score,2.6956,2
laya-typed-score,2.6958,1
laya-typed-score,2.6961,1
laya-typed-score,2.6965,1
laya-typed-score,2.6968,1
laya-typed-score,2.6969,1
laya-typed-score,2.6976,1
laya-typed-score,2.6979,1
laya-typed-score,2.6981,2
laya-typed-score,2.6982,1
laya-typed-score,2.6984,1
laya-typed-score,2.6986,1
laya-typed-score,2.6992,1
laya-typed-score,2.6995,1
laya-typed-score,2.6998,3
laya-typed-score,2.7003,2
laya-typed-score,2.7004,1
laya-typed-score,2.7005,1
laya-typed-score,2.7007,1
laya-typed-score,2.7009,1
laya-typed-score,2.701,1
laya-typed-score,2.7011,1
laya-typed-score,2.7016,1
laya-typed-score,2.7022,1
laya-typed-score,2.7027,1
laya-typed-score,2.7028,2
laya-typed-score,2.703,2
laya-typed-score,2.7032,1
laya-typed-score,2.7035,1
laya-typed-score,2.7044,1
laya-typed-score,2.7046,1
laya-typed-score,2.7049,2
laya-typed-score,2.7051,1
laya-typed-score,2.7053,1
laya-typed-score,2.7057,1
laya-typed-score,2.7058,1
laya-typed-score,2.7059,2
laya-typed-score,2.7062,1
laya-typed-score,2.707,1
laya-typed-score,2.7075,2
laya-typed-score,2.7078,1
laya-typed-score,2.708,1
laya-typed-score,2.7082,1
laya-typed-score,2.7084,1
laya-typed-score,2.7088,1
laya-typed-score,2.7089,1
laya-typed-score,2.7092,1
laya-typed-score,2.7094,1
laya-typed-score,2.7101,1
laya-typed-score,2.7105,1
laya-typed-score,2.711,1
laya-typed-score,2.7113,1
laya-typed-score,2.7119,1
laya-typed-score,2.7121,1
laya-typed-score,2.7123,1
laya-typed-score,2.7126,1
laya-typed-score,2.7127,1
laya-typed-score,2.7132,1
laya-typed-score,2.7133,1
laya-typed-score,2.7135,1
laya-typed-score,2.7137,2
laya-typed-score,2.714,1
laya-typed-score,2.7141,1
laya-typed-score,2.7148,1
laya-typed-score,2.7149,1
laya-typed-score,2.7155,2
laya-typed-score,2.7163,1
laya-typed-score,2.7164,1
laya-typed-score,2.7166,1
laya-typed-score,2.7167,1
laya-typed-score,2.717,1
laya-typed-score,2.7174,1
laya-typed-score,2.7176,2
laya-typed-score,2.7183,1
laya-typed-score,2.7186,1
laya-typed-score,2.7192,1
laya-typed-score,2.7195,1
laya-typed-score,2.7199,1
laya-typed-score,2.7202,1
laya-typed-score,2.7204,2
laya-typed-score,2.7206,1
laya-typed-score,2.7208,1
laya-typed-score,2.7209,1
laya-typed-score,2.7213,1
laya-typed-score,2.7221,1
laya-typed-score,2.7222,2
laya-typed-score,2.7224,1
laya-typed-score,2.7227,1
laya-typed-score,2.7228,1
laya-typed-score,2.7229,1
laya-typed-score,2.7236,1
laya-typed-score,2.7238,1
laya-typed-score,2.724,2
laya-typed-score,2.7241,1
laya-typed-score,2.725,1
laya-typed-score,2.7252,1
laya-typed-score,2.7253,1
laya-typed-score,2.7265,1
laya-typed-score,2.7279,1
laya-typed-score,2.7283,2
laya-typed-score,2.7286,2
laya-typed-score,2.7292,1
laya-typed-score,2.7295,1
laya-typed-score,2.7296,1
laya-typed-score,2.7304,1
laya-typed-score,2.7305,2
laya-typed-score,2.7306,1
laya-typed-score,2.7307,1
laya-typed-score,2.7308,1
laya-typed-score,2.7318,2
laya-typed-score,2.7321,2
laya-typed-score,2.7324,1
laya-typed-score,2.7327,4
laya-typed-score,2.7339,5
laya-typed-score,2.7346,1
laya-typed-score,2.7347,1
laya-typed-score,2.7348,1
laya-typed-score,2.7351,1
laya-typed-score,2.7358,3
laya-typed-score,2.7361,1
laya-typed-score,2.7368,1
laya-typed-score,2.7374,1
laya-typed-score,2.7376,2
laya-typed-score,2.7378,1
laya-typed-score,2.7382,1
laya-typed-score,2.7386,1
laya-typed-score,2.7392,1
laya-typed-score,2.7394,1
laya-typed-score,2.7397,2
laya-typed-score,2.7398,1
laya-typed-score,2.74,1
laya-typed-score,2.7401,1
laya-typed-score,2.7405,1
laya-typed-score,2.7416,1
laya-typed-score,2.742,2
laya-typed-score,2.7426,1
laya-typed-score,2.7427,1
laya-typed-score,2.7435,1
laya-typed-score,2.7436,1
laya-typed-score,2.7444,1
laya-typed-score,2.7447,1
laya-typed-score,2.7451,1
laya-typed-score,2.7452,1
laya-typed-score,2.7455,1
laya-typed-score,2.7456,1
laya-typed-score,2.7464,1
laya-typed-score,2.7481,1
laya-typed-score,2.7482,1
laya-typed-score,2.7486,1
laya-typed-score,2.7494,1
laya-typed-score,2.7498,1
laya-typed-score,2.7501,2
laya-typed-score,2.7504,1
laya-typed-score,2.7507,1
laya-typed-score,2.7508,1
laya-typed-score,2.7509,1
laya-typed-score,2.7513,1
laya-typed-score,2.7518,1
laya-typed-score,2.7519,1
laya-typed-score,2.752,1
laya-typed-score,2.7521,1
laya-typed-score,2.7523,1
laya-typed-score,2.7526,1
laya-typed-score,2.7541,1
laya-typed-score,2.7543,1
laya-typed-score,2.7545,1
laya-typed-score,2.7547,1
laya-typed-score,2.7553,1
laya-typed-score,2.7554,1
laya-typed-score,2.7558,3
laya-typed-score,2.7559,1
laya-typed-score,2.7563,2
laya-typed-score,2.7564,1
laya-typed-score,2.7575,1
laya-typed-score,2.758,1
laya-typed-score,2.7581,1
laya-typed-score,2.7586,1
laya-typed-score,2.7589,1
laya-typed-score,2.7594,2
laya-typed-score,2.7596,1
laya-typed-score,2.7598,1
laya-typed-score,2.76,1
laya-typed-score,2.7601,1
laya-typed-score,2.7605,1
laya-typed-score,2.7606,1
laya-typed-score,2.7613,1
laya-typed-score,2.7616,1
laya-typed-score,2.7618,1
laya-typed-score,2.762,1
laya-typed-score,2.7621,1
laya-typed-score,2.7622,2
laya-typed-score,2.7624,1
laya-typed-score,2.7626,1
laya-typed-score,2.7627,2
laya-typed-score,2.7628,1
laya-typed-score,2.7634,1
laya-typed-score,2.764,1
laya-typed-score,2.7641,1
laya-typed-score,2.7646,1
laya-typed-score,2.7654,1
laya-typed-score,2.7658,1
laya-typed-score,2.766,1
laya-typed-score,2.7661,1
laya-typed-score,2.7663,1
laya-typed-score,2.7664,1
laya-typed-score,2.7669,1
laya-typed-score,2.7679,1
laya-typed-score,2.768,1
laya-typed-score,2.7689,1
laya-typed-score,2.7697,1
laya-typed-score,2.7702,1
laya-typed-score,2.7707,1
laya-typed-score,2.7708,1
laya-typed-score,2.7709,1
laya-typed-score,2.771,1
laya-typed-score,2.7714,1
laya-typed-score,2.7721,2
laya-typed-score,2.7722,1
laya-typed-score,2.7725,1
laya-typed-score,2.7728,2
laya-typed-score,2.7729,1
laya-typed-score,2.773,1
laya-typed-score,2.7731,2
laya-typed-score,2.7741,1
laya-typed-score,2.7744,1
laya-typed-score,2.7745,1
laya-typed-score,2.7748,1
laya-typed-score,2.7754,2
laya-typed-score,2.7765,2
laya-typed-score,2.7767,1
laya-typed-score,2.777,1
laya-typed-score,2.7773,1
laya-typed-score,2.7778,3
laya-typed-score,2.7779,2
laya-typed-score,2.778,1
laya-typed-score,2.7783,1
laya-typed-score,2.7786,2
laya-typed-score,2.7789,1
laya-typed-score,2.7797,1
laya-typed-score,2.7805,1
laya-typed-score,2.7807,1
laya-typed-score,2.7808,1
laya-typed-score,2.7809,1
laya-typed-score,2.7813,1
laya-typed-score,2.7815,1
laya-typed-score,2.7816,1
laya-typed-score,2.782,1
laya-typed-score,2.7824,1
laya-typed-score,2.7826,1
laya-typed-score,2.783,1
laya-typed-score,2.7831,1
laya-typed-score,2.7833,1
laya-typed-score,2.7835,1
laya-typed-score,2.7836,1
laya-typed-score,2.7845,1
laya-typed-score,2.7855,2
laya-typed-score,2.7856,1
laya-typed-score,2.7859,1
laya-typed-score,2.7866,1
laya-typed-score,2.7867,1
laya-typed-score,2.7868,1
laya-typed-score,2.787,1
laya-typed-score,2.7871,2
laya-typed-score,2.7876,1
laya-typed-score,2.7877,1
laya-typed-score,2.788,1
laya-typed-score,2.7886,1
laya-typed-score,2.7895,1
laya-typed-score,2.7904,1
laya-typed-score,2.7905,1
laya-typed-score,2.7916,1
laya-typed-score,2.7918,1
laya-typed-score,2.7919,2
laya-typed-score,2.7923,1
laya-typed-score,2.7926,1
laya-typed-score,2.7928,2
laya-typed-score,2.793,2
laya-typed-score,2.7931,1
laya-typed-score,2.7935,1
laya-typed-score,2.7952,1
laya-typed-score,2.7958,1
laya-typed-score,2.7961,1
laya-typed-score,2.7965,1
laya-typed-score,2.797,2
laya-typed-score,2.7971,1
laya-typed-score,2.7979,1
laya-typed-score,2.798,1
laya-typed-score,2.7985,1
laya-typed-score,2.7986,1
laya-typed-score,2.7988,1
laya-typed-score,2.7989,1
laya-typed-score,2.7996,1
laya-typed-score,2.7997,2
laya-typed-score,2.8001,1
laya-typed-score,2.8007,1
laya-typed-score,2.8018,1
laya-typed-score,2.8023,1
laya-typed-score,2.8027,2
laya-typed-score,2.8038,1
laya-typed-score,2.8047,1
laya-typed-score,2.8055,1
laya-typed-score,2.8059,1
laya-typed-score,2.806,1
laya-typed-score,2.8065,1
laya-typed-score,2.8068,2
laya-typed-score,2.8072,1
laya-typed-score,2.8073,1
laya-typed-score,2.8078,1
laya-typed-score,2.808,1
laya-typed-score,2.8086,1
laya-typed-score,2.8088,2
laya-typed-score,2.8095,1
laya-typed-score,2.8097,1
laya-typed-score,2.81,1
laya-typed-score,2.8105,1
laya-typed-score,2.8113,1
laya-typed-score,2.8118,2
laya-typed-score,2.8121,1
laya-typed-score,2.8123,1
laya-typed-score,2.8124,1
laya-typed-score,2.813,1
laya-typed-score,2.8135,1
laya-typed-score,2.8136,1
laya-typed-score,2.8137,1
laya-typed-score,2.814,1
laya-typed-score,2.8143,1
laya-typed-score,2.8144,1
laya-typed-score,2.815,1
laya-typed-score,2.8156,1
laya-typed-score,2.8163,1
laya-typed-score,2.8165,2
laya-typed-score,2.8169,1
laya-typed-score,2.817,1
laya-typed-score,2.8177,1
laya-typed-score,2.8181,1
laya-typed-score,2.8184,1
laya-typed-score,2.8187,1
laya-typed-score,2.8198,1
laya-typed-score,2.8201,1
laya-typed-score,2.8203,1
laya-typed-score,2.8205,2
laya-typed-score,2.8211,1
laya-typed-score,2.8212,1
laya-typed-score,2.8215,1
laya-typed-score,2.8216,1
laya-typed-score,2.8217,1
laya-typed-score,2.8218,1
laya-typed-score,2.8219,1
laya-typed-score,2.8225,1
laya-typed-score,2.8226,1
laya-typed-score,2.8228,1
laya-typed-score,2.8234,1
laya-typed-score,2.8235,1
laya-typed-score,2.8239,2
laya-typed-score,2.8247,2
laya-typed-score,2.8253,1
laya-typed-score,2.8259,1
laya-typed-score,2.8266,2
laya-typed-score,2.8275,1
laya-typed-score,2.828,1
laya-typed-score,2.8284,2
laya-typed-score,2.8285,1
laya-typed-score,2.8289,1
laya-typed-score,2.8298,1
laya-typed-score,2.831,1
laya-typed-score,2.8323,1
laya-typed-score,2.8326,1
laya-typed-score,2.8336,1
laya-typed-score,2.8338,1
laya-typed-score,2.8339,2
laya-typed-score,2.8341,1
laya-typed-score,2.8345,1
laya-typed-score,2.8346,1
laya-typed-score,2.835,1
laya-typed-score,2.8356,1
laya-typed-score,2.8365,1
laya-typed-score,2.8368,1
laya-typed-score,2.8374,1
laya-typed-score,2.8383,1
laya-typed-score,2.8391,1
laya-typed-score,2.8394,1
laya-typed-score,2.8396,1
laya-typed-score,2.8398,1
laya-typed-score,2.8409,1
laya-typed-score,2.841,1
laya-typed-score,2.8438,1
laya-typed-score,2.8442,1
laya-typed-score,2.8446,1
laya-typed-score,2.8454,2
laya-typed-score,2.8466,1
laya-typed-score,2.847,1
laya-typed-score,2.8471,1
laya-typed-score,2.8475,1
laya-typed-score,2.8485,1
laya-typed-score,2.8489,1
laya-typed-score,2.849,1
laya-typed-score,2.8502,1
laya-typed-score,2.8503,1
laya-typed-score,2.8522,1
laya-typed-score,2.8524,1
laya-typed-score,2.8526,1
laya-typed-score,2.8527,2
laya-typed-score,2.8534,1
laya-typed-score,2.8538,1
laya-typed-score,2.854,1
laya-typed-score,2.8545,1
laya-typed-score,2.8574,1
laya-typed-score,2.8592,1
laya-typed-score,2.8593,1
laya-typed-score,2.8609,2
laya-typed-score,2.8617,1
laya-typed-score,2.8622,1
laya-typed-score,2.8624,1
laya-typed-score,2.8625,1
laya-typed-score,2.864,1
laya-typed-score,2.8643,1
laya-typed-score,2.8646,1
laya-typed-score,2.8656,1
laya-typed-score,2.8664,1
laya-typed-score,2.8681,1
laya-typed-score,2.8686,2
laya-typed-score,2.8688,1
laya-typed-score,2.8693,1
laya-typed-score,2.8697,1
laya-typed-score,2.8705,1
laya-typed-score,2.8707,1
laya-typed-score,2.8719,1
laya-typed-score,2.8725,1
laya-typed-score,2.8732,1
laya-typed-score,2.8734,1
laya-typed-score,2.8741,1
laya-typed-score,2.8745,2
laya-typed-score,2.8747,1
laya-typed-score,2.8754,2
laya-typed-score,2.8763,1
laya-typed-score,2.8773,1
laya-typed-score,2.8777,1
laya-typed-score,2.8781,1
laya-typed-score,2.8789,1
laya-typed-score,2.8794,1
laya-typed-score,2.8802,1
laya-typed-score,2.8813,1
laya-typed-score,2.8816,1
laya-typed-score,2.8818,1
laya-typed-score,2.883,1
laya-typed-score,2.8833,1
laya-typed-score,2.8845,1
laya-typed-score,2.8848,1
laya-typed-score,2.8851,1
laya-typed-score,2.8855,1
laya-typed-score,2.8857,1
laya-typed-score,2.8865,1
laya-typed-score,2.8871,1
laya-typed-score,2.8884,1
laya-typed-score,2.8885,1
laya-typed-score,2.8889,1
laya-typed-score,2.8894,1
laya-typed-score,2.8898,1
laya-typed-score,2.8899,1
laya-typed-score,2.8912,1
laya-typed-score,2.8915,1
laya-typed-score,2.8939,1
laya-typed-score,2.897,1
laya-typed-score,2.8974,1
laya-typed-score,2.8988,1
laya-typed-score,2.8991,1
laya-typed-score,2.8995,1
laya-typed-score,2.9,2
laya-typed-score,2.9012,1
laya-typed-score,2.9013,1
laya-typed-score,2.9025,1
laya-typed-score,2.9029,1
laya-typed-score,2.9034,1
laya-typed-score,2.9056,1
laya-typed-score,2.9095,1
laya-typed-score,2.9099,1
laya-typed-score,2.9102,1
laya-typed-score,2.9112,1
laya-typed-score,2.9116,1
laya-typed-score,2.9121,1
laya-typed-score,2.9152,1
laya-typed-score,2.917,2
laya-typed-score,2.9177,1
laya-typed-score,2.9187,1
laya-typed-score,2.9199,1
laya-typed-score,2.92,1
laya-typed-score,2.922,1
laya-typed-score,2.924,1
laya-typed-score,2.9247,1
laya-typed-score,2.9249,1
laya-typed-score,2.9273,1
laya-typed-score,2.9276,1
laya-typed-score,2.9286,1
laya-typed-score,2.9292,1
laya-typed-score,2.9299,1
laya-typed-score,2.9303,1
laya-typed-score,2.9304,1
laya-typed-score,2.9306,1
laya-typed-score,2.9341,1
laya-typed-score,2.9342,1
laya-typed-score,2.9344,1
laya-typed-score,2.935,1
laya-typed-score,2.9351,1
laya-typed-score,2.9362,1
laya-typed-score,2.937,1
laya-typed-score,2.9376,1
laya-typed-score,2.9379,1
laya-typed-score,2.938,1
laya-typed-score,2.9383,1
laya-typed-score,2.9385,1
laya-typed-score,2.9386,1
laya-typed-score,2.9389,1
laya-typed-score,2.9397,1
laya-typed-score,2.941,1
laya-typed-score,2.9421,1
laya-typed-score,2.9425,1
laya-typed-score,2.9427,1
laya-typed-score,2.9442,1
laya-typed-score,2.9448,1
laya-typed-score,2.9454,1
laya-typed-score,2.9465,1
laya-typed-score,2.9473,1
laya-typed-score,2.9487,1
laya-typed-score,2.9497,1
laya-typed-score,2.9505,1
laya-typed-score,2.9513,1
laya-typed-score,2.9529,1
laya-typed-score,2.9537,1
laya-typed-score,2.9542,1
laya-typed-score,2.9546,1
laya-typed-score,2.9597,1
laya-typed-score,2.9601,1
laya-typed-score,2.9605,1
laya-typed-score,2.9614,1
laya-typed-score,2.9623,1
laya-typed-score,2.9627,1
laya-typed-score,2.963,1
laya-typed-score,2.9632,1
laya-typed-score,2.9654,1
laya-typed-score,2.9657,1
laya-typed-score,2.9659,2
laya-typed-score,2.966,1
laya-typed-score,2.9671,1
laya-typed-score,2.9679,1
laya-typed-score,2.9695,1
laya-typed-score,2.9709,1
laya-typed-score,2.9713,1
laya-typed-score,2.9722,1
laya-typed-score,2.9728,1
laya-typed-score,2.9731,1
laya-typed-score,2.9736,1
laya-typed-score,2.9744,1
laya-typed-score,2.9748,1
laya-typed-score,2.9757,1
laya-typed-score,2.9761,1
laya-typed-score,2.979,1
laya-typed-score,2.9812,1
laya-typed-score,2.982,1
laya-typed-score,2.9821,1
laya-typed-score,2.9825,1
laya-typed-score,2.9832,1
laya-typed-score,2.9893,1
laya-typed-score,2.9911,1
laya-typed-score,2.9921,1
laya-typed-score,2.9925,1
laya-typed-score,2.9929,1
laya-typed-score,2.9931,1
laya-typed-score,2.9943,1
laya-typed-score,2.9966,1
laya-typed-score,2.9998,1
laya-typed-score,3.0013,1
laya-typed-score,3.0026,1
laya-typed-score,3.0046,2
laya-typed-score,3.0055,1
laya-typed-score,3.0058,1
laya-typed-score,3.0108,1
laya-typed-score,3.0116,1
laya-typed-score,3.0127,1
laya-typed-score,3.0138,1
laya-typed-score,3.0145,1
laya-typed-score,3.0188,1
laya-typed-score,3.0191,1
laya-typed-score,3.0208,1
laya-typed-score,3.0216,1
laya-typed-score,3.0217,1
laya-typed-score,3.0224,1
laya-typed-score,3.0229,1
laya-typed-score,3.0272,1
laya-typed-score,3.032,1
laya-typed-score,3.0325,1
laya-typed-score,3.0328,1
laya-typed-score,3.0331,1
laya-typed-score,3.035,1
laya-typed-score,3.0371,1
laya-typed-score,3.038,1
laya-typed-score,3.0394,1
laya-typed-score,3.0398,1
laya-typed-score,3.0402,1
laya-typed-score,3.0425,1
laya-typed-score,3.0426,1
laya-typed-score,3.0433,1
laya-typed-score,3.046,1
laya-typed-score,3.0484,1
laya-typed-score,3.0497,1
laya-typed-score,3.0508,1
laya-typed-score,3.0518,1
laya-typed-score,3.0525,1
laya-typed-score,3.053,1
laya-typed-score,3.0586,1
laya-typed-score,3.0594,1
laya-typed-score,3.0601,1
laya-typed-score,3.0612,1
laya-typed-score,3.0619,1
laya-typed-score,3.0621,1
laya-typed-score,3.0739,1
laya-typed-score,3.0743,1
laya-typed-score,3.0768,1
laya-typed-score,3.0771,1
laya-typed-score,3.0778,1
laya-typed-score,3.0779,1
laya-typed-score,3.0792,1
laya-typed-score,3.0854,1
laya-typed-score,3.0897,1
laya-typed-score,3.0902,1
laya-typed-score,3.0913,1
laya-typed-score,3.0955,1
laya-typed-score,3.0957,1
laya-typed-score,3.0986,1
laya-typed-score,3.0991,1
laya-typed-score,3.1001,1
laya-typed-score,3.1018,1
laya-typed-score,3.107,1
laya-typed-score,3.1076,2
laya-typed-score,3.1106,1
laya-typed-score,3.1109,1
laya-typed-score,3.1122,1
laya-typed-score,3.1228,1
laya-typed-score,3.1231,1
laya-typed-score,3.1274,1
laya-typed-score,3.1329,1
laya-typed-score,3.1365,1
laya-typed-score,3.1369,1
laya-typed-score,3.1373,1
laya-typed-score,3.141,1
laya-typed-score,3.1547,1
laya-typed-score,3.1568,1
laya-typed-score,3.1599,1
laya-typed-score,3.1638,1
laya-typed-score,3.1662,1
laya-typed-score,3.1752,1
laya-typed-score,3.1785,1
laya-typed-score,3.1807,1
laya-typed-score,3.1871,1
laya-typed-score,3.1899,1
laya-typed-score,3.191,1
laya-typed-score,3.1942,1
laya-typed-score,3.1984,1
laya-typed-score,3.2075,1
laya-typed-score,3.2632,1
laya-typed-score,3.2979,1
laya-typed-score,3.3403,1
