method,query_id,doc_id,latency_ms
laya-score,PLAIN-2,MED-14,898.73
laya-score,PLAIN-2,MED-2429,578.58
laya-score,PLAIN-2,MED-10,651.02
laya-score,PLAIN-2,MED-2428,644.22
laya-score,PLAIN-2,MED-1193,761.29
laya-score,PLAIN-2,MED-2431,676.62
laya-score,PLAIN-2,MED-4827,688.13
laya-score,PLAIN-2,MED-4830,613.21
laya-score,PLAIN-2,MED-2427,685.96
laya-score,PLAIN-2,MED-4829,706.92
laya-score,PLAIN-2,MED-4650,637.6
laya-score,PLAIN-2,MED-4562,684.98
laya-score,PLAIN-2,MED-2434,745.09
laya-score,PLAIN-2,MED-2792,616.52
laya-score,PLAIN-2,MED-1555,501.61
laya-score,PLAIN-2,MED-4450,676.15
laya-score,PLAIN-2,MED-3832,669.44
laya-score,PLAIN-2,MED-3845,647.98
laya-score,PLAIN-2,MED-2439,574.7
laya-score,PLAIN-2,MED-3830,701.23
laya-score,PLAIN-12,MED-4711,722.83
laya-score,PLAIN-12,MED-2501,456.91
laya-score,PLAIN-12,MED-4698,622.24
laya-score,PLAIN-12,MED-2333,646.5
laya-score,PLAIN-12,MED-4884,725.51
laya-score,PLAIN-12,MED-5042,604.92
laya-score,PLAIN-12,MED-2136,650.23
laya-score,PLAIN-12,MED-2603,632.08
laya-score,PLAIN-12,MED-1376,695.77
laya-score,PLAIN-12,MED-2815,702.34
laya-score,PLAIN-12,MED-1923,631.35
laya-score,PLAIN-12,MED-4695,642.16
laya-score,PLAIN-12,MED-1167,626.32
laya-score,PLAIN-12,MED-1190,781.75
laya-score,PLAIN-12,MED-4643,648.89
laya-score,PLAIN-12,MED-1702,716.28
laya-score,PLAIN-12,MED-3001,691.84
laya-score,PLAIN-12,MED-2052,708.58
laya-score,PLAIN-12,MED-3678,722.56
laya-score,PLAIN-12,MED-3243,744.01
laya-score,PLAIN-23,MED-1221,790.48
laya-score,PLAIN-23,MED-2643,752.37
laya-score,PLAIN-23,MED-2658,775.46
laya-score,PLAIN-23,MED-2650,775.59
laya-score,PLAIN-23,MED-2718,721.0
laya-score,PLAIN-23,MED-4429,788.81
laya-score,PLAIN-23,MED-4451,801.65
laya-score,PLAIN-23,MED-2493,681.17
laya-score,PLAIN-23,MED-2494,818.4
laya-score,PLAIN-23,MED-2661,956.16
laya-score,PLAIN-23,MED-2652,793.55
laya-score,PLAIN-23,MED-2292,851.81
laya-score,PLAIN-23,MED-1174,850.89
laya-score,PLAIN-23,MED-4256,868.52
laya-score,PLAIN-23,MED-2644,818.53
laya-score,PLAIN-23,MED-3498,904.69
laya-score,PLAIN-23,MED-4168,819.26
laya-score,PLAIN-23,MED-3880,767.26
laya-score,PLAIN-23,MED-118,826.48
laya-score,PLAIN-23,MED-2651,847.76
laya-score,PLAIN-33,MED-2221,748.61
laya-score,PLAIN-33,MED-1344,745.44
laya-score,PLAIN-33,MED-4876,802.11
laya-score,PLAIN-33,MED-2715,738.66
laya-score,PLAIN-33,MED-4366,771.38
laya-score,PLAIN-33,MED-3635,765.67
laya-score,PLAIN-33,MED-1878,755.43
laya-score,PLAIN-33,MED-3748,764.76
laya-score,PLAIN-33,MED-5093,822.56
laya-score,PLAIN-33,MED-944,694.94
laya-score,PLAIN-33,MED-1056,795.86
laya-score,PLAIN-33,MED-748,681.74
laya-score,PLAIN-33,MED-1366,677.2
laya-score,PLAIN-33,MED-2763,582.51
laya-score,PLAIN-33,MED-1497,718.06
laya-score,PLAIN-33,MED-1994,767.39
laya-score,PLAIN-33,MED-1674,830.01
laya-score,PLAIN-33,MED-4744,810.03
laya-score,PLAIN-33,MED-900,793.26
laya-score,PLAIN-33,MED-4794,862.44
laya-score,PLAIN-44,MED-2786,741.87
laya-score,PLAIN-44,MED-2782,816.58
laya-score,PLAIN-44,MED-1942,744.9
laya-score,PLAIN-44,MED-2783,802.48
laya-score,PLAIN-44,MED-2819,822.3
laya-score,PLAIN-44,MED-1811,763.53
laya-score,PLAIN-44,MED-2821,705.43
laya-score,PLAIN-44,MED-1032,765.62
laya-score,PLAIN-44,MED-2313,822.23
laya-score,PLAIN-44,MED-2602,732.33
laya-score,PLAIN-44,MED-2791,750.39
laya-score,PLAIN-44,MED-2785,763.54
laya-score,PLAIN-44,MED-2601,830.8
laya-score,PLAIN-44,MED-2599,731.3
laya-score,PLAIN-44,MED-2801,726.45
laya-score,PLAIN-44,MED-2742,722.29
laya-score,PLAIN-44,MED-2823,707.28
laya-score,PLAIN-44,MED-2605,743.8
laya-score,PLAIN-44,MED-1948,740.67
laya-score,PLAIN-44,MED-2810,815.25
laya-score,PLAIN-56,MED-2901,757.16
laya-score,PLAIN-56,MED-2896,761.51
laya-score,PLAIN-56,MED-2900,713.82
laya-score,PLAIN-56,MED-5247,886.18
laya-score,PLAIN-56,MED-5246,734.1
laya-score,PLAIN-56,MED-4384,773.43
laya-score,PLAIN-56,MED-2894,793.52
laya-score,PLAIN-56,MED-3356,810.99
laya-score,PLAIN-56,MED-3770,821.59
laya-score,PLAIN-56,MED-1178,765.43
laya-score,PLAIN-56,MED-3786,761.91
laya-score,PLAIN-56,MED-3397,748.64
laya-score,PLAIN-56,MED-3769,739.88
laya-score,PLAIN-56,MED-2263,761.93
laya-score,PLAIN-56,MED-2418,811.52
laya-score,PLAIN-56,MED-2181,793.69
laya-score,PLAIN-56,MED-1173,656.37
laya-score,PLAIN-56,MED-3699,723.11
laya-score,PLAIN-56,MED-3092,675.0
laya-score,PLAIN-56,MED-2951,714.08
laya-score,PLAIN-68,MED-2991,659.12
laya-score,PLAIN-68,MED-5345,755.86
laya-score,PLAIN-68,MED-4800,810.43
laya-score,PLAIN-68,MED-1960,1051.29
laya-score,PLAIN-68,MED-2492,763.78
laya-score,PLAIN-68,MED-3095,734.56
laya-score,PLAIN-68,MED-1138,791.83
laya-score,PLAIN-68,MED-2339,747.66
laya-score,PLAIN-68,MED-4539,764.97
laya-score,PLAIN-68,MED-4626,751.12
laya-score,PLAIN-68,MED-4429,733.11
laya-score,PLAIN-68,MED-4742,745.9
laya-score,PLAIN-68,MED-4978,908.04
laya-score,PLAIN-68,MED-4427,589.62
laya-score,PLAIN-68,MED-2736,766.51
laya-score,PLAIN-68,MED-3651,655.41
laya-score,PLAIN-68,MED-2745,817.37
laya-score,PLAIN-68,MED-2168,1063.18
laya-score,PLAIN-68,MED-716,791.42
laya-score,PLAIN-68,MED-4640,789.67
laya-score,PLAIN-78,MED-4318,897.14
laya-score,PLAIN-78,MED-2219,829.54
laya-score,PLAIN-78,MED-1540,715.68
laya-score,PLAIN-78,MED-1366,672.86
laya-score,PLAIN-78,MED-4087,741.77
laya-score,PLAIN-78,MED-1817,768.06
laya-score,PLAIN-78,MED-3832,778.67
laya-score,PLAIN-78,MED-1674,813.5
laya-score,PLAIN-78,MED-2940,728.19
laya-score,PLAIN-78,MED-1488,678.57
laya-score,PLAIN-78,MED-2928,594.95
laya-score,PLAIN-78,MED-4834,809.46
laya-score,PLAIN-78,MED-1040,758.99
laya-score,PLAIN-78,MED-3585,614.69
laya-score,PLAIN-78,MED-4429,758.54
laya-score,PLAIN-78,MED-2726,795.26
laya-score,PLAIN-78,MED-4337,712.54
laya-score,PLAIN-78,MED-5110,782.62
laya-score,PLAIN-78,MED-3756,663.37
laya-score,PLAIN-78,MED-4794,840.45
laya-score,PLAIN-91,MED-3171,649.42
laya-score,PLAIN-91,MED-3515,565.9
laya-score,PLAIN-91,MED-3288,811.98
laya-score,PLAIN-91,MED-4963,889.2
laya-score,PLAIN-91,MED-2341,940.97
laya-score,PLAIN-91,MED-4818,672.78
laya-score,PLAIN-91,MED-1979,785.15
laya-score,PLAIN-91,MED-1983,758.19
laya-score,PLAIN-91,MED-2352,899.1
laya-score,PLAIN-91,MED-1610,852.04
laya-score,PLAIN-91,MED-4746,893.59
laya-score,PLAIN-91,MED-4593,866.75
laya-score,PLAIN-91,MED-3891,922.32
laya-score,PLAIN-91,MED-2340,790.19
laya-score,PLAIN-91,MED-4814,841.09
laya-score,PLAIN-91,MED-4803,676.57
laya-score,PLAIN-91,MED-2678,962.1
laya-score,PLAIN-91,MED-4357,823.5
laya-score,PLAIN-91,MED-3178,787.07
laya-score,PLAIN-91,MED-4808,825.3
laya-score,PLAIN-102,MED-3954,816.27
laya-score,PLAIN-102,MED-4247,881.98
laya-score,PLAIN-102,MED-4616,872.77
laya-score,PLAIN-102,MED-1999,737.78
laya-score,PLAIN-102,MED-3253,764.04
laya-score,PLAIN-102,MED-4160,822.32
laya-score,PLAIN-102,MED-5251,512.45
laya-score,PLAIN-102,MED-4315,706.42
laya-score,PLAIN-102,MED-1932,751.38
laya-score,PLAIN-102,MED-5141,778.9
laya-score,PLAIN-102,MED-4783,866.8
laya-score,PLAIN-102,MED-5194,835.59
laya-score,PLAIN-102,MED-1722,811.84
laya-score,PLAIN-102,MED-1991,802.04
laya-score,PLAIN-102,MED-4496,788.0
laya-score,PLAIN-102,MED-5293,770.72
laya-score,PLAIN-102,MED-4578,847.26
laya-score,PLAIN-102,MED-1366,751.03
laya-score,PLAIN-102,MED-4680,907.38
laya-score,PLAIN-102,MED-1834,796.26
laya-score,PLAIN-112,MED-3380,758.35
laya-score,PLAIN-112,MED-2618,858.87
laya-score,PLAIN-112,MED-2616,922.53
laya-score,PLAIN-112,MED-3382,817.18
laya-score,PLAIN-112,MED-3383,731.01
laya-score,PLAIN-112,MED-4604,901.2
laya-score,PLAIN-112,MED-4655,971.66
laya-score,PLAIN-112,MED-1153,837.16
laya-score,PLAIN-112,MED-2643,809.34
laya-score,PLAIN-112,MED-2992,1024.57
laya-score,PLAIN-112,MED-855,769.68
laya-score,PLAIN-112,MED-2738,811.31
laya-score,PLAIN-112,MED-2063,802.11
laya-score,PLAIN-112,MED-2308,807.13
laya-score,PLAIN-112,MED-3770,813.54
laya-score,PLAIN-112,MED-4796,810.12
laya-score,PLAIN-112,MED-2742,790.07
laya-score,PLAIN-112,MED-3497,831.05
laya-score,PLAIN-112,MED-4186,939.9
laya-score,PLAIN-112,MED-5059,861.75
laya-score,PLAIN-123,MED-4256,887.5
laya-score,PLAIN-123,MED-4969,848.77
laya-score,PLAIN-123,MED-4392,778.93
laya-score,PLAIN-123,MED-4804,946.03
laya-score,PLAIN-123,MED-4429,796.52
laya-score,PLAIN-123,MED-1020,782.65
laya-score,PLAIN-123,MED-3483,766.63
laya-score,PLAIN-123,MED-4922,630.55
laya-score,PLAIN-123,MED-2501,613.66
laya-score,PLAIN-123,MED-1982,478.86
laya-score,PLAIN-123,MED-3436,793.82
laya-score,PLAIN-123,MED-2742,821.27
laya-score,PLAIN-123,MED-3319,850.4
laya-score,PLAIN-123,MED-1705,768.8
laya-score,PLAIN-123,MED-4769,689.24
laya-score,PLAIN-123,MED-1347,759.06
laya-score,PLAIN-123,MED-2718,738.35
laya-score,PLAIN-123,MED-2182,781.67
laya-score,PLAIN-123,MED-5319,883.13
laya-score,PLAIN-123,MED-2083,773.93
laya-score,PLAIN-133,MED-1666,831.03
laya-score,PLAIN-133,MED-2923,747.48
laya-score,PLAIN-133,MED-1665,828.53
laya-score,PLAIN-133,MED-2751,801.64
laya-score,PLAIN-133,MED-4423,844.29
laya-score,PLAIN-133,MED-3277,852.37
laya-score,PLAIN-133,MED-2066,844.55
laya-score,PLAIN-133,MED-2426,779.35
laya-score,PLAIN-133,MED-5053,959.17
laya-score,PLAIN-133,MED-2993,853.01
laya-score,PLAIN-133,MED-2010,834.75
laya-score,PLAIN-133,MED-1170,765.69
laya-score,PLAIN-133,MED-2357,830.34
laya-score,PLAIN-133,MED-2216,731.09
laya-score,PLAIN-133,MED-4464,499.52
laya-score,PLAIN-133,MED-2129,626.36
laya-score,PLAIN-133,MED-1659,816.12
laya-score,PLAIN-133,MED-2251,811.96
laya-score,PLAIN-133,MED-3696,888.76
laya-score,PLAIN-133,MED-4116,865.69
laya-score,PLAIN-143,MED-3621,854.3
laya-score,PLAIN-143,MED-2093,841.75
laya-score,PLAIN-143,MED-4027,834.7
laya-score,PLAIN-143,MED-4028,740.37
laya-score,PLAIN-143,MED-4036,767.62
laya-score,PLAIN-143,MED-3618,766.96
laya-score,PLAIN-143,MED-5097,743.74
laya-score,PLAIN-143,MED-4026,770.68
laya-score,PLAIN-143,MED-4019,841.11
laya-score,PLAIN-143,MED-1858,760.22
laya-score,PLAIN-143,MED-872,836.18
laya-score,PLAIN-143,MED-3639,834.1
laya-score,PLAIN-143,MED-3686,887.96
laya-score,PLAIN-143,MED-1988,805.37
laya-score,PLAIN-143,MED-3640,777.1
laya-score,PLAIN-143,MED-1857,802.85
laya-score,PLAIN-143,MED-3619,743.14
laya-score,PLAIN-143,MED-3850,841.45
laya-score,PLAIN-143,MED-2707,810.23
laya-score,PLAIN-143,MED-4034,827.87
laya-score,PLAIN-153,MED-3677,740.38
laya-score,PLAIN-153,MED-2105,825.43
laya-score,PLAIN-153,MED-1248,709.46
laya-score,PLAIN-153,MED-3695,872.37
laya-score,PLAIN-153,MED-3692,739.98
laya-score,PLAIN-153,MED-1716,807.72
laya-score,PLAIN-153,MED-3680,819.86
laya-score,PLAIN-153,MED-3673,739.18
laya-score,PLAIN-153,MED-3164,659.2
laya-score,PLAIN-153,MED-3691,833.52
laya-score,PLAIN-153,MED-3690,828.33
laya-score,PLAIN-153,MED-4772,881.11
laya-score,PLAIN-153,MED-3800,825.58
laya-score,PLAIN-153,MED-4266,805.84
laya-score,PLAIN-153,MED-1588,774.16
laya-score,PLAIN-153,MED-2718,746.75
laya-score,PLAIN-153,MED-4612,807.71
laya-score,PLAIN-153,MED-2292,796.45
laya-score,PLAIN-153,MED-1490,795.01
laya-score,PLAIN-153,MED-3679,908.46
laya-score,PLAIN-165,MED-4445,895.87
laya-score,PLAIN-165,MED-3766,823.74
laya-score,PLAIN-165,MED-3767,971.4
laya-score,PLAIN-165,MED-4465,859.18
laya-score,PLAIN-165,MED-5087,896.27
laya-score,PLAIN-165,MED-2604,921.63
laya-score,PLAIN-165,MED-1564,856.95
laya-score,PLAIN-165,MED-2824,848.55
laya-score,PLAIN-165,MED-3768,807.6
laya-score,PLAIN-165,MED-2437,705.68
laya-score,PLAIN-165,MED-3762,784.35
laya-score,PLAIN-165,MED-3696,873.65
laya-score,PLAIN-165,MED-4096,768.11
laya-score,PLAIN-165,MED-4694,766.66
laya-score,PLAIN-165,MED-3447,819.7
laya-score,PLAIN-165,MED-3701,781.12
laya-score,PLAIN-165,MED-4450,833.63
laya-score,PLAIN-165,MED-4812,712.66
laya-score,PLAIN-165,MED-4223,804.5
laya-score,PLAIN-165,MED-3697,760.45
laya-score,PLAIN-175,MED-3818,858.4
laya-score,PLAIN-175,MED-3816,795.19
laya-score,PLAIN-175,MED-3822,831.74
laya-score,PLAIN-175,MED-5200,807.93
laya-score,PLAIN-175,MED-4985,803.27
laya-score,PLAIN-175,MED-3399,858.35
laya-score,PLAIN-175,MED-4347,847.84
laya-score,PLAIN-175,MED-2459,795.58
laya-score,PLAIN-175,MED-2248,781.54
laya-score,PLAIN-175,MED-2294,871.57
laya-score,PLAIN-175,MED-1378,755.23
laya-score,PLAIN-175,MED-2384,817.44
laya-score,PLAIN-175,MED-836,765.75
laya-score,PLAIN-175,MED-1714,944.37
laya-score,PLAIN-175,MED-4104,785.99
laya-score,PLAIN-175,MED-3434,803.73
laya-score,PLAIN-175,MED-3794,912.28
laya-score,PLAIN-175,MED-2943,851.38
laya-score,PLAIN-175,MED-819,809.06
laya-score,PLAIN-175,MED-4854,791.16
laya-score,PLAIN-186,MED-2054,865.78
laya-score,PLAIN-186,MED-3904,881.17
laya-score,PLAIN-186,MED-2059,752.58
laya-score,PLAIN-186,MED-2057,824.47
laya-score,PLAIN-186,MED-1016,456.44
laya-score,PLAIN-186,MED-949,831.16
laya-score,PLAIN-186,MED-2203,799.57
laya-score,PLAIN-186,MED-2060,861.0
laya-score,PLAIN-186,MED-2058,865.78
laya-score,PLAIN-186,MED-2053,830.46
laya-score,PLAIN-186,MED-4638,889.86
laya-score,PLAIN-186,MED-2292,790.58
laya-score,PLAIN-186,MED-1034,864.38
laya-score,PLAIN-186,MED-2061,835.38
laya-score,PLAIN-186,MED-1314,747.09
laya-score,PLAIN-186,MED-2055,781.76
laya-score,PLAIN-186,MED-4325,865.51
laya-score,PLAIN-186,MED-3510,807.81
laya-score,PLAIN-186,MED-977,781.43
laya-score,PLAIN-186,MED-692,814.77
laya-score,PLAIN-196,MED-3969,858.89
laya-score,PLAIN-196,MED-3964,805.99
laya-score,PLAIN-196,MED-895,833.65
laya-score,PLAIN-196,MED-3960,784.8
laya-score,PLAIN-196,MED-5059,838.91
laya-score,PLAIN-196,MED-3963,788.88
laya-score,PLAIN-196,MED-3970,795.78
laya-score,PLAIN-196,MED-5133,757.74
laya-score,PLAIN-196,MED-5134,770.84
laya-score,PLAIN-196,MED-5326,820.11
laya-score,PLAIN-196,MED-1125,806.18
laya-score,PLAIN-196,MED-1162,720.62
laya-score,PLAIN-196,MED-3766,835.32
laya-score,PLAIN-196,MED-3592,789.09
laya-score,PLAIN-196,MED-1763,795.16
laya-score,PLAIN-196,MED-5297,792.06
laya-score,PLAIN-196,MED-4602,748.36
laya-score,PLAIN-196,MED-1705,774.08
laya-score,PLAIN-196,MED-4127,804.14
laya-score,PLAIN-196,MED-862,858.33
laya-score,PLAIN-207,MED-3000,771.28
laya-score,PLAIN-207,MED-5197,929.0
laya-score,PLAIN-207,MED-4391,852.57
laya-score,PLAIN-207,MED-4482,959.17
laya-score,PLAIN-207,MED-4040,941.32
laya-score,PLAIN-207,MED-4057,883.46
laya-score,PLAIN-207,MED-3545,938.66
laya-score,PLAIN-207,MED-4053,1127.5
laya-score,PLAIN-207,MED-2168,1075.78
laya-score,PLAIN-207,MED-5207,591.55
laya-score,PLAIN-207,MED-4492,800.66
laya-score,PLAIN-207,MED-5075,923.16
laya-score,PLAIN-207,MED-4068,903.1
laya-score,PLAIN-207,MED-4799,589.29
laya-score,PLAIN-207,MED-2492,842.99
laya-score,PLAIN-207,MED-5326,829.7
laya-score,PLAIN-207,MED-4976,1075.41
laya-score,PLAIN-207,MED-4451,851.56
laya-score,PLAIN-207,MED-4972,885.48
laya-score,PLAIN-207,MED-2169,946.31
laya-score,PLAIN-217,MED-4831,787.96
laya-score,PLAIN-217,MED-1991,847.61
laya-score,PLAIN-217,MED-1874,828.99
laya-score,PLAIN-217,MED-2432,853.63
laya-score,PLAIN-217,MED-1997,842.29
laya-score,PLAIN-217,MED-4389,785.64
laya-score,PLAIN-217,MED-4515,938.18
laya-score,PLAIN-217,MED-4984,798.3
laya-score,PLAIN-217,MED-4206,836.33
laya-score,PLAIN-217,MED-4687,839.54
laya-score,PLAIN-217,MED-2812,907.66
laya-score,PLAIN-217,MED-2444,852.17
laya-score,PLAIN-217,MED-2813,954.11
laya-score,PLAIN-217,MED-1250,913.55
jev-score,PLAIN-2,MED-14,281.94
jev-score,PLAIN-2,MED-2429,198.5
jev-score,PLAIN-2,MED-10,208.93
jev-score,PLAIN-2,MED-2428,178.28
jev-score,PLAIN-2,MED-1193,215.93
jev-score,PLAIN-2,MED-2431,222.39
jev-score,PLAIN-2,MED-4827,194.25
jev-score,PLAIN-2,MED-4830,234.78
jev-score,PLAIN-2,MED-2427,242.46
jev-score,PLAIN-2,MED-4829,209.76
jev-score,PLAIN-2,MED-4650,221.92
jev-score,PLAIN-2,MED-4562,211.7
jev-score,PLAIN-2,MED-2434,202.99
jev-score,PLAIN-2,MED-2792,195.57
jev-score,PLAIN-2,MED-1555,212.09
jev-score,PLAIN-2,MED-4450,177.81
jev-score,PLAIN-2,MED-3832,217.52
jev-score,PLAIN-2,MED-3845,262.06
jev-score,PLAIN-2,MED-2439,233.79
jev-score,PLAIN-2,MED-3830,200.95
jev-score,PLAIN-12,MED-4711,255.03
jev-score,PLAIN-12,MED-2501,217.88
jev-score,PLAIN-12,MED-4698,240.63
jev-score,PLAIN-12,MED-2333,195.18
jev-score,PLAIN-12,MED-4884,216.56
jev-score,PLAIN-12,MED-5042,187.99
jev-score,PLAIN-12,MED-2136,256.68
jev-score,PLAIN-12,MED-2603,195.3
jev-score,PLAIN-12,MED-1376,193.35
jev-score,PLAIN-12,MED-2815,260.34
jev-score,PLAIN-12,MED-1923,197.42
jev-score,PLAIN-12,MED-4695,218.45
jev-score,PLAIN-12,MED-1167,202.73
jev-score,PLAIN-12,MED-1190,214.23
jev-score,PLAIN-12,MED-4643,238.38
jev-score,PLAIN-12,MED-1702,291.74
jev-score,PLAIN-12,MED-3001,179.16
jev-score,PLAIN-12,MED-2052,277.46
jev-score,PLAIN-12,MED-3678,193.75
jev-score,PLAIN-12,MED-3243,225.89
jev-score,PLAIN-23,MED-1221,204.69
jev-score,PLAIN-23,MED-2643,214.58
jev-score,PLAIN-23,MED-2658,211.65
jev-score,PLAIN-23,MED-2650,221.33
jev-score,PLAIN-23,MED-2718,220.94
jev-score,PLAIN-23,MED-4429,221.8
jev-score,PLAIN-23,MED-4451,218.94
jev-score,PLAIN-23,MED-2493,223.98
jev-score,PLAIN-23,MED-2494,205.9
jev-score,PLAIN-23,MED-2661,219.82
jev-score,PLAIN-23,MED-2652,255.52
jev-score,PLAIN-23,MED-2292,213.57
jev-score,PLAIN-23,MED-1174,233.1
jev-score,PLAIN-23,MED-4256,208.19
jev-score,PLAIN-23,MED-2644,223.24
jev-score,PLAIN-23,MED-3498,199.71
jev-score,PLAIN-23,MED-4168,189.07
jev-score,PLAIN-23,MED-3880,253.96
jev-score,PLAIN-23,MED-118,234.68
jev-score,PLAIN-23,MED-2651,214.72
jev-score,PLAIN-33,MED-2221,232.08
jev-score,PLAIN-33,MED-1344,251.02
jev-score,PLAIN-33,MED-4876,243.76
jev-score,PLAIN-33,MED-2715,231.26
jev-score,PLAIN-33,MED-4366,203.45
jev-score,PLAIN-33,MED-3635,226.62
jev-score,PLAIN-33,MED-1878,220.02
jev-score,PLAIN-33,MED-3748,218.37
jev-score,PLAIN-33,MED-5093,193.18
jev-score,PLAIN-33,MED-944,298.74
jev-score,PLAIN-33,MED-1056,233.22
jev-score,PLAIN-33,MED-748,223.96
jev-score,PLAIN-33,MED-1366,264.4
jev-score,PLAIN-33,MED-2763,253.53
jev-score,PLAIN-33,MED-1497,297.85
jev-score,PLAIN-33,MED-1994,228.36
jev-score,PLAIN-33,MED-1674,223.67
jev-score,PLAIN-33,MED-4744,166.1
jev-score,PLAIN-33,MED-900,248.32
jev-score,PLAIN-33,MED-4794,226.62
jev-score,PLAIN-44,MED-2786,202.98
jev-score,PLAIN-44,MED-2782,268.25
jev-score,PLAIN-44,MED-1942,219.91
jev-score,PLAIN-44,MED-2783,258.73
jev-score,PLAIN-44,MED-2819,277.77
jev-score,PLAIN-44,MED-1811,196.37
jev-score,PLAIN-44,MED-2821,203.5
jev-score,PLAIN-44,MED-1032,269.13
jev-score,PLAIN-44,MED-2313,206.97
jev-score,PLAIN-44,MED-2602,226.04
jev-score,PLAIN-44,MED-2791,241.64
jev-score,PLAIN-44,MED-2785,247.25
jev-score,PLAIN-44,MED-2601,211.36
jev-score,PLAIN-44,MED-2599,200.65
jev-score,PLAIN-44,MED-2801,308.31
jev-score,PLAIN-44,MED-2742,208.94
jev-score,PLAIN-44,MED-2823,213.63
jev-score,PLAIN-44,MED-2605,234.34
jev-score,PLAIN-44,MED-1948,259.95
jev-score,PLAIN-44,MED-2810,246.04
jev-score,PLAIN-56,MED-2901,206.94
jev-score,PLAIN-56,MED-2896,251.47
jev-score,PLAIN-56,MED-2900,226.53
jev-score,PLAIN-56,MED-5247,205.52
jev-score,PLAIN-56,MED-5246,240.86
jev-score,PLAIN-56,MED-4384,220.7
jev-score,PLAIN-56,MED-2894,213.88
jev-score,PLAIN-56,MED-3356,231.09
jev-score,PLAIN-56,MED-3770,236.31
jev-score,PLAIN-56,MED-1178,206.59
jev-score,PLAIN-56,MED-3786,228.61
jev-score,PLAIN-56,MED-3397,262.93
jev-score,PLAIN-56,MED-3769,301.72
jev-score,PLAIN-56,MED-2263,254.48
jev-score,PLAIN-56,MED-2418,228.49
jev-score,PLAIN-56,MED-2181,260.05
jev-score,PLAIN-56,MED-1173,255.46
jev-score,PLAIN-56,MED-3699,239.11
jev-score,PLAIN-56,MED-3092,221.0
jev-score,PLAIN-56,MED-2951,218.86
jev-score,PLAIN-68,MED-2991,266.25
jev-score,PLAIN-68,MED-5345,247.11
jev-score,PLAIN-68,MED-4800,184.38
jev-score,PLAIN-68,MED-1960,207.87
jev-score,PLAIN-68,MED-2492,412.73
jev-score,PLAIN-68,MED-3095,261.67
jev-score,PLAIN-68,MED-1138,229.31
jev-score,PLAIN-68,MED-2339,224.62
jev-score,PLAIN-68,MED-4539,350.14
jev-score,PLAIN-68,MED-4626,233.9
jev-score,PLAIN-68,MED-4429,205.87
jev-score,PLAIN-68,MED-4742,262.07
jev-score,PLAIN-68,MED-4978,250.75
jev-score,PLAIN-68,MED-4427,242.82
jev-score,PLAIN-68,MED-2736,242.91
jev-score,PLAIN-68,MED-3651,260.23
jev-score,PLAIN-68,MED-2745,214.36
jev-score,PLAIN-68,MED-2168,239.75
jev-score,PLAIN-68,MED-716,263.66
jev-score,PLAIN-68,MED-4640,251.47
jev-score,PLAIN-78,MED-4318,242.14
jev-score,PLAIN-78,MED-2219,287.2
jev-score,PLAIN-78,MED-1540,272.18
jev-score,PLAIN-78,MED-1366,240.26
jev-score,PLAIN-78,MED-4087,246.56
jev-score,PLAIN-78,MED-1817,226.34
jev-score,PLAIN-78,MED-3832,338.57
jev-score,PLAIN-78,MED-1674,331.44
jev-score,PLAIN-78,MED-2940,286.83
jev-score,PLAIN-78,MED-1488,216.76
jev-score,PLAIN-78,MED-2928,190.93
jev-score,PLAIN-78,MED-4834,223.61
jev-score,PLAIN-78,MED-1040,253.28
jev-score,PLAIN-78,MED-3585,349.49
jev-score,PLAIN-78,MED-4429,232.79
jev-score,PLAIN-78,MED-2726,225.27
jev-score,PLAIN-78,MED-4337,269.38
jev-score,PLAIN-78,MED-5110,227.7
jev-score,PLAIN-78,MED-3756,324.63
jev-score,PLAIN-78,MED-4794,237.47
jev-score,PLAIN-91,MED-3171,370.9
jev-score,PLAIN-91,MED-3515,206.31
jev-score,PLAIN-91,MED-3288,236.59
jev-score,PLAIN-91,MED-4963,244.99
jev-score,PLAIN-91,MED-2341,222.59
jev-score,PLAIN-91,MED-4818,198.22
jev-score,PLAIN-91,MED-1979,180.38
jev-score,PLAIN-91,MED-1983,233.5
jev-score,PLAIN-91,MED-2352,217.09
jev-score,PLAIN-91,MED-1610,193.71
jev-score,PLAIN-91,MED-4746,229.0
jev-score,PLAIN-91,MED-4593,207.26
jev-score,PLAIN-91,MED-3891,231.49
jev-score,PLAIN-91,MED-2340,269.48
jev-score,PLAIN-91,MED-4814,255.85
jev-score,PLAIN-91,MED-4803,201.7
jev-score,PLAIN-91,MED-2678,201.44
jev-score,PLAIN-91,MED-4357,218.25
jev-score,PLAIN-91,MED-3178,289.69
jev-score,PLAIN-91,MED-4808,215.0
jev-score,PLAIN-102,MED-3954,248.59
jev-score,PLAIN-102,MED-4247,341.09
jev-score,PLAIN-102,MED-4616,287.63
jev-score,PLAIN-102,MED-1999,247.27
jev-score,PLAIN-102,MED-3253,249.24
jev-score,PLAIN-102,MED-4160,301.79
jev-score,PLAIN-102,MED-5251,254.76
jev-score,PLAIN-102,MED-4315,214.92
jev-score,PLAIN-102,MED-1932,246.92
jev-score,PLAIN-102,MED-5141,243.24
jev-score,PLAIN-102,MED-4783,254.3
jev-score,PLAIN-102,MED-5194,223.94
jev-score,PLAIN-102,MED-1722,254.9
jev-score,PLAIN-102,MED-1991,192.83
jev-score,PLAIN-102,MED-4496,229.46
jev-score,PLAIN-102,MED-5293,196.84
jev-score,PLAIN-102,MED-4578,222.0
jev-score,PLAIN-102,MED-1366,204.99
jev-score,PLAIN-102,MED-4680,222.82
jev-score,PLAIN-102,MED-1834,258.38
jev-score,PLAIN-112,MED-3380,254.39
jev-score,PLAIN-112,MED-2618,205.45
jev-score,PLAIN-112,MED-2616,219.75
jev-score,PLAIN-112,MED-3382,267.62
jev-score,PLAIN-112,MED-3383,220.22
jev-score,PLAIN-112,MED-4604,225.93
jev-score,PLAIN-112,MED-4655,325.03
jev-score,PLAIN-112,MED-1153,333.57
jev-score,PLAIN-112,MED-2643,195.08
jev-score,PLAIN-112,MED-2992,698.17
jev-score,PLAIN-112,MED-855,244.7
jev-score,PLAIN-112,MED-2738,259.71
jev-score,PLAIN-112,MED-2063,207.18
jev-score,PLAIN-112,MED-2308,252.55
jev-score,PLAIN-112,MED-3770,210.09
jev-score,PLAIN-112,MED-4796,225.98
jev-score,PLAIN-112,MED-2742,218.53
jev-score,PLAIN-112,MED-3497,201.32
jev-score,PLAIN-112,MED-4186,319.64
jev-score,PLAIN-112,MED-5059,337.15
jev-score,PLAIN-123,MED-4256,185.78
jev-score,PLAIN-123,MED-4969,251.56
jev-score,PLAIN-123,MED-4392,246.13
jev-score,PLAIN-123,MED-4804,245.16
jev-score,PLAIN-123,MED-4429,201.77
jev-score,PLAIN-123,MED-1020,255.09
jev-score,PLAIN-123,MED-3483,218.18
jev-score,PLAIN-123,MED-4922,257.03
jev-score,PLAIN-123,MED-2501,260.01
jev-score,PLAIN-123,MED-1982,196.47
jev-score,PLAIN-123,MED-3436,254.88
jev-score,PLAIN-123,MED-2742,235.01
jev-score,PLAIN-123,MED-3319,210.3
jev-score,PLAIN-123,MED-1705,318.56
jev-score,PLAIN-123,MED-4769,251.06
jev-score,PLAIN-123,MED-1347,183.86
jev-score,PLAIN-123,MED-2718,784.78
jev-score,PLAIN-123,MED-2182,227.7
jev-score,PLAIN-123,MED-5319,217.72
jev-score,PLAIN-123,MED-2083,221.6
jev-score,PLAIN-133,MED-1666,294.51
jev-score,PLAIN-133,MED-2923,235.62
jev-score,PLAIN-133,MED-1665,234.64
jev-score,PLAIN-133,MED-2751,258.65
jev-score,PLAIN-133,MED-4423,202.58
jev-score,PLAIN-133,MED-3277,235.97
jev-score,PLAIN-133,MED-2066,246.31
jev-score,PLAIN-133,MED-2426,235.2
jev-score,PLAIN-133,MED-5053,217.3
jev-score,PLAIN-133,MED-2993,192.75
jev-score,PLAIN-133,MED-2010,219.25
jev-score,PLAIN-133,MED-1170,297.46
jev-score,PLAIN-133,MED-2357,304.5
jev-score,PLAIN-133,MED-2216,219.46
jev-score,PLAIN-133,MED-4464,264.95
jev-score,PLAIN-133,MED-2129,426.49
jev-score,PLAIN-133,MED-1659,213.45
jev-score,PLAIN-133,MED-2251,218.89
jev-score,PLAIN-133,MED-3696,203.36
jev-score,PLAIN-133,MED-4116,268.54
jev-score,PLAIN-143,MED-3621,244.1
jev-score,PLAIN-143,MED-2093,208.54
jev-score,PLAIN-143,MED-4027,251.15
jev-score,PLAIN-143,MED-4028,235.02
jev-score,PLAIN-143,MED-4036,288.48
jev-score,PLAIN-143,MED-3618,214.08
jev-score,PLAIN-143,MED-5097,243.24
jev-score,PLAIN-143,MED-4026,300.16
jev-score,PLAIN-143,MED-4019,200.5
jev-score,PLAIN-143,MED-1858,284.85
jev-score,PLAIN-143,MED-872,279.27
jev-score,PLAIN-143,MED-3639,309.24
jev-score,PLAIN-143,MED-3686,272.07
jev-score,PLAIN-143,MED-1988,268.06
jev-score,PLAIN-143,MED-3640,308.72
jev-score,PLAIN-143,MED-1857,750.67
jev-score,PLAIN-143,MED-3619,239.55
jev-score,PLAIN-143,MED-3850,214.75
jev-score,PLAIN-143,MED-2707,242.79
jev-score,PLAIN-143,MED-4034,246.75
jev-score,PLAIN-153,MED-3677,252.45
jev-score,PLAIN-153,MED-2105,208.14
jev-score,PLAIN-153,MED-1248,218.25
jev-score,PLAIN-153,MED-3695,399.24
jev-score,PLAIN-153,MED-3692,259.83
jev-score,PLAIN-153,MED-1716,208.38
jev-score,PLAIN-153,MED-3680,203.73
jev-score,PLAIN-153,MED-3673,306.0
jev-score,PLAIN-153,MED-3164,276.64
jev-score,PLAIN-153,MED-3691,199.09
jev-score,PLAIN-153,MED-3690,310.08
jev-score,PLAIN-153,MED-4772,235.62
jev-score,PLAIN-153,MED-3800,257.57
jev-score,PLAIN-153,MED-4266,229.19
jev-score,PLAIN-153,MED-1588,289.75
jev-score,PLAIN-153,MED-2718,321.85
jev-score,PLAIN-153,MED-4612,203.45
jev-score,PLAIN-153,MED-2292,250.77
jev-score,PLAIN-153,MED-1490,318.6
jev-score,PLAIN-153,MED-3679,247.38
jev-score,PLAIN-165,MED-4445,191.54
jev-score,PLAIN-165,MED-3766,231.88
jev-score,PLAIN-165,MED-3767,217.66
jev-score,PLAIN-165,MED-4465,216.62
jev-score,PLAIN-165,MED-5087,208.19
jev-score,PLAIN-165,MED-2604,392.69
jev-score,PLAIN-165,MED-1564,229.45
jev-score,PLAIN-165,MED-2824,276.57
jev-score,PLAIN-165,MED-3768,231.55
jev-score,PLAIN-165,MED-2437,190.78
jev-score,PLAIN-165,MED-3762,250.97
jev-score,PLAIN-165,MED-3696,241.57
jev-score,PLAIN-165,MED-4096,261.97
jev-score,PLAIN-165,MED-4694,295.44
jev-score,PLAIN-165,MED-3447,232.34
jev-score,PLAIN-165,MED-3701,233.92
jev-score,PLAIN-165,MED-4450,310.93
jev-score,PLAIN-165,MED-4812,231.78
jev-score,PLAIN-165,MED-4223,216.95
jev-score,PLAIN-165,MED-3697,233.73
jev-score,PLAIN-175,MED-3818,251.65
jev-score,PLAIN-175,MED-3816,198.64
jev-score,PLAIN-175,MED-3822,251.02
jev-score,PLAIN-175,MED-5200,208.04
jev-score,PLAIN-175,MED-4985,253.43
jev-score,PLAIN-175,MED-3399,245.65
jev-score,PLAIN-175,MED-4347,236.19
jev-score,PLAIN-175,MED-2459,201.21
jev-score,PLAIN-175,MED-2248,284.13
jev-score,PLAIN-175,MED-2294,242.86
jev-score,PLAIN-175,MED-1378,188.56
jev-score,PLAIN-175,MED-2384,254.77
jev-score,PLAIN-175,MED-836,240.24
jev-score,PLAIN-175,MED-1714,264.27
jev-score,PLAIN-175,MED-4104,285.25
jev-score,PLAIN-175,MED-3434,262.44
jev-score,PLAIN-175,MED-3794,289.09
jev-score,PLAIN-175,MED-2943,254.67
jev-score,PLAIN-175,MED-819,236.32
jev-score,PLAIN-175,MED-4854,297.4
jev-score,PLAIN-186,MED-2054,235.5
jev-score,PLAIN-186,MED-3904,304.76
jev-score,PLAIN-186,MED-2059,245.58
jev-score,PLAIN-186,MED-2057,192.47
jev-score,PLAIN-186,MED-1016,251.13
jev-score,PLAIN-186,MED-949,250.76
jev-score,PLAIN-186,MED-2203,244.58
jev-score,PLAIN-186,MED-2060,352.42
jev-score,PLAIN-186,MED-2058,191.96
jev-score,PLAIN-186,MED-2053,203.67
jev-score,PLAIN-186,MED-4638,334.83
jev-score,PLAIN-186,MED-2292,210.39
jev-score,PLAIN-186,MED-1034,200.95
jev-score,PLAIN-186,MED-2061,265.21
jev-score,PLAIN-186,MED-1314,272.79
jev-score,PLAIN-186,MED-2055,273.02
jev-score,PLAIN-186,MED-4325,206.94
jev-score,PLAIN-186,MED-3510,218.56
jev-score,PLAIN-186,MED-977,250.26
jev-score,PLAIN-186,MED-692,282.82
jev-score,PLAIN-196,MED-3969,263.41
jev-score,PLAIN-196,MED-3964,226.56
jev-score,PLAIN-196,MED-895,254.69
jev-score,PLAIN-196,MED-3960,221.88
jev-score,PLAIN-196,MED-5059,259.33
jev-score,PLAIN-196,MED-3963,233.91
jev-score,PLAIN-196,MED-3970,240.14
jev-score,PLAIN-196,MED-5133,232.34
jev-score,PLAIN-196,MED-5134,306.38
jev-score,PLAIN-196,MED-5326,301.72
jev-score,PLAIN-196,MED-1125,208.46
jev-score,PLAIN-196,MED-1162,220.53
jev-score,PLAIN-196,MED-3766,266.79
jev-score,PLAIN-196,MED-3592,247.45
jev-score,PLAIN-196,MED-1763,232.54
jev-score,PLAIN-196,MED-5297,257.49
jev-score,PLAIN-196,MED-4602,228.7
jev-score,PLAIN-196,MED-1705,414.56
jev-score,PLAIN-196,MED-4127,213.55
jev-score,PLAIN-196,MED-862,314.74
jev-score,PLAIN-207,MED-3000,288.5
jev-score,PLAIN-207,MED-5197,232.49
jev-score,PLAIN-207,MED-4391,233.86
jev-score,PLAIN-207,MED-4482,239.13
jev-score,PLAIN-207,MED-4040,261.05
jev-score,PLAIN-207,MED-4057,203.97
jev-score,PLAIN-207,MED-3545,251.66
jev-score,PLAIN-207,MED-4053,850.14
jev-score,PLAIN-207,MED-2168,191.84
jev-score,PLAIN-207,MED-5207,210.83
jev-score,PLAIN-207,MED-4492,274.19
jev-score,PLAIN-207,MED-5075,256.48
jev-score,PLAIN-207,MED-4068,206.01
jev-score,PLAIN-207,MED-4799,183.69
jev-score,PLAIN-207,MED-2492,255.48
jev-score,PLAIN-207,MED-5326,213.46
jev-score,PLAIN-207,MED-4976,218.91
jev-score,PLAIN-207,MED-4451,219.01
jev-score,PLAIN-207,MED-4972,249.88
jev-score,PLAIN-207,MED-2169,234.53
jev-score,PLAIN-217,MED-4831,247.19
jev-score,PLAIN-217,MED-1991,248.51
jev-score,PLAIN-217,MED-1874,236.75
jev-score,PLAIN-217,MED-2432,247.48
jev-score,PLAIN-217,MED-1997,298.83
jev-score,PLAIN-217,MED-4389,198.49
jev-score,PLAIN-217,MED-4515,220.49
jev-score,PLAIN-217,MED-4984,195.82
jev-score,PLAIN-217,MED-4206,272.53
jev-score,PLAIN-217,MED-4687,235.7
jev-score,PLAIN-217,MED-2812,223.62
jev-score,PLAIN-217,MED-2444,191.41
jev-score,PLAIN-217,MED-2813,272.48
jev-score,PLAIN-217,MED-1250,188.87
jev-score,PLAIN-217,MED-1249,221.91
jev-score,PLAIN-217,MED-4469,213.01
jev-score,PLAIN-217,MED-3273,302.65
jev-score,PLAIN-217,MED-1489,248.31
jev-score,PLAIN-217,MED-1319,263.59
jev-score,PLAIN-217,MED-5113,239.61
jev-score,PLAIN-227,MED-3534,267.92
jev-score,PLAIN-227,MED-4829,295.59
jev-score,PLAIN-227,MED-3466,303.47
jev-score,PLAIN-227,MED-4150,242.24
jev-score,PLAIN-227,MED-3459,287.21
jev-score,PLAIN-227,MED-1491,228.04
jev-score,PLAIN-227,MED-4185,292.13
jev-score,PLAIN-227,MED-1474,236.93
jev-score,PLAIN-227,MED-4828,238.14
jev-score,PLAIN-227,MED-3228,251.71
jev-score,PLAIN-227,MED-5257,220.33
jev-score,PLAIN-227,MED-1466,290.19
jev-score,PLAIN-227,MED-4830,234.34
jev-score,PLAIN-227,MED-3499,204.99
jev-score,PLAIN-227,MED-910,273.83
jev-score,PLAIN-227,MED-3462,214.56
jev-score,PLAIN-227,MED-1460,222.95
jev-score,PLAIN-227,MED-4166,217.75
jev-score,PLAIN-227,MED-1458,197.2
jev-score,PLAIN-227,MED-3171,264.08
jev-score,PLAIN-238,MED-4451,239.71
jev-score,PLAIN-238,MED-2746,255.86
jev-score,PLAIN-238,MED-4465,290.57
jev-score,PLAIN-238,MED-5224,335.82
jev-score,PLAIN-238,MED-3880,262.66
jev-score,PLAIN-238,MED-3054,178.89
jev-score,PLAIN-238,MED-2489,318.21
jev-score,PLAIN-238,MED-2749,241.86
jev-score,PLAIN-238,MED-4966,235.15
jev-score,PLAIN-238,MED-3436,320.15
jev-score,PLAIN-238,MED-2501,230.97
jev-score,PLAIN-238,MED-5104,228.49
jev-score,PLAIN-238,MED-3651,278.16
jev-score,PLAIN-238,MED-2105,236.69
jev-score,PLAIN-238,MED-2604,288.96
jev-score,PLAIN-238,MED-3622,225.91
jev-score,PLAIN-238,MED-1933,239.51
jev-score,PLAIN-238,MED-5169,248.08
jev-score,PLAIN-238,MED-4120,192.95
jev-score,PLAIN-238,MED-4796,232.08
jev-score,PLAIN-248,MED-3790,296.13
jev-score,PLAIN-248,MED-3789,262.0
jev-score,PLAIN-248,MED-4233,223.82
jev-score,PLAIN-248,MED-5356,305.33
jev-score,PLAIN-248,MED-4886,210.34
jev-score,PLAIN-248,MED-3874,223.58
jev-score,PLAIN-248,MED-4885,284.67
jev-score,PLAIN-248,MED-5337,233.34
jev-score,PLAIN-248,MED-861,252.42
jev-score,PLAIN-248,MED-3243,225.52
jev-score,PLAIN-248,MED-5089,238.51
jev-score,PLAIN-248,MED-865,242.59
jev-score,PLAIN-248,MED-5355,194.42
jev-score,PLAIN-248,MED-4827,261.94
jev-score,PLAIN-248,MED-3878,355.14
jev-score,PLAIN-248,MED-2769,217.85
jev-score,PLAIN-248,MED-5359,368.19
jev-score,PLAIN-248,MED-4888,264.44
jev-score,PLAIN-248,MED-3782,369.7
jev-score,PLAIN-248,MED-5192,203.1
jev-score,PLAIN-259,MED-4296,214.62
jev-score,PLAIN-259,MED-4295,277.2
jev-score,PLAIN-259,MED-4739,212.68
jev-score,PLAIN-259,MED-862,241.56
jev-score,PLAIN-259,MED-4573,295.56
jev-score,PLAIN-259,MED-836,234.25
jev-score,PLAIN-259,MED-4471,237.98
jev-score,PLAIN-259,MED-2430,249.14
jev-score,PLAIN-259,MED-1586,246.08
jev-score,PLAIN-259,MED-5252,200.29
jev-score,PLAIN-259,MED-1872,232.77
jev-score,PLAIN-259,MED-1690,214.58
jev-score,PLAIN-259,MED-3197,241.56
jev-score,PLAIN-259,MED-1023,206.04
jev-score,PLAIN-259,MED-5165,193.74
jev-score,PLAIN-259,MED-4570,365.12
jev-score,PLAIN-259,MED-3492,202.22
jev-score,PLAIN-259,MED-2157,211.4
jev-score,PLAIN-259,MED-2051,276.16
jev-score,PLAIN-259,MED-5148,263.21
jev-score,PLAIN-270,MED-4331,216.96
jev-score,PLAIN-270,MED-1648,254.27
jev-score,PLAIN-270,MED-5247,240.08
jev-score,PLAIN-270,MED-1631,257.5
jev-score,PLAIN-270,MED-1640,240.98
jev-score,PLAIN-270,MED-4713,261.99
jev-score,PLAIN-270,MED-5123,219.0
jev-score,PLAIN-270,MED-4365,250.65
jev-score,PLAIN-270,MED-4776,257.9
jev-score,PLAIN-270,MED-1645,227.09
jev-score,PLAIN-270,MED-4777,203.65
jev-score,PLAIN-270,MED-4097,273.01
jev-score,PLAIN-270,MED-4746,256.3
jev-score,PLAIN-270,MED-1635,239.71
jev-score,PLAIN-270,MED-898,225.96
jev-score,PLAIN-270,MED-3588,207.02
jev-score,PLAIN-270,MED-5050,321.5
jev-score,PLAIN-270,MED-3715,206.57
jev-score,PLAIN-270,MED-5047,245.58
jev-score,PLAIN-270,MED-4902,233.37
jev-score,PLAIN-280,MED-4376,225.9
jev-score,PLAIN-280,MED-3595,290.59
jev-score,PLAIN-280,MED-5097,230.09
jev-score,PLAIN-280,MED-4533,240.54
jev-score,PLAIN-280,MED-3013,242.13
jev-score,PLAIN-280,MED-4370,223.19
jev-score,PLAIN-280,MED-4739,210.21
jev-score,PLAIN-280,MED-3023,188.61
jev-score,PLAIN-280,MED-2388,287.19
jev-score,PLAIN-280,MED-4535,228.11
jev-score,PLAIN-280,MED-4531,198.13
jev-score,PLAIN-280,MED-3025,195.17
jev-score,PLAIN-280,MED-2906,227.87
jev-score,PLAIN-280,MED-3034,268.96
jev-score,PLAIN-280,MED-2853,234.66
jev-score,PLAIN-280,MED-2618,218.99
jev-score,PLAIN-280,MED-4733,189.89
jev-score,PLAIN-280,MED-4947,268.3
jev-score,PLAIN-280,MED-4949,286.63
jev-score,PLAIN-280,MED-2157,218.23
jev-score,PLAIN-291,MED-4517,354.22
jev-score,PLAIN-291,MED-4639,253.32
jev-score,PLAIN-291,MED-3860,239.03
jev-score,PLAIN-291,MED-3142,212.61
jev-score,PLAIN-291,MED-1038,252.06
jev-score,PLAIN-291,MED-3272,260.5
jev-score,PLAIN-291,MED-2437,232.1
jev-score,PLAIN-291,MED-4050,230.69
jev-score,PLAIN-291,MED-1826,242.24
jev-score,PLAIN-291,MED-5352,193.11
jev-score,PLAIN-291,MED-1825,230.42
jev-score,PLAIN-291,MED-3832,189.75
jev-score,PLAIN-291,MED-2258,262.94
jev-score,PLAIN-291,MED-3858,199.4
jev-score,PLAIN-291,MED-2424,263.74
jev-score,PLAIN-291,MED-3127,258.29
jev-score,PLAIN-291,MED-3845,258.79
jev-score,PLAIN-291,MED-2417,250.34
jev-score,PLAIN-291,MED-3205,192.6
jev-score,PLAIN-291,MED-3551,262.38
jev-score,PLAIN-307,MED-3231,326.67
jev-score,PLAIN-307,MED-714,245.51
jev-score,PLAIN-307,MED-4872,200.19
jev-score,PLAIN-307,MED-920,244.35
jev-score,PLAIN-307,MED-921,349.99
jev-score,PLAIN-307,MED-3991,341.32
jev-score,PLAIN-307,MED-3990,434.38
jev-score,PLAIN-307,MED-919,208.02
jev-score,PLAIN-307,MED-2765,247.99
jev-score,PLAIN-307,MED-4140,218.85
jev-score,PLAIN-307,MED-1777,230.67
jev-score,PLAIN-307,MED-4574,282.22
jev-score,PLAIN-307,MED-3987,260.46
jev-score,PLAIN-307,MED-922,243.51
jev-score,PLAIN-307,MED-962,283.34
jev-score,PLAIN-307,MED-4566,270.86
jev-score,PLAIN-307,MED-3985,238.1
jev-score,PLAIN-307,MED-4695,212.93
jev-score,PLAIN-307,MED-4370,233.54
jev-score,PLAIN-307,MED-1833,206.48
jev-score,PLAIN-320,MED-2437,236.25
jev-score,PLAIN-320,MED-4450,500.64
jev-score,PLAIN-320,MED-2424,258.96
jev-score,PLAIN-320,MED-1829,275.18
jev-score,PLAIN-320,MED-2417,336.45
jev-score,PLAIN-320,MED-3551,245.9
jev-score,PLAIN-320,MED-3123,246.94
jev-score,PLAIN-320,MED-3840,264.85
jev-score,PLAIN-320,MED-1826,202.73
jev-score,PLAIN-320,MED-5066,262.76
jev-score,PLAIN-320,MED-3832,246.92
jev-score,PLAIN-320,MED-2434,241.13
jev-score,PLAIN-320,MED-5352,337.87
jev-score,PLAIN-320,MED-4787,209.45
jev-score,PLAIN-320,MED-1564,253.11
jev-score,PLAIN-320,MED-5351,208.67
jev-score,PLAIN-320,MED-3791,252.23
jev-score,PLAIN-320,MED-3848,229.82
jev-score,PLAIN-320,MED-4783,261.87
jev-score,PLAIN-320,MED-5087,247.31
jev-score,PLAIN-332,MED-760,245.73
jev-score,PLAIN-332,MED-2511,226.72
jev-score,PLAIN-332,MED-2951,236.79
jev-score,PLAIN-332,MED-4689,220.57
jev-score,PLAIN-332,MED-2697,241.21
jev-score,PLAIN-332,MED-5263,263.19
jev-score,PLAIN-332,MED-5261,288.67
jev-score,PLAIN-332,MED-5265,207.53
jev-score,PLAIN-332,MED-2966,243.24
jev-score,PLAIN-332,MED-5277,256.26
jev-score,PLAIN-332,MED-5330,207.13
jev-score,PLAIN-332,MED-5279,219.78
jev-score,PLAIN-332,MED-5271,244.73
jev-score,PLAIN-332,MED-5013,260.32
jev-score,PLAIN-332,MED-5153,268.03
jev-score,PLAIN-332,MED-3679,211.42
jev-score,PLAIN-332,MED-1968,247.69
jev-score,PLAIN-332,MED-2972,213.28
jev-score,PLAIN-332,MED-3526,238.0
jev-score,PLAIN-332,MED-3925,196.28
jev-score,PLAIN-344,MED-2495,195.65
jev-score,PLAIN-344,MED-2497,229.96
jev-score,PLAIN-344,MED-1962,204.67
jev-score,PLAIN-344,MED-1961,234.15
jev-score,PLAIN-344,MED-4145,242.93
jev-score,PLAIN-344,MED-4735,276.01
jev-score,PLAIN-344,MED-1063,379.39
jev-score,PLAIN-344,MED-5324,197.06
jev-score,PLAIN-344,MED-2388,207.27
jev-score,PLAIN-344,MED-3494,250.79
jev-score,PLAIN-344,MED-2000,237.38
jev-score,PLAIN-344,MED-1681,275.82
jev-score,PLAIN-344,MED-2709,310.72
jev-score,PLAIN-344,MED-1468,225.93
jev-score,PLAIN-344,MED-4940,284.34
jev-score,PLAIN-344,MED-4859,203.71
jev-score,PLAIN-344,MED-4437,244.14
jev-score,PLAIN-344,MED-1053,210.01
jev-score,PLAIN-344,MED-4104,239.27
jev-score,PLAIN-344,MED-5238,265.76
jev-score,PLAIN-358,MED-4956,206.02
jev-score,PLAIN-358,MED-5253,243.77
jev-score,PLAIN-358,MED-3155,282.85
jev-score,PLAIN-358,MED-5217,218.4
jev-score,PLAIN-358,MED-5333,288.26
jev-score,PLAIN-358,MED-4878,254.53
jev-score,PLAIN-358,MED-2047,228.58
jev-score,PLAIN-358,MED-5341,226.12
jev-score,PLAIN-358,MED-730,225.02
jev-score,PLAIN-358,MED-4113,285.87
jev-score,PLAIN-358,MED-1008,244.88
jev-score,PLAIN-358,MED-3788,245.05
jev-score,PLAIN-358,MED-4532,275.34
jev-score,PLAIN-358,MED-923,281.73
jev-score,PLAIN-358,MED-734,252.96
jev-score,PLAIN-358,MED-4782,225.13
jev-score,PLAIN-358,MED-5258,192.18
jev-score,PLAIN-358,MED-1366,281.02
jev-score,PLAIN-358,MED-4350,211.46
jev-score,PLAIN-358,MED-3021,262.66
jev-score,PLAIN-371,MED-4620,243.25
jev-score,PLAIN-371,MED-5010,285.09
jev-score,PLAIN-371,MED-5011,227.32
jev-score,PLAIN-371,MED-5009,282.77
jev-score,PLAIN-371,MED-1291,235.19
jev-score,PLAIN-371,MED-3766,223.43
jev-score,PLAIN-371,MED-4618,213.44
jev-score,PLAIN-371,MED-4369,314.63
jev-score,PLAIN-371,MED-4452,229.32
jev-score,PLAIN-371,MED-4619,211.77
jev-score,PLAIN-371,MED-1126,264.3
jev-score,PLAIN-371,MED-3434,313.49
jev-score,PLAIN-371,MED-756,250.31
jev-score,PLAIN-371,MED-1935,251.35
jev-score,PLAIN-371,MED-2349,194.95
jev-score,PLAIN-371,MED-1240,271.54
jev-score,PLAIN-371,MED-5018,204.81
jev-score,PLAIN-371,MED-3449,274.22
jev-score,PLAIN-371,MED-5341,247.3
jev-score,PLAIN-371,MED-1709,236.36
jev-score,PLAIN-383,MED-2763,311.4
jev-score,PLAIN-383,MED-3776,217.23
jev-score,PLAIN-383,MED-1479,830.6
jev-score,PLAIN-383,MED-4469,262.72
jev-score,PLAIN-383,MED-3109,270.14
jev-score,PLAIN-383,MED-4087,256.55
jev-score,PLAIN-383,MED-1712,238.34
jev-score,PLAIN-383,MED-4299,243.44
jev-score,PLAIN-383,MED-3359,243.55
jev-score,PLAIN-383,MED-1540,270.16
jev-score,PLAIN-383,MED-3832,234.95
jev-score,PLAIN-383,MED-3283,230.37
jev-score,PLAIN-383,MED-2292,247.12
jev-score,PLAIN-383,MED-1488,825.81
jev-score,PLAIN-383,MED-1021,232.61
jev-score,PLAIN-383,MED-5292,229.14
jev-score,PLAIN-383,MED-4598,206.8
jev-score,PLAIN-383,MED-4673,194.6
jev-score,PLAIN-383,MED-2510,238.39
jev-score,PLAIN-383,MED-1478,208.09
jev-score,PLAIN-395,MED-3482,429.31
jev-score,PLAIN-395,MED-3511,228.66
jev-score,PLAIN-395,MED-3476,272.83
jev-score,PLAIN-395,MED-2783,229.51
jev-score,PLAIN-395,MED-3477,218.84
jev-score,PLAIN-395,MED-2271,267.79
jev-score,PLAIN-395,MED-3512,265.52
jev-score,PLAIN-395,MED-4576,288.12
jev-score,PLAIN-395,MED-2926,252.33
jev-score,PLAIN-395,MED-5137,223.73
jev-score,PLAIN-395,MED-2098,291.72
jev-score,PLAIN-395,MED-2794,280.99
jev-score,PLAIN-395,MED-2606,210.52
jev-score,PLAIN-395,MED-3370,257.81
jev-score,PLAIN-395,MED-2825,1456.81
jev-score,PLAIN-395,MED-2782,202.82
jev-score,PLAIN-395,MED-3644,208.67
jev-score,PLAIN-395,MED-5000,291.96
jev-score,PLAIN-395,MED-1937,261.1
jev-score,PLAIN-395,MED-2824,217.64
jev-score,PLAIN-407,MED-906,233.27
jev-score,PLAIN-407,MED-2817,262.54
jev-score,PLAIN-407,MED-2994,315.96
jev-score,PLAIN-407,MED-2202,265.85
jev-score,PLAIN-407,MED-2738,975.66
jev-score,PLAIN-407,MED-4205,272.99
jev-score,PLAIN-407,MED-5139,304.51
jev-score,PLAIN-407,MED-4187,255.76
jev-score,PLAIN-407,MED-3146,238.34
jev-score,PLAIN-407,MED-2742,238.48
jev-score,PLAIN-407,MED-1140,260.05
jev-score,PLAIN-407,MED-5345,288.01
jev-score,PLAIN-407,MED-1625,246.18
jev-score,PLAIN-407,MED-2725,199.03
jev-score,PLAIN-407,MED-4790,212.47
jev-score,PLAIN-407,MED-5138,268.04
jev-score,PLAIN-407,MED-4164,223.22
jev-score,PLAIN-407,MED-2618,221.03
jev-score,PLAIN-407,MED-3904,236.84
jev-score,PLAIN-407,MED-1745,287.52
jev-score,PLAIN-418,MED-917,220.5
jev-score,PLAIN-418,MED-2068,237.18
jev-score,PLAIN-418,MED-5170,276.52
jev-score,PLAIN-418,MED-3714,238.49
jev-score,PLAIN-418,MED-2453,256.96
jev-score,PLAIN-418,MED-3528,264.46
jev-score,PLAIN-418,MED-3469,861.42
jev-score,PLAIN-418,MED-2074,265.23
jev-score,PLAIN-418,MED-4156,389.13
jev-score,PLAIN-418,MED-5327,301.41
jev-score,PLAIN-418,MED-4470,285.19
jev-score,PLAIN-418,MED-3734,403.51
jev-score,PLAIN-418,MED-4411,286.81
jev-score,PLAIN-418,MED-3203,232.02
jev-score,PLAIN-418,MED-2285,223.26
jev-score,PLAIN-418,MED-3821,215.29
jev-score,PLAIN-418,MED-3093,253.59
jev-score,PLAIN-418,MED-4414,198.76
jev-score,PLAIN-418,MED-4366,238.56
jev-score,PLAIN-418,MED-3689,264.95
jev-score,PLAIN-430,MED-928,238.79
jev-score,PLAIN-430,MED-927,240.62
jev-score,PLAIN-430,MED-2750,262.51
jev-score,PLAIN-430,MED-4936,208.97
jev-score,PLAIN-430,MED-118,271.39
jev-score,PLAIN-430,MED-2651,216.6
jev-score,PLAIN-430,MED-1831,243.79
jev-score,PLAIN-430,MED-4943,194.78
jev-score,PLAIN-430,MED-5095,324.93
jev-score,PLAIN-430,MED-1620,332.31
jev-score,PLAIN-430,MED-4631,226.6
jev-score,PLAIN-430,MED-2753,203.11
jev-score,PLAIN-430,MED-4366,291.83
jev-score,PLAIN-430,MED-4114,276.34
jev-score,PLAIN-430,MED-4731,246.44
jev-score,PLAIN-430,MED-2412,202.21
jev-score,PLAIN-430,MED-839,246.84
jev-score,PLAIN-430,MED-2751,219.51
jev-score,PLAIN-430,MED-1012,211.97
jev-score,PLAIN-430,MED-5271,311.42
jev-score,PLAIN-441,MED-942,255.73
jev-score,PLAIN-441,MED-941,276.24
jev-score,PLAIN-441,MED-4701,204.24
jev-score,PLAIN-441,MED-3109,196.51
jev-score,PLAIN-441,MED-2291,270.83
jev-score,PLAIN-441,MED-4702,230.03
jev-score,PLAIN-441,MED-1792,208.07
jev-score,PLAIN-441,MED-4695,216.42
jev-score,PLAIN-441,MED-4703,256.73
jev-score,PLAIN-441,MED-4590,367.8
jev-score,PLAIN-441,MED-4236,237.35
jev-score,PLAIN-441,MED-4587,287.5
jev-score,PLAIN-441,MED-5019,215.99
jev-score,PLAIN-441,MED-3744,279.59
jev-score,PLAIN-441,MED-4686,232.64
jev-score,PLAIN-441,MED-2451,256.97
jev-score,PLAIN-441,MED-5082,257.4
jev-score,PLAIN-441,MED-2491,251.25
jev-score,PLAIN-441,MED-4090,199.99
jev-score,PLAIN-441,MED-4862,182.15
jev-score,PLAIN-457,MED-2291,188.03
jev-score,PLAIN-457,MED-3109,192.63
jev-score,PLAIN-457,MED-1407,210.27
jev-score,PLAIN-457,MED-3776,212.69
jev-score,PLAIN-457,MED-1496,272.5
jev-score,PLAIN-457,MED-5219,247.56
jev-score,PLAIN-457,MED-4922,218.53
jev-score,PLAIN-457,MED-4354,205.49
jev-score,PLAIN-457,MED-3359,195.39
jev-score,PLAIN-457,MED-4236,276.58
jev-score,PLAIN-457,MED-2710,199.68
jev-score,PLAIN-457,MED-940,253.05
jev-score,PLAIN-457,MED-3370,217.78
jev-score,PLAIN-457,MED-4206,215.63
jev-score,PLAIN-457,MED-4687,272.59
jev-score,PLAIN-457,MED-5302,211.66
jev-score,PLAIN-457,MED-2096,247.34
jev-score,PLAIN-457,MED-1705,210.27
jev-score,PLAIN-457,MED-4686,216.51
jev-score,PLAIN-457,MED-1797,231.6
jev-score,PLAIN-468,MED-4573,246.04
jev-score,PLAIN-468,MED-3991,220.67
jev-score,PLAIN-468,MED-3988,222.72
jev-score,PLAIN-468,MED-3987,278.89
jev-score,PLAIN-468,MED-961,205.07
jev-score,PLAIN-468,MED-962,292.01
jev-score,PLAIN-468,MED-3990,201.07
jev-score,PLAIN-468,MED-4566,235.46
jev-score,PLAIN-468,MED-868,225.62
jev-score,PLAIN-468,MED-4114,196.87
jev-score,PLAIN-468,MED-3989,247.27
jev-score,PLAIN-468,MED-921,254.3
jev-score,PLAIN-468,MED-4866,226.63
jev-score,PLAIN-468,MED-4575,246.79
jev-score,PLAIN-468,MED-981,211.49
jev-score,PLAIN-468,MED-716,219.69
jev-score,PLAIN-468,MED-5131,198.5
jev-score,PLAIN-468,MED-994,364.02
jev-score,PLAIN-468,MED-3985,183.91
jev-score,PLAIN-468,MED-5209,231.14
jev-score,PLAIN-478,MED-2309,275.71
jev-score,PLAIN-478,MED-3636,222.68
jev-score,PLAIN-478,MED-1144,256.84
jev-score,PLAIN-478,MED-4983,236.1
jev-score,PLAIN-478,MED-5258,224.88
jev-score,PLAIN-478,MED-2082,229.25
jev-score,PLAIN-478,MED-5299,237.24
jev-score,PLAIN-478,MED-10,269.92
jev-score,PLAIN-478,MED-14,247.05
jev-score,PLAIN-478,MED-118,251.63
jev-score,PLAIN-478,MED-301,253.5
jev-score,PLAIN-478,MED-306,238.92
jev-score,PLAIN-478,MED-329,224.1
jev-score,PLAIN-478,MED-330,249.55
jev-score,PLAIN-478,MED-332,214.65
jev-score,PLAIN-478,MED-334,238.9
jev-score,PLAIN-478,MED-335,195.36
jev-score,PLAIN-478,MED-398,252.22
jev-score,PLAIN-478,MED-557,251.1
jev-score,PLAIN-478,MED-666,198.72
jev-score,PLAIN-488,MED-1808,190.86
jev-score,PLAIN-488,MED-1799,226.18
jev-score,PLAIN-488,MED-1798,245.39
jev-score,PLAIN-488,MED-1804,216.45
jev-score,PLAIN-488,MED-1810,263.89
jev-score,PLAIN-488,MED-4769,290.64
jev-score,PLAIN-488,MED-1800,217.78
jev-score,PLAIN-488,MED-1796,241.33
jev-score,PLAIN-488,MED-4766,235.11
jev-score,PLAIN-488,MED-1806,239.46
jev-score,PLAIN-488,MED-4767,261.61
jev-score,PLAIN-488,MED-1803,196.77
jev-score,PLAIN-488,MED-3591,282.44
jev-score,PLAIN-488,MED-1458,298.91
jev-score,PLAIN-488,MED-5025,225.83
jev-score,PLAIN-488,MED-5193,240.04
jev-score,PLAIN-488,MED-3700,266.02
jev-score,PLAIN-488,MED-2178,315.26
jev-score,PLAIN-488,MED-4412,206.67
jev-score,PLAIN-488,MED-1261,208.37
jev-score,PLAIN-499,MED-2900,207.09
jev-score,PLAIN-499,MED-4095,272.47
jev-score,PLAIN-499,MED-2213,211.89
jev-score,PLAIN-499,MED-4893,253.94
jev-score,PLAIN-499,MED-1475,219.02
jev-score,PLAIN-499,MED-1993,322.96
jev-score,PLAIN-499,MED-1747,250.12
jev-score,PLAIN-499,MED-5201,264.29
jev-score,PLAIN-499,MED-4950,249.64
jev-score,PLAIN-499,MED-1417,253.53
jev-score,PLAIN-499,MED-1994,251.35
jev-score,PLAIN-499,MED-1412,317.72
jev-score,PLAIN-499,MED-3657,288.89
jev-score,PLAIN-499,MED-1464,271.69
jev-score,PLAIN-499,MED-4107,272.68
jev-score,PLAIN-499,MED-1188,249.02
jev-score,PLAIN-499,MED-1190,221.17
jev-score,PLAIN-499,MED-5198,277.64
jev-score,PLAIN-499,MED-1872,247.67
jev-score,PLAIN-499,MED-3033,329.24
jev-score,PLAIN-510,MED-10,259.68
jev-score,PLAIN-510,MED-14,342.84
jev-score,PLAIN-510,MED-118,276.78
jev-score,PLAIN-510,MED-301,262.56
jev-score,PLAIN-510,MED-306,363.34
jev-score,PLAIN-510,MED-329,195.24
jev-score,PLAIN-510,MED-330,255.32
jev-score,PLAIN-510,MED-332,215.3
jev-score,PLAIN-510,MED-334,307.01
jev-score,PLAIN-510,MED-335,299.86
jev-score,PLAIN-510,MED-398,196.59
jev-score,PLAIN-510,MED-557,296.87
jev-score,PLAIN-510,MED-666,276.99
jev-score,PLAIN-510,MED-691,311.94
jev-score,PLAIN-510,MED-692,213.66
jev-score,PLAIN-510,MED-702,250.94
jev-score,PLAIN-510,MED-706,226.99
jev-score,PLAIN-510,MED-707,273.68
jev-score,PLAIN-510,MED-708,206.48
jev-score,PLAIN-510,MED-709,228.51
jev-score,PLAIN-520,MED-10,287.87
jev-score,PLAIN-520,MED-14,226.27
jev-score,PLAIN-520,MED-118,288.45
jev-score,PLAIN-520,MED-301,183.63
jev-score,PLAIN-520,MED-306,256.17
jev-score,PLAIN-520,MED-329,310.88
jev-score,PLAIN-520,MED-330,254.71
jev-score,PLAIN-520,MED-332,353.07
jev-score,PLAIN-520,MED-334,252.25
jev-score,PLAIN-520,MED-335,229.54
jev-score,PLAIN-520,MED-398,238.87
jev-score,PLAIN-520,MED-557,196.35
jev-score,PLAIN-520,MED-666,464.97
jev-score,PLAIN-520,MED-691,254.02
jev-score,PLAIN-520,MED-692,196.17
jev-score,PLAIN-520,MED-702,237.36
jev-score,PLAIN-520,MED-706,375.26
jev-score,PLAIN-520,MED-707,259.38
jev-score,PLAIN-520,MED-708,263.95
jev-score,PLAIN-520,MED-709,202.06
jev-score,PLAIN-531,MED-3607,293.91
jev-score,PLAIN-531,MED-3726,183.32
jev-score,PLAIN-531,MED-4374,230.61
jev-score,PLAIN-531,MED-1525,305.34
jev-score,PLAIN-531,MED-4358,236.89
jev-score,PLAIN-531,MED-4531,232.34
jev-score,PLAIN-531,MED-3113,226.28
jev-score,PLAIN-531,MED-4128,255.48
jev-score,PLAIN-531,MED-4371,223.26
jev-score,PLAIN-531,MED-2298,196.86
jev-score,PLAIN-531,MED-3625,211.1
jev-score,PLAIN-531,MED-2112,259.68
jev-score,PLAIN-531,MED-1037,248.45
jev-score,PLAIN-531,MED-1017,210.35
jev-score,PLAIN-531,MED-839,228.83
jev-score,PLAIN-531,MED-1097,268.28
jev-score,PLAIN-531,MED-2572,240.02
jev-score,PLAIN-531,MED-3001,339.44
jev-score,PLAIN-531,MED-3637,313.45
jev-score,PLAIN-531,MED-5343,215.24
jev-score,PLAIN-541,MED-4036,292.91
jev-score,PLAIN-541,MED-4027,238.94
jev-score,PLAIN-541,MED-4028,251.89
jev-score,PLAIN-541,MED-3621,310.07
jev-score,PLAIN-541,MED-1988,280.47
jev-score,PLAIN-541,MED-4034,234.79
jev-score,PLAIN-541,MED-3618,212.56
jev-score,PLAIN-541,MED-3619,261.68
jev-score,PLAIN-541,MED-5097,342.77
jev-score,PLAIN-541,MED-4019,291.68
jev-score,PLAIN-541,MED-4026,240.41
jev-score,PLAIN-541,MED-1858,206.37
jev-score,PLAIN-541,MED-4104,268.52
jev-score,PLAIN-541,MED-872,310.47
jev-score,PLAIN-541,MED-3639,269.39
jev-score,PLAIN-541,MED-2093,361.83
jev-score,PLAIN-541,MED-3640,269.38
jev-score,PLAIN-541,MED-3718,226.58
jev-score,PLAIN-541,MED-1708,265.43
jev-score,PLAIN-541,MED-1857,363.31
jev-score,PLAIN-551,MED-10,389.53
jev-score,PLAIN-551,MED-14,234.16
jev-score,PLAIN-551,MED-118,264.61
jev-score,PLAIN-551,MED-301,293.39
jev-score,PLAIN-551,MED-306,318.28
jev-score,PLAIN-551,MED-329,268.78
jev-score,PLAIN-551,MED-330,320.58
jev-score,PLAIN-551,MED-332,213.49
jev-score,PLAIN-551,MED-334,224.84
jev-score,PLAIN-551,MED-335,242.17
jev-score,PLAIN-551,MED-398,311.44
jev-score,PLAIN-551,MED-557,228.35
jev-score,PLAIN-551,MED-666,249.94
jev-score,PLAIN-551,MED-691,261.95
jev-score,PLAIN-551,MED-692,222.92
jev-score,PLAIN-551,MED-702,218.08
jev-score,PLAIN-551,MED-706,343.94
jev-score,PLAIN-551,MED-707,298.39
jev-score,PLAIN-551,MED-708,359.06
jev-score,PLAIN-551,MED-709,232.72
jev-score,PLAIN-561,MED-3180,282.31
jev-score,PLAIN-561,MED-4555,291.61
jev-score,PLAIN-561,MED-10,223.32
jev-score,PLAIN-561,MED-14,362.41
jev-score,PLAIN-561,MED-118,264.63
jev-score,PLAIN-561,MED-301,244.41
jev-score,PLAIN-561,MED-306,225.09
jev-score,PLAIN-561,MED-329,290.57
jev-score,PLAIN-561,MED-330,266.55
jev-score,PLAIN-561,MED-332,305.12
jev-score,PLAIN-561,MED-334,212.74
jev-score,PLAIN-561,MED-335,392.31
jev-score,PLAIN-561,MED-398,270.51
jev-score,PLAIN-561,MED-557,186.73
jev-score,PLAIN-561,MED-666,272.22
jev-score,PLAIN-561,MED-691,291.03
jev-score,PLAIN-561,MED-692,214.84
jev-score,PLAIN-561,MED-702,248.97
jev-score,PLAIN-561,MED-706,263.06
jev-score,PLAIN-561,MED-707,225.45
jev-score,PLAIN-571,MED-2346,230.26
jev-score,PLAIN-571,MED-2339,245.82
jev-score,PLAIN-571,MED-4742,238.05
jev-score,PLAIN-571,MED-2338,214.66
jev-score,PLAIN-571,MED-2345,220.42
jev-score,PLAIN-571,MED-10,252.21
jev-score,PLAIN-571,MED-14,287.34
jev-score,PLAIN-571,MED-118,254.5
jev-score,PLAIN-571,MED-301,315.18
jev-score,PLAIN-571,MED-306,292.25
jev-score,PLAIN-571,MED-329,330.34
jev-score,PLAIN-571,MED-330,265.01
jev-score,PLAIN-571,MED-332,334.04
jev-score,PLAIN-571,MED-334,267.82
jev-score,PLAIN-571,MED-335,305.9
jev-score,PLAIN-571,MED-398,209.23
jev-score,PLAIN-571,MED-557,217.67
jev-score,PLAIN-571,MED-666,219.01
jev-score,PLAIN-571,MED-691,260.72
jev-score,PLAIN-571,MED-692,307.2
jev-score,PLAIN-583,MED-10,301.89
jev-score,PLAIN-583,MED-14,209.92
jev-score,PLAIN-583,MED-118,301.41
jev-score,PLAIN-583,MED-301,257.18
jev-score,PLAIN-583,MED-306,307.69
jev-score,PLAIN-583,MED-329,260.75
jev-score,PLAIN-583,MED-330,361.5
jev-score,PLAIN-583,MED-332,221.59
jev-score,PLAIN-583,MED-334,327.38
jev-score,PLAIN-583,MED-335,264.04
jev-score,PLAIN-583,MED-398,305.8
jev-score,PLAIN-583,MED-557,287.62
jev-score,PLAIN-583,MED-666,197.56
jev-score,PLAIN-583,MED-691,198.63
jev-score,PLAIN-583,MED-692,271.26
jev-score,PLAIN-583,MED-702,225.84
jev-score,PLAIN-583,MED-706,227.76
jev-score,PLAIN-583,MED-707,210.94
jev-score,PLAIN-583,MED-708,191.98
jev-score,PLAIN-583,MED-709,294.06
jev-score,PLAIN-593,MED-4402,322.21
jev-score,PLAIN-593,MED-957,244.29
jev-score,PLAIN-593,MED-10,264.43
jev-score,PLAIN-593,MED-14,278.6
jev-score,PLAIN-593,MED-118,304.75
jev-score,PLAIN-593,MED-301,264.68
jev-score,PLAIN-593,MED-306,332.57
jev-score,PLAIN-593,MED-329,261.1
jev-score,PLAIN-593,MED-330,217.37
jev-score,PLAIN-593,MED-332,255.63
jev-score,PLAIN-593,MED-334,255.07
jev-score,PLAIN-593,MED-335,231.54
jev-score,PLAIN-593,MED-398,263.82
jev-score,PLAIN-593,MED-557,347.7
jev-score,PLAIN-593,MED-666,213.42
jev-score,PLAIN-593,MED-691,248.91
jev-score,PLAIN-593,MED-692,268.29
jev-score,PLAIN-593,MED-702,253.13
jev-score,PLAIN-593,MED-706,276.86
jev-score,PLAIN-593,MED-707,302.33
jev-score,PLAIN-603,MED-1957,239.87
jev-score,PLAIN-603,MED-3769,226.47
jev-score,PLAIN-603,MED-1960,244.7
jev-score,PLAIN-603,MED-10,363.79
jev-score,PLAIN-603,MED-14,431.72
jev-score,PLAIN-603,MED-118,311.95
jev-score,PLAIN-603,MED-301,213.2
jev-score,PLAIN-603,MED-306,238.84
jev-score,PLAIN-603,MED-329,270.29
jev-score,PLAIN-603,MED-330,243.32
jev-score,PLAIN-603,MED-332,226.24
jev-score,PLAIN-603,MED-334,281.65
jev-score,PLAIN-603,MED-335,229.73
jev-score,PLAIN-603,MED-398,384.44
jev-score,PLAIN-603,MED-557,281.2
jev-score,PLAIN-603,MED-666,283.86
jev-score,PLAIN-603,MED-691,235.29
jev-score,PLAIN-603,MED-692,223.87
jev-score,PLAIN-603,MED-702,262.19
jev-score,PLAIN-603,MED-706,229.89
jev-score,PLAIN-613,MED-909,215.93
jev-score,PLAIN-613,MED-1846,230.63
jev-score,PLAIN-613,MED-2983,241.46
jev-score,PLAIN-613,MED-4468,286.93
jev-score,PLAIN-613,MED-3921,325.69
jev-score,PLAIN-613,MED-1158,239.08
jev-score,PLAIN-613,MED-859,213.81
jev-score,PLAIN-613,MED-4901,225.83
jev-score,PLAIN-613,MED-3476,284.22
jev-score,PLAIN-613,MED-1198,303.88
jev-score,PLAIN-613,MED-2191,358.21
jev-score,PLAIN-613,MED-860,333.58
jev-score,PLAIN-613,MED-5076,239.41
jev-score,PLAIN-613,MED-4091,245.66
jev-score,PLAIN-613,MED-2272,209.58
jev-score,PLAIN-613,MED-4474,263.09
jev-score,PLAIN-613,MED-1784,209.36
jev-score,PLAIN-613,MED-5046,223.78
jev-score,PLAIN-613,MED-4206,255.8
jev-score,PLAIN-613,MED-4687,262.38
jev-score,PLAIN-623,MED-1674,274.36
jev-score,PLAIN-623,MED-4880,232.21
jev-score,PLAIN-623,MED-4515,242.83
jev-score,PLAIN-623,MED-4848,217.0
jev-score,PLAIN-623,MED-1374,236.41
jev-score,PLAIN-623,MED-5200,212.19
jev-score,PLAIN-623,MED-4854,279.37
jev-score,PLAIN-623,MED-5207,250.26
jev-score,PLAIN-623,MED-4347,343.32
jev-score,PLAIN-623,MED-5267,217.38
jev-score,PLAIN-623,MED-4744,276.07
jev-score,PLAIN-623,MED-825,243.05
jev-score,PLAIN-623,MED-1454,207.72
jev-score,PLAIN-623,MED-3399,369.77
jev-score,PLAIN-623,MED-2260,321.79
jev-score,PLAIN-623,MED-2459,277.87
jev-score,PLAIN-623,MED-3434,287.88
jev-score,PLAIN-623,MED-4629,249.26
jev-score,PLAIN-623,MED-4993,242.97
jev-score,PLAIN-623,MED-2458,350.15
jev-score,PLAIN-634,MED-1378,255.99
jev-score,PLAIN-634,MED-4619,220.52
jev-score,PLAIN-634,MED-10,252.02
jev-score,PLAIN-634,MED-14,308.91
jev-score,PLAIN-634,MED-118,340.62
jev-score,PLAIN-634,MED-301,276.5
jev-score,PLAIN-634,MED-306,238.68
jev-score,PLAIN-634,MED-329,191.66
jev-score,PLAIN-634,MED-330,265.89
jev-score,PLAIN-634,MED-332,274.65
jev-score,PLAIN-634,MED-334,257.69
jev-score,PLAIN-634,MED-335,222.27
jev-score,PLAIN-634,MED-398,235.27
jev-score,PLAIN-634,MED-557,278.94
jev-score,PLAIN-634,MED-666,274.88
jev-score,PLAIN-634,MED-691,240.93
jev-score,PLAIN-634,MED-692,197.02
jev-score,PLAIN-634,MED-702,258.86
jev-score,PLAIN-634,MED-706,306.64
jev-score,PLAIN-634,MED-707,245.47
jev-score,PLAIN-645,MED-10,257.04
jev-score,PLAIN-645,MED-14,239.45
jev-score,PLAIN-645,MED-118,283.67
jev-score,PLAIN-645,MED-301,215.97
jev-score,PLAIN-645,MED-306,280.65
jev-score,PLAIN-645,MED-329,261.16
jev-score,PLAIN-645,MED-330,286.0
jev-score,PLAIN-645,MED-332,363.54
jev-score,PLAIN-645,MED-334,239.5
jev-score,PLAIN-645,MED-335,183.81
jev-score,PLAIN-645,MED-398,290.62
jev-score,PLAIN-645,MED-557,268.08
jev-score,PLAIN-645,MED-666,168.9
jev-score,PLAIN-645,MED-691,216.61
jev-score,PLAIN-645,MED-692,222.77
jev-score,PLAIN-645,MED-702,301.04
jev-score,PLAIN-645,MED-706,256.11
jev-score,PLAIN-645,MED-707,253.59
jev-score,PLAIN-645,MED-708,394.63
jev-score,PLAIN-645,MED-709,183.27
jev-score,PLAIN-660,MED-3584,284.21
jev-score,PLAIN-660,MED-3138,221.48
jev-score,PLAIN-660,MED-1880,234.07
jev-score,PLAIN-660,MED-2140,231.75
jev-score,PLAIN-660,MED-3136,214.81
jev-score,PLAIN-660,MED-2141,206.94
jev-score,PLAIN-660,MED-4991,269.78
jev-score,PLAIN-660,MED-2147,266.71
jev-score,PLAIN-660,MED-2144,230.99
jev-score,PLAIN-660,MED-5079,241.19
jev-score,PLAIN-660,MED-2010,281.37
jev-score,PLAIN-660,MED-2085,286.13
jev-score,PLAIN-660,MED-3141,220.41
jev-score,PLAIN-660,MED-2570,236.37
jev-score,PLAIN-660,MED-3894,232.69
jev-score,PLAIN-660,MED-719,218.21
jev-score,PLAIN-660,MED-724,238.47
jev-score,PLAIN-660,MED-2150,207.87
jev-score,PLAIN-660,MED-875,262.61
jev-score,PLAIN-660,MED-4165,269.8
jev-score,PLAIN-671,MED-4857,258.09
jev-score,PLAIN-671,MED-2677,327.08
jev-score,PLAIN-671,MED-4602,252.2
jev-score,PLAIN-671,MED-957,226.85
jev-score,PLAIN-671,MED-10,239.35
jev-score,PLAIN-671,MED-14,309.01
jev-score,PLAIN-671,MED-118,237.8
jev-score,PLAIN-671,MED-301,348.73
jev-score,PLAIN-671,MED-306,201.06
jev-score,PLAIN-671,MED-329,262.22
jev-score,PLAIN-671,MED-330,324.94
jev-score,PLAIN-671,MED-332,222.09
jev-score,PLAIN-671,MED-334,211.3
jev-score,PLAIN-671,MED-335,200.95
jev-score,PLAIN-671,MED-398,213.37
jev-score,PLAIN-671,MED-557,255.07
jev-score,PLAIN-671,MED-666,270.72
jev-score,PLAIN-671,MED-691,209.97
jev-score,PLAIN-671,MED-692,299.54
jev-score,PLAIN-671,MED-702,315.77
jev-score,PLAIN-681,MED-5017,249.92
jev-score,PLAIN-681,MED-4030,205.14
jev-score,PLAIN-681,MED-2383,242.85
jev-score,PLAIN-681,MED-4286,250.81
jev-score,PLAIN-681,MED-4300,231.42
jev-score,PLAIN-681,MED-2595,290.76
jev-score,PLAIN-681,MED-4292,232.27
jev-score,PLAIN-681,MED-2597,296.32
jev-score,PLAIN-681,MED-4314,217.58
jev-score,PLAIN-681,MED-4707,240.14
jev-score,PLAIN-681,MED-4295,328.17
jev-score,PLAIN-681,MED-2381,243.23
jev-score,PLAIN-681,MED-1499,251.13
jev-score,PLAIN-681,MED-4646,266.92
jev-score,PLAIN-681,MED-1393,293.59
jev-score,PLAIN-681,MED-4706,216.46
jev-score,PLAIN-681,MED-4345,237.47
jev-score,PLAIN-681,MED-2380,254.12
jev-score,PLAIN-681,MED-2150,270.99
jev-score,PLAIN-681,MED-1381,360.05
jev-score,PLAIN-691,MED-4909,473.4
jev-score,PLAIN-691,MED-2263,266.54
jev-score,PLAIN-691,MED-2791,227.09
jev-score,PLAIN-691,MED-4454,265.87
jev-score,PLAIN-691,MED-4390,308.03
jev-score,PLAIN-691,MED-885,265.21
jev-score,PLAIN-691,MED-2265,251.18
jev-score,PLAIN-691,MED-3209,210.07
jev-score,PLAIN-691,MED-928,210.11
jev-score,PLAIN-691,MED-2068,238.1
jev-score,PLAIN-691,MED-5131,263.61
jev-score,PLAIN-691,MED-2607,289.68
jev-score,PLAIN-691,MED-3922,303.57
jev-score,PLAIN-691,MED-5095,209.63
jev-score,PLAIN-691,MED-4318,262.45
jev-score,PLAIN-691,MED-2235,229.22
jev-score,PLAIN-691,MED-4320,360.21
jev-score,PLAIN-691,MED-3479,235.49
jev-score,PLAIN-691,MED-2830,269.73
jev-score,PLAIN-691,MED-3986,261.57
jev-score,PLAIN-701,MED-3720,277.42
jev-score,PLAIN-701,MED-2280,219.24
jev-score,PLAIN-701,MED-2922,241.04
jev-score,PLAIN-701,MED-3721,249.87
jev-score,PLAIN-701,MED-917,293.45
jev-score,PLAIN-701,MED-2085,255.68
jev-score,PLAIN-701,MED-2926,249.14
jev-score,PLAIN-701,MED-5078,303.74
jev-score,PLAIN-701,MED-4302,252.6
jev-score,PLAIN-701,MED-1637,257.27
jev-score,PLAIN-701,MED-5137,268.22
jev-score,PLAIN-701,MED-1412,278.69
jev-score,PLAIN-701,MED-976,273.08
jev-score,PLAIN-701,MED-897,228.94
jev-score,PLAIN-701,MED-4905,187.78
jev-score,PLAIN-701,MED-4412,226.45
jev-score,PLAIN-701,MED-5208,294.92
jev-score,PLAIN-701,MED-4331,267.77
jev-score,PLAIN-701,MED-5156,266.27
jev-score,PLAIN-701,MED-1844,289.03
jev-score,PLAIN-711,MED-2077,299.83
jev-score,PLAIN-711,MED-1492,221.2
jev-score,PLAIN-711,MED-2523,244.77
jev-score,PLAIN-711,MED-5295,292.65
jev-score,PLAIN-711,MED-3520,237.76
jev-score,PLAIN-711,MED-2522,217.6
jev-score,PLAIN-711,MED-1192,269.46
jev-score,PLAIN-711,MED-3353,324.02
jev-score,PLAIN-711,MED-3021,237.3
jev-score,PLAIN-711,MED-2178,272.96
jev-score,PLAIN-711,MED-2166,231.36
jev-score,PLAIN-711,MED-5047,238.37
jev-score,PLAIN-711,MED-5290,220.63
jev-score,PLAIN-711,MED-2174,229.65
jev-score,PLAIN-711,MED-1862,237.12
jev-score,PLAIN-711,MED-5285,281.02
jev-score,PLAIN-711,MED-861,230.1
jev-score,PLAIN-711,MED-4658,212.28
jev-score,PLAIN-711,MED-3458,207.47
jev-score,PLAIN-711,MED-4736,197.5
jev-score,PLAIN-721,MED-4876,299.02
jev-score,PLAIN-721,MED-1282,230.88
jev-score,PLAIN-721,MED-1267,317.78
jev-score,PLAIN-721,MED-1287,482.24
jev-score,PLAIN-721,MED-1289,272.81
jev-score,PLAIN-721,MED-1284,256.68
jev-score,PLAIN-721,MED-1278,885.26
jev-score,PLAIN-721,MED-1274,339.31
jev-score,PLAIN-721,MED-1265,219.86
jev-score,PLAIN-721,MED-1290,209.21
jev-score,PLAIN-721,MED-1271,234.79
jev-score,PLAIN-721,MED-1268,247.37
jev-score,PLAIN-721,MED-1266,253.2
jev-score,PLAIN-721,MED-1279,278.9
jev-score,PLAIN-721,MED-1288,270.67
jev-score,PLAIN-721,MED-1272,241.6
jev-score,PLAIN-721,MED-1277,221.93
jev-score,PLAIN-721,MED-1283,217.42
jev-score,PLAIN-721,MED-10,226.67
jev-score,PLAIN-721,MED-14,176.58
jev-score,PLAIN-731,MED-1341,263.18
jev-score,PLAIN-731,MED-4722,271.18
jev-score,PLAIN-731,MED-1339,256.21
jev-score,PLAIN-731,MED-3229,211.59
jev-score,PLAIN-731,MED-1337,414.74
jev-score,PLAIN-731,MED-1340,260.46
jev-score,PLAIN-731,MED-5243,216.71
jev-score,PLAIN-731,MED-5253,286.83
jev-score,PLAIN-731,MED-4226,313.06
jev-score,PLAIN-731,MED-2989,217.18
jev-score,PLAIN-731,MED-3228,244.57
jev-score,PLAIN-731,MED-3193,216.9
jev-score,PLAIN-731,MED-3787,191.34
jev-score,PLAIN-731,MED-5145,260.2
jev-score,PLAIN-731,MED-5241,225.4
jev-score,PLAIN-731,MED-3227,204.02
jev-score,PLAIN-731,MED-2155,254.38
jev-score,PLAIN-731,MED-5244,410.73
jev-score,PLAIN-731,MED-1791,338.63
jev-score,PLAIN-731,MED-3215,223.41
jev-score,PLAIN-741,MED-4237,220.18
jev-score,PLAIN-741,MED-4236,188.64
jev-score,PLAIN-741,MED-4232,232.68
jev-score,PLAIN-741,MED-4231,273.33
jev-score,PLAIN-741,MED-4890,288.51
jev-score,PLAIN-741,MED-4234,233.75
jev-score,PLAIN-741,MED-4235,212.01
jev-score,PLAIN-741,MED-5176,242.18
jev-score,PLAIN-741,MED-3924,218.49
jev-score,PLAIN-741,MED-4230,249.79
jev-score,PLAIN-741,MED-2831,232.18
jev-score,PLAIN-741,MED-10,217.24
jev-score,PLAIN-741,MED-14,209.95
jev-score,PLAIN-741,MED-118,241.17
jev-score,PLAIN-741,MED-301,243.56
jev-score,PLAIN-741,MED-306,246.61
jev-score,PLAIN-741,MED-329,262.27
jev-score,PLAIN-741,MED-330,271.13
jev-score,PLAIN-741,MED-332,284.99
jev-score,PLAIN-741,MED-334,218.09
jev-score,PLAIN-751,MED-3135,259.07
jev-score,PLAIN-751,MED-3130,244.15
jev-score,PLAIN-751,MED-1457,247.09
jev-score,PLAIN-751,MED-1797,274.12
jev-score,PLAIN-751,MED-3129,208.18
jev-score,PLAIN-751,MED-2575,261.58
jev-score,PLAIN-751,MED-4142,229.33
jev-score,PLAIN-751,MED-2568,248.94
jev-score,PLAIN-751,MED-4698,303.89
jev-score,PLAIN-751,MED-5037,239.71
jev-score,PLAIN-751,MED-4807,255.89
jev-score,PLAIN-751,MED-1101,273.07
jev-score,PLAIN-751,MED-3482,1241.98
jev-score,PLAIN-751,MED-4545,233.21
jev-score,PLAIN-751,MED-3885,263.41
jev-score,PLAIN-751,MED-3886,318.37
jev-score,PLAIN-751,MED-5333,267.51
jev-score,PLAIN-751,MED-3721,243.64
jev-score,PLAIN-751,MED-3172,350.57
jev-score,PLAIN-751,MED-3890,232.67
jev-score,PLAIN-761,MED-3797,225.34
jev-score,PLAIN-761,MED-3800,262.79
jev-score,PLAIN-761,MED-666,245.17
jev-score,PLAIN-761,MED-3795,212.5
jev-score,PLAIN-761,MED-1667,273.94
jev-score,PLAIN-761,MED-3944,235.85
jev-score,PLAIN-761,MED-1006,292.45
jev-score,PLAIN-761,MED-3664,244.9
jev-score,PLAIN-761,MED-3506,293.16
jev-score,PLAIN-761,MED-4127,248.78
jev-score,PLAIN-761,MED-4103,220.86
jev-score,PLAIN-761,MED-3513,274.25
jev-score,PLAIN-761,MED-2802,260.15
jev-score,PLAIN-761,MED-3512,241.02
jev-score,PLAIN-761,MED-1663,226.8
jev-score,PLAIN-761,MED-4855,186.66
jev-score,PLAIN-761,MED-1009,232.48
jev-score,PLAIN-761,MED-2827,263.55
jev-score,PLAIN-761,MED-1657,255.03
jev-score,PLAIN-761,MED-3658,202.32
jev-score,PLAIN-771,MED-3386,258.66
jev-score,PLAIN-771,MED-3387,207.14
jev-score,PLAIN-771,MED-3385,291.29
jev-score,PLAIN-771,MED-10,268.57
jev-score,PLAIN-771,MED-14,213.76
jev-score,PLAIN-771,MED-118,240.83
jev-score,PLAIN-771,MED-301,200.97
jev-score,PLAIN-771,MED-306,212.01
jev-score,PLAIN-771,MED-329,290.89
jev-score,PLAIN-771,MED-330,236.58
jev-score,PLAIN-771,MED-332,245.66
jev-score,PLAIN-771,MED-334,260.73
jev-score,PLAIN-771,MED-335,235.07
jev-score,PLAIN-771,MED-398,278.13
jev-score,PLAIN-771,MED-557,349.78
jev-score,PLAIN-771,MED-666,276.24
jev-score,PLAIN-771,MED-691,213.22
jev-score,PLAIN-771,MED-692,255.4
jev-score,PLAIN-771,MED-702,242.11
jev-score,PLAIN-771,MED-706,198.97
jev-score,PLAIN-782,MED-1055,289.93
jev-score,PLAIN-782,MED-1248,188.91
jev-score,PLAIN-782,MED-2208,206.15
jev-score,PLAIN-782,MED-3056,211.35
jev-score,PLAIN-782,MED-1811,226.2
jev-score,PLAIN-782,MED-880,201.75
jev-score,PLAIN-782,MED-713,245.64
jev-score,PLAIN-782,MED-3209,174.15
jev-score,PLAIN-782,MED-3987,208.27
jev-score,PLAIN-782,MED-1623,209.57
jev-score,PLAIN-782,MED-940,252.5
jev-score,PLAIN-782,MED-720,241.05
jev-score,PLAIN-782,MED-3920,240.45
jev-score,PLAIN-782,MED-2787,217.73
jev-score,PLAIN-782,MED-4959,214.49
jev-score,PLAIN-782,MED-2449,253.57
jev-score,PLAIN-782,MED-2894,330.07
jev-score,PLAIN-782,MED-4390,232.51
jev-score,PLAIN-782,MED-2994,195.6
jev-score,PLAIN-782,MED-2617,277.14
jev-score,PLAIN-792,MED-4546,284.15
jev-score,PLAIN-792,MED-4958,201.41
jev-score,PLAIN-792,MED-4547,386.04
jev-score,PLAIN-792,MED-10,270.03
jev-score,PLAIN-792,MED-14,452.37
jev-score,PLAIN-792,MED-118,1201.16
jev-score,PLAIN-792,MED-301,224.26
jev-score,PLAIN-792,MED-306,222.78
jev-score,PLAIN-792,MED-329,236.62
jev-score,PLAIN-792,MED-330,251.74
jev-score,PLAIN-792,MED-332,222.88
jev-score,PLAIN-792,MED-334,252.5
jev-score,PLAIN-792,MED-335,212.73
jev-score,PLAIN-792,MED-398,253.87
jev-score,PLAIN-792,MED-557,257.12
jev-score,PLAIN-792,MED-666,283.77
jev-score,PLAIN-792,MED-691,188.11
jev-score,PLAIN-792,MED-692,254.79
jev-score,PLAIN-792,MED-702,240.13
jev-score,PLAIN-792,MED-706,274.18
jev-score,PLAIN-806,MED-4996,216.58
jev-score,PLAIN-806,MED-2138,244.95
jev-score,PLAIN-806,MED-2519,221.9
jev-score,PLAIN-806,MED-3273,244.25
jev-score,PLAIN-806,MED-2506,370.84
jev-score,PLAIN-806,MED-3201,278.95
jev-score,PLAIN-806,MED-2502,206.47
jev-score,PLAIN-806,MED-2510,331.14
jev-score,PLAIN-806,MED-2513,316.76
jev-score,PLAIN-806,MED-2717,224.08
jev-score,PLAIN-806,MED-1724,209.32
jev-score,PLAIN-806,MED-1712,319.0
jev-score,PLAIN-806,MED-5033,212.67
jev-score,PLAIN-806,MED-4699,290.01
jev-score,PLAIN-806,MED-3271,248.16
jev-score,PLAIN-806,MED-2325,255.96
jev-score,PLAIN-806,MED-5335,237.96
jev-score,PLAIN-806,MED-4120,219.95
jev-score,PLAIN-806,MED-3283,238.2
jev-score,PLAIN-806,MED-3538,202.46
jev-score,PLAIN-817,MED-10,256.13
jev-score,PLAIN-817,MED-14,263.22
jev-score,PLAIN-817,MED-118,259.13
jev-score,PLAIN-817,MED-301,217.01
jev-score,PLAIN-817,MED-306,262.92
jev-score,PLAIN-817,MED-329,208.35
jev-score,PLAIN-817,MED-330,252.78
jev-score,PLAIN-817,MED-332,251.58
jev-score,PLAIN-817,MED-334,193.28
jev-score,PLAIN-817,MED-335,290.77
jev-score,PLAIN-817,MED-398,220.67
jev-score,PLAIN-817,MED-557,235.01
jev-score,PLAIN-817,MED-666,278.93
jev-score,PLAIN-817,MED-691,239.81
jev-score,PLAIN-817,MED-692,245.89
jev-score,PLAIN-817,MED-702,438.97
jev-score,PLAIN-817,MED-706,269.13
jev-score,PLAIN-817,MED-707,295.32
jev-score,PLAIN-817,MED-708,235.91
jev-score,PLAIN-817,MED-709,520.52
jev-score,PLAIN-827,MED-4391,205.5
jev-score,PLAIN-827,MED-2106,284.51
jev-score,PLAIN-827,MED-1414,357.12
jev-score,PLAIN-827,MED-3000,233.32
jev-score,PLAIN-827,MED-1605,281.77
jev-score,PLAIN-827,MED-1602,275.91
jev-score,PLAIN-827,MED-5207,207.02
jev-score,PLAIN-827,MED-4492,229.46
jev-score,PLAIN-827,MED-4194,242.82
jev-score,PLAIN-827,MED-4271,310.36
jev-score,PLAIN-827,MED-4451,232.11
jev-score,PLAIN-827,MED-4472,245.96
jev-score,PLAIN-827,MED-4470,217.99
jev-score,PLAIN-827,MED-4071,237.22
jev-score,PLAIN-827,MED-3305,300.93
jev-score,PLAIN-827,MED-2618,291.62
jev-score,PLAIN-827,MED-4482,228.44
jev-score,PLAIN-827,MED-5122,272.7
jev-score,PLAIN-827,MED-5197,271.6
jev-score,PLAIN-827,MED-3311,233.89
jev-score,PLAIN-838,MED-3502,300.07
jev-score,PLAIN-838,MED-3495,231.83
jev-score,PLAIN-838,MED-3501,252.13
jev-score,PLAIN-838,MED-3496,266.76
jev-score,PLAIN-838,MED-3500,219.17
jev-score,PLAIN-838,MED-3499,210.8
jev-score,PLAIN-838,MED-3494,235.03
jev-score,PLAIN-838,MED-10,210.09
jev-score,PLAIN-838,MED-14,183.22
jev-score,PLAIN-838,MED-118,1259.56
jev-score,PLAIN-838,MED-301,290.33
jev-score,PLAIN-838,MED-306,227.01
jev-score,PLAIN-838,MED-329,245.8
jev-score,PLAIN-838,MED-330,217.27
jev-score,PLAIN-838,MED-332,220.54
jev-score,PLAIN-838,MED-334,260.41
jev-score,PLAIN-838,MED-335,208.67
jev-score,PLAIN-838,MED-398,272.31
jev-score,PLAIN-838,MED-557,229.01
jev-score,PLAIN-838,MED-666,276.45
jev-score,PLAIN-850,MED-4455,250.51
jev-score,PLAIN-850,MED-2064,230.42
jev-score,PLAIN-850,MED-2070,223.51
jev-score,PLAIN-850,MED-2066,275.02
jev-score,PLAIN-850,MED-2075,235.83
jev-score,PLAIN-850,MED-3199,193.89
jev-score,PLAIN-850,MED-2204,213.75
jev-score,PLAIN-850,MED-10,270.24
jev-score,PLAIN-850,MED-14,232.06
jev-score,PLAIN-850,MED-118,247.59
jev-score,PLAIN-850,MED-301,244.62
jev-score,PLAIN-850,MED-306,227.5
jev-score,PLAIN-850,MED-329,207.01
jev-score,PLAIN-850,MED-330,239.03
jev-score,PLAIN-850,MED-332,213.2
jev-score,PLAIN-850,MED-334,277.63
jev-score,PLAIN-850,MED-335,301.86
jev-score,PLAIN-850,MED-398,265.77
jev-score,PLAIN-850,MED-557,208.95
jev-score,PLAIN-850,MED-666,246.32
jev-score,PLAIN-872,MED-3989,248.56
jev-score,PLAIN-872,MED-4098,246.74
jev-score,PLAIN-872,MED-1291,236.02
jev-score,PLAIN-872,MED-3712,276.11
jev-score,PLAIN-872,MED-4916,196.72
jev-score,PLAIN-872,MED-3985,360.57
jev-score,PLAIN-872,MED-3991,264.54
jev-score,PLAIN-872,MED-1292,224.03
jev-score,PLAIN-872,MED-3986,228.61
jev-score,PLAIN-872,MED-4583,212.57
jev-score,PLAIN-872,MED-4165,344.51
jev-score,PLAIN-872,MED-5171,222.86
jev-score,PLAIN-872,MED-5363,260.0
jev-score,PLAIN-872,MED-10,253.22
jev-score,PLAIN-872,MED-14,214.2
jev-score,PLAIN-872,MED-118,301.39
jev-score,PLAIN-872,MED-301,361.19
jev-score,PLAIN-872,MED-306,252.38
jev-score,PLAIN-872,MED-329,323.2
jev-score,PLAIN-872,MED-330,229.01
jev-score,PLAIN-882,MED-3622,200.56
jev-score,PLAIN-882,MED-3632,301.01
jev-score,PLAIN-882,MED-10,224.17
jev-score,PLAIN-882,MED-14,229.67
jev-score,PLAIN-882,MED-118,219.26
jev-score,PLAIN-882,MED-301,256.42
jev-score,PLAIN-882,MED-306,215.19
jev-score,PLAIN-882,MED-329,258.15
jev-score,PLAIN-882,MED-330,282.8
jev-score,PLAIN-882,MED-332,289.49
jev-score,PLAIN-882,MED-334,280.2
jev-score,PLAIN-882,MED-335,267.6
jev-score,PLAIN-882,MED-398,228.39
jev-score,PLAIN-882,MED-557,307.68
jev-score,PLAIN-882,MED-666,210.54
jev-score,PLAIN-882,MED-691,214.67
jev-score,PLAIN-882,MED-692,220.8
jev-score,PLAIN-882,MED-702,187.0
jev-score,PLAIN-882,MED-706,300.23
jev-score,PLAIN-882,MED-707,261.36
jev-score,PLAIN-892,MED-3132,259.65
jev-score,PLAIN-892,MED-2010,249.84
jev-score,PLAIN-892,MED-2148,260.81
jev-score,PLAIN-892,MED-2008,237.38
jev-score,PLAIN-892,MED-4347,263.26
jev-score,PLAIN-892,MED-2145,201.23
jev-score,PLAIN-892,MED-10,241.58
jev-score,PLAIN-892,MED-14,242.39
jev-score,PLAIN-892,MED-118,272.75
jev-score,PLAIN-892,MED-301,235.32
jev-score,PLAIN-892,MED-306,255.44
jev-score,PLAIN-892,MED-329,240.57
jev-score,PLAIN-892,MED-330,243.26
jev-score,PLAIN-892,MED-332,389.72
jev-score,PLAIN-892,MED-334,267.75
jev-score,PLAIN-892,MED-335,378.13
jev-score,PLAIN-892,MED-398,239.6
jev-score,PLAIN-892,MED-557,296.95
jev-score,PLAIN-892,MED-666,248.43
jev-score,PLAIN-892,MED-691,312.25
jev-score,PLAIN-902,MED-4195,244.17
jev-score,PLAIN-902,MED-4197,271.16
jev-score,PLAIN-902,MED-4849,283.32
jev-score,PLAIN-902,MED-3555,252.2
jev-score,PLAIN-902,MED-10,222.44
jev-score,PLAIN-902,MED-14,221.23
jev-score,PLAIN-902,MED-118,287.72
jev-score,PLAIN-902,MED-301,217.56
jev-score,PLAIN-902,MED-306,223.52
jev-score,PLAIN-902,MED-329,278.16
jev-score,PLAIN-902,MED-330,307.86
jev-score,PLAIN-902,MED-332,210.07
jev-score,PLAIN-902,MED-334,281.61
jev-score,PLAIN-902,MED-335,216.65
jev-score,PLAIN-902,MED-398,246.6
jev-score,PLAIN-902,MED-557,213.35
jev-score,PLAIN-902,MED-666,233.0
jev-score,PLAIN-902,MED-691,247.62
jev-score,PLAIN-902,MED-692,230.34
jev-score,PLAIN-902,MED-702,246.4
jev-score,PLAIN-913,MED-3811,245.9
jev-score,PLAIN-913,MED-4416,295.29
jev-score,PLAIN-913,MED-4415,227.4
jev-score,PLAIN-913,MED-3813,246.64
jev-score,PLAIN-913,MED-5000,302.78
jev-score,PLAIN-913,MED-3812,284.14
jev-score,PLAIN-913,MED-4417,210.28
jev-score,PLAIN-913,MED-4418,268.62
jev-score,PLAIN-913,MED-2780,229.58
jev-score,PLAIN-913,MED-5084,211.37
jev-score,PLAIN-913,MED-1442,213.88
jev-score,PLAIN-913,MED-3810,252.32
jev-score,PLAIN-913,MED-894,260.44
jev-score,PLAIN-913,MED-1441,240.96
jev-score,PLAIN-913,MED-10,272.45
jev-score,PLAIN-913,MED-14,214.9
jev-score,PLAIN-913,MED-118,217.38
jev-score,PLAIN-913,MED-301,295.68
jev-score,PLAIN-913,MED-306,231.72
jev-score,PLAIN-913,MED-329,212.89
jev-score,PLAIN-924,MED-3044,262.16
jev-score,PLAIN-924,MED-10,254.72
jev-score,PLAIN-924,MED-14,373.4
jev-score,PLAIN-924,MED-118,207.43
jev-score,PLAIN-924,MED-301,277.33
jev-score,PLAIN-924,MED-306,232.03
jev-score,PLAIN-924,MED-329,200.17
jev-score,PLAIN-924,MED-330,214.98
jev-score,PLAIN-924,MED-332,237.57
jev-score,PLAIN-924,MED-334,369.83
jev-score,PLAIN-924,MED-335,284.83
jev-score,PLAIN-924,MED-398,242.02
jev-score,PLAIN-924,MED-557,295.98
jev-score,PLAIN-924,MED-666,284.08
jev-score,PLAIN-924,MED-691,346.98
jev-score,PLAIN-924,MED-692,301.27
jev-score,PLAIN-924,MED-702,201.56
jev-score,PLAIN-924,MED-706,286.92
jev-score,PLAIN-924,MED-707,268.15
jev-score,PLAIN-924,MED-708,321.75
jev-score,PLAIN-934,MED-1648,305.59
jev-score,PLAIN-934,MED-5245,302.15
jev-score,PLAIN-934,MED-1621,229.92
jev-score,PLAIN-934,MED-1649,185.8
jev-score,PLAIN-934,MED-1640,223.78
jev-score,PLAIN-934,MED-2161,309.59
jev-score,PLAIN-934,MED-1636,216.0
jev-score,PLAIN-934,MED-2159,247.18
jev-score,PLAIN-934,MED-2155,286.86
jev-score,PLAIN-934,MED-5244,247.53
jev-score,PLAIN-934,MED-5256,223.1
jev-score,PLAIN-934,MED-2160,257.36
jev-score,PLAIN-934,MED-5249,218.65
jev-score,PLAIN-934,MED-2156,240.36
jev-score,PLAIN-934,MED-4974,230.69
jev-score,PLAIN-934,MED-1628,253.1
jev-score,PLAIN-934,MED-5243,225.53
jev-score,PLAIN-934,MED-5258,198.53
jev-score,PLAIN-934,MED-1631,204.52
jev-score,PLAIN-934,MED-5259,203.87
jev-score,PLAIN-946,MED-4381,191.12
jev-score,PLAIN-946,MED-866,239.69
jev-score,PLAIN-946,MED-855,212.57
jev-score,PLAIN-946,MED-4380,315.31
jev-score,PLAIN-946,MED-1570,206.16
jev-score,PLAIN-946,MED-10,252.38
jev-score,PLAIN-946,MED-14,194.77
jev-score,PLAIN-946,MED-118,281.55
jev-score,PLAIN-946,MED-301,235.47
jev-score,PLAIN-946,MED-306,323.04
jev-score,PLAIN-946,MED-329,244.74
jev-score,PLAIN-946,MED-330,245.8
jev-score,PLAIN-946,MED-332,262.9
jev-score,PLAIN-946,MED-334,241.43
jev-score,PLAIN-946,MED-335,251.16
jev-score,PLAIN-946,MED-398,236.57
jev-score,PLAIN-946,MED-557,264.21
jev-score,PLAIN-946,MED-666,250.14
jev-score,PLAIN-946,MED-691,241.57
jev-score,PLAIN-946,MED-692,206.69
jev-score,PLAIN-956,MED-5191,266.33
jev-score,PLAIN-956,MED-884,236.48
jev-score,PLAIN-956,MED-909,239.28
jev-score,PLAIN-956,MED-5074,257.55
jev-score,PLAIN-956,MED-2182,220.62
jev-score,PLAIN-956,MED-5076,257.53
jev-score,PLAIN-956,MED-2572,279.75
jev-score,PLAIN-956,MED-4554,214.71
jev-score,PLAIN-956,MED-2179,229.92
jev-score,PLAIN-956,MED-2183,227.33
jev-score,PLAIN-956,MED-2184,240.56
jev-score,PLAIN-956,MED-2697,227.84
jev-score,PLAIN-956,MED-4482,220.99
jev-score,PLAIN-956,MED-1165,284.02
jev-score,PLAIN-956,MED-4471,221.75
jev-score,PLAIN-956,MED-2064,240.63
jev-score,PLAIN-956,MED-910,210.39
jev-score,PLAIN-956,MED-2098,221.4
jev-score,PLAIN-956,MED-4053,224.82
jev-score,PLAIN-956,MED-118,270.41
jev-score,PLAIN-966,MED-3671,311.98
jev-score,PLAIN-966,MED-2039,513.96
jev-score,PLAIN-966,MED-4789,293.48
jev-score,PLAIN-966,MED-4323,250.27
jev-score,PLAIN-966,MED-4192,210.23
jev-score,PLAIN-966,MED-4152,247.42
jev-score,PLAIN-966,MED-1613,409.95
jev-score,PLAIN-966,MED-831,226.11
jev-score,PLAIN-966,MED-4103,222.32
jev-score,PLAIN-966,MED-3676,346.56
jev-score,PLAIN-966,MED-3465,224.68
jev-score,PLAIN-966,MED-1618,241.57
jev-score,PLAIN-966,MED-3919,229.7
jev-score,PLAIN-966,MED-10,207.92
jev-score,PLAIN-966,MED-14,279.58
jev-score,PLAIN-966,MED-118,268.6
jev-score,PLAIN-966,MED-301,248.82
jev-score,PLAIN-966,MED-306,291.47
jev-score,PLAIN-966,MED-329,290.64
jev-score,PLAIN-966,MED-330,272.01
jev-score,PLAIN-977,MED-2598,259.7
jev-score,PLAIN-977,MED-4891,231.31
jev-score,PLAIN-977,MED-1410,294.74
jev-score,PLAIN-977,MED-2923,219.2
jev-score,PLAIN-977,MED-2603,219.2
jev-score,PLAIN-977,MED-2162,208.81
jev-score,PLAIN-977,MED-2770,289.98
jev-score,PLAIN-977,MED-4427,228.26
jev-score,PLAIN-977,MED-4402,335.48
jev-score,PLAIN-977,MED-4462,228.51
jev-score,PLAIN-977,MED-1276,231.04
jev-score,PLAIN-977,MED-2602,183.52
jev-score,PLAIN-977,MED-2944,208.88
jev-score,PLAIN-977,MED-4617,235.1
jev-score,PLAIN-977,MED-3440,247.38
jev-score,PLAIN-977,MED-2752,193.37
jev-score,PLAIN-977,MED-1060,793.43
jev-score,PLAIN-977,MED-4315,239.86
jev-score,PLAIN-977,MED-3977,272.63
jev-score,PLAIN-977,MED-4440,283.27
jev-score,PLAIN-987,MED-2780,227.82
jev-score,PLAIN-987,MED-1293,316.19
jev-score,PLAIN-987,MED-2830,202.64
jev-score,PLAIN-987,MED-10,231.32
jev-score,PLAIN-987,MED-14,225.08
jev-score,PLAIN-987,MED-118,225.22
jev-score,PLAIN-987,MED-301,287.13
jev-score,PLAIN-987,MED-306,215.46
jev-score,PLAIN-987,MED-329,247.8
jev-score,PLAIN-987,MED-330,281.66
jev-score,PLAIN-987,MED-332,256.05
jev-score,PLAIN-987,MED-334,273.81
jev-score,PLAIN-987,MED-335,284.17
jev-score,PLAIN-987,MED-398,240.67
jev-score,PLAIN-987,MED-557,317.29
jev-score,PLAIN-987,MED-666,256.45
jev-score,PLAIN-987,MED-691,309.83
jev-score,PLAIN-987,MED-692,291.44
jev-score,PLAIN-987,MED-702,206.11
jev-score,PLAIN-987,MED-706,261.59
jev-score,PLAIN-997,MED-10,234.47
jev-score,PLAIN-997,MED-14,349.23
jev-score,PLAIN-997,MED-118,260.91
jev-score,PLAIN-997,MED-301,276.39
jev-score,PLAIN-997,MED-306,292.8
jev-score,PLAIN-997,MED-329,216.64
jev-score,PLAIN-997,MED-330,227.29
jev-score,PLAIN-997,MED-332,211.99
jev-score,PLAIN-997,MED-334,310.58
jev-score,PLAIN-997,MED-335,285.44
jev-score,PLAIN-997,MED-398,258.62
jev-score,PLAIN-997,MED-557,359.08
jev-score,PLAIN-997,MED-666,300.5
jev-score,PLAIN-997,MED-691,250.44
jev-score,PLAIN-997,MED-692,224.19
jev-score,PLAIN-997,MED-702,185.16
jev-score,PLAIN-997,MED-706,309.28
jev-score,PLAIN-997,MED-707,237.21
jev-score,PLAIN-997,MED-708,404.98
jev-score,PLAIN-997,MED-709,276.16
jev-score,PLAIN-1008,MED-10,293.74
jev-score,PLAIN-1008,MED-14,260.54
jev-score,PLAIN-1008,MED-118,237.26
jev-score,PLAIN-1008,MED-301,232.69
jev-score,PLAIN-1008,MED-306,250.91
jev-score,PLAIN-1008,MED-329,282.92
jev-score,PLAIN-1008,MED-330,215.92
jev-score,PLAIN-1008,MED-332,294.0
jev-score,PLAIN-1008,MED-334,230.35
jev-score,PLAIN-1008,MED-335,293.38
jev-score,PLAIN-1008,MED-398,253.61
jev-score,PLAIN-1008,MED-557,221.26
jev-score,PLAIN-1008,MED-666,223.03
jev-score,PLAIN-1008,MED-691,254.43
jev-score,PLAIN-1008,MED-692,234.59
jev-score,PLAIN-1008,MED-702,245.38
jev-score,PLAIN-1008,MED-706,246.94
jev-score,PLAIN-1008,MED-707,278.22
jev-score,PLAIN-1008,MED-708,202.64
jev-score,PLAIN-1008,MED-709,266.18
jev-score,PLAIN-1018,MED-5095,230.38
jev-score,PLAIN-1018,MED-839,276.74
jev-score,PLAIN-1018,MED-4936,217.32
jev-score,PLAIN-1018,MED-5091,191.9
jev-score,PLAIN-1018,MED-928,210.04
jev-score,PLAIN-1018,MED-1832,233.49
jev-score,PLAIN-1018,MED-3012,277.34
jev-score,PLAIN-1018,MED-5092,247.39
jev-score,PLAIN-1018,MED-5093,232.51
jev-score,PLAIN-1018,MED-838,235.02
jev-score,PLAIN-1018,MED-5364,225.41
jev-score,PLAIN-1018,MED-4633,312.1
jev-score,PLAIN-1018,MED-5342,334.76
jev-score,PLAIN-1018,MED-3545,275.18
jev-score,PLAIN-1018,MED-2411,212.69
jev-score,PLAIN-1018,MED-4736,403.42
jev-score,PLAIN-1018,MED-5361,241.78
jev-score,PLAIN-1018,MED-1801,238.45
jev-score,PLAIN-1018,MED-4357,313.66
jev-score,PLAIN-1018,MED-5096,247.13
jev-score,PLAIN-1028,MED-4178,207.68
jev-score,PLAIN-1028,MED-3248,251.05
jev-score,PLAIN-1028,MED-2412,186.78
jev-score,PLAIN-1028,MED-1861,221.21
jev-score,PLAIN-1028,MED-4555,209.6
jev-score,PLAIN-1028,MED-4131,284.94
jev-score,PLAIN-1028,MED-1677,216.54
jev-score,PLAIN-1028,MED-754,244.59
jev-score,PLAIN-1028,MED-1885,195.37
jev-score,PLAIN-1028,MED-3486,259.42
jev-score,PLAIN-1028,MED-1553,193.89
jev-score,PLAIN-1028,MED-2096,215.91
jev-score,PLAIN-1028,MED-3244,205.45
jev-score,PLAIN-1028,MED-5363,364.5
jev-score,PLAIN-1028,MED-2290,249.96
jev-score,PLAIN-1028,MED-1966,205.11
jev-score,PLAIN-1028,MED-2423,227.0
jev-score,PLAIN-1028,MED-3024,291.61
jev-score,PLAIN-1028,MED-1038,228.68
jev-score,PLAIN-1028,MED-2254,275.43
jev-score,PLAIN-1039,MED-4380,266.16
jev-score,PLAIN-1039,MED-4381,246.52
jev-score,PLAIN-1039,MED-3221,268.3
jev-score,PLAIN-1039,MED-3215,238.8
jev-score,PLAIN-1039,MED-1067,278.1
jev-score,PLAIN-1039,MED-846,260.35
jev-score,PLAIN-1039,MED-5270,276.51
jev-score,PLAIN-1039,MED-2098,266.7
jev-score,PLAIN-1039,MED-4995,550.61
jev-score,PLAIN-1039,MED-3943,493.88
jev-score,PLAIN-1039,MED-4092,201.0
jev-score,PLAIN-1039,MED-1846,261.34
jev-score,PLAIN-1039,MED-1841,238.58
jev-score,PLAIN-1039,MED-1454,311.21
jev-score,PLAIN-1039,MED-4628,241.68
jev-score,PLAIN-1039,MED-909,312.34
jev-score,PLAIN-1039,MED-2754,205.25
jev-score,PLAIN-1039,MED-2544,260.31
jev-score,PLAIN-1039,MED-4319,347.68
jev-score,PLAIN-1039,MED-4634,247.23
jev-score,PLAIN-1050,MED-1712,245.16
jev-score,PLAIN-1050,MED-2510,198.31
jev-score,PLAIN-1050,MED-2498,239.02
jev-score,PLAIN-1050,MED-1021,195.95
jev-score,PLAIN-1050,MED-2324,211.67
jev-score,PLAIN-1050,MED-3283,268.61
jev-score,PLAIN-1050,MED-2509,195.77
jev-score,PLAIN-1050,MED-2502,223.79
jev-score,PLAIN-1050,MED-1116,226.98
jev-score,PLAIN-1050,MED-2763,234.78
jev-score,PLAIN-1050,MED-3380,278.83
jev-score,PLAIN-1050,MED-2820,250.92
jev-score,PLAIN-1050,MED-2812,296.54
jev-score,PLAIN-1050,MED-10,232.71
jev-score,PLAIN-1050,MED-14,247.05
jev-score,PLAIN-1050,MED-118,245.08
jev-score,PLAIN-1050,MED-301,261.1
jev-score,PLAIN-1050,MED-306,212.74
jev-score,PLAIN-1050,MED-329,268.31
jev-score,PLAIN-1050,MED-330,383.0
jev-score,PLAIN-1066,MED-1712,233.21
jev-score,PLAIN-1066,MED-2510,191.19
jev-score,PLAIN-1066,MED-2498,203.18
jev-score,PLAIN-1066,MED-1021,273.8
jev-score,PLAIN-1066,MED-2324,210.72
jev-score,PLAIN-1066,MED-3283,227.98
jev-score,PLAIN-1066,MED-2509,197.44
jev-score,PLAIN-1066,MED-2502,204.92
jev-score,PLAIN-1066,MED-1116,274.68
jev-score,PLAIN-1066,MED-2763,317.56
jev-score,PLAIN-1066,MED-892,296.91
jev-score,PLAIN-1066,MED-3380,287.14
jev-score,PLAIN-1066,MED-2820,259.91
jev-score,PLAIN-1066,MED-2812,281.89
jev-score,PLAIN-1066,MED-10,186.1
jev-score,PLAIN-1066,MED-14,653.0
jev-score,PLAIN-1066,MED-118,820.81
jev-score,PLAIN-1066,MED-301,380.66
jev-score,PLAIN-1066,MED-306,250.8
jev-score,PLAIN-1066,MED-329,234.74
jev-score,PLAIN-1088,MED-2109,186.47
jev-score,PLAIN-1088,MED-2110,268.4
jev-score,PLAIN-1088,MED-10,242.34
jev-score,PLAIN-1088,MED-14,258.14
jev-score,PLAIN-1088,MED-118,286.7
jev-score,PLAIN-1088,MED-301,235.03
jev-score,PLAIN-1088,MED-306,256.54
jev-score,PLAIN-1088,MED-329,211.6
jev-score,PLAIN-1088,MED-330,219.67
jev-score,PLAIN-1088,MED-332,257.22
jev-score,PLAIN-1088,MED-334,257.07
jev-score,PLAIN-1088,MED-335,355.46
jev-score,PLAIN-1088,MED-398,336.41
jev-score,PLAIN-1088,MED-557,251.06
jev-score,PLAIN-1088,MED-666,251.12
jev-score,PLAIN-1088,MED-691,216.25
jev-score,PLAIN-1088,MED-692,426.31
jev-score,PLAIN-1088,MED-702,223.01
jev-score,PLAIN-1088,MED-706,222.73
jev-score,PLAIN-1088,MED-707,259.44
jev-score,PLAIN-1098,MED-10,287.53
jev-score,PLAIN-1098,MED-14,241.28
jev-score,PLAIN-1098,MED-118,204.5
jev-score,PLAIN-1098,MED-301,237.17
jev-score,PLAIN-1098,MED-306,289.31
jev-score,PLAIN-1098,MED-329,260.76
jev-score,PLAIN-1098,MED-330,223.03
jev-score,PLAIN-1098,MED-332,242.24
jev-score,PLAIN-1098,MED-334,216.36
jev-score,PLAIN-1098,MED-335,222.78
jev-score,PLAIN-1098,MED-398,211.4
jev-score,PLAIN-1098,MED-557,281.99
jev-score,PLAIN-1098,MED-666,257.77
jev-score,PLAIN-1098,MED-691,261.17
jev-score,PLAIN-1098,MED-692,217.83
jev-score,PLAIN-1098,MED-702,268.57
jev-score,PLAIN-1098,MED-706,218.52
jev-score,PLAIN-1098,MED-707,258.38
jev-score,PLAIN-1098,MED-708,232.1
jev-score,PLAIN-1098,MED-709,263.04
jev-score,PLAIN-1109,MED-2643,296.18
jev-score,PLAIN-1109,MED-2650,215.14
jev-score,PLAIN-1109,MED-1763,289.35
jev-score,PLAIN-1109,MED-5323,242.96
jev-score,PLAIN-1109,MED-1777,273.2
jev-score,PLAIN-1109,MED-1003,325.18
jev-score,PLAIN-1109,MED-5167,254.6
jev-score,PLAIN-1109,MED-1100,239.32
jev-score,PLAIN-1109,MED-1099,230.64
jev-score,PLAIN-1109,MED-4728,272.33
jev-score,PLAIN-1109,MED-919,228.23
jev-score,PLAIN-1109,MED-2087,310.32
jev-score,PLAIN-1109,MED-2658,260.75
jev-score,PLAIN-1109,MED-2426,269.27
jev-score,PLAIN-1109,MED-2627,294.23
jev-score,PLAIN-1109,MED-2654,262.81
jev-score,PLAIN-1109,MED-833,200.68
jev-score,PLAIN-1109,MED-822,284.33
jev-score,PLAIN-1109,MED-4941,252.72
jev-score,PLAIN-1109,MED-3955,261.1
jev-score,PLAIN-1119,MED-4025,291.82
jev-score,PLAIN-1119,MED-1708,281.54
jev-score,PLAIN-1119,MED-1710,200.27
jev-score,PLAIN-1119,MED-3091,227.64
jev-score,PLAIN-1119,MED-4834,285.18
jev-score,PLAIN-1119,MED-1627,263.39
jev-score,PLAIN-1119,MED-1534,277.64
jev-score,PLAIN-1119,MED-1707,238.24
jev-score,PLAIN-1119,MED-895,246.8
jev-score,PLAIN-1119,MED-3588,275.16
jev-score,PLAIN-1119,MED-4028,267.11
jev-score,PLAIN-1119,MED-3768,281.69
jev-score,PLAIN-1119,MED-4036,265.24
jev-score,PLAIN-1119,MED-4585,243.65
jev-score,PLAIN-1119,MED-1852,249.66
jev-score,PLAIN-1119,MED-3699,295.17
jev-score,PLAIN-1119,MED-2718,213.96
jev-score,PLAIN-1119,MED-334,241.51
jev-score,PLAIN-1119,MED-1565,210.16
jev-score,PLAIN-1119,MED-3371,257.64
jev-score,PLAIN-1130,MED-4165,237.52
jev-score,PLAIN-1130,MED-10,300.96
jev-score,PLAIN-1130,MED-14,294.6
jev-score,PLAIN-1130,MED-118,216.79
jev-score,PLAIN-1130,MED-301,238.93
jev-score,PLAIN-1130,MED-306,218.31
jev-score,PLAIN-1130,MED-329,378.11
jev-score,PLAIN-1130,MED-330,258.74
jev-score,PLAIN-1130,MED-332,276.6
jev-score,PLAIN-1130,MED-334,275.94
jev-score,PLAIN-1130,MED-335,242.66
jev-score,PLAIN-1130,MED-398,287.76
jev-score,PLAIN-1130,MED-557,297.77
jev-score,PLAIN-1130,MED-666,222.16
jev-score,PLAIN-1130,MED-691,268.17
jev-score,PLAIN-1130,MED-692,264.99
jev-score,PLAIN-1130,MED-702,273.84
jev-score,PLAIN-1130,MED-706,253.08
jev-score,PLAIN-1130,MED-707,236.88
jev-score,PLAIN-1130,MED-708,266.09
jev-score,PLAIN-1141,MED-2112,232.45
jev-score,PLAIN-1141,MED-2428,366.48
jev-score,PLAIN-1141,MED-3113,333.33
jev-score,PLAIN-1141,MED-5346,251.78
jev-score,PLAIN-1141,MED-1037,328.25
jev-score,PLAIN-1141,MED-1398,263.21
jev-score,PLAIN-1141,MED-4157,298.09
jev-score,PLAIN-1141,MED-1878,314.54
jev-score,PLAIN-1141,MED-4531,250.22
jev-score,PLAIN-1141,MED-3231,328.42
jev-score,PLAIN-1141,MED-2817,240.17
jev-score,PLAIN-1141,MED-1051,243.33
jev-score,PLAIN-1141,MED-2298,240.98
jev-score,PLAIN-1141,MED-3625,219.04
jev-score,PLAIN-1141,MED-1343,279.88
jev-score,PLAIN-1141,MED-1704,265.93
jev-score,PLAIN-1141,MED-4415,229.24
jev-score,PLAIN-1141,MED-5354,244.39
jev-score,PLAIN-1141,MED-4153,279.71
jev-score,PLAIN-1141,MED-4882,267.8
jev-score,PLAIN-1151,MED-1179,216.9
jev-score,PLAIN-1151,MED-4489,259.68
jev-score,PLAIN-1151,MED-3306,339.14
jev-score,PLAIN-1151,MED-1759,309.0
jev-score,PLAIN-1151,MED-1181,401.62
jev-score,PLAIN-1151,MED-2299,318.55
jev-score,PLAIN-1151,MED-2742,284.97
jev-score,PLAIN-1151,MED-3372,229.02
jev-score,PLAIN-1151,MED-2738,191.89
jev-score,PLAIN-1151,MED-761,235.85
jev-score,PLAIN-1151,MED-2388,266.0
jev-score,PLAIN-1151,MED-2182,417.83
jev-score,PLAIN-1151,MED-3310,230.62
jev-score,PLAIN-1151,MED-1725,248.02
jev-score,PLAIN-1151,MED-5345,259.87
jev-score,PLAIN-1151,MED-3958,252.94
jev-score,PLAIN-1151,MED-1053,325.14
jev-score,PLAIN-1151,MED-2064,239.9
jev-score,PLAIN-1151,MED-4932,213.19
jev-score,PLAIN-1151,MED-859,260.03
jev-score,PLAIN-1161,MED-3584,265.09
jev-score,PLAIN-1161,MED-3138,290.59
jev-score,PLAIN-1161,MED-1880,305.82
jev-score,PLAIN-1161,MED-2140,257.84
jev-score,PLAIN-1161,MED-3136,216.0
jev-score,PLAIN-1161,MED-2141,285.75
jev-score,PLAIN-1161,MED-4991,289.24
jev-score,PLAIN-1161,MED-2147,219.62
jev-score,PLAIN-1161,MED-2144,273.45
jev-score,PLAIN-1161,MED-5079,261.52
jev-score,PLAIN-1161,MED-2010,274.79
jev-score,PLAIN-1161,MED-2085,225.93
jev-score,PLAIN-1161,MED-3141,240.27
jev-score,PLAIN-1161,MED-2570,236.69
jev-score,PLAIN-1161,MED-3894,263.68
jev-score,PLAIN-1161,MED-719,270.86
jev-score,PLAIN-1161,MED-724,249.12
jev-score,PLAIN-1161,MED-2150,343.68
jev-score,PLAIN-1161,MED-875,355.26
jev-score,PLAIN-1161,MED-4165,283.85
jev-score,PLAIN-1172,MED-4150,289.99
jev-score,PLAIN-1172,MED-10,356.74
jev-score,PLAIN-1172,MED-14,261.23
jev-score,PLAIN-1172,MED-118,279.71
jev-score,PLAIN-1172,MED-301,292.49
jev-score,PLAIN-1172,MED-306,301.42
jev-score,PLAIN-1172,MED-329,256.71
jev-score,PLAIN-1172,MED-330,229.94
jev-score,PLAIN-1172,MED-332,223.57
jev-score,PLAIN-1172,MED-334,296.38
jev-score,PLAIN-1172,MED-335,281.91
jev-score,PLAIN-1172,MED-398,266.88
jev-score,PLAIN-1172,MED-557,236.55
jev-score,PLAIN-1172,MED-666,253.6
jev-score,PLAIN-1172,MED-691,305.48
jev-score,PLAIN-1172,MED-692,261.46
jev-score,PLAIN-1172,MED-702,270.68
jev-score,PLAIN-1172,MED-706,222.98
jev-score,PLAIN-1172,MED-707,202.35
jev-score,PLAIN-1172,MED-708,255.94
jev-score,PLAIN-1183,MED-1276,267.85
jev-score,PLAIN-1183,MED-4727,245.78
jev-score,PLAIN-1183,MED-5331,274.52
jev-score,PLAIN-1183,MED-2582,265.78
jev-score,PLAIN-1183,MED-10,261.53
jev-score,PLAIN-1183,MED-3856,212.6
jev-score,PLAIN-1183,MED-1201,277.51
jev-score,PLAIN-1183,MED-4070,925.56
jev-score,PLAIN-1183,MED-3981,241.02
jev-score,PLAIN-1183,MED-3976,262.31
jev-score,PLAIN-1183,MED-5192,255.05
jev-score,PLAIN-1183,MED-5351,225.77
jev-score,PLAIN-1183,MED-5369,274.42
jev-score,PLAIN-1183,MED-1242,198.43
jev-score,PLAIN-1183,MED-14,257.71
jev-score,PLAIN-1183,MED-118,200.89
jev-score,PLAIN-1183,MED-301,240.77
jev-score,PLAIN-1183,MED-306,359.06
jev-score,PLAIN-1183,MED-329,256.58
jev-score,PLAIN-1183,MED-330,204.89
jev-score,PLAIN-1193,MED-2378,221.56
jev-score,PLAIN-1193,MED-3868,228.83
jev-score,PLAIN-1193,MED-3796,188.75
jev-score,PLAIN-1193,MED-839,245.07
jev-score,PLAIN-1193,MED-1825,255.84
jev-score,PLAIN-1193,MED-1826,177.49
jev-score,PLAIN-1193,MED-3869,286.59
jev-score,PLAIN-1193,MED-1827,205.65
jev-score,PLAIN-1193,MED-4303,243.8
jev-score,PLAIN-1193,MED-4004,191.93
jev-score,PLAIN-1193,MED-5085,227.63
jev-score,PLAIN-1193,MED-927,205.32
jev-score,PLAIN-1193,MED-928,230.48
jev-score,PLAIN-1193,MED-3668,241.22
jev-score,PLAIN-1193,MED-3659,288.15
jev-score,PLAIN-1193,MED-2711,248.33
jev-score,PLAIN-1193,MED-1523,208.43
jev-score,PLAIN-1193,MED-1390,242.96
jev-score,PLAIN-1193,MED-4000,220.36
jev-score,PLAIN-1193,MED-5268,285.1
jev-score,PLAIN-1203,MED-4771,277.5
jev-score,PLAIN-1203,MED-1203,242.52
jev-score,PLAIN-1203,MED-3275,228.89
jev-score,PLAIN-1203,MED-4872,245.08
jev-score,PLAIN-1203,MED-4764,313.23
jev-score,PLAIN-1203,MED-4600,222.01
jev-score,PLAIN-1203,MED-5208,285.8
jev-score,PLAIN-1203,MED-986,283.45
jev-score,PLAIN-1203,MED-1528,277.19
jev-score,PLAIN-1203,MED-980,239.6
jev-score,PLAIN-1203,MED-1504,287.8
jev-score,PLAIN-1203,MED-3427,209.09
jev-score,PLAIN-1203,MED-994,301.91
jev-score,PLAIN-1203,MED-2762,261.94
jev-score,PLAIN-1203,MED-922,237.9
jev-score,PLAIN-1203,MED-3221,211.1
jev-score,PLAIN-1203,MED-3215,245.51
jev-score,PLAIN-1203,MED-1067,282.91
jev-score,PLAIN-1203,MED-846,341.56
jev-score,PLAIN-1203,MED-5270,292.83
jev-score,PLAIN-1214,MED-10,285.33
jev-score,PLAIN-1214,MED-14,265.71
jev-score,PLAIN-1214,MED-118,238.61
jev-score,PLAIN-1214,MED-301,245.9
jev-score,PLAIN-1214,MED-306,250.7
jev-score,PLAIN-1214,MED-329,266.24
jev-score,PLAIN-1214,MED-330,221.61
jev-score,PLAIN-1214,MED-332,243.41
jev-score,PLAIN-1214,MED-334,217.27
jev-score,PLAIN-1214,MED-335,215.0
jev-score,PLAIN-1214,MED-398,214.3
jev-score,PLAIN-1214,MED-557,280.33
jev-score,PLAIN-1214,MED-666,217.7
jev-score,PLAIN-1214,MED-691,302.46
jev-score,PLAIN-1214,MED-692,244.98
jev-score,PLAIN-1214,MED-702,261.18
jev-score,PLAIN-1214,MED-706,348.51
jev-score,PLAIN-1214,MED-707,175.9
jev-score,PLAIN-1214,MED-708,435.44
jev-score,PLAIN-1214,MED-709,275.94
jev-score,PLAIN-1225,MED-918,221.63
jev-score,PLAIN-1225,MED-1669,305.87
jev-score,PLAIN-1225,MED-1674,229.62
jev-score,PLAIN-1225,MED-717,232.38
jev-score,PLAIN-1225,MED-3059,249.9
jev-score,PLAIN-1225,MED-1710,201.14
jev-score,PLAIN-1225,MED-1675,240.64
jev-score,PLAIN-1225,MED-1672,249.24
jev-score,PLAIN-1225,MED-1261,251.06
jev-score,PLAIN-1225,MED-2969,282.36
jev-score,PLAIN-1225,MED-5057,234.51
jev-score,PLAIN-1225,MED-3734,220.9
jev-score,PLAIN-1225,MED-1707,226.77
jev-score,PLAIN-1225,MED-2420,228.74
jev-score,PLAIN-1225,MED-2191,239.99
jev-score,PLAIN-1225,MED-2195,249.44
jev-score,PLAIN-1225,MED-1743,225.85
jev-score,PLAIN-1225,MED-3476,232.24
jev-score,PLAIN-1225,MED-4822,261.57
jev-score,PLAIN-1225,MED-1259,234.25
jev-score,PLAIN-1236,MED-1341,222.26
jev-score,PLAIN-1236,MED-10,216.16
jev-score,PLAIN-1236,MED-14,257.35
jev-score,PLAIN-1236,MED-118,227.9
jev-score,PLAIN-1236,MED-301,204.91
jev-score,PLAIN-1236,MED-306,254.56
jev-score,PLAIN-1236,MED-329,256.68
jev-score,PLAIN-1236,MED-330,334.75
jev-score,PLAIN-1236,MED-332,220.59
jev-score,PLAIN-1236,MED-334,224.89
jev-score,PLAIN-1236,MED-335,230.65
jev-score,PLAIN-1236,MED-398,253.49
jev-score,PLAIN-1236,MED-557,210.97
jev-score,PLAIN-1236,MED-666,298.63
jev-score,PLAIN-1236,MED-691,259.8
jev-score,PLAIN-1236,MED-692,212.8
jev-score,PLAIN-1236,MED-702,266.47
jev-score,PLAIN-1236,MED-706,191.42
jev-score,PLAIN-1236,MED-707,285.24
jev-score,PLAIN-1236,MED-708,198.67
jev-score,PLAIN-1249,MED-3283,306.09
jev-score,PLAIN-1249,MED-2303,246.57
jev-score,PLAIN-1249,MED-3928,237.78
jev-score,PLAIN-1249,MED-2090,245.45
jev-score,PLAIN-1249,MED-3173,219.21
jev-score,PLAIN-1249,MED-2674,265.62
jev-score,PLAIN-1249,MED-5055,427.88
jev-score,PLAIN-1249,MED-4854,214.42
jev-score,PLAIN-1249,MED-1442,198.03
jev-score,PLAIN-1249,MED-5018,223.5
jev-score,PLAIN-1249,MED-4939,229.99
jev-score,PLAIN-1249,MED-3305,424.98
jev-score,PLAIN-1249,MED-3961,241.77
jev-score,PLAIN-1249,MED-4428,189.8
jev-score,PLAIN-1249,MED-3648,380.75
jev-score,PLAIN-1249,MED-3706,237.84
jev-score,PLAIN-1249,MED-1780,230.94
jev-score,PLAIN-1249,MED-3172,277.75
jev-score,PLAIN-1249,MED-1229,224.02
jev-score,PLAIN-1249,MED-2123,253.77
jev-score,PLAIN-1262,MED-983,266.65
jev-score,PLAIN-1262,MED-5293,259.25
jev-score,PLAIN-1262,MED-4932,379.43
jev-score,PLAIN-1262,MED-4911,232.87
jev-score,PLAIN-1262,MED-2211,277.74
jev-score,PLAIN-1262,MED-5331,420.57
jev-score,PLAIN-1262,MED-4096,337.33
jev-score,PLAIN-1262,MED-5303,281.74
jev-score,PLAIN-1262,MED-921,231.31
jev-score,PLAIN-1262,MED-3174,190.0
jev-score,PLAIN-1262,MED-4697,237.84
jev-score,PLAIN-1262,MED-1611,197.79
jev-score,PLAIN-1262,MED-2484,223.64
jev-score,PLAIN-1262,MED-1353,271.56
jev-score,PLAIN-1262,MED-2082,299.54
jev-score,PLAIN-1262,MED-1054,217.79
jev-score,PLAIN-1262,MED-4132,250.15
jev-score,PLAIN-1262,MED-1979,250.71
jev-score,PLAIN-1262,MED-5220,223.05
jev-score,PLAIN-1262,MED-5302,222.83
jev-score,PLAIN-1275,MED-4712,248.93
jev-score,PLAIN-1275,MED-2886,222.88
jev-score,PLAIN-1275,MED-1676,214.4
jev-score,PLAIN-1275,MED-2924,196.68
jev-score,PLAIN-1275,MED-4900,219.62
jev-score,PLAIN-1275,MED-1671,211.25
jev-score,PLAIN-1275,MED-2076,215.03
jev-score,PLAIN-1275,MED-2665,351.69
jev-score,PLAIN-1275,MED-4576,303.93
jev-score,PLAIN-1275,MED-4366,262.22
jev-score,PLAIN-1275,MED-2966,245.72
jev-score,PLAIN-1275,MED-2922,228.03
jev-score,PLAIN-1275,MED-3929,272.68
jev-score,PLAIN-1275,MED-5083,233.1
jev-score,PLAIN-1275,MED-3738,194.39
jev-score,PLAIN-1275,MED-3748,212.44
jev-score,PLAIN-1275,MED-3728,244.31
jev-score,PLAIN-1275,MED-5084,240.35
jev-score,PLAIN-1275,MED-5354,195.08
jev-score,PLAIN-1275,MED-851,254.96
jev-score,PLAIN-1288,MED-1538,210.26
jev-score,PLAIN-1288,MED-1533,242.63
jev-score,PLAIN-1288,MED-2085,235.23
jev-score,PLAIN-1288,MED-2663,259.52
jev-score,PLAIN-1288,MED-1795,264.78
jev-score,PLAIN-1288,MED-3728,303.77
jev-score,PLAIN-1288,MED-3382,237.36
jev-score,PLAIN-1288,MED-4029,232.8
jev-score,PLAIN-1288,MED-5065,194.93
jev-score,PLAIN-1288,MED-4585,346.06
jev-score,PLAIN-1288,MED-2083,232.16
jev-score,PLAIN-1288,MED-3199,243.02
jev-score,PLAIN-1288,MED-3700,223.01
jev-score,PLAIN-1288,MED-2450,272.77
jev-score,PLAIN-1288,MED-2494,215.33
jev-score,PLAIN-1288,MED-3701,237.09
jev-score,PLAIN-1288,MED-10,357.49
jev-score,PLAIN-1288,MED-14,256.83
jev-score,PLAIN-1288,MED-118,492.42
jev-score,PLAIN-1288,MED-301,207.72
jev-score,PLAIN-1299,MED-4747,251.56
jev-score,PLAIN-1299,MED-3135,213.65
jev-score,PLAIN-1299,MED-2983,200.29
jev-score,PLAIN-1299,MED-2106,215.75
jev-score,PLAIN-1299,MED-2774,224.26
jev-score,PLAIN-1299,MED-1223,348.11
jev-score,PLAIN-1299,MED-1229,181.25
jev-score,PLAIN-1299,MED-2123,264.85
jev-score,PLAIN-1299,MED-2498,302.87
jev-score,PLAIN-1299,MED-1601,246.75
jev-score,PLAIN-1299,MED-4224,249.69
jev-score,PLAIN-1299,MED-2573,237.39
jev-score,PLAIN-1299,MED-3875,295.16
jev-score,PLAIN-1299,MED-4239,268.99
jev-score,PLAIN-1299,MED-4890,272.83
jev-score,PLAIN-1299,MED-4451,236.67
jev-score,PLAIN-1299,MED-2102,230.31
jev-score,PLAIN-1299,MED-3276,270.23
jev-score,PLAIN-1299,MED-2700,197.29
jev-score,PLAIN-1299,MED-5237,290.12
jev-score,PLAIN-1309,MED-10,248.63
jev-score,PLAIN-1309,MED-14,277.4
jev-score,PLAIN-1309,MED-118,224.03
jev-score,PLAIN-1309,MED-301,201.49
jev-score,PLAIN-1309,MED-306,230.3
jev-score,PLAIN-1309,MED-329,562.15
jev-score,PLAIN-1309,MED-330,231.18
jev-score,PLAIN-1309,MED-332,233.93
jev-score,PLAIN-1309,MED-334,389.84
jev-score,PLAIN-1309,MED-335,218.95
jev-score,PLAIN-1309,MED-398,253.36
jev-score,PLAIN-1309,MED-557,243.1
jev-score,PLAIN-1309,MED-666,267.7
jev-score,PLAIN-1309,MED-691,293.94
jev-score,PLAIN-1309,MED-692,209.97
jev-score,PLAIN-1309,MED-702,330.67
jev-score,PLAIN-1309,MED-706,217.96
jev-score,PLAIN-1309,MED-707,240.34
jev-score,PLAIN-1309,MED-708,243.45
jev-score,PLAIN-1309,MED-709,215.7
jev-score,PLAIN-1320,MED-4929,241.09
jev-score,PLAIN-1320,MED-2760,277.71
jev-score,PLAIN-1320,MED-2758,268.29
jev-score,PLAIN-1320,MED-1986,185.16
jev-score,PLAIN-1320,MED-2525,258.09
jev-score,PLAIN-1320,MED-3932,225.95
jev-score,PLAIN-1320,MED-1545,233.8
jev-score,PLAIN-1320,MED-2761,275.61
jev-score,PLAIN-1320,MED-728,241.02
jev-score,PLAIN-1320,MED-1543,266.56
jev-score,PLAIN-1320,MED-1549,186.97
jev-score,PLAIN-1320,MED-3759,254.04
jev-score,PLAIN-1320,MED-2112,231.02
jev-score,PLAIN-1320,MED-727,246.13
jev-score,PLAIN-1320,MED-3749,202.89
jev-score,PLAIN-1320,MED-3427,244.92
jev-score,PLAIN-1320,MED-1041,388.69
jev-score,PLAIN-1320,MED-749,255.75
jev-score,PLAIN-1320,MED-5124,267.27
jev-score,PLAIN-1320,MED-5256,223.18
jev-score,PLAIN-1331,MED-1049,252.07
jev-score,PLAIN-1331,MED-3381,323.68
jev-score,PLAIN-1331,MED-3391,262.93
jev-score,PLAIN-1331,MED-10,263.47
jev-score,PLAIN-1331,MED-14,216.47
jev-score,PLAIN-1331,MED-118,252.94
jev-score,PLAIN-1331,MED-301,177.18
jev-score,PLAIN-1331,MED-306,237.62
jev-score,PLAIN-1331,MED-329,227.55
jev-score,PLAIN-1331,MED-330,202.62
jev-score,PLAIN-1331,MED-332,292.8
jev-score,PLAIN-1331,MED-334,237.54
jev-score,PLAIN-1331,MED-335,242.56
jev-score,PLAIN-1331,MED-398,228.32
jev-score,PLAIN-1331,MED-557,185.21
jev-score,PLAIN-1331,MED-666,211.06
jev-score,PLAIN-1331,MED-691,220.57
jev-score,PLAIN-1331,MED-692,266.04
jev-score,PLAIN-1331,MED-702,284.65
jev-score,PLAIN-1331,MED-706,222.95
jev-score,PLAIN-1342,MED-2851,217.05
jev-score,PLAIN-1342,MED-4317,288.99
jev-score,PLAIN-1342,MED-1403,203.78
jev-score,PLAIN-1342,MED-2845,189.98
jev-score,PLAIN-1342,MED-2844,273.31
jev-score,PLAIN-1342,MED-1401,234.79
jev-score,PLAIN-1342,MED-5326,196.8
jev-score,PLAIN-1342,MED-4493,271.62
jev-score,PLAIN-1342,MED-2108,211.36
jev-score,PLAIN-1342,MED-4318,204.2
jev-score,PLAIN-1342,MED-4316,188.68
jev-score,PLAIN-1342,MED-898,295.33
jev-score,PLAIN-1342,MED-4926,238.91
jev-score,PLAIN-1342,MED-4773,272.74
jev-score,PLAIN-1342,MED-2901,207.5
jev-score,PLAIN-1342,MED-2983,409.58
jev-score,PLAIN-1342,MED-847,254.32
jev-score,PLAIN-1342,MED-2979,285.07
jev-score,PLAIN-1342,MED-4772,291.12
jev-score,PLAIN-1342,MED-5235,232.5
jev-score,PLAIN-1353,MED-976,297.21
jev-score,PLAIN-1353,MED-2110,272.31
jev-score,PLAIN-1353,MED-10,259.29
jev-score,PLAIN-1353,MED-14,261.6
jev-score,PLAIN-1353,MED-118,376.46
jev-score,PLAIN-1353,MED-301,316.39
jev-score,PLAIN-1353,MED-306,236.85
jev-score,PLAIN-1353,MED-329,246.64
jev-score,PLAIN-1353,MED-330,207.36
jev-score,PLAIN-1353,MED-332,257.99
jev-score,PLAIN-1353,MED-334,299.39
jev-score,PLAIN-1353,MED-335,239.74
jev-score,PLAIN-1353,MED-398,315.83
jev-score,PLAIN-1353,MED-557,248.44
jev-score,PLAIN-1353,MED-666,267.66
jev-score,PLAIN-1353,MED-691,231.27
jev-score,PLAIN-1353,MED-692,238.06
jev-score,PLAIN-1353,MED-702,252.91
jev-score,PLAIN-1353,MED-706,584.61
jev-score,PLAIN-1353,MED-707,246.96
jev-score,PLAIN-1363,MED-3620,213.09
jev-score,PLAIN-1363,MED-10,241.94
jev-score,PLAIN-1363,MED-14,226.08
jev-score,PLAIN-1363,MED-118,223.65
jev-score,PLAIN-1363,MED-301,328.22
jev-score,PLAIN-1363,MED-306,256.1
jev-score,PLAIN-1363,MED-329,283.17
jev-score,PLAIN-1363,MED-330,233.44
jev-score,PLAIN-1363,MED-332,335.86
jev-score,PLAIN-1363,MED-334,209.93
jev-score,PLAIN-1363,MED-335,290.86
jev-score,PLAIN-1363,MED-398,233.4
jev-score,PLAIN-1363,MED-557,218.4
jev-score,PLAIN-1363,MED-666,242.68
jev-score,PLAIN-1363,MED-691,223.22
jev-score,PLAIN-1363,MED-692,266.27
jev-score,PLAIN-1363,MED-702,204.85
jev-score,PLAIN-1363,MED-706,242.55
jev-score,PLAIN-1363,MED-707,303.12
jev-score,PLAIN-1363,MED-708,233.54
jev-score,PLAIN-1374,MED-820,266.66
jev-score,PLAIN-1374,MED-3429,248.64
jev-score,PLAIN-1374,MED-3398,217.87
jev-score,PLAIN-1374,MED-3795,267.84
jev-score,PLAIN-1374,MED-4747,325.24
jev-score,PLAIN-1374,MED-5292,282.31
jev-score,PLAIN-1374,MED-3434,346.67
jev-score,PLAIN-1374,MED-1647,316.58
jev-score,PLAIN-1374,MED-5223,282.19
jev-score,PLAIN-1374,MED-828,324.55
jev-score,PLAIN-1374,MED-3940,233.23
jev-score,PLAIN-1374,MED-4757,295.51
jev-score,PLAIN-1374,MED-4897,272.83
jev-score,PLAIN-1374,MED-3428,230.6
jev-score,PLAIN-1374,MED-3247,319.4
jev-score,PLAIN-1374,MED-832,257.04
jev-score,PLAIN-1374,MED-1010,235.32
jev-score,PLAIN-1374,MED-3353,299.31
jev-score,PLAIN-1374,MED-4664,207.48
jev-score,PLAIN-1374,MED-3673,189.62
jev-score,PLAIN-1387,MED-3380,272.48
jev-score,PLAIN-1387,MED-5063,242.51
jev-score,PLAIN-1387,MED-1686,275.03
jev-score,PLAIN-1387,MED-3383,227.49
jev-score,PLAIN-1387,MED-4655,344.22
jev-score,PLAIN-1387,MED-2078,315.99
jev-score,PLAIN-1387,MED-3384,342.91
jev-score,PLAIN-1387,MED-1153,291.49
jev-score,PLAIN-1387,MED-5062,285.39
jev-score,PLAIN-1387,MED-3381,292.49
jev-score,PLAIN-1387,MED-3013,359.59
jev-score,PLAIN-1387,MED-4840,308.34
jev-score,PLAIN-1387,MED-3382,264.71
jev-score,PLAIN-1387,MED-2121,760.78
jev-score,PLAIN-1387,MED-2992,242.47
jev-score,PLAIN-1387,MED-10,262.02
jev-score,PLAIN-1387,MED-14,297.15
jev-score,PLAIN-1387,MED-118,294.17
jev-score,PLAIN-1387,MED-301,272.46
jev-score,PLAIN-1387,MED-306,351.56
jev-score,PLAIN-1398,MED-1715,296.67
jev-score,PLAIN-1398,MED-4212,248.37
jev-score,PLAIN-1398,MED-4228,299.51
jev-score,PLAIN-1398,MED-4897,490.86
jev-score,PLAIN-1398,MED-4216,235.55
jev-score,PLAIN-1398,MED-1712,348.74
jev-score,PLAIN-1398,MED-1719,302.76
jev-score,PLAIN-1398,MED-1724,269.59
jev-score,PLAIN-1398,MED-4220,335.92
jev-score,PLAIN-1398,MED-1722,276.21
jev-score,PLAIN-1398,MED-1720,245.84
jev-score,PLAIN-1398,MED-1723,504.49
jev-score,PLAIN-1398,MED-3959,257.63
jev-score,PLAIN-1398,MED-1716,311.79
jev-score,PLAIN-1398,MED-4112,254.04
jev-score,PLAIN-1398,MED-1587,242.33
jev-score,PLAIN-1398,MED-4225,266.74
jev-score,PLAIN-1398,MED-1711,257.22
jev-score,PLAIN-1398,MED-4211,292.15
jev-score,PLAIN-1398,MED-2114,320.18
jev-score,PLAIN-1409,MED-1570,228.94
jev-score,PLAIN-1409,MED-1675,262.28
jev-score,PLAIN-1409,MED-1572,356.28
jev-score,PLAIN-1409,MED-1697,395.59
jev-score,PLAIN-1409,MED-1272,322.87
jev-score,PLAIN-1409,MED-1689,397.33
jev-score,PLAIN-1409,MED-5073,255.76
jev-score,PLAIN-1409,MED-3321,296.4
jev-score,PLAIN-1409,MED-1144,277.64
jev-score,PLAIN-1409,MED-5101,215.29
jev-score,PLAIN-1409,MED-2327,210.57
jev-score,PLAIN-1409,MED-5311,271.8
jev-score,PLAIN-1409,MED-1274,268.79
jev-score,PLAIN-1409,MED-2165,267.35
jev-score,PLAIN-1409,MED-5156,336.94
jev-score,PLAIN-1409,MED-3385,281.78
jev-score,PLAIN-1409,MED-1596,238.81
jev-score,PLAIN-1409,MED-5238,213.95
jev-score,PLAIN-1409,MED-4255,282.19
jev-score,PLAIN-1409,MED-4613,257.21
jev-score,PLAIN-1419,MED-4198,227.73
jev-score,PLAIN-1419,MED-2327,190.54
jev-score,PLAIN-1419,MED-5156,200.41
jev-score,PLAIN-1419,MED-2344,271.0
jev-score,PLAIN-1419,MED-10,299.04
jev-score,PLAIN-1419,MED-14,287.09
jev-score,PLAIN-1419,MED-118,528.88
jev-score,PLAIN-1419,MED-301,236.35
jev-score,PLAIN-1419,MED-306,326.59
jev-score,PLAIN-1419,MED-329,330.36
jev-score,PLAIN-1419,MED-330,234.71
jev-score,PLAIN-1419,MED-332,311.42
jev-score,PLAIN-1419,MED-334,212.43
jev-score,PLAIN-1419,MED-335,277.59
jev-score,PLAIN-1419,MED-398,210.98
jev-score,PLAIN-1419,MED-557,278.39
jev-score,PLAIN-1419,MED-666,254.73
jev-score,PLAIN-1419,MED-691,246.76
jev-score,PLAIN-1419,MED-692,252.2
jev-score,PLAIN-1419,MED-702,280.35
jev-score,PLAIN-1429,MED-4594,274.19
jev-score,PLAIN-1429,MED-1381,309.09
jev-score,PLAIN-1429,MED-4802,237.76
jev-score,PLAIN-1429,MED-4057,258.09
jev-score,PLAIN-1429,MED-1559,212.99
jev-score,PLAIN-1429,MED-5125,341.62
jev-score,PLAIN-1429,MED-2428,235.18
jev-score,PLAIN-1429,MED-1210,284.51
jev-score,PLAIN-1429,MED-3354,208.67
jev-score,PLAIN-1429,MED-1743,255.66
jev-score,PLAIN-1429,MED-4786,306.66
jev-score,PLAIN-1429,MED-3696,215.57
jev-score,PLAIN-1429,MED-1213,219.93
jev-score,PLAIN-1429,MED-3448,210.88
jev-score,PLAIN-1429,MED-3793,273.22
jev-score,PLAIN-1429,MED-4157,194.44
jev-score,PLAIN-1429,MED-4925,342.25
jev-score,PLAIN-1429,MED-2977,198.27
jev-score,PLAIN-1429,MED-4892,250.69
jev-score,PLAIN-1429,MED-5196,210.76
jev-score,PLAIN-1441,MED-2216,213.3
jev-score,PLAIN-1441,MED-2773,243.88
jev-score,PLAIN-1441,MED-2770,1158.51
jev-score,PLAIN-1441,MED-3629,259.95
jev-score,PLAIN-1441,MED-1332,253.68
jev-score,PLAIN-1441,MED-3659,249.75
jev-score,PLAIN-1441,MED-2299,310.19
jev-score,PLAIN-1441,MED-5117,214.7
jev-score,PLAIN-1441,MED-2218,246.75
jev-score,PLAIN-1441,MED-4817,208.62
jev-score,PLAIN-1441,MED-4824,236.38
jev-score,PLAIN-1441,MED-5094,204.91
jev-score,PLAIN-1441,MED-4410,221.97
jev-score,PLAIN-1441,MED-3448,209.67
jev-score,PLAIN-1441,MED-3973,234.44
jev-score,PLAIN-1441,MED-3000,250.62
jev-score,PLAIN-1441,MED-1532,200.24
jev-score,PLAIN-1441,MED-5139,233.54
jev-score,PLAIN-1441,MED-2657,287.76
jev-score,PLAIN-1441,MED-2385,259.43
jev-score,PLAIN-1453,MED-2221,248.46
jev-score,PLAIN-1453,MED-4366,227.14
jev-score,PLAIN-1453,MED-1955,265.5
jev-score,PLAIN-1453,MED-2742,280.28
jev-score,PLAIN-1453,MED-1761,207.68
jev-score,PLAIN-1453,MED-5288,338.16
jev-score,PLAIN-1453,MED-2738,238.91
jev-score,PLAIN-1453,MED-4796,235.58
jev-score,PLAIN-1453,MED-1046,240.49
jev-score,PLAIN-1453,MED-1150,294.61
jev-score,PLAIN-1453,MED-3060,237.5
jev-score,PLAIN-1453,MED-2063,258.86
jev-score,PLAIN-1453,MED-1144,249.74
jev-score,PLAIN-1453,MED-2181,273.58
jev-score,PLAIN-1453,MED-3497,215.68
jev-score,PLAIN-1453,MED-3376,262.94
jev-score,PLAIN-1453,MED-3769,310.69
jev-score,PLAIN-1453,MED-1196,200.0
jev-score,PLAIN-1453,MED-1534,218.55
jev-score,PLAIN-1453,MED-3050,222.82
jev-score,PLAIN-1463,MED-2140,220.79
jev-score,PLAIN-1463,MED-2147,195.58
jev-score,PLAIN-1463,MED-3136,205.02
jev-score,PLAIN-1463,MED-4165,201.33
jev-score,PLAIN-1463,MED-3584,215.59
jev-score,PLAIN-1463,MED-3132,209.77
jev-score,PLAIN-1463,MED-3138,258.59
jev-score,PLAIN-1463,MED-1880,202.88
jev-score,PLAIN-1463,MED-2352,245.6
jev-score,PLAIN-1463,MED-1133,311.9
jev-score,PLAIN-1463,MED-2777,202.2
jev-score,PLAIN-1463,MED-1137,223.23
jev-score,PLAIN-1463,MED-2141,244.53
jev-score,PLAIN-1463,MED-4991,198.13
jev-score,PLAIN-1463,MED-2144,197.99
jev-score,PLAIN-1463,MED-2263,200.79
jev-score,PLAIN-1463,MED-5079,433.63
jev-score,PLAIN-1463,MED-3237,276.42
jev-score,PLAIN-1463,MED-2010,272.68
jev-score,PLAIN-1463,MED-4502,219.79
jev-score,PLAIN-1473,MED-4455,214.49
jev-score,PLAIN-1473,MED-10,292.36
jev-score,PLAIN-1473,MED-14,248.05
jev-score,PLAIN-1473,MED-118,210.13
jev-score,PLAIN-1473,MED-301,242.03
jev-score,PLAIN-1473,MED-306,223.96
jev-score,PLAIN-1473,MED-329,312.3
jev-score,PLAIN-1473,MED-330,234.24
jev-score,PLAIN-1473,MED-332,234.37
jev-score,PLAIN-1473,MED-334,205.99
jev-score,PLAIN-1473,MED-335,231.92
jev-score,PLAIN-1473,MED-398,385.89
jev-score,PLAIN-1473,MED-557,227.25
jev-score,PLAIN-1473,MED-666,294.06
jev-score,PLAIN-1473,MED-691,253.8
jev-score,PLAIN-1473,MED-692,248.41
jev-score,PLAIN-1473,MED-702,210.06
jev-score,PLAIN-1473,MED-706,285.16
jev-score,PLAIN-1473,MED-707,253.33
jev-score,PLAIN-1473,MED-708,252.84
jev-score,PLAIN-1485,MED-2099,218.73
jev-score,PLAIN-1485,MED-10,343.13
jev-score,PLAIN-1485,MED-14,262.18
jev-score,PLAIN-1485,MED-118,230.64
jev-score,PLAIN-1485,MED-301,261.57
jev-score,PLAIN-1485,MED-306,244.81
jev-score,PLAIN-1485,MED-329,303.7
jev-score,PLAIN-1485,MED-330,250.89
jev-score,PLAIN-1485,MED-332,417.64
jev-score,PLAIN-1485,MED-334,305.2
jev-score,PLAIN-1485,MED-335,238.31
jev-score,PLAIN-1485,MED-398,285.5
jev-score,PLAIN-1485,MED-557,235.77
jev-score,PLAIN-1485,MED-666,266.11
jev-score,PLAIN-1485,MED-691,259.3
jev-score,PLAIN-1485,MED-692,337.39
jev-score,PLAIN-1485,MED-702,256.04
jev-score,PLAIN-1485,MED-706,239.37
jev-score,PLAIN-1485,MED-707,318.97
jev-score,PLAIN-1485,MED-708,293.43
jev-score,PLAIN-1496,MED-10,250.99
jev-score,PLAIN-1496,MED-14,214.76
jev-score,PLAIN-1496,MED-118,243.57
jev-score,PLAIN-1496,MED-301,330.88
jev-score,PLAIN-1496,MED-306,204.02
jev-score,PLAIN-1496,MED-329,213.11
jev-score,PLAIN-1496,MED-330,259.19
jev-score,PLAIN-1496,MED-332,268.06
jev-score,PLAIN-1496,MED-334,205.76
jev-score,PLAIN-1496,MED-335,266.7
jev-score,PLAIN-1496,MED-398,259.99
jev-score,PLAIN-1496,MED-557,258.74
jev-score,PLAIN-1496,MED-666,246.0
jev-score,PLAIN-1496,MED-691,228.3
jev-score,PLAIN-1496,MED-692,312.32
jev-score,PLAIN-1496,MED-702,288.72
jev-score,PLAIN-1496,MED-706,256.59
jev-score,PLAIN-1496,MED-707,414.42
jev-score,PLAIN-1496,MED-708,248.01
jev-score,PLAIN-1496,MED-709,198.2
jev-score,PLAIN-1506,MED-5239,310.52
jev-score,PLAIN-1506,MED-2126,249.52
jev-score,PLAIN-1506,MED-2121,273.94
jev-score,PLAIN-1506,MED-4306,320.38
jev-score,PLAIN-1506,MED-2117,287.26
jev-score,PLAIN-1506,MED-2509,235.53
jev-score,PLAIN-1506,MED-5025,261.47
jev-score,PLAIN-1506,MED-10,304.75
jev-score,PLAIN-1506,MED-14,320.43
jev-score,PLAIN-1506,MED-118,219.36
jev-score,PLAIN-1506,MED-301,241.83
jev-score,PLAIN-1506,MED-306,265.05
jev-score,PLAIN-1506,MED-329,228.81
jev-score,PLAIN-1506,MED-330,247.15
jev-score,PLAIN-1506,MED-332,214.14
jev-score,PLAIN-1506,MED-334,274.79
jev-score,PLAIN-1506,MED-335,201.85
jev-score,PLAIN-1506,MED-398,256.46
jev-score,PLAIN-1506,MED-557,288.73
jev-score,PLAIN-1506,MED-666,302.43
jev-score,PLAIN-1516,MED-4181,255.88
jev-score,PLAIN-1516,MED-930,230.58
jev-score,PLAIN-1516,MED-10,247.94
jev-score,PLAIN-1516,MED-14,234.77
jev-score,PLAIN-1516,MED-118,284.75
jev-score,PLAIN-1516,MED-301,231.26
jev-score,PLAIN-1516,MED-306,304.76
jev-score,PLAIN-1516,MED-329,257.35
jev-score,PLAIN-1516,MED-330,225.05
jev-score,PLAIN-1516,MED-332,220.26
jev-score,PLAIN-1516,MED-334,245.09
jev-score,PLAIN-1516,MED-335,266.1
jev-score,PLAIN-1516,MED-398,254.02
jev-score,PLAIN-1516,MED-557,239.6
jev-score,PLAIN-1516,MED-666,246.0
jev-score,PLAIN-1516,MED-691,246.18
jev-score,PLAIN-1516,MED-692,195.68
jev-score,PLAIN-1516,MED-702,238.31
jev-score,PLAIN-1516,MED-706,261.7
jev-score,PLAIN-1516,MED-707,221.54
jev-score,PLAIN-1527,MED-2160,216.54
jev-score,PLAIN-1527,MED-1307,265.9
jev-score,PLAIN-1527,MED-1304,284.01
jev-score,PLAIN-1527,MED-1302,252.54
jev-score,PLAIN-1527,MED-4817,214.8
jev-score,PLAIN-1527,MED-2158,268.99
jev-score,PLAIN-1527,MED-5233,300.01
jev-score,PLAIN-1527,MED-4101,240.77
jev-score,PLAIN-1527,MED-1868,214.53
jev-score,PLAIN-1527,MED-2154,232.92
jev-score,PLAIN-1527,MED-5158,236.95
jev-score,PLAIN-1527,MED-1309,239.46
jev-score,PLAIN-1527,MED-4873,229.1
jev-score,PLAIN-1527,MED-1236,442.55
jev-score,PLAIN-1527,MED-1301,319.93
jev-score,PLAIN-1527,MED-1710,358.09
jev-score,PLAIN-1527,MED-1675,203.21
jev-score,PLAIN-1527,MED-1071,317.14
jev-score,PLAIN-1527,MED-912,395.28
jev-score,PLAIN-1527,MED-3491,313.72
jev-score,PLAIN-1537,MED-4880,244.6
jev-score,PLAIN-1537,MED-3149,272.93
jev-score,PLAIN-1537,MED-3273,221.02
jev-score,PLAIN-1537,MED-4353,209.45
jev-score,PLAIN-1537,MED-1257,242.77
jev-score,PLAIN-1537,MED-5267,249.27
jev-score,PLAIN-1537,MED-4831,278.16
jev-score,PLAIN-1537,MED-3874,262.48
jev-score,PLAIN-1537,MED-4885,215.2
jev-score,PLAIN-1537,MED-5272,216.56
jev-score,PLAIN-1537,MED-2588,212.46
jev-score,PLAIN-1537,MED-4984,373.1
jev-score,PLAIN-1537,MED-4389,298.55
jev-score,PLAIN-1537,MED-2943,191.76
jev-score,PLAIN-1537,MED-1333,297.09
jev-score,PLAIN-1537,MED-1258,282.66
jev-score,PLAIN-1537,MED-5113,230.14
jev-score,PLAIN-1537,MED-4515,835.15
jev-score,PLAIN-1537,MED-4514,390.56
jev-score,PLAIN-1537,MED-5016,327.52
jev-score,PLAIN-1547,MED-2360,227.42
jev-score,PLAIN-1547,MED-2361,272.12
jev-score,PLAIN-1547,MED-983,215.02
jev-score,PLAIN-1547,MED-975,246.79
jev-score,PLAIN-1547,MED-5030,267.75
jev-score,PLAIN-1547,MED-2590,230.58
jev-score,PLAIN-1547,MED-4013,236.78
jev-score,PLAIN-1547,MED-972,336.02
jev-score,PLAIN-1547,MED-2111,279.16
jev-score,PLAIN-1547,MED-2303,285.73
jev-score,PLAIN-1547,MED-4637,250.78
jev-score,PLAIN-1547,MED-4173,250.84
jev-score,PLAIN-1547,MED-4496,277.58
jev-score,PLAIN-1547,MED-3938,226.29
jev-score,PLAIN-1547,MED-5018,223.47
jev-score,PLAIN-1547,MED-970,206.42
jev-score,PLAIN-1547,MED-4202,233.73
jev-score,PLAIN-1547,MED-3387,309.53
jev-score,PLAIN-1547,MED-3964,282.27
jev-score,PLAIN-1547,MED-4919,252.19
jev-score,PLAIN-1557,MED-1406,299.73
jev-score,PLAIN-1557,MED-2248,243.81
jev-score,PLAIN-1557,MED-3918,241.83
jev-score,PLAIN-1557,MED-4315,281.53
jev-score,PLAIN-1557,MED-1447,249.91
jev-score,PLAIN-1557,MED-5005,299.56
jev-score,PLAIN-1557,MED-4313,242.81
jev-score,PLAIN-1557,MED-1528,223.66
jev-score,PLAIN-1557,MED-2380,271.05
jev-score,PLAIN-1557,MED-4298,271.58
jev-score,PLAIN-1557,MED-2455,299.98
jev-score,PLAIN-1557,MED-4627,255.23
jev-score,PLAIN-1557,MED-885,281.47
jev-score,PLAIN-1557,MED-5231,278.77
jev-score,PLAIN-1557,MED-3497,313.64
jev-score,PLAIN-1557,MED-2917,396.56
jev-score,PLAIN-1557,MED-1137,198.1
jev-score,PLAIN-1557,MED-4991,222.51
jev-score,PLAIN-1557,MED-2201,226.96
jev-score,PLAIN-1557,MED-2451,403.55
jev-score,PLAIN-1568,MED-4150,264.56
jev-score,PLAIN-1568,MED-5056,219.15
jev-score,PLAIN-1568,MED-2490,275.92
jev-score,PLAIN-1568,MED-1710,250.81
jev-score,PLAIN-1568,MED-4782,320.36
jev-score,PLAIN-1568,MED-2054,226.59
jev-score,PLAIN-1568,MED-5057,228.71
jev-score,PLAIN-1568,MED-717,277.45
jev-score,PLAIN-1568,MED-1672,256.75
jev-score,PLAIN-1568,MED-5059,222.1
jev-score,PLAIN-1568,MED-3734,305.85
jev-score,PLAIN-1568,MED-1674,218.21
jev-score,PLAIN-1568,MED-10,290.36
jev-score,PLAIN-1568,MED-14,209.49
jev-score,PLAIN-1568,MED-118,217.89
jev-score,PLAIN-1568,MED-301,277.24
jev-score,PLAIN-1568,MED-306,200.13
jev-score,PLAIN-1568,MED-329,228.78
jev-score,PLAIN-1568,MED-330,271.63
jev-score,PLAIN-1568,MED-332,242.26
jev-score,PLAIN-1579,MED-4667,259.62
jev-score,PLAIN-1579,MED-4801,263.06
jev-score,PLAIN-1579,MED-10,309.41
jev-score,PLAIN-1579,MED-14,201.47
jev-score,PLAIN-1579,MED-118,237.85
jev-score,PLAIN-1579,MED-301,336.58
jev-score,PLAIN-1579,MED-306,266.58
jev-score,PLAIN-1579,MED-329,290.0
jev-score,PLAIN-1579,MED-330,293.92
jev-score,PLAIN-1579,MED-332,313.03
jev-score,PLAIN-1579,MED-334,245.79
jev-score,PLAIN-1579,MED-335,303.21
jev-score,PLAIN-1579,MED-398,312.29
jev-score,PLAIN-1579,MED-557,260.32
jev-score,PLAIN-1579,MED-666,240.88
jev-score,PLAIN-1579,MED-691,267.96
jev-score,PLAIN-1579,MED-692,234.95
jev-score,PLAIN-1579,MED-702,241.21
jev-score,PLAIN-1579,MED-706,303.01
jev-score,PLAIN-1579,MED-707,247.57
jev-score,PLAIN-1590,MED-3604,191.89
jev-score,PLAIN-1590,MED-748,1092.92
jev-score,PLAIN-1590,MED-1240,276.92
jev-score,PLAIN-1590,MED-749,303.48
jev-score,PLAIN-1590,MED-4599,186.24
jev-score,PLAIN-1590,MED-4674,263.0
jev-score,PLAIN-1590,MED-5347,254.25
jev-score,PLAIN-1590,MED-1350,222.41
jev-score,PLAIN-1590,MED-1344,199.49
jev-score,PLAIN-1590,MED-2086,231.64
jev-score,PLAIN-1590,MED-4079,245.55
jev-score,PLAIN-1590,MED-4234,234.07
jev-score,PLAIN-1590,MED-3757,235.82
jev-score,PLAIN-1590,MED-3001,204.42
jev-score,PLAIN-1590,MED-3601,267.85
jev-score,PLAIN-1590,MED-5346,275.37
jev-score,PLAIN-1590,MED-853,246.53
jev-score,PLAIN-1590,MED-3636,260.57
jev-score,PLAIN-1590,MED-1037,266.86
jev-score,PLAIN-1590,MED-1041,294.69
jev-score,PLAIN-1601,MED-1700,398.64
jev-score,PLAIN-1601,MED-4996,239.09
jev-score,PLAIN-1601,MED-3537,714.02
jev-score,PLAIN-1601,MED-4860,267.37
jev-score,PLAIN-1601,MED-2669,222.23
jev-score,PLAIN-1601,MED-5002,231.51
jev-score,PLAIN-1601,MED-2668,228.07
jev-score,PLAIN-1601,MED-2367,281.26
jev-score,PLAIN-1601,MED-1630,295.19
jev-score,PLAIN-1601,MED-1506,258.98
jev-score,PLAIN-1601,MED-4581,253.68
jev-score,PLAIN-1601,MED-3773,190.04
jev-score,PLAIN-1601,MED-3179,268.86
jev-score,PLAIN-1601,MED-5093,228.17
jev-score,PLAIN-1601,MED-1503,198.82
jev-score,PLAIN-1601,MED-3774,246.08
jev-score,PLAIN-1601,MED-3776,281.05
jev-score,PLAIN-1601,MED-982,245.41
jev-score,PLAIN-1601,MED-4381,224.76
jev-score,PLAIN-1601,MED-1499,293.44
jev-score,PLAIN-1611,MED-10,218.78
jev-score,PLAIN-1611,MED-14,247.7
jev-score,PLAIN-1611,MED-118,254.02
jev-score,PLAIN-1611,MED-301,229.84
jev-score,PLAIN-1611,MED-306,236.09
jev-score,PLAIN-1611,MED-329,195.11
jev-score,PLAIN-1611,MED-330,261.21
jev-score,PLAIN-1611,MED-332,219.57
jev-score,PLAIN-1611,MED-334,208.86
jev-score,PLAIN-1611,MED-335,249.18
jev-score,PLAIN-1611,MED-398,260.53
jev-score,PLAIN-1611,MED-557,251.13
jev-score,PLAIN-1611,MED-666,249.23
jev-score,PLAIN-1611,MED-691,333.74
jev-score,PLAIN-1611,MED-692,386.6
jev-score,PLAIN-1611,MED-702,256.75
jev-score,PLAIN-1611,MED-706,220.05
jev-score,PLAIN-1611,MED-707,290.48
jev-score,PLAIN-1611,MED-708,207.07
jev-score,PLAIN-1611,MED-709,230.19
jev-score,PLAIN-1621,MED-10,218.61
jev-score,PLAIN-1621,MED-14,235.17
jev-score,PLAIN-1621,MED-118,271.56
jev-score,PLAIN-1621,MED-301,263.83
jev-score,PLAIN-1621,MED-306,250.34
jev-score,PLAIN-1621,MED-329,219.61
jev-score,PLAIN-1621,MED-330,271.72
jev-score,PLAIN-1621,MED-332,194.62
jev-score,PLAIN-1621,MED-334,215.49
jev-score,PLAIN-1621,MED-335,237.23
jev-score,PLAIN-1621,MED-398,268.87
jev-score,PLAIN-1621,MED-557,255.25
jev-score,PLAIN-1621,MED-666,311.41
jev-score,PLAIN-1621,MED-691,254.98
jev-score,PLAIN-1621,MED-692,281.37
jev-score,PLAIN-1621,MED-702,217.15
jev-score,PLAIN-1621,MED-706,309.4
jev-score,PLAIN-1621,MED-707,255.25
jev-score,PLAIN-1621,MED-708,317.95
jev-score,PLAIN-1621,MED-709,230.17
jev-score,PLAIN-1635,MED-5118,244.37
jev-score,PLAIN-1635,MED-4899,343.75
jev-score,PLAIN-1635,MED-3087,267.86
jev-score,PLAIN-1635,MED-2341,239.75
jev-score,PLAIN-1635,MED-2774,180.99
jev-score,PLAIN-1635,MED-4753,198.29
jev-score,PLAIN-1635,MED-4071,276.9
jev-score,PLAIN-1635,MED-1229,200.3
jev-score,PLAIN-1635,MED-2123,215.08
jev-score,PLAIN-1635,MED-4902,216.14
jev-score,PLAIN-1635,MED-2055,244.34
jev-score,PLAIN-1635,MED-4897,206.81
jev-score,PLAIN-1635,MED-4751,243.38
jev-score,PLAIN-1635,MED-4398,194.27
jev-score,PLAIN-1635,MED-1337,225.5
jev-score,PLAIN-1635,MED-900,217.33
jev-score,PLAIN-1635,MED-1223,198.82
jev-score,PLAIN-1635,MED-1224,219.99
jev-score,PLAIN-1635,MED-904,379.1
jev-score,PLAIN-1635,MED-5189,248.06
jev-score,PLAIN-1645,MED-5056,236.01
jev-score,PLAIN-1645,MED-10,331.75
jev-score,PLAIN-1645,MED-14,264.43
jev-score,PLAIN-1645,MED-118,275.35
jev-score,PLAIN-1645,MED-301,272.4
jev-score,PLAIN-1645,MED-306,235.79
jev-score,PLAIN-1645,MED-329,222.0
jev-score,PLAIN-1645,MED-330,282.12
jev-score,PLAIN-1645,MED-332,248.89
jev-score,PLAIN-1645,MED-334,284.58
jev-score,PLAIN-1645,MED-335,223.37
jev-score,PLAIN-1645,MED-398,192.88
jev-score,PLAIN-1645,MED-557,345.84
jev-score,PLAIN-1645,MED-666,227.53
jev-score,PLAIN-1645,MED-691,214.81
jev-score,PLAIN-1645,MED-692,363.89
jev-score,PLAIN-1645,MED-702,416.08
jev-score,PLAIN-1645,MED-706,251.26
jev-score,PLAIN-1645,MED-707,235.31
jev-score,PLAIN-1645,MED-708,295.02
jev-score,PLAIN-1656,MED-4470,275.05
jev-score,PLAIN-1656,MED-1813,264.14
jev-score,PLAIN-1656,MED-3764,299.05
jev-score,PLAIN-1656,MED-4819,235.67
jev-score,PLAIN-1656,MED-1248,277.11
jev-score,PLAIN-1656,MED-4479,256.15
jev-score,PLAIN-1656,MED-2092,259.21
jev-score,PLAIN-1656,MED-4036,212.34
jev-score,PLAIN-1656,MED-1246,253.22
jev-score,PLAIN-1656,MED-2101,210.98
jev-score,PLAIN-1656,MED-4507,263.67
jev-score,PLAIN-1656,MED-3489,229.35
jev-score,PLAIN-1656,MED-4035,327.2
jev-score,PLAIN-1656,MED-4033,241.99
jev-score,PLAIN-1656,MED-2091,292.05
jev-score,PLAIN-1656,MED-3358,290.97
jev-score,PLAIN-1656,MED-1857,304.83
jev-score,PLAIN-1656,MED-3621,239.93
jev-score,PLAIN-1656,MED-3703,215.81
jev-score,PLAIN-1656,MED-14,270.24
jev-score,PLAIN-1667,MED-1474,197.8
jev-score,PLAIN-1667,MED-4828,244.89
jev-score,PLAIN-1667,MED-1466,280.17
jev-score,PLAIN-1667,MED-3460,246.92
jev-score,PLAIN-1667,MED-3462,238.04
jev-score,PLAIN-1667,MED-4166,197.84
jev-score,PLAIN-1667,MED-4830,272.01
jev-score,PLAIN-1667,MED-1460,218.79
jev-score,PLAIN-1667,MED-4829,839.38
jev-score,PLAIN-1667,MED-1752,285.65
jev-score,PLAIN-1667,MED-3231,213.36
jev-score,PLAIN-1667,MED-5233,241.01
jev-score,PLAIN-1667,MED-1473,230.65
jev-score,PLAIN-1667,MED-3171,210.1
jev-score,PLAIN-1667,MED-3534,269.92
jev-score,PLAIN-1667,MED-3459,390.29
jev-score,PLAIN-1667,MED-923,229.45
jev-score,PLAIN-1667,MED-4315,216.27
jev-score,PLAIN-1667,MED-4626,243.95
jev-score,PLAIN-1667,MED-5313,210.49
jev-score,PLAIN-1679,MED-10,220.36
jev-score,PLAIN-1679,MED-14,304.87
jev-score,PLAIN-1679,MED-118,295.36
jev-score,PLAIN-1679,MED-301,258.63
jev-score,PLAIN-1679,MED-306,320.64
jev-score,PLAIN-1679,MED-329,210.79
jev-score,PLAIN-1679,MED-330,204.1
jev-score,PLAIN-1679,MED-332,228.01
jev-score,PLAIN-1679,MED-334,263.13
jev-score,PLAIN-1679,MED-335,209.51
jev-score,PLAIN-1679,MED-398,218.74
jev-score,PLAIN-1679,MED-557,257.82
jev-score,PLAIN-1679,MED-666,253.07
jev-score,PLAIN-1679,MED-691,207.81
jev-score,PLAIN-1679,MED-692,210.23
jev-score,PLAIN-1679,MED-702,242.98
jev-score,PLAIN-1679,MED-706,208.96
jev-score,PLAIN-1679,MED-707,224.89
jev-score,PLAIN-1679,MED-708,251.22
jev-score,PLAIN-1679,MED-709,240.09
jev-score,PLAIN-1690,MED-4599,296.78
jev-score,PLAIN-1690,MED-4674,240.24
jev-score,PLAIN-1690,MED-1878,203.24
jev-score,PLAIN-1690,MED-2327,240.02
jev-score,PLAIN-1690,MED-3726,257.9
jev-score,PLAIN-1690,MED-2220,214.58
jev-score,PLAIN-1690,MED-2295,266.64
jev-score,PLAIN-1690,MED-3692,259.97
jev-score,PLAIN-1690,MED-1493,299.64
jev-score,PLAIN-1690,MED-1037,280.08
jev-score,PLAIN-1690,MED-4556,231.79
jev-score,PLAIN-1690,MED-3170,281.19
jev-score,PLAIN-1690,MED-3956,245.16
jev-score,PLAIN-1690,MED-3380,248.81
jev-score,PLAIN-1690,MED-2291,225.25
jev-score,PLAIN-1690,MED-4193,270.6
jev-score,PLAIN-1690,MED-5018,257.79
jev-score,PLAIN-1690,MED-4298,188.38
jev-score,PLAIN-1690,MED-3228,260.61
jev-score,PLAIN-1690,MED-3491,226.24
jev-score,PLAIN-1700,MED-1417,265.78
jev-score,PLAIN-1700,MED-5201,230.46
jev-score,PLAIN-1700,MED-5198,230.4
jev-score,PLAIN-1700,MED-4555,220.96
jev-score,PLAIN-1700,MED-1747,229.32
jev-score,PLAIN-1700,MED-1100,212.9
jev-score,PLAIN-1700,MED-976,227.51
jev-score,PLAIN-1700,MED-1708,228.83
jev-score,PLAIN-1700,MED-4750,219.76
jev-score,PLAIN-1700,MED-4095,343.44
jev-score,PLAIN-1700,MED-2213,263.15
jev-score,PLAIN-1700,MED-4107,404.87
jev-score,PLAIN-1700,MED-1744,252.56
jev-score,PLAIN-1700,MED-1428,259.34
jev-score,PLAIN-1700,MED-872,175.5
jev-score,PLAIN-1700,MED-4165,220.89
jev-score,PLAIN-1700,MED-3718,249.83
jev-score,PLAIN-1700,MED-2288,207.04
jev-score,PLAIN-1700,MED-2488,214.9
jev-score,PLAIN-1700,MED-5311,238.11
jev-score,PLAIN-1710,MED-3169,275.49
jev-score,PLAIN-1710,MED-3180,294.14
jev-score,PLAIN-1710,MED-3181,303.76
jev-score,PLAIN-1710,MED-3175,250.05
jev-score,PLAIN-1710,MED-3178,247.64
jev-score,PLAIN-1710,MED-3174,211.59
jev-score,PLAIN-1710,MED-3179,273.83
jev-score,PLAIN-1710,MED-3172,1061.99
jev-score,PLAIN-1710,MED-3170,229.7
jev-score,PLAIN-1710,MED-3177,284.11
jev-score,PLAIN-1710,MED-4672,272.14
jev-score,PLAIN-1710,MED-3176,301.25
jev-score,PLAIN-1710,MED-3182,246.4
jev-score,PLAIN-1710,MED-10,204.13
jev-score,PLAIN-1710,MED-14,257.1
jev-score,PLAIN-1710,MED-118,258.91
jev-score,PLAIN-1710,MED-301,264.71
jev-score,PLAIN-1710,MED-306,185.18
jev-score,PLAIN-1710,MED-329,230.01
jev-score,PLAIN-1710,MED-330,233.58
jev-score,PLAIN-1721,MED-4821,248.52
jev-score,PLAIN-1721,MED-1602,218.73
jev-score,PLAIN-1721,MED-4787,276.84
jev-score,PLAIN-1721,MED-4485,242.56
jev-score,PLAIN-1721,MED-4823,221.9
jev-score,PLAIN-1721,MED-1627,238.24
jev-score,PLAIN-1721,MED-1606,229.33
jev-score,PLAIN-1721,MED-1377,204.45
jev-score,PLAIN-1721,MED-4983,276.84
jev-score,PLAIN-1721,MED-1230,246.25
jev-score,PLAIN-1721,MED-873,220.03
jev-score,PLAIN-1721,MED-4514,197.64
jev-score,PLAIN-1721,MED-5258,281.37
jev-score,PLAIN-1721,MED-1747,249.29
jev-score,PLAIN-1721,MED-3374,243.6
jev-score,PLAIN-1721,MED-4479,234.01
jev-score,PLAIN-1721,MED-1867,297.73
jev-score,PLAIN-1721,MED-4853,230.24
jev-score,PLAIN-1721,MED-3142,249.45
jev-score,PLAIN-1721,MED-5139,235.1
jev-score,PLAIN-1731,MED-2749,203.02
jev-score,PLAIN-1731,MED-2748,236.09
jev-score,PLAIN-1731,MED-3509,344.56
jev-score,PLAIN-1731,MED-4131,245.59
jev-score,PLAIN-1731,MED-4132,232.57
jev-score,PLAIN-1731,MED-10,241.26
jev-score,PLAIN-1731,MED-14,230.78
jev-score,PLAIN-1731,MED-118,238.6
jev-score,PLAIN-1731,MED-301,227.0
jev-score,PLAIN-1731,MED-306,219.54
jev-score,PLAIN-1731,MED-329,246.4
jev-score,PLAIN-1731,MED-330,173.02
jev-score,PLAIN-1731,MED-332,254.58
jev-score,PLAIN-1731,MED-334,344.95
jev-score,PLAIN-1731,MED-335,214.48
jev-score,PLAIN-1731,MED-398,268.2
jev-score,PLAIN-1731,MED-557,260.78
jev-score,PLAIN-1731,MED-666,333.34
jev-score,PLAIN-1731,MED-691,209.39
jev-score,PLAIN-1731,MED-692,253.42
jev-score,PLAIN-1741,MED-2383,245.51
jev-score,PLAIN-1741,MED-4286,232.93
jev-score,PLAIN-1741,MED-4300,217.79
jev-score,PLAIN-1741,MED-2595,211.08
jev-score,PLAIN-1741,MED-4292,299.09
jev-score,PLAIN-1741,MED-2597,278.68
jev-score,PLAIN-1741,MED-4314,284.89
jev-score,PLAIN-1741,MED-4707,200.89
jev-score,PLAIN-1741,MED-4295,260.15
jev-score,PLAIN-1741,MED-2381,238.68
jev-score,PLAIN-1741,MED-1499,311.86
jev-score,PLAIN-1741,MED-4646,209.36
jev-score,PLAIN-1741,MED-1393,191.65
jev-score,PLAIN-1741,MED-4706,293.22
jev-score,PLAIN-1741,MED-4345,237.11
jev-score,PLAIN-1741,MED-2380,258.3
jev-score,PLAIN-1741,MED-2150,245.36
jev-score,PLAIN-1741,MED-1381,349.42
jev-score,PLAIN-1741,MED-1394,297.55
jev-score,PLAIN-1741,MED-2593,229.25
jev-score,PLAIN-1752,MED-10,278.43
jev-score,PLAIN-1752,MED-14,218.11
jev-score,PLAIN-1752,MED-118,266.23
jev-score,PLAIN-1752,MED-301,192.45
jev-score,PLAIN-1752,MED-306,307.06
jev-score,PLAIN-1752,MED-329,263.49
jev-score,PLAIN-1752,MED-330,240.3
jev-score,PLAIN-1752,MED-332,225.15
jev-score,PLAIN-1752,MED-334,288.08
jev-score,PLAIN-1752,MED-335,234.33
jev-score,PLAIN-1752,MED-398,199.7
jev-score,PLAIN-1752,MED-557,228.38
jev-score,PLAIN-1752,MED-666,328.29
jev-score,PLAIN-1752,MED-691,201.89
jev-score,PLAIN-1752,MED-692,211.26
jev-score,PLAIN-1752,MED-702,328.7
jev-score,PLAIN-1752,MED-706,321.48
jev-score,PLAIN-1752,MED-707,242.26
jev-score,PLAIN-1752,MED-708,240.07
jev-score,PLAIN-1752,MED-709,238.43
jev-score,PLAIN-1762,MED-865,289.25
jev-score,PLAIN-1762,MED-3721,297.0
jev-score,PLAIN-1762,MED-759,295.67
jev-score,PLAIN-1762,MED-3716,217.55
jev-score,PLAIN-1762,MED-3103,231.43
jev-score,PLAIN-1762,MED-3558,218.07
jev-score,PLAIN-1762,MED-3111,257.5
jev-score,PLAIN-1762,MED-3561,240.2
jev-score,PLAIN-1762,MED-4752,267.11
jev-score,PLAIN-1762,MED-2033,235.88
jev-score,PLAIN-1762,MED-4512,418.71
jev-score,PLAIN-1762,MED-4030,274.83
jev-score,PLAIN-1762,MED-3108,274.3
jev-score,PLAIN-1762,MED-3105,220.56
jev-score,PLAIN-1762,MED-4024,278.36
jev-score,PLAIN-1762,MED-852,276.13
jev-score,PLAIN-1762,MED-3107,352.58
jev-score,PLAIN-1762,MED-3106,270.4
jev-score,PLAIN-1762,MED-4909,228.0
jev-score,PLAIN-1762,MED-4619,218.06
jev-score,PLAIN-1772,MED-4728,292.48
jev-score,PLAIN-1772,MED-4727,282.54
jev-score,PLAIN-1772,MED-10,229.44
jev-score,PLAIN-1772,MED-14,277.8
jev-score,PLAIN-1772,MED-118,262.82
jev-score,PLAIN-1772,MED-301,252.17
jev-score,PLAIN-1772,MED-306,309.39
jev-score,PLAIN-1772,MED-329,313.24
jev-score,PLAIN-1772,MED-330,204.06
jev-score,PLAIN-1772,MED-332,272.37
jev-score,PLAIN-1772,MED-334,267.14
jev-score,PLAIN-1772,MED-335,269.77
jev-score,PLAIN-1772,MED-398,265.57
jev-score,PLAIN-1772,MED-557,283.12
jev-score,PLAIN-1772,MED-666,241.0
jev-score,PLAIN-1772,MED-691,236.53
jev-score,PLAIN-1772,MED-692,269.0
jev-score,PLAIN-1772,MED-702,287.93
jev-score,PLAIN-1772,MED-706,242.61
jev-score,PLAIN-1772,MED-707,317.3
jev-score,PLAIN-1784,MED-2671,207.41
jev-score,PLAIN-1784,MED-5326,243.58
jev-score,PLAIN-1784,MED-4482,255.59
jev-score,PLAIN-1784,MED-2170,254.39
jev-score,PLAIN-1784,MED-4977,205.58
jev-score,PLAIN-1784,MED-4493,237.16
jev-score,PLAIN-1784,MED-1802,246.58
jev-score,PLAIN-1784,MED-5195,325.22
jev-score,PLAIN-1784,MED-4485,361.22
jev-score,PLAIN-1784,MED-3499,215.3
jev-score,PLAIN-1784,MED-4261,321.27
jev-score,PLAIN-1784,MED-5235,202.97
jev-score,PLAIN-1784,MED-2673,233.56
jev-score,PLAIN-1784,MED-4175,1236.49
jev-score,PLAIN-1784,MED-4382,201.12
jev-score,PLAIN-1784,MED-5236,1214.96
jev-score,PLAIN-1784,MED-4814,213.71
jev-score,PLAIN-1784,MED-5205,260.63
jev-score,PLAIN-1784,MED-2584,198.02
jev-score,PLAIN-1784,MED-4072,258.49
jev-score,PLAIN-1794,MED-5041,226.37
jev-score,PLAIN-1794,MED-5042,284.65
jev-score,PLAIN-1794,MED-10,237.75
jev-score,PLAIN-1794,MED-14,255.05
jev-score,PLAIN-1794,MED-118,185.62
jev-score,PLAIN-1794,MED-301,235.66
jev-score,PLAIN-1794,MED-306,254.38
jev-score,PLAIN-1794,MED-329,259.8
jev-score,PLAIN-1794,MED-330,307.55
jev-score,PLAIN-1794,MED-332,191.8
jev-score,PLAIN-1794,MED-334,295.88
jev-score,PLAIN-1794,MED-335,244.06
jev-score,PLAIN-1794,MED-398,303.49
jev-score,PLAIN-1794,MED-557,271.71
jev-score,PLAIN-1794,MED-666,275.82
jev-score,PLAIN-1794,MED-691,214.15
jev-score,PLAIN-1794,MED-692,237.22
jev-score,PLAIN-1794,MED-702,316.81
jev-score,PLAIN-1794,MED-706,198.21
jev-score,PLAIN-1794,MED-707,221.35
jev-score,PLAIN-1805,MED-3938,232.06
jev-score,PLAIN-1805,MED-5196,314.83
jev-score,PLAIN-1805,MED-3931,299.65
jev-score,PLAIN-1805,MED-4939,269.65
jev-score,PLAIN-1805,MED-3935,279.49
jev-score,PLAIN-1805,MED-3933,267.69
jev-score,PLAIN-1805,MED-2173,332.26
jev-score,PLAIN-1805,MED-1499,204.29
jev-score,PLAIN-1805,MED-3925,208.38
jev-score,PLAIN-1805,MED-3930,319.1
jev-score,PLAIN-1805,MED-1287,261.67
jev-score,PLAIN-1805,MED-3927,217.41
jev-score,PLAIN-1805,MED-5335,252.35
jev-score,PLAIN-1805,MED-2979,230.26
jev-score,PLAIN-1805,MED-5054,245.1
jev-score,PLAIN-1805,MED-1408,289.8
jev-score,PLAIN-1805,MED-3932,239.85
jev-score,PLAIN-1805,MED-4926,248.73
jev-score,PLAIN-1805,MED-3940,246.08
jev-score,PLAIN-1805,MED-3936,282.0
jev-score,PLAIN-1817,MED-4284,232.59
jev-score,PLAIN-1817,MED-4706,264.37
jev-score,PLAIN-1817,MED-2150,226.44
jev-score,PLAIN-1817,MED-2382,245.13
jev-score,PLAIN-1817,MED-3198,208.48
jev-score,PLAIN-1817,MED-5016,232.44
jev-score,PLAIN-1817,MED-973,237.88
jev-score,PLAIN-1817,MED-4709,221.66
jev-score,PLAIN-1817,MED-1534,273.78
jev-score,PLAIN-1817,MED-2792,237.49
jev-score,PLAIN-1817,MED-3385,317.79
jev-score,PLAIN-1817,MED-3387,1110.3
jev-score,PLAIN-1817,MED-4287,272.12
jev-score,PLAIN-1817,MED-4765,232.69
jev-score,PLAIN-1817,MED-1930,225.11
jev-score,PLAIN-1817,MED-3358,249.02
jev-score,PLAIN-1817,MED-1148,264.67
jev-score,PLAIN-1817,MED-1412,238.78
jev-score,PLAIN-1817,MED-5085,249.95
jev-score,PLAIN-1817,MED-5261,268.06
jev-score,PLAIN-1827,MED-10,232.09
jev-score,PLAIN-1827,MED-14,211.25
jev-score,PLAIN-1827,MED-118,220.03
jev-score,PLAIN-1827,MED-301,237.66
jev-score,PLAIN-1827,MED-306,288.78
jev-score,PLAIN-1827,MED-329,355.82
jev-score,PLAIN-1827,MED-330,258.98
jev-score,PLAIN-1827,MED-332,234.04
jev-score,PLAIN-1827,MED-334,271.29
jev-score,PLAIN-1827,MED-335,216.88
jev-score,PLAIN-1827,MED-398,241.78
jev-score,PLAIN-1827,MED-557,243.38
jev-score,PLAIN-1827,MED-666,223.61
jev-score,PLAIN-1827,MED-691,266.32
jev-score,PLAIN-1827,MED-692,209.3
jev-score,PLAIN-1827,MED-702,249.24
jev-score,PLAIN-1827,MED-706,303.47
jev-score,PLAIN-1827,MED-707,255.97
jev-score,PLAIN-1827,MED-708,226.87
jev-score,PLAIN-1827,MED-709,279.36
jev-score,PLAIN-1837,MED-2748,227.05
jev-score,PLAIN-1837,MED-1725,230.18
jev-score,PLAIN-1837,MED-3936,232.4
jev-score,PLAIN-1837,MED-1158,229.68
jev-score,PLAIN-1837,MED-1726,205.63
jev-score,PLAIN-1837,MED-4535,238.7
jev-score,PLAIN-1837,MED-4178,189.84
jev-score,PLAIN-1837,MED-1167,212.01
jev-score,PLAIN-1837,MED-1170,264.08
jev-score,PLAIN-1837,MED-1176,202.76
jev-score,PLAIN-1837,MED-1161,229.92
jev-score,PLAIN-1837,MED-1174,483.82
jev-score,PLAIN-1837,MED-4187,235.1
jev-score,PLAIN-1837,MED-1172,292.83
jev-score,PLAIN-1837,MED-1139,226.65
jev-score,PLAIN-1837,MED-1166,286.26
jev-score,PLAIN-1837,MED-4177,241.0
jev-score,PLAIN-1837,MED-1157,245.44
jev-score,PLAIN-1837,MED-4179,235.06
jev-score,PLAIN-1837,MED-1160,235.21
jev-score,PLAIN-1847,MED-4000,245.03
jev-score,PLAIN-1847,MED-3603,255.67
jev-score,PLAIN-1847,MED-3983,278.6
jev-score,PLAIN-1847,MED-10,196.6
jev-score,PLAIN-1847,MED-14,197.45
jev-score,PLAIN-1847,MED-118,205.1
jev-score,PLAIN-1847,MED-301,194.29
jev-score,PLAIN-1847,MED-306,237.03
jev-score,PLAIN-1847,MED-329,285.76
jev-score,PLAIN-1847,MED-330,282.64
jev-score,PLAIN-1847,MED-332,254.49
jev-score,PLAIN-1847,MED-334,273.17
jev-score,PLAIN-1847,MED-335,245.31
jev-score,PLAIN-1847,MED-398,254.42
jev-score,PLAIN-1847,MED-557,226.06
jev-score,PLAIN-1847,MED-666,195.36
jev-score,PLAIN-1847,MED-691,289.42
jev-score,PLAIN-1847,MED-692,269.02
jev-score,PLAIN-1847,MED-702,228.44
jev-score,PLAIN-1847,MED-706,179.81
jev-score,PLAIN-1857,MED-4319,203.52
jev-score,PLAIN-1857,MED-2544,264.98
jev-score,PLAIN-1857,MED-2988,265.72
jev-score,PLAIN-1857,MED-2578,257.65
jev-score,PLAIN-1857,MED-2986,296.71
jev-score,PLAIN-1857,MED-2979,257.54
jev-score,PLAIN-1857,MED-5231,228.02
jev-score,PLAIN-1857,MED-5357,257.67
jev-score,PLAIN-1857,MED-1745,236.42
jev-score,PLAIN-1857,MED-2575,243.28
jev-score,PLAIN-1857,MED-3221,217.89
jev-score,PLAIN-1857,MED-3215,242.84
jev-score,PLAIN-1857,MED-1067,229.72
jev-score,PLAIN-1857,MED-846,275.68
jev-score,PLAIN-1857,MED-5270,203.59
jev-score,PLAIN-1857,MED-2098,343.46
jev-score,PLAIN-1857,MED-4995,210.4
jev-score,PLAIN-1857,MED-3943,278.85
jev-score,PLAIN-1857,MED-4092,241.34
jev-score,PLAIN-1857,MED-1846,255.39
jev-score,PLAIN-1867,MED-10,300.37
jev-score,PLAIN-1867,MED-14,277.25
jev-score,PLAIN-1867,MED-118,267.16
jev-score,PLAIN-1867,MED-301,316.73
jev-score,PLAIN-1867,MED-306,327.5
jev-score,PLAIN-1867,MED-329,507.61
jev-score,PLAIN-1867,MED-330,273.27
jev-score,PLAIN-1867,MED-332,361.5
jev-score,PLAIN-1867,MED-334,243.41
jev-score,PLAIN-1867,MED-335,220.54
jev-score,PLAIN-1867,MED-398,227.75
jev-score,PLAIN-1867,MED-557,230.37
jev-score,PLAIN-1867,MED-666,266.12
jev-score,PLAIN-1867,MED-691,264.53
jev-score,PLAIN-1867,MED-692,248.16
jev-score,PLAIN-1867,MED-702,357.78
jev-score,PLAIN-1867,MED-706,206.14
jev-score,PLAIN-1867,MED-707,228.45
jev-score,PLAIN-1867,MED-708,230.57
jev-score,PLAIN-1867,MED-709,215.32
jev-score,PLAIN-1877,MED-4831,218.35
jev-score,PLAIN-1877,MED-4255,191.41
jev-score,PLAIN-1877,MED-4613,243.26
jev-score,PLAIN-1877,MED-1489,230.1
jev-score,PLAIN-1877,MED-1991,218.85
jev-score,PLAIN-1877,MED-1874,232.18
jev-score,PLAIN-1877,MED-2432,238.97
jev-score,PLAIN-1877,MED-4349,246.08
jev-score,PLAIN-1877,MED-1997,226.18
jev-score,PLAIN-1877,MED-1249,263.99
jev-score,PLAIN-1877,MED-4515,264.01
jev-score,PLAIN-1877,MED-3931,339.91
jev-score,PLAIN-1877,MED-1445,303.53
jev-score,PLAIN-1877,MED-4203,261.47
jev-score,PLAIN-1877,MED-1450,292.5
jev-score,PLAIN-1877,MED-2951,338.12
jev-score,PLAIN-1877,MED-4689,258.76
jev-score,PLAIN-1877,MED-1723,228.45
jev-score,PLAIN-1877,MED-2111,389.84
jev-score,PLAIN-1877,MED-1250,258.67
jev-score,PLAIN-1887,MED-2333,285.02
jev-score,PLAIN-1887,MED-5083,372.18
jev-score,PLAIN-1887,MED-2824,232.76
jev-score,PLAIN-1887,MED-3607,190.15
jev-score,PLAIN-1887,MED-3532,352.87
jev-score,PLAIN-1887,MED-913,217.82
jev-score,PLAIN-1887,MED-2332,252.41
jev-score,PLAIN-1887,MED-915,310.26
jev-score,PLAIN-1887,MED-4915,244.84
jev-score,PLAIN-1887,MED-1293,293.71
jev-score,PLAIN-1887,MED-1397,274.76
jev-score,PLAIN-1887,MED-4949,239.15
jev-score,PLAIN-1887,MED-2335,300.2
jev-score,PLAIN-1887,MED-3522,285.47
jev-score,PLAIN-1887,MED-2070,197.85
jev-score,PLAIN-1887,MED-3311,208.96
jev-score,PLAIN-1887,MED-3307,239.64
jev-score,PLAIN-1887,MED-2143,206.7
jev-score,PLAIN-1887,MED-2951,272.16
jev-score,PLAIN-1887,MED-4689,234.98
jev-score,PLAIN-1897,MED-4186,262.21
jev-score,PLAIN-1897,MED-2644,803.76
jev-score,PLAIN-1897,MED-1312,311.64
jev-score,PLAIN-1897,MED-2559,286.28
jev-score,PLAIN-1897,MED-4426,228.53
jev-score,PLAIN-1897,MED-10,294.33
jev-score,PLAIN-1897,MED-14,280.96
jev-score,PLAIN-1897,MED-118,266.02
jev-score,PLAIN-1897,MED-301,202.58
jev-score,PLAIN-1897,MED-306,258.29
jev-score,PLAIN-1897,MED-329,270.63
jev-score,PLAIN-1897,MED-330,248.9
jev-score,PLAIN-1897,MED-332,228.34
jev-score,PLAIN-1897,MED-334,290.49
jev-score,PLAIN-1897,MED-335,235.83
jev-score,PLAIN-1897,MED-398,251.46
jev-score,PLAIN-1897,MED-557,201.25
jev-score,PLAIN-1897,MED-666,205.77
jev-score,PLAIN-1897,MED-691,251.57
jev-score,PLAIN-1897,MED-692,336.15
jev-score,PLAIN-1909,MED-2341,297.47
jev-score,PLAIN-1909,MED-4818,239.85
jev-score,PLAIN-1909,MED-1979,305.34
jev-score,PLAIN-1909,MED-2352,405.89
jev-score,PLAIN-1909,MED-1983,288.88
jev-score,PLAIN-1909,MED-3171,308.0
jev-score,PLAIN-1909,MED-1610,221.93
jev-score,PLAIN-1909,MED-4593,219.19
jev-score,PLAIN-1909,MED-3891,214.93
jev-score,PLAIN-1909,MED-2340,218.48
jev-score,PLAIN-1909,MED-3288,244.36
jev-score,PLAIN-1909,MED-2678,266.73
jev-score,PLAIN-1909,MED-1491,271.14
jev-score,PLAIN-1909,MED-4357,278.99
jev-score,PLAIN-1909,MED-4803,273.25
jev-score,PLAIN-1909,MED-1977,264.82
jev-score,PLAIN-1909,MED-4808,236.24
jev-score,PLAIN-1909,MED-3653,302.35
jev-score,PLAIN-1909,MED-2369,270.13
jev-score,PLAIN-1909,MED-4976,226.3
jev-score,PLAIN-1919,MED-3321,309.94
jev-score,PLAIN-1919,MED-4431,321.33
jev-score,PLAIN-1919,MED-4819,255.07
jev-score,PLAIN-1919,MED-3320,231.6
jev-score,PLAIN-1919,MED-3315,268.38
jev-score,PLAIN-1919,MED-4433,320.42
jev-score,PLAIN-1919,MED-3790,287.24
jev-score,PLAIN-1919,MED-3615,261.26
jev-score,PLAIN-1919,MED-3311,231.12
jev-score,PLAIN-1919,MED-4802,241.33
jev-score,PLAIN-1919,MED-3302,347.55
jev-score,PLAIN-1919,MED-3545,315.72
jev-score,PLAIN-1919,MED-3387,248.3
jev-score,PLAIN-1919,MED-4182,202.05
jev-score,PLAIN-1919,MED-4980,499.7
jev-score,PLAIN-1919,MED-5139,207.26
jev-score,PLAIN-1919,MED-4429,214.21
jev-score,PLAIN-1919,MED-3307,229.26
jev-score,PLAIN-1919,MED-4428,233.87
jev-score,PLAIN-1919,MED-3319,242.57
jev-score,PLAIN-1929,MED-2497,193.64
jev-score,PLAIN-1929,MED-4656,267.85
jev-score,PLAIN-1929,MED-2495,236.09
jev-score,PLAIN-1929,MED-2905,232.55
jev-score,PLAIN-1929,MED-3032,236.18
jev-score,PLAIN-1929,MED-4038,277.46
jev-score,PLAIN-1929,MED-4872,262.41
jev-score,PLAIN-1929,MED-5097,329.59
jev-score,PLAIN-1929,MED-3035,255.56
jev-score,PLAIN-1929,MED-5099,309.92
jev-score,PLAIN-1929,MED-4470,223.54
jev-score,PLAIN-1929,MED-1003,246.76
jev-score,PLAIN-1929,MED-3452,207.4
jev-score,PLAIN-1929,MED-2904,402.15
jev-score,PLAIN-1929,MED-3026,266.93
jev-score,PLAIN-1929,MED-1166,283.03
jev-score,PLAIN-1929,MED-1175,245.18
jev-score,PLAIN-1929,MED-951,302.75
jev-score,PLAIN-1929,MED-4150,231.92
jev-score,PLAIN-1929,MED-3023,274.31
jev-score,PLAIN-1940,MED-3792,244.57
jev-score,PLAIN-1940,MED-3797,299.37
jev-score,PLAIN-1940,MED-4946,288.88
jev-score,PLAIN-1940,MED-4114,250.65
jev-score,PLAIN-1940,MED-1198,274.91
jev-score,PLAIN-1940,MED-2006,243.0
jev-score,PLAIN-1940,MED-829,207.45
jev-score,PLAIN-1940,MED-10,241.34
jev-score,PLAIN-1940,MED-14,268.67
jev-score,PLAIN-1940,MED-118,807.89
jev-score,PLAIN-1940,MED-301,241.38
jev-score,PLAIN-1940,MED-306,326.41
jev-score,PLAIN-1940,MED-329,274.85
jev-score,PLAIN-1940,MED-330,221.5
jev-score,PLAIN-1940,MED-332,323.53
jev-score,PLAIN-1940,MED-334,265.51
jev-score,PLAIN-1940,MED-335,219.87
jev-score,PLAIN-1940,MED-398,243.56
jev-score,PLAIN-1940,MED-557,221.77
jev-score,PLAIN-1940,MED-666,246.7
jev-score,PLAIN-1950,MED-912,247.8
jev-score,PLAIN-1950,MED-4250,256.23
jev-score,PLAIN-1950,MED-3904,272.03
jev-score,PLAIN-1950,MED-1950,269.24
jev-score,PLAIN-1950,MED-1795,227.13
jev-score,PLAIN-1950,MED-10,202.36
jev-score,PLAIN-1950,MED-14,222.68
jev-score,PLAIN-1950,MED-118,266.91
jev-score,PLAIN-1950,MED-301,259.14
jev-score,PLAIN-1950,MED-306,255.33
jev-score,PLAIN-1950,MED-329,249.67
jev-score,PLAIN-1950,MED-330,227.18
jev-score,PLAIN-1950,MED-332,287.27
jev-score,PLAIN-1950,MED-334,299.59
jev-score,PLAIN-1950,MED-335,251.42
jev-score,PLAIN-1950,MED-398,190.57
jev-score,PLAIN-1950,MED-557,264.45
jev-score,PLAIN-1950,MED-666,271.41
jev-score,PLAIN-1950,MED-691,218.37
jev-score,PLAIN-1950,MED-692,257.81
jev-score,PLAIN-1962,MED-2438,260.43
jev-score,PLAIN-1962,MED-4295,194.61
jev-score,PLAIN-1962,MED-10,283.5
jev-score,PLAIN-1962,MED-14,267.24
jev-score,PLAIN-1962,MED-118,259.16
jev-score,PLAIN-1962,MED-301,210.76
jev-score,PLAIN-1962,MED-306,258.02
jev-score,PLAIN-1962,MED-329,295.82
jev-score,PLAIN-1962,MED-330,278.33
jev-score,PLAIN-1962,MED-332,291.76
jev-score,PLAIN-1962,MED-334,187.05
jev-score,PLAIN-1962,MED-335,256.44
jev-score,PLAIN-1962,MED-398,211.33
jev-score,PLAIN-1962,MED-557,230.38
jev-score,PLAIN-1962,MED-666,239.27
jev-score,PLAIN-1962,MED-691,195.65
jev-score,PLAIN-1962,MED-692,217.04
jev-score,PLAIN-1962,MED-702,245.64
jev-score,PLAIN-1962,MED-706,215.78
jev-score,PLAIN-1962,MED-707,238.37
jev-score,PLAIN-1972,MED-1442,231.08
jev-score,PLAIN-1972,MED-2143,224.04
jev-score,PLAIN-1972,MED-10,231.72
jev-score,PLAIN-1972,MED-14,193.44
jev-score,PLAIN-1972,MED-118,205.83
jev-score,PLAIN-1972,MED-301,237.86
jev-score,PLAIN-1972,MED-306,250.24
jev-score,PLAIN-1972,MED-329,271.21
jev-score,PLAIN-1972,MED-330,257.14
jev-score,PLAIN-1972,MED-332,214.12
jev-score,PLAIN-1972,MED-334,223.69
jev-score,PLAIN-1972,MED-335,216.46
jev-score,PLAIN-1972,MED-398,234.2
jev-score,PLAIN-1972,MED-557,269.36
jev-score,PLAIN-1972,MED-666,215.25
jev-score,PLAIN-1972,MED-691,206.02
jev-score,PLAIN-1972,MED-692,266.25
jev-score,PLAIN-1972,MED-702,265.99
jev-score,PLAIN-1972,MED-706,208.54
jev-score,PLAIN-1972,MED-707,269.32
jev-score,PLAIN-1983,MED-2137,329.38
jev-score,PLAIN-1983,MED-2521,227.21
jev-score,PLAIN-1983,MED-2134,247.59
jev-score,PLAIN-1983,MED-2520,206.77
jev-score,PLAIN-1983,MED-2514,281.9
jev-score,PLAIN-1983,MED-2132,353.18
jev-score,PLAIN-1983,MED-2507,306.03
jev-score,PLAIN-1983,MED-5237,225.53
jev-score,PLAIN-1983,MED-2517,239.02
jev-score,PLAIN-1983,MED-2127,177.81
jev-score,PLAIN-1983,MED-2504,194.77
jev-score,PLAIN-1983,MED-2124,237.67
jev-score,PLAIN-1983,MED-1229,245.9
jev-score,PLAIN-1983,MED-2123,298.9
jev-score,PLAIN-1983,MED-4711,344.19
jev-score,PLAIN-1983,MED-2117,204.31
jev-score,PLAIN-1983,MED-2126,295.43
jev-score,PLAIN-1983,MED-2509,236.33
jev-score,PLAIN-1983,MED-2128,246.4
jev-score,PLAIN-1983,MED-2114,182.51
jev-score,PLAIN-1995,MED-4413,231.4
jev-score,PLAIN-1995,MED-4902,216.81
jev-score,PLAIN-1995,MED-1647,269.8
jev-score,PLAIN-1995,MED-4330,231.07
jev-score,PLAIN-1995,MED-898,253.88
jev-score,PLAIN-1995,MED-4713,243.3
jev-score,PLAIN-1995,MED-4776,247.99
jev-score,PLAIN-1995,MED-4332,262.99
jev-score,PLAIN-1995,MED-5245,247.05
jev-score,PLAIN-1995,MED-5241,302.34
jev-score,PLAIN-1995,MED-1645,311.18
jev-score,PLAIN-1995,MED-5257,251.96
jev-score,PLAIN-1995,MED-1840,243.65
jev-score,PLAIN-1995,MED-5047,248.68
jev-score,PLAIN-1995,MED-1845,445.87
jev-score,PLAIN-1995,MED-4365,228.7
jev-score,PLAIN-1995,MED-2200,295.48
jev-score,PLAIN-1995,MED-1643,250.89
jev-score,PLAIN-1995,MED-1847,227.34
jev-score,PLAIN-1995,MED-5046,199.3
jev-score,PLAIN-2009,MED-5173,251.09
jev-score,PLAIN-2009,MED-3951,347.22
jev-score,PLAIN-2009,MED-4961,221.76
jev-score,PLAIN-2009,MED-1733,196.52
jev-score,PLAIN-2009,MED-4439,229.86
jev-score,PLAIN-2009,MED-10,242.86
jev-score,PLAIN-2009,MED-14,241.85
jev-score,PLAIN-2009,MED-118,265.06
jev-score,PLAIN-2009,MED-301,232.48
jev-score,PLAIN-2009,MED-306,230.23
jev-score,PLAIN-2009,MED-329,219.31
jev-score,PLAIN-2009,MED-330,232.79
jev-score,PLAIN-2009,MED-332,251.73
jev-score,PLAIN-2009,MED-334,207.35
jev-score,PLAIN-2009,MED-335,272.23
jev-score,PLAIN-2009,MED-398,278.94
jev-score,PLAIN-2009,MED-557,245.71
jev-score,PLAIN-2009,MED-666,191.27
jev-score,PLAIN-2009,MED-691,819.41
jev-score,PLAIN-2009,MED-692,253.97
jev-score,PLAIN-2019,MED-4573,243.53
jev-score,PLAIN-2019,MED-10,209.77
jev-score,PLAIN-2019,MED-14,197.01
jev-score,PLAIN-2019,MED-118,284.67
jev-score,PLAIN-2019,MED-301,202.88
jev-score,PLAIN-2019,MED-306,212.96
jev-score,PLAIN-2019,MED-329,267.22
jev-score,PLAIN-2019,MED-330,312.54
jev-score,PLAIN-2019,MED-332,208.37
jev-score,PLAIN-2019,MED-334,262.37
jev-score,PLAIN-2019,MED-335,327.84
jev-score,PLAIN-2019,MED-398,313.25
jev-score,PLAIN-2019,MED-557,235.69
jev-score,PLAIN-2019,MED-666,241.81
jev-score,PLAIN-2019,MED-691,274.87
jev-score,PLAIN-2019,MED-692,206.68
jev-score,PLAIN-2019,MED-702,220.45
jev-score,PLAIN-2019,MED-706,223.89
jev-score,PLAIN-2019,MED-707,253.88
jev-score,PLAIN-2019,MED-708,256.79
jev-score,PLAIN-2030,MED-4051,244.21
jev-score,PLAIN-2030,MED-2816,244.79
jev-score,PLAIN-2030,MED-10,222.65
jev-score,PLAIN-2030,MED-14,221.24
jev-score,PLAIN-2030,MED-118,245.95
jev-score,PLAIN-2030,MED-301,255.24
jev-score,PLAIN-2030,MED-306,227.64
jev-score,PLAIN-2030,MED-329,333.33
jev-score,PLAIN-2030,MED-330,221.54
jev-score,PLAIN-2030,MED-332,253.26
jev-score,PLAIN-2030,MED-334,228.7
jev-score,PLAIN-2030,MED-335,307.89
jev-score,PLAIN-2030,MED-398,250.44
jev-score,PLAIN-2030,MED-557,234.5
jev-score,PLAIN-2030,MED-666,201.1
jev-score,PLAIN-2030,MED-691,272.1
jev-score,PLAIN-2030,MED-692,239.47
jev-score,PLAIN-2030,MED-702,223.21
jev-score,PLAIN-2030,MED-706,259.76
jev-score,PLAIN-2030,MED-707,210.73
jev-score,PLAIN-2040,MED-4933,300.59
jev-score,PLAIN-2040,MED-3024,260.77
jev-score,PLAIN-2040,MED-4936,197.0
jev-score,PLAIN-2040,MED-4943,241.77
jev-score,PLAIN-2040,MED-4961,236.38
jev-score,PLAIN-2040,MED-4964,278.23
jev-score,PLAIN-2040,MED-2678,213.59
jev-score,PLAIN-2040,MED-5094,264.3
jev-score,PLAIN-2040,MED-2396,225.35
jev-score,PLAIN-2040,MED-4934,287.61
jev-score,PLAIN-2040,MED-5271,250.47
jev-score,PLAIN-2040,MED-4474,274.69
jev-score,PLAIN-2040,MED-2391,258.29
jev-score,PLAIN-2040,MED-10,292.28
jev-score,PLAIN-2040,MED-14,278.91
jev-score,PLAIN-2040,MED-118,275.63
jev-score,PLAIN-2040,MED-301,238.72
jev-score,PLAIN-2040,MED-306,205.49
jev-score,PLAIN-2040,MED-329,387.27
jev-score,PLAIN-2040,MED-330,259.87
jev-score,PLAIN-2051,MED-1556,266.44
jev-score,PLAIN-2051,MED-5267,219.3
jev-score,PLAIN-2051,MED-1781,232.45
jev-score,PLAIN-2051,MED-1454,229.92
jev-score,PLAIN-2051,MED-4556,255.76
jev-score,PLAIN-2051,MED-1873,260.84
jev-score,PLAIN-2051,MED-4005,294.55
jev-score,PLAIN-2051,MED-1072,216.0
jev-score,PLAIN-2051,MED-3586,257.0
jev-score,PLAIN-2051,MED-5014,272.19
jev-score,PLAIN-2051,MED-4450,261.67
jev-score,PLAIN-2051,MED-2511,227.85
jev-score,PLAIN-2051,MED-1063,237.08
jev-score,PLAIN-2051,MED-3198,311.64
jev-score,PLAIN-2051,MED-4154,251.87
jev-score,PLAIN-2051,MED-1258,192.43
jev-score,PLAIN-2051,MED-1921,222.52
jev-score,PLAIN-2051,MED-3249,310.22
jev-score,PLAIN-2051,MED-4823,271.13
jev-score,PLAIN-2051,MED-1069,351.19
jev-score,PLAIN-2061,MED-3031,289.91
jev-score,PLAIN-2061,MED-4736,264.64
jev-score,PLAIN-2061,MED-2344,255.87
jev-score,PLAIN-2061,MED-5101,208.71
jev-score,PLAIN-2061,MED-2262,299.55
jev-score,PLAIN-2061,MED-4742,205.88
jev-score,PLAIN-2061,MED-2411,222.9
jev-score,PLAIN-2061,MED-4968,267.38
jev-score,PLAIN-2061,MED-3295,271.16
jev-score,PLAIN-2061,MED-2406,281.56
jev-score,PLAIN-2061,MED-4962,241.28
jev-score,PLAIN-2061,MED-4960,235.95
jev-score,PLAIN-2061,MED-4359,208.22
jev-score,PLAIN-2061,MED-2461,264.73
jev-score,PLAIN-2061,MED-2339,220.64
jev-score,PLAIN-2061,MED-3030,212.76
jev-score,PLAIN-2061,MED-4376,224.09
jev-score,PLAIN-2061,MED-1380,222.62
jev-score,PLAIN-2061,MED-4739,278.2
jev-score,PLAIN-2061,MED-3631,232.49
jev-score,PLAIN-2071,MED-3532,289.19
jev-score,PLAIN-2071,MED-4306,238.43
jev-score,PLAIN-2071,MED-4309,224.66
jev-score,PLAIN-2071,MED-1349,244.13
jev-score,PLAIN-2071,MED-3530,247.54
jev-score,PLAIN-2071,MED-1352,250.44
jev-score,PLAIN-2071,MED-3526,233.6
jev-score,PLAIN-2071,MED-1245,197.59
jev-score,PLAIN-2071,MED-3658,257.95
jev-score,PLAIN-2071,MED-3540,232.96
jev-score,PLAIN-2071,MED-3524,231.29
jev-score,PLAIN-2071,MED-3539,241.18
jev-score,PLAIN-2071,MED-3546,256.59
jev-score,PLAIN-2071,MED-5365,278.72
jev-score,PLAIN-2071,MED-1006,259.53
jev-score,PLAIN-2071,MED-3661,280.77
jev-score,PLAIN-2071,MED-4308,354.98
jev-score,PLAIN-2071,MED-1342,260.41
jev-score,PLAIN-2071,MED-4148,222.85
jev-score,PLAIN-2071,MED-946,350.21
jev-score,PLAIN-2081,MED-4303,273.95
jev-score,PLAIN-2081,MED-1182,253.62
jev-score,PLAIN-2081,MED-2700,245.85
jev-score,PLAIN-2081,MED-2671,245.12
jev-score,PLAIN-2081,MED-859,212.25
jev-score,PLAIN-2081,MED-2074,380.6
jev-score,PLAIN-2081,MED-2810,245.02
jev-score,PLAIN-2081,MED-2505,249.14
jev-score,PLAIN-2081,MED-4180,229.42
jev-score,PLAIN-2081,MED-2309,219.51
jev-score,PLAIN-2081,MED-3762,224.7
jev-score,PLAIN-2081,MED-2324,202.95
jev-score,PLAIN-2081,MED-1223,277.37
jev-score,PLAIN-2081,MED-2769,232.64
jev-score,PLAIN-2081,MED-5359,241.85
jev-score,PLAIN-2081,MED-2303,235.04
jev-score,PLAIN-2081,MED-4919,226.62
jev-score,PLAIN-2081,MED-3976,325.86
jev-score,PLAIN-2081,MED-1914,236.79
jev-score,PLAIN-2081,MED-3170,249.19
jev-score,PLAIN-2092,MED-1434,236.33
jev-score,PLAIN-2092,MED-1437,362.41
jev-score,PLAIN-2092,MED-1436,273.4
jev-score,PLAIN-2092,MED-1432,228.04
jev-score,PLAIN-2092,MED-1440,232.08
jev-score,PLAIN-2092,MED-10,465.33
jev-score,PLAIN-2092,MED-14,305.64
jev-score,PLAIN-2092,MED-118,259.32
jev-score,PLAIN-2092,MED-301,248.7
jev-score,PLAIN-2092,MED-306,374.67
jev-score,PLAIN-2092,MED-329,213.48
jev-score,PLAIN-2092,MED-330,231.61
jev-score,PLAIN-2092,MED-332,250.39
jev-score,PLAIN-2092,MED-334,224.95
jev-score,PLAIN-2092,MED-335,230.17
jev-score,PLAIN-2092,MED-398,217.44
jev-score,PLAIN-2092,MED-557,301.6
jev-score,PLAIN-2092,MED-666,295.7
jev-score,PLAIN-2092,MED-691,241.48
jev-score,PLAIN-2092,MED-692,213.75
jev-score,PLAIN-2102,MED-1545,283.11
jev-score,PLAIN-2102,MED-3318,228.69
jev-score,PLAIN-2102,MED-2237,305.8
jev-score,PLAIN-2102,MED-5159,254.34
jev-score,PLAIN-2102,MED-3033,205.14
jev-score,PLAIN-2102,MED-759,260.87
jev-score,PLAIN-2102,MED-5256,259.62
jev-score,PLAIN-2102,MED-3394,198.25
jev-score,PLAIN-2102,MED-3544,305.48
jev-score,PLAIN-2102,MED-1051,209.56
jev-score,PLAIN-2102,MED-4824,253.83
jev-score,PLAIN-2102,MED-2252,194.38
jev-score,PLAIN-2102,MED-4480,233.09
jev-score,PLAIN-2102,MED-2917,216.45
jev-score,PLAIN-2102,MED-1916,231.22
jev-score,PLAIN-2102,MED-4324,233.58
jev-score,PLAIN-2102,MED-2505,284.26
jev-score,PLAIN-2102,MED-2176,226.34
jev-score,PLAIN-2102,MED-1498,240.63
jev-score,PLAIN-2102,MED-1603,276.61
jev-score,PLAIN-2113,MED-3890,222.27
jev-score,PLAIN-2113,MED-1757,247.47
jev-score,PLAIN-2113,MED-1182,280.28
jev-score,PLAIN-2113,MED-1147,254.1
jev-score,PLAIN-2113,MED-1594,281.05
jev-score,PLAIN-2113,MED-2521,256.09
jev-score,PLAIN-2113,MED-915,224.67
jev-score,PLAIN-2113,MED-3635,253.49
jev-score,PLAIN-2113,MED-4135,227.52
jev-score,PLAIN-2113,MED-1157,235.53
jev-score,PLAIN-2113,MED-3966,235.05
jev-score,PLAIN-2113,MED-1755,297.45
jev-score,PLAIN-2113,MED-1216,231.62
jev-score,PLAIN-2113,MED-2264,204.66
jev-score,PLAIN-2113,MED-1546,277.65
jev-score,PLAIN-2113,MED-762,217.19
jev-score,PLAIN-2113,MED-1213,236.76
jev-score,PLAIN-2113,MED-1451,197.99
jev-score,PLAIN-2113,MED-1542,256.29
jev-score,PLAIN-2113,MED-4598,274.52
jev-score,PLAIN-2124,MED-1525,414.77
jev-score,PLAIN-2124,MED-1522,288.61
jev-score,PLAIN-2124,MED-10,238.44
jev-score,PLAIN-2124,MED-14,279.7
jev-score,PLAIN-2124,MED-118,244.18
jev-score,PLAIN-2124,MED-301,226.38
jev-score,PLAIN-2124,MED-306,246.86
jev-score,PLAIN-2124,MED-329,318.65
jev-score,PLAIN-2124,MED-330,235.73
jev-score,PLAIN-2124,MED-332,234.43
jev-score,PLAIN-2124,MED-334,262.64
jev-score,PLAIN-2124,MED-335,258.86
jev-score,PLAIN-2124,MED-398,230.06
jev-score,PLAIN-2124,MED-557,330.81
jev-score,PLAIN-2124,MED-666,301.77
jev-score,PLAIN-2124,MED-691,355.62
jev-score,PLAIN-2124,MED-692,227.27
jev-score,PLAIN-2124,MED-702,249.1
jev-score,PLAIN-2124,MED-706,249.38
jev-score,PLAIN-2124,MED-707,245.09
jev-score,PLAIN-2134,MED-10,275.81
jev-score,PLAIN-2134,MED-14,251.04
jev-score,PLAIN-2134,MED-118,246.14
jev-score,PLAIN-2134,MED-301,218.11
jev-score,PLAIN-2134,MED-306,339.08
jev-score,PLAIN-2134,MED-329,245.02
jev-score,PLAIN-2134,MED-330,228.65
jev-score,PLAIN-2134,MED-332,256.1
jev-score,PLAIN-2134,MED-334,273.9
jev-score,PLAIN-2134,MED-335,217.55
jev-score,PLAIN-2134,MED-398,286.59
jev-score,PLAIN-2134,MED-557,226.7
jev-score,PLAIN-2134,MED-666,246.48
jev-score,PLAIN-2134,MED-691,244.59
jev-score,PLAIN-2134,MED-692,227.65
jev-score,PLAIN-2134,MED-702,331.22
jev-score,PLAIN-2134,MED-706,244.68
jev-score,PLAIN-2134,MED-707,188.35
jev-score,PLAIN-2134,MED-708,224.96
jev-score,PLAIN-2134,MED-709,236.81
jev-score,PLAIN-2145,MED-743,219.75
jev-score,PLAIN-2145,MED-3918,272.95
jev-score,PLAIN-2145,MED-1293,268.63
jev-score,PLAIN-2145,MED-2891,266.58
jev-score,PLAIN-2145,MED-1860,207.29
jev-score,PLAIN-2145,MED-1867,261.94
jev-score,PLAIN-2145,MED-3882,322.81
jev-score,PLAIN-2145,MED-1359,256.12
jev-score,PLAIN-2145,MED-3967,222.83
jev-score,PLAIN-2145,MED-4525,287.03
jev-score,PLAIN-2145,MED-1744,200.64
jev-score,PLAIN-2145,MED-736,222.5
jev-score,PLAIN-2145,MED-3145,258.64
jev-score,PLAIN-2145,MED-2094,315.39
jev-score,PLAIN-2145,MED-2786,237.71
jev-score,PLAIN-2145,MED-3466,260.72
jev-score,PLAIN-2145,MED-2344,213.43
jev-score,PLAIN-2145,MED-1834,240.47
jev-score,PLAIN-2145,MED-1125,217.24
jev-score,PLAIN-2145,MED-4551,227.46
jev-score,PLAIN-2156,MED-4868,205.82
jev-score,PLAIN-2156,MED-5055,260.52
jev-score,PLAIN-2156,MED-4867,835.96
jev-score,PLAIN-2156,MED-10,215.11
jev-score,PLAIN-2156,MED-14,233.69
jev-score,PLAIN-2156,MED-118,244.87
jev-score,PLAIN-2156,MED-301,221.26
jev-score,PLAIN-2156,MED-306,349.88
jev-score,PLAIN-2156,MED-329,268.42
jev-score,PLAIN-2156,MED-330,282.97
jev-score,PLAIN-2156,MED-332,265.84
jev-score,PLAIN-2156,MED-334,260.65
jev-score,PLAIN-2156,MED-335,261.1
jev-score,PLAIN-2156,MED-398,243.67
jev-score,PLAIN-2156,MED-557,267.79
jev-score,PLAIN-2156,MED-666,270.25
jev-score,PLAIN-2156,MED-691,237.95
jev-score,PLAIN-2156,MED-692,240.8
jev-score,PLAIN-2156,MED-702,226.22
jev-score,PLAIN-2156,MED-706,220.86
jev-score,PLAIN-2167,MED-2488,216.15
jev-score,PLAIN-2167,MED-3001,218.32
jev-score,PLAIN-2167,MED-10,250.72
jev-score,PLAIN-2167,MED-14,291.43
jev-score,PLAIN-2167,MED-118,222.25
jev-score,PLAIN-2167,MED-301,269.54
jev-score,PLAIN-2167,MED-306,208.7
jev-score,PLAIN-2167,MED-329,199.92
jev-score,PLAIN-2167,MED-330,209.75
jev-score,PLAIN-2167,MED-332,286.97
jev-score,PLAIN-2167,MED-334,230.2
jev-score,PLAIN-2167,MED-335,240.27
jev-score,PLAIN-2167,MED-398,219.46
jev-score,PLAIN-2167,MED-557,236.24
jev-score,PLAIN-2167,MED-666,255.12
jev-score,PLAIN-2167,MED-691,235.14
jev-score,PLAIN-2167,MED-692,219.84
jev-score,PLAIN-2167,MED-702,253.74
jev-score,PLAIN-2167,MED-706,275.83
jev-score,PLAIN-2167,MED-707,295.07
jev-score,PLAIN-2177,MED-3282,194.93
jev-score,PLAIN-2177,MED-1185,279.87
jev-score,PLAIN-2177,MED-4320,287.37
jev-score,PLAIN-2177,MED-1421,251.38
jev-score,PLAIN-2177,MED-4499,231.54
jev-score,PLAIN-2177,MED-1953,218.63
jev-score,PLAIN-2177,MED-3228,378.85
jev-score,PLAIN-2177,MED-4206,274.58
jev-score,PLAIN-2177,MED-4687,240.51
jev-score,PLAIN-2177,MED-1420,208.62
jev-score,PLAIN-2177,MED-10,259.13
jev-score,PLAIN-2177,MED-14,285.21
jev-score,PLAIN-2177,MED-118,252.81
jev-score,PLAIN-2177,MED-301,252.6
jev-score,PLAIN-2177,MED-306,319.73
jev-score,PLAIN-2177,MED-329,279.86
jev-score,PLAIN-2177,MED-330,204.49
jev-score,PLAIN-2177,MED-332,252.77
jev-score,PLAIN-2177,MED-334,218.85
jev-score,PLAIN-2177,MED-335,235.88
jev-score,PLAIN-2187,MED-1248,215.55
jev-score,PLAIN-2187,MED-1244,216.16
jev-score,PLAIN-2187,MED-10,231.48
jev-score,PLAIN-2187,MED-14,274.81
jev-score,PLAIN-2187,MED-118,208.38
jev-score,PLAIN-2187,MED-301,206.63
jev-score,PLAIN-2187,MED-306,283.85
jev-score,PLAIN-2187,MED-329,224.63
jev-score,PLAIN-2187,MED-330,235.67
jev-score,PLAIN-2187,MED-332,339.25
jev-score,PLAIN-2187,MED-334,213.85
jev-score,PLAIN-2187,MED-335,236.78
jev-score,PLAIN-2187,MED-398,302.65
jev-score,PLAIN-2187,MED-557,192.2
jev-score,PLAIN-2187,MED-666,297.99
jev-score,PLAIN-2187,MED-691,229.99
jev-score,PLAIN-2187,MED-692,221.16
jev-score,PLAIN-2187,MED-702,236.68
jev-score,PLAIN-2187,MED-706,231.42
jev-score,PLAIN-2187,MED-707,202.52
jev-score,PLAIN-2197,MED-5054,321.5
jev-score,PLAIN-2197,MED-5056,289.81
jev-score,PLAIN-2197,MED-4120,219.37
jev-score,PLAIN-2197,MED-5057,297.24
jev-score,PLAIN-2197,MED-1625,218.48
jev-score,PLAIN-2197,MED-4604,225.15
jev-score,PLAIN-2197,MED-5053,242.27
jev-score,PLAIN-2197,MED-4868,235.13
jev-score,PLAIN-2197,MED-1627,230.94
jev-score,PLAIN-2197,MED-1531,223.81
jev-score,PLAIN-2197,MED-1620,255.07
jev-score,PLAIN-2197,MED-10,210.27
jev-score,PLAIN-2197,MED-14,268.22
jev-score,PLAIN-2197,MED-118,217.85
jev-score,PLAIN-2197,MED-301,335.9
jev-score,PLAIN-2197,MED-306,243.95
jev-score,PLAIN-2197,MED-329,311.32
jev-score,PLAIN-2197,MED-330,253.77
jev-score,PLAIN-2197,MED-332,260.84
jev-score,PLAIN-2197,MED-334,288.6
jev-score,PLAIN-2209,MED-10,227.68
jev-score,PLAIN-2209,MED-14,220.67
jev-score,PLAIN-2209,MED-118,247.0
jev-score,PLAIN-2209,MED-301,227.06
jev-score,PLAIN-2209,MED-306,289.87
jev-score,PLAIN-2209,MED-329,265.62
jev-score,PLAIN-2209,MED-330,220.83
jev-score,PLAIN-2209,MED-332,212.73
jev-score,PLAIN-2209,MED-334,276.98
jev-score,PLAIN-2209,MED-335,226.26
jev-score,PLAIN-2209,MED-398,203.63
jev-score,PLAIN-2209,MED-557,269.48
jev-score,PLAIN-2209,MED-666,317.42
jev-score,PLAIN-2209,MED-691,286.23
jev-score,PLAIN-2209,MED-692,224.65
jev-score,PLAIN-2209,MED-702,342.67
jev-score,PLAIN-2209,MED-706,255.34
jev-score,PLAIN-2209,MED-707,219.5
jev-score,PLAIN-2209,MED-708,251.05
jev-score,PLAIN-2209,MED-709,259.39
jev-score,PLAIN-2220,MED-4976,218.94
jev-score,PLAIN-2220,MED-10,1322.82
jev-score,PLAIN-2220,MED-14,282.57
jev-score,PLAIN-2220,MED-118,205.25
jev-score,PLAIN-2220,MED-301,211.83
jev-score,PLAIN-2220,MED-306,206.1
jev-score,PLAIN-2220,MED-329,317.83
jev-score,PLAIN-2220,MED-330,273.61
jev-score,PLAIN-2220,MED-332,179.26
jev-score,PLAIN-2220,MED-334,312.28
jev-score,PLAIN-2220,MED-335,249.96
jev-score,PLAIN-2220,MED-398,216.5
jev-score,PLAIN-2220,MED-557,192.43
jev-score,PLAIN-2220,MED-666,205.85
jev-score,PLAIN-2220,MED-691,220.59
jev-score,PLAIN-2220,MED-692,260.4
jev-score,PLAIN-2220,MED-702,217.49
jev-score,PLAIN-2220,MED-706,199.55
jev-score,PLAIN-2220,MED-707,345.28
jev-score,PLAIN-2220,MED-708,307.23
jev-score,PLAIN-2230,MED-557,237.84
jev-score,PLAIN-2230,MED-4872,303.45
jev-score,PLAIN-2230,MED-4716,254.4
jev-score,PLAIN-2230,MED-10,193.39
jev-score,PLAIN-2230,MED-14,260.99
jev-score,PLAIN-2230,MED-118,216.59
jev-score,PLAIN-2230,MED-301,324.54
jev-score,PLAIN-2230,MED-306,254.83
jev-score,PLAIN-2230,MED-329,228.77
jev-score,PLAIN-2230,MED-330,361.13
jev-score,PLAIN-2230,MED-332,282.47
jev-score,PLAIN-2230,MED-334,280.28
jev-score,PLAIN-2230,MED-335,253.07
jev-score,PLAIN-2230,MED-398,197.12
jev-score,PLAIN-2230,MED-666,252.54
jev-score,PLAIN-2230,MED-691,234.3
jev-score,PLAIN-2230,MED-692,264.9
jev-score,PLAIN-2230,MED-702,215.31
jev-score,PLAIN-2230,MED-706,241.82
jev-score,PLAIN-2230,MED-707,259.85
jev-score,PLAIN-2240,MED-3969,206.67
jev-score,PLAIN-2240,MED-5059,358.5
jev-score,PLAIN-2240,MED-895,219.99
jev-score,PLAIN-2240,MED-3960,252.65
jev-score,PLAIN-2240,MED-3964,206.37
jev-score,PLAIN-2240,MED-3963,240.0
jev-score,PLAIN-2240,MED-3970,309.03
jev-score,PLAIN-2240,MED-1185,311.31
jev-score,PLAIN-2240,MED-1161,206.91
jev-score,PLAIN-2240,MED-10,232.04
jev-score,PLAIN-2240,MED-14,403.71
jev-score,PLAIN-2240,MED-118,225.11
jev-score,PLAIN-2240,MED-301,393.74
jev-score,PLAIN-2240,MED-306,306.72
jev-score,PLAIN-2240,MED-329,213.86
jev-score,PLAIN-2240,MED-330,228.36
jev-score,PLAIN-2240,MED-332,239.98
jev-score,PLAIN-2240,MED-334,245.29
jev-score,PLAIN-2240,MED-335,291.95
jev-score,PLAIN-2240,MED-398,239.09
jev-score,PLAIN-2250,MED-2346,255.18
jev-score,PLAIN-2250,MED-2210,265.07
jev-score,PLAIN-2250,MED-5024,189.75
jev-score,PLAIN-2250,MED-4819,274.13
jev-score,PLAIN-2250,MED-3311,221.48
jev-score,PLAIN-2250,MED-4437,255.06
jev-score,PLAIN-2250,MED-957,217.06
jev-score,PLAIN-2250,MED-10,285.08
jev-score,PLAIN-2250,MED-14,231.0
jev-score,PLAIN-2250,MED-118,224.75
jev-score,PLAIN-2250,MED-301,223.57
jev-score,PLAIN-2250,MED-306,240.93
jev-score,PLAIN-2250,MED-329,227.71
jev-score,PLAIN-2250,MED-330,226.16
jev-score,PLAIN-2250,MED-332,261.47
jev-score,PLAIN-2250,MED-334,217.69
jev-score,PLAIN-2250,MED-335,229.52
jev-score,PLAIN-2250,MED-398,273.19
jev-score,PLAIN-2250,MED-557,379.82
jev-score,PLAIN-2250,MED-666,217.33
jev-score,PLAIN-2261,MED-4600,224.15
jev-score,PLAIN-2261,MED-3597,269.72
jev-score,PLAIN-2261,MED-4004,298.56
jev-score,PLAIN-2261,MED-1558,201.53
jev-score,PLAIN-2261,MED-3530,225.71
jev-score,PLAIN-2261,MED-3599,220.22
jev-score,PLAIN-2261,MED-4556,248.66
jev-score,PLAIN-2261,MED-2850,216.49
jev-score,PLAIN-2261,MED-1552,210.47
jev-score,PLAIN-2261,MED-4450,194.97
jev-score,PLAIN-2261,MED-3586,224.14
jev-score,PLAIN-2261,MED-4211,285.47
jev-score,PLAIN-2261,MED-1576,203.91
jev-score,PLAIN-2261,MED-1194,272.58
jev-score,PLAIN-2261,MED-5193,266.79
jev-score,PLAIN-2261,MED-3585,273.11
jev-score,PLAIN-2261,MED-751,248.85
jev-score,PLAIN-2261,MED-3352,258.0
jev-score,PLAIN-2261,MED-1700,220.27
jev-score,PLAIN-2261,MED-3769,252.29
jev-score,PLAIN-2271,MED-10,228.07
jev-score,PLAIN-2271,MED-14,253.11
jev-score,PLAIN-2271,MED-118,284.7
jev-score,PLAIN-2271,MED-301,234.56
jev-score,PLAIN-2271,MED-306,330.78
jev-score,PLAIN-2271,MED-329,241.82
jev-score,PLAIN-2271,MED-330,267.38
jev-score,PLAIN-2271,MED-332,243.81
jev-score,PLAIN-2271,MED-334,268.57
jev-score,PLAIN-2271,MED-335,273.71
jev-score,PLAIN-2271,MED-398,235.38
jev-score,PLAIN-2271,MED-557,290.05
jev-score,PLAIN-2271,MED-666,250.55
jev-score,PLAIN-2271,MED-691,256.09
jev-score,PLAIN-2271,MED-692,208.86
jev-score,PLAIN-2271,MED-702,218.45
jev-score,PLAIN-2271,MED-706,245.9
jev-score,PLAIN-2271,MED-707,293.92
jev-score,PLAIN-2271,MED-708,229.98
jev-score,PLAIN-2271,MED-709,231.93
jev-score,PLAIN-2281,MED-10,243.09
jev-score,PLAIN-2281,MED-14,239.11
jev-score,PLAIN-2281,MED-118,284.75
jev-score,PLAIN-2281,MED-301,234.74
jev-score,PLAIN-2281,MED-306,223.69
jev-score,PLAIN-2281,MED-329,223.63
jev-score,PLAIN-2281,MED-330,261.56
jev-score,PLAIN-2281,MED-332,231.46
jev-score,PLAIN-2281,MED-334,306.25
jev-score,PLAIN-2281,MED-335,261.47
jev-score,PLAIN-2281,MED-398,226.12
jev-score,PLAIN-2281,MED-557,232.46
jev-score,PLAIN-2281,MED-666,274.37
jev-score,PLAIN-2281,MED-691,211.52
jev-score,PLAIN-2281,MED-692,242.28
jev-score,PLAIN-2281,MED-702,214.41
jev-score,PLAIN-2281,MED-706,223.2
jev-score,PLAIN-2281,MED-707,285.44
jev-score,PLAIN-2281,MED-708,242.57
jev-score,PLAIN-2281,MED-709,261.65
jev-score,PLAIN-2291,MED-2726,194.86
jev-score,PLAIN-2291,MED-4878,247.03
jev-score,PLAIN-2291,MED-2020,207.83
jev-score,PLAIN-2291,MED-3085,264.68
jev-score,PLAIN-2291,MED-335,278.3
jev-score,PLAIN-2291,MED-4765,209.48
jev-score,PLAIN-2291,MED-1650,247.59
jev-score,PLAIN-2291,MED-4494,209.71
jev-score,PLAIN-2291,MED-4436,242.12
jev-score,PLAIN-2291,MED-2488,207.84
jev-score,PLAIN-2291,MED-118,276.51
jev-score,PLAIN-2291,MED-2651,401.88
jev-score,PLAIN-2291,MED-3093,200.13
jev-score,PLAIN-2291,MED-1534,231.23
jev-score,PLAIN-2291,MED-4299,218.08
jev-score,PLAIN-2291,MED-3782,324.81
jev-score,PLAIN-2291,MED-1689,235.23
jev-score,PLAIN-2291,MED-4554,270.09
jev-score,PLAIN-2291,MED-3088,278.92
jev-score,PLAIN-2291,MED-1564,226.02
jev-score,PLAIN-2301,MED-2122,227.63
jev-score,PLAIN-2301,MED-3703,222.4
jev-score,PLAIN-2301,MED-2208,226.6
jev-score,PLAIN-2301,MED-1546,237.62
jev-score,PLAIN-2301,MED-762,786.01
jev-score,PLAIN-2301,MED-1213,241.6
jev-score,PLAIN-2301,MED-1451,274.18
jev-score,PLAIN-2301,MED-1542,199.33
jev-score,PLAIN-2301,MED-4598,189.8
jev-score,PLAIN-2301,MED-4673,237.6
jev-score,PLAIN-2301,MED-1560,226.99
jev-score,PLAIN-2301,MED-1505,245.95
jev-score,PLAIN-2301,MED-1548,264.97
jev-score,PLAIN-2301,MED-4919,198.72
jev-score,PLAIN-2301,MED-1150,218.63
jev-score,PLAIN-2301,MED-1878,275.51
jev-score,PLAIN-2301,MED-2296,219.45
jev-score,PLAIN-2301,MED-2304,220.65
jev-score,PLAIN-2301,MED-3768,264.3
jev-score,PLAIN-2301,MED-4206,213.12
jev-score,PLAIN-2311,MED-4801,255.02
jev-score,PLAIN-2311,MED-1165,254.69
jev-score,PLAIN-2311,MED-1978,243.44
jev-score,PLAIN-2311,MED-10,258.94
jev-score,PLAIN-2311,MED-14,242.33
jev-score,PLAIN-2311,MED-118,201.06
jev-score,PLAIN-2311,MED-301,245.2
jev-score,PLAIN-2311,MED-306,210.97
jev-score,PLAIN-2311,MED-329,233.18
jev-score,PLAIN-2311,MED-330,374.42
jev-score,PLAIN-2311,MED-332,267.92
jev-score,PLAIN-2311,MED-334,243.95
jev-score,PLAIN-2311,MED-335,353.91
jev-score,PLAIN-2311,MED-398,239.32
jev-score,PLAIN-2311,MED-557,208.83
jev-score,PLAIN-2311,MED-666,316.98
jev-score,PLAIN-2311,MED-691,269.57
jev-score,PLAIN-2311,MED-692,215.91
jev-score,PLAIN-2311,MED-702,236.33
jev-score,PLAIN-2311,MED-706,216.1
jev-score,PLAIN-2321,MED-2745,226.86
jev-score,PLAIN-2321,MED-2991,243.36
jev-score,PLAIN-2321,MED-4882,254.03
jev-score,PLAIN-2321,MED-2492,296.26
jev-score,PLAIN-2321,MED-4800,243.44
jev-score,PLAIN-2321,MED-3086,221.5
jev-score,PLAIN-2321,MED-2339,204.42
jev-score,PLAIN-2321,MED-4427,232.1
jev-score,PLAIN-2321,MED-1138,206.66
jev-score,PLAIN-2321,MED-1610,231.63
jev-score,PLAIN-2321,MED-3095,289.12
jev-score,PLAIN-2321,MED-3089,259.37
jev-score,PLAIN-2321,MED-840,290.7
jev-score,PLAIN-2321,MED-1956,240.84
jev-score,PLAIN-2321,MED-3889,264.56
jev-score,PLAIN-2321,MED-3653,265.56
jev-score,PLAIN-2321,MED-1810,246.12
jev-score,PLAIN-2321,MED-4626,192.2
jev-score,PLAIN-2321,MED-1801,214.4
jev-score,PLAIN-2321,MED-2743,202.68
jev-score,PLAIN-2332,MED-4766,214.2
jev-score,PLAIN-2332,MED-5281,239.56
jev-score,PLAIN-2332,MED-3292,238.07
jev-score,PLAIN-2332,MED-3309,326.75
jev-score,PLAIN-2332,MED-3312,225.21
jev-score,PLAIN-2332,MED-3509,209.12
jev-score,PLAIN-2332,MED-4564,1113.39
jev-score,PLAIN-2332,MED-3558,231.56
jev-score,PLAIN-2332,MED-3760,213.52
jev-score,PLAIN-2332,MED-3683,190.72
jev-score,PLAIN-2332,MED-2848,213.15
jev-score,PLAIN-2332,MED-3560,262.92
jev-score,PLAIN-2332,MED-3974,335.58
jev-score,PLAIN-2332,MED-3559,238.15
jev-score,PLAIN-2332,MED-1798,316.9
jev-score,PLAIN-2332,MED-3563,226.46
jev-score,PLAIN-2332,MED-2740,200.53
jev-score,PLAIN-2332,MED-3155,306.97
jev-score,PLAIN-2332,MED-1484,279.07
jev-score,PLAIN-2332,MED-3649,246.39
jev-score,PLAIN-2343,MED-4724,223.68
jev-score,PLAIN-2343,MED-859,243.7
jev-score,PLAIN-2343,MED-2762,293.34
jev-score,PLAIN-2343,MED-4872,214.25
jev-score,PLAIN-2343,MED-4589,217.64
jev-score,PLAIN-2343,MED-4719,240.05
jev-score,PLAIN-2343,MED-4104,226.51
jev-score,PLAIN-2343,MED-3755,228.24
jev-score,PLAIN-2343,MED-2009,239.01
jev-score,PLAIN-2343,MED-1838,374.02
jev-score,PLAIN-2343,MED-3988,241.27
jev-score,PLAIN-2343,MED-4573,278.25
jev-score,PLAIN-2343,MED-4331,218.56
jev-score,PLAIN-2343,MED-5131,247.59
jev-score,PLAIN-2343,MED-3990,285.79
jev-score,PLAIN-2343,MED-3987,205.11
jev-score,PLAIN-2343,MED-922,200.49
jev-score,PLAIN-2343,MED-920,305.05
jev-score,PLAIN-2343,MED-3986,209.62
jev-score,PLAIN-2343,MED-4574,232.55
jev-score,PLAIN-2354,MED-4303,225.5
jev-score,PLAIN-2354,MED-4709,374.22
jev-score,PLAIN-2354,MED-2152,315.25
jev-score,PLAIN-2354,MED-5153,461.49
jev-score,PLAIN-2354,MED-2378,236.69
jev-score,PLAIN-2354,MED-3432,240.84
jev-score,PLAIN-2354,MED-2379,225.4
jev-score,PLAIN-2354,MED-4302,1017.43
jev-score,PLAIN-2354,MED-4249,229.97
jev-score,PLAIN-2354,MED-4705,196.56
jev-score,PLAIN-2354,MED-4708,238.2
jev-score,PLAIN-2354,MED-4004,278.56
jev-score,PLAIN-2354,MED-5085,314.95
jev-score,PLAIN-2354,MED-927,233.09
jev-score,PLAIN-2354,MED-928,207.41
jev-score,PLAIN-2354,MED-3668,210.2
jev-score,PLAIN-2354,MED-3659,247.35
jev-score,PLAIN-2354,MED-2711,239.42
jev-score,PLAIN-2354,MED-1523,256.84
jev-score,PLAIN-2354,MED-1390,289.28
jev-score,PLAIN-2364,MED-5004,397.94
jev-score,PLAIN-2364,MED-4764,211.56
jev-score,PLAIN-2364,MED-4707,258.97
jev-score,PLAIN-2364,MED-2721,187.3
jev-score,PLAIN-2364,MED-4261,226.94
jev-score,PLAIN-2364,MED-4291,246.52
jev-score,PLAIN-2364,MED-2718,297.13
jev-score,PLAIN-2364,MED-2595,248.41
jev-score,PLAIN-2364,MED-1807,217.73
jev-score,PLAIN-2364,MED-3751,218.62
jev-score,PLAIN-2364,MED-4152,188.55
jev-score,PLAIN-2364,MED-5230,226.48
jev-score,PLAIN-2364,MED-2717,221.46
jev-score,PLAIN-2364,MED-1327,193.36
jev-score,PLAIN-2364,MED-5284,264.78
jev-score,PLAIN-2364,MED-4758,217.9
jev-score,PLAIN-2364,MED-2592,230.25
jev-score,PLAIN-2364,MED-4732,231.05
jev-score,PLAIN-2364,MED-5323,276.84
jev-score,PLAIN-2364,MED-4292,254.05
jev-score,PLAIN-2375,MED-10,289.78
jev-score,PLAIN-2375,MED-14,259.32
jev-score,PLAIN-2375,MED-118,222.83
jev-score,PLAIN-2375,MED-301,259.15
jev-score,PLAIN-2375,MED-306,261.92
jev-score,PLAIN-2375,MED-329,242.99
jev-score,PLAIN-2375,MED-330,238.38
jev-score,PLAIN-2375,MED-332,256.31
jev-score,PLAIN-2375,MED-334,235.99
jev-score,PLAIN-2375,MED-335,252.82
jev-score,PLAIN-2375,MED-398,236.03
jev-score,PLAIN-2375,MED-557,304.17
jev-score,PLAIN-2375,MED-666,219.91
jev-score,PLAIN-2375,MED-691,238.4
jev-score,PLAIN-2375,MED-692,210.67
jev-score,PLAIN-2375,MED-702,303.93
jev-score,PLAIN-2375,MED-706,236.61
jev-score,PLAIN-2375,MED-707,330.01
jev-score,PLAIN-2375,MED-708,289.05
jev-score,PLAIN-2375,MED-709,283.4
jev-score,PLAIN-2386,MED-2346,332.76
jev-score,PLAIN-2386,MED-2510,220.98
jev-score,PLAIN-2386,MED-1724,351.03
jev-score,PLAIN-2386,MED-10,297.7
jev-score,PLAIN-2386,MED-14,265.41
jev-score,PLAIN-2386,MED-118,286.35
jev-score,PLAIN-2386,MED-301,240.95
jev-score,PLAIN-2386,MED-306,229.29
jev-score,PLAIN-2386,MED-329,226.92
jev-score,PLAIN-2386,MED-330,261.15
jev-score,PLAIN-2386,MED-332,215.72
jev-score,PLAIN-2386,MED-334,217.27
jev-score,PLAIN-2386,MED-335,270.39
jev-score,PLAIN-2386,MED-398,241.94
jev-score,PLAIN-2386,MED-557,357.51
jev-score,PLAIN-2386,MED-666,285.49
jev-score,PLAIN-2386,MED-691,230.52
jev-score,PLAIN-2386,MED-692,263.02
jev-score,PLAIN-2386,MED-702,218.47
jev-score,PLAIN-2386,MED-706,203.92
jev-score,PLAIN-2396,MED-10,225.73
jev-score,PLAIN-2396,MED-14,296.74
jev-score,PLAIN-2396,MED-118,251.87
jev-score,PLAIN-2396,MED-301,209.45
jev-score,PLAIN-2396,MED-306,325.59
jev-score,PLAIN-2396,MED-329,221.75
jev-score,PLAIN-2396,MED-330,221.89
jev-score,PLAIN-2396,MED-332,248.72
jev-score,PLAIN-2396,MED-334,280.36
jev-score,PLAIN-2396,MED-335,278.9
jev-score,PLAIN-2396,MED-398,368.79
jev-score,PLAIN-2396,MED-557,394.61
jev-score,PLAIN-2396,MED-666,314.45
jev-score,PLAIN-2396,MED-691,302.88
jev-score,PLAIN-2396,MED-692,310.66
jev-score,PLAIN-2396,MED-702,499.98
jev-score,PLAIN-2396,MED-706,338.55
jev-score,PLAIN-2396,MED-707,264.33
jev-score,PLAIN-2396,MED-708,344.35
jev-score,PLAIN-2396,MED-709,256.98
jev-score,PLAIN-2408,MED-10,353.76
jev-score,PLAIN-2408,MED-14,322.66
jev-score,PLAIN-2408,MED-118,344.87
jev-score,PLAIN-2408,MED-301,241.31
jev-score,PLAIN-2408,MED-306,270.33
jev-score,PLAIN-2408,MED-329,366.62
jev-score,PLAIN-2408,MED-330,283.67
jev-score,PLAIN-2408,MED-332,200.6
jev-score,PLAIN-2408,MED-334,308.59
jev-score,PLAIN-2408,MED-335,232.59
jev-score,PLAIN-2408,MED-398,603.96
jev-score,PLAIN-2408,MED-557,306.85
jev-score,PLAIN-2408,MED-666,220.9
jev-score,PLAIN-2408,MED-691,319.86
jev-score,PLAIN-2408,MED-692,216.33
jev-score,PLAIN-2408,MED-702,207.25
jev-score,PLAIN-2408,MED-706,242.75
jev-score,PLAIN-2408,MED-707,217.4
jev-score,PLAIN-2408,MED-708,218.82
jev-score,PLAIN-2408,MED-709,215.35
jev-score,PLAIN-2430,MED-994,285.42
jev-score,PLAIN-2430,MED-980,212.01
jev-score,PLAIN-2430,MED-5034,251.32
jev-score,PLAIN-2430,MED-1505,224.61
jev-score,PLAIN-2430,MED-4872,245.49
jev-score,PLAIN-2430,MED-986,253.06
jev-score,PLAIN-2430,MED-1435,225.55
jev-score,PLAIN-2430,MED-3534,261.18
jev-score,PLAIN-2430,MED-3546,258.86
jev-score,PLAIN-2430,MED-3550,198.49
jev-score,PLAIN-2430,MED-1528,209.23
jev-score,PLAIN-2430,MED-4030,195.1
jev-score,PLAIN-2430,MED-3785,246.36
jev-score,PLAIN-2430,MED-3452,252.35
jev-score,PLAIN-2430,MED-4292,255.92
jev-score,PLAIN-2430,MED-4724,288.12
jev-score,PLAIN-2430,MED-3878,216.12
jev-score,PLAIN-2430,MED-1740,229.23
jev-score,PLAIN-2430,MED-2022,249.86
jev-score,PLAIN-2430,MED-3730,238.33
jev-score,PLAIN-2440,MED-1792,272.72
jev-score,PLAIN-2440,MED-5019,213.59
jev-score,PLAIN-2440,MED-3744,214.78
jev-score,PLAIN-2440,MED-2188,187.06
jev-score,PLAIN-2440,MED-2786,259.15
jev-score,PLAIN-2440,MED-5082,229.26
jev-score,PLAIN-2440,MED-4267,228.88
jev-score,PLAIN-2440,MED-3908,307.54
jev-score,PLAIN-2440,MED-3206,256.99
jev-score,PLAIN-2440,MED-941,240.24
jev-score,PLAIN-2440,MED-4090,229.7
jev-score,PLAIN-2440,MED-4862,228.86
jev-score,PLAIN-2440,MED-4089,243.5
jev-score,PLAIN-2440,MED-4926,286.26
jev-score,PLAIN-2440,MED-2997,291.1
jev-score,PLAIN-2440,MED-5031,262.12
jev-score,PLAIN-2440,MED-942,330.15
jev-score,PLAIN-2440,MED-3249,199.35
jev-score,PLAIN-2440,MED-1053,255.99
jev-score,PLAIN-2440,MED-2099,202.76
jev-score,PLAIN-2450,MED-1178,430.04
jev-score,PLAIN-2450,MED-1179,226.44
jev-score,PLAIN-2450,MED-1140,1207.0
jev-score,PLAIN-2450,MED-1173,250.74
jev-score,PLAIN-2450,MED-1181,257.5
jev-score,PLAIN-2450,MED-1144,228.18
jev-score,PLAIN-2450,MED-1151,261.2
jev-score,PLAIN-2450,MED-2490,231.72
jev-score,PLAIN-2450,MED-1162,235.58
jev-score,PLAIN-2450,MED-1182,207.86
jev-score,PLAIN-2450,MED-1149,309.51
jev-score,PLAIN-2450,MED-1150,259.47
jev-score,PLAIN-2450,MED-1164,249.86
jev-score,PLAIN-2450,MED-1793,246.16
jev-score,PLAIN-2450,MED-2618,212.89
jev-score,PLAIN-2450,MED-1147,217.3
jev-score,PLAIN-2450,MED-3889,228.07
jev-score,PLAIN-2450,MED-1148,212.85
jev-score,PLAIN-2450,MED-1169,262.11
jev-score,PLAIN-2450,MED-2738,308.51
jev-score,PLAIN-2460,MED-1864,296.33
jev-score,PLAIN-2460,MED-1672,241.6
jev-score,PLAIN-2460,MED-1681,217.58
jev-score,PLAIN-2460,MED-1236,249.38
jev-score,PLAIN-2460,MED-4790,313.69
jev-score,PLAIN-2460,MED-1843,255.23
jev-score,PLAIN-2460,MED-1731,212.65
jev-score,PLAIN-2460,MED-5316,250.34
jev-score,PLAIN-2460,MED-2579,280.14
jev-score,PLAIN-2460,MED-1062,218.05
jev-score,PLAIN-2460,MED-5228,240.04
jev-score,PLAIN-2460,MED-2973,206.82
jev-score,PLAIN-2460,MED-1468,223.11
jev-score,PLAIN-2460,MED-5286,197.5
jev-score,PLAIN-2460,MED-3791,228.12
jev-score,PLAIN-2460,MED-4664,298.28
jev-score,PLAIN-2460,MED-5229,279.85
jev-score,PLAIN-2460,MED-721,204.96
jev-score,PLAIN-2460,MED-2405,221.86
jev-score,PLAIN-2460,MED-5281,211.13
jev-score,PLAIN-2470,MED-4897,204.49
jev-score,PLAIN-2470,MED-4396,217.69
jev-score,PLAIN-2470,MED-1337,176.98
jev-score,PLAIN-2470,MED-4839,263.25
jev-score,PLAIN-2470,MED-1366,256.5
jev-score,PLAIN-2470,MED-5189,271.42
jev-score,PLAIN-2470,MED-2771,290.16
jev-score,PLAIN-2470,MED-1229,209.95
jev-score,PLAIN-2470,MED-2123,223.62
jev-score,PLAIN-2470,MED-4782,235.62
jev-score,PLAIN-2470,MED-1709,263.32
jev-score,PLAIN-2470,MED-2917,267.72
jev-score,PLAIN-2470,MED-1770,281.9
jev-score,PLAIN-2470,MED-906,217.35
jev-score,PLAIN-2470,MED-1768,236.44
jev-score,PLAIN-2470,MED-1352,206.9
jev-score,PLAIN-2470,MED-4560,194.63
jev-score,PLAIN-2470,MED-2126,269.51
jev-score,PLAIN-2470,MED-2056,1089.42
jev-score,PLAIN-2470,MED-335,238.41
jev-score,PLAIN-2480,MED-1039,244.54
jev-score,PLAIN-2480,MED-2811,249.57
jev-score,PLAIN-2480,MED-3964,264.28
jev-score,PLAIN-2480,MED-2782,207.58
jev-score,PLAIN-2480,MED-1184,318.0
jev-score,PLAIN-2480,MED-3970,235.43
jev-score,PLAIN-2480,MED-1187,412.31
jev-score,PLAIN-2480,MED-1582,264.28
jev-score,PLAIN-2480,MED-4628,244.68
jev-score,PLAIN-2480,MED-1421,383.18
jev-score,PLAIN-2480,MED-1576,237.29
jev-score,PLAIN-2480,MED-2809,213.69
jev-score,PLAIN-2480,MED-1188,247.56
jev-score,PLAIN-2480,MED-3694,287.54
jev-score,PLAIN-2480,MED-1418,216.42
jev-score,PLAIN-2480,MED-3496,220.96
jev-score,PLAIN-2480,MED-5204,200.83
jev-score,PLAIN-2480,MED-2359,222.28
jev-score,PLAIN-2480,MED-1575,314.65
jev-score,PLAIN-2480,MED-1215,217.28
jev-score,PLAIN-2490,MED-1490,247.0
jev-score,PLAIN-2490,MED-1488,260.28
jev-score,PLAIN-2490,MED-1354,280.69
jev-score,PLAIN-2490,MED-3089,314.16
jev-score,PLAIN-2490,MED-1486,190.02
jev-score,PLAIN-2490,MED-1192,265.33
jev-score,PLAIN-2490,MED-557,236.34
jev-score,PLAIN-2490,MED-3055,285.97
jev-score,PLAIN-2490,MED-1555,253.28
jev-score,PLAIN-2490,MED-3728,254.85
jev-score,PLAIN-2490,MED-4744,257.42
jev-score,PLAIN-2490,MED-1789,228.91
jev-score,PLAIN-2490,MED-1487,356.52
jev-score,PLAIN-2490,MED-4911,235.48
jev-score,PLAIN-2490,MED-2518,276.31
jev-score,PLAIN-2490,MED-4994,276.25
jev-score,PLAIN-2490,MED-4369,187.2
jev-score,PLAIN-2490,MED-4631,233.96
jev-score,PLAIN-2490,MED-3931,258.45
jev-score,PLAIN-2490,MED-4127,197.18
jev-score,PLAIN-2500,MED-1556,204.18
jev-score,PLAIN-2500,MED-1781,202.85
jev-score,PLAIN-2500,MED-1063,244.2
jev-score,PLAIN-2500,MED-1873,230.1
jev-score,PLAIN-2500,MED-1366,226.19
jev-score,PLAIN-2500,MED-5267,213.98
jev-score,PLAIN-2500,MED-1498,292.41
jev-score,PLAIN-2500,MED-4556,238.58
jev-score,PLAIN-2500,MED-1454,225.98
jev-score,PLAIN-2500,MED-5014,221.73
jev-score,PLAIN-2500,MED-1557,205.58
jev-score,PLAIN-2500,MED-4154,207.59
jev-score,PLAIN-2500,MED-5366,247.75
jev-score,PLAIN-2500,MED-4450,289.79
jev-score,PLAIN-2500,MED-4005,219.47
jev-score,PLAIN-2500,MED-1558,226.5
jev-score,PLAIN-2500,MED-963,213.57
jev-score,PLAIN-2500,MED-3586,217.74
jev-score,PLAIN-2500,MED-5235,219.99
jev-score,PLAIN-2500,MED-2753,230.64
jev-score,PLAIN-2510,MED-1648,324.77
jev-score,PLAIN-2510,MED-1640,229.53
jev-score,PLAIN-2510,MED-1642,230.48
jev-score,PLAIN-2510,MED-878,215.07
jev-score,PLAIN-2510,MED-1639,273.83
jev-score,PLAIN-2510,MED-1649,262.63
jev-score,PLAIN-2510,MED-5278,206.79
jev-score,PLAIN-2510,MED-1645,229.82
jev-score,PLAIN-2510,MED-1638,223.65
jev-score,PLAIN-2510,MED-1643,233.27
jev-score,PLAIN-2510,MED-3250,242.53
jev-score,PLAIN-2510,MED-5266,265.14
jev-score,PLAIN-2510,MED-1647,222.59
jev-score,PLAIN-2510,MED-5013,204.1
jev-score,PLAIN-2510,MED-3426,217.54
jev-score,PLAIN-2510,MED-2939,274.66
jev-score,PLAIN-2510,MED-2591,242.61
jev-score,PLAIN-2510,MED-3428,416.94
jev-score,PLAIN-2510,MED-5279,273.05
jev-score,PLAIN-2510,MED-5330,227.79
jev-score,PLAIN-2520,MED-3273,249.33
jev-score,PLAIN-2520,MED-4996,242.71
jev-score,PLAIN-2520,MED-5335,391.63
jev-score,PLAIN-2520,MED-2138,236.51
jev-score,PLAIN-2520,MED-2519,262.66
jev-score,PLAIN-2520,MED-4831,236.09
jev-score,PLAIN-2520,MED-1991,223.7
jev-score,PLAIN-2520,MED-2506,223.32
jev-score,PLAIN-2520,MED-3201,246.59
jev-score,PLAIN-2520,MED-1997,205.6
jev-score,PLAIN-2520,MED-4469,231.51
jev-score,PLAIN-2520,MED-1874,238.63
jev-score,PLAIN-2520,MED-2432,286.82
jev-score,PLAIN-2520,MED-2502,285.91
jev-score,PLAIN-2520,MED-3931,325.87
jev-score,PLAIN-2520,MED-2510,221.31
jev-score,PLAIN-2520,MED-4389,245.52
jev-score,PLAIN-2520,MED-4515,194.97
jev-score,PLAIN-2520,MED-1617,198.41
jev-score,PLAIN-2520,MED-4984,261.71
jev-score,PLAIN-2530,MED-1804,262.6
jev-score,PLAIN-2530,MED-1808,222.93
jev-score,PLAIN-2530,MED-1798,237.23
jev-score,PLAIN-2530,MED-1803,221.44
jev-score,PLAIN-2530,MED-1799,230.4
jev-score,PLAIN-2530,MED-4768,203.46
jev-score,PLAIN-2530,MED-1800,201.55
jev-score,PLAIN-2530,MED-1796,293.64
jev-score,PLAIN-2530,MED-4766,245.49
jev-score,PLAIN-2530,MED-4769,272.82
jev-score,PLAIN-2530,MED-1810,266.27
jev-score,PLAIN-2530,MED-4767,241.69
jev-score,PLAIN-2530,MED-1991,218.96
jev-score,PLAIN-2530,MED-1997,256.56
jev-score,PLAIN-2530,MED-2126,317.74
jev-score,PLAIN-2530,MED-1806,250.76
jev-score,PLAIN-2530,MED-5141,297.0
jev-score,PLAIN-2530,MED-1175,264.6
jev-score,PLAIN-2530,MED-1996,254.83
jev-score,PLAIN-2530,MED-1994,226.78
jev-score,PLAIN-2540,MED-1886,247.27
jev-score,PLAIN-2540,MED-4831,243.98
jev-score,PLAIN-2540,MED-990,269.31
jev-score,PLAIN-2540,MED-2098,262.93
jev-score,PLAIN-2540,MED-2020,237.05
jev-score,PLAIN-2540,MED-4840,281.72
jev-score,PLAIN-2540,MED-3619,209.67
jev-score,PLAIN-2540,MED-1435,266.82
jev-score,PLAIN-2540,MED-3198,218.89
jev-score,PLAIN-2540,MED-3088,212.14
jev-score,PLAIN-2540,MED-1884,320.91
jev-score,PLAIN-2540,MED-4510,243.89
jev-score,PLAIN-2540,MED-4509,236.6
jev-score,PLAIN-2540,MED-2525,276.39
jev-score,PLAIN-2540,MED-3025,217.04
jev-score,PLAIN-2540,MED-4706,220.52
jev-score,PLAIN-2540,MED-927,275.04
jev-score,PLAIN-2540,MED-4560,249.22
jev-score,PLAIN-2540,MED-1205,256.28
jev-score,PLAIN-2540,MED-2372,223.55
jev-score,PLAIN-2550,MED-728,217.75
jev-score,PLAIN-2550,MED-2301,249.98
jev-score,PLAIN-2550,MED-3718,340.07
jev-score,PLAIN-2550,MED-1545,255.77
jev-score,PLAIN-2550,MED-2527,234.94
jev-score,PLAIN-2550,MED-4598,234.77
jev-score,PLAIN-2550,MED-4673,217.45
jev-score,PLAIN-2550,MED-4496,289.51
jev-score,PLAIN-2550,MED-2525,281.01
jev-score,PLAIN-2550,MED-1548,260.44
jev-score,PLAIN-2550,MED-1851,258.85
jev-score,PLAIN-2550,MED-5331,232.64
jev-score,PLAIN-2550,MED-3689,256.33
jev-score,PLAIN-2550,MED-1398,262.14
jev-score,PLAIN-2550,MED-2924,257.63
jev-score,PLAIN-2550,MED-1691,425.95
jev-score,PLAIN-2550,MED-1429,318.2
jev-score,PLAIN-2550,MED-1366,197.06
jev-score,PLAIN-2550,MED-1395,249.27
jev-score,PLAIN-2550,MED-3108,243.27
jev-score,PLAIN-2560,MED-2057,274.78
jev-score,PLAIN-2560,MED-2055,270.69
jev-score,PLAIN-2560,MED-2053,251.91
jev-score,PLAIN-2560,MED-2060,291.16
jev-score,PLAIN-2560,MED-1223,254.33
jev-score,PLAIN-2560,MED-2061,209.02
jev-score,PLAIN-2560,MED-2059,213.53
jev-score,PLAIN-2560,MED-2126,255.56
jev-score,PLAIN-2560,MED-2062,345.12
jev-score,PLAIN-2560,MED-900,286.61
jev-score,PLAIN-2560,MED-901,344.11
jev-score,PLAIN-2560,MED-2136,211.92
jev-score,PLAIN-2560,MED-4753,310.33
jev-score,PLAIN-2560,MED-2056,200.78
jev-score,PLAIN-2560,MED-4882,227.06
jev-score,PLAIN-2560,MED-4897,235.67
jev-score,PLAIN-2560,MED-2115,287.05
jev-score,PLAIN-2560,MED-5005,533.63
jev-score,PLAIN-2560,MED-2054,205.71
jev-score,PLAIN-2560,MED-2058,309.6
jev-score,PLAIN-2570,MED-1248,265.92
jev-score,PLAIN-2570,MED-2145,311.53
jev-score,PLAIN-2570,MED-2148,259.25
jev-score,PLAIN-2570,MED-2009,220.95
jev-score,PLAIN-2570,MED-4320,286.93
jev-score,PLAIN-2570,MED-3583,209.18
jev-score,PLAIN-2570,MED-5054,217.26
jev-score,PLAIN-2570,MED-2742,282.57
jev-score,PLAIN-2570,MED-4772,238.61
jev-score,PLAIN-2570,MED-4232,222.83
jev-score,PLAIN-2570,MED-1588,220.56
jev-score,PLAIN-2570,MED-4127,198.05
jev-score,PLAIN-2570,MED-2231,234.46
jev-score,PLAIN-2570,MED-3733,282.79
jev-score,PLAIN-2570,MED-2292,280.97
jev-score,PLAIN-2570,MED-2388,249.01
jev-score,PLAIN-2570,MED-1490,232.2
jev-score,PLAIN-2570,MED-2284,204.1
jev-score,PLAIN-2570,MED-4372,262.97
jev-score,PLAIN-2570,MED-4975,237.64
jev-score,PLAIN-2580,MED-2220,275.49
jev-score,PLAIN-2580,MED-1351,201.03
jev-score,PLAIN-2580,MED-2725,226.23
jev-score,PLAIN-2580,MED-2201,271.07
jev-score,PLAIN-2580,MED-3487,254.35
jev-score,PLAIN-2580,MED-823,227.72
jev-score,PLAIN-2580,MED-2295,191.03
jev-score,PLAIN-2580,MED-2112,197.75
jev-score,PLAIN-2580,MED-4599,235.04
jev-score,PLAIN-2580,MED-4674,348.92
jev-score,PLAIN-2580,MED-3726,210.56
jev-score,PLAIN-2580,MED-3908,218.2
jev-score,PLAIN-2580,MED-4602,253.79
jev-score,PLAIN-2580,MED-1773,250.81
jev-score,PLAIN-2580,MED-3754,179.09
jev-score,PLAIN-2580,MED-3896,248.27
jev-score,PLAIN-2580,MED-1478,239.17
jev-score,PLAIN-2580,MED-5156,244.02
jev-score,PLAIN-2580,MED-2288,244.21
jev-score,PLAIN-2580,MED-4281,268.46
jev-score,PLAIN-2590,MED-5226,244.26
jev-score,PLAIN-2590,MED-934,378.63
jev-score,PLAIN-2590,MED-4163,196.93
jev-score,PLAIN-2590,MED-1540,276.28
jev-score,PLAIN-2590,MED-5204,249.64
jev-score,PLAIN-2590,MED-2939,214.3
jev-score,PLAIN-2590,MED-5325,217.37
jev-score,PLAIN-2590,MED-5198,179.1
jev-score,PLAIN-2590,MED-1135,278.47
jev-score,PLAIN-2590,MED-4600,295.22
jev-score,PLAIN-2590,MED-1613,202.85
jev-score,PLAIN-2590,MED-2294,205.1
jev-score,PLAIN-2590,MED-3557,242.18
jev-score,PLAIN-2590,MED-1723,219.29
jev-score,PLAIN-2590,MED-2001,250.32
jev-score,PLAIN-2590,MED-5340,264.96
jev-score,PLAIN-2590,MED-972,240.5
jev-score,PLAIN-2590,MED-3832,305.92
jev-score,PLAIN-2590,MED-3236,196.93
jev-score,PLAIN-2590,MED-1058,312.53
jev-score,PLAIN-2600,MED-2939,275.59
jev-score,PLAIN-2600,MED-4520,248.83
jev-score,PLAIN-2600,MED-877,240.08
jev-score,PLAIN-2600,MED-967,209.27
jev-score,PLAIN-2600,MED-2371,269.34
jev-score,PLAIN-2600,MED-1516,224.49
jev-score,PLAIN-2600,MED-2946,193.5
jev-score,PLAIN-2600,MED-4324,232.4
jev-score,PLAIN-2600,MED-5330,307.55
jev-score,PLAIN-2600,MED-2697,238.66
jev-score,PLAIN-2600,MED-963,282.28
jev-score,PLAIN-2600,MED-4175,232.36
jev-score,PLAIN-2600,MED-1030,208.65
jev-score,PLAIN-2600,MED-4666,246.01
jev-score,PLAIN-2600,MED-4429,262.72
jev-score,PLAIN-2600,MED-1701,206.97
jev-score,PLAIN-2600,MED-1889,275.17
jev-score,PLAIN-2600,MED-3790,220.65
jev-score,PLAIN-2600,MED-880,237.75
jev-score,PLAIN-2600,MED-5266,227.06
jev-score,PLAIN-2610,MED-2452,217.31
jev-score,PLAIN-2610,MED-2655,265.51
jev-score,PLAIN-2610,MED-5072,249.81
jev-score,PLAIN-2610,MED-2460,245.53
jev-score,PLAIN-2610,MED-5083,179.99
jev-score,PLAIN-2610,MED-2951,254.26
jev-score,PLAIN-2610,MED-4689,235.91
jev-score,PLAIN-2610,MED-5136,233.92
jev-score,PLAIN-2610,MED-947,211.5
jev-score,PLAIN-2610,MED-3150,200.5
jev-score,PLAIN-2610,MED-2464,227.22
jev-score,PLAIN-2610,MED-901,223.76
jev-score,PLAIN-2610,MED-2461,255.76
jev-score,PLAIN-2610,MED-895,239.14
jev-score,PLAIN-2610,MED-1833,234.41
jev-score,PLAIN-2610,MED-844,228.84
jev-score,PLAIN-2610,MED-3682,259.4
jev-score,PLAIN-2610,MED-2646,249.71
jev-score,PLAIN-2610,MED-2482,263.85
jev-score,PLAIN-2610,MED-2484,273.2
jev-score,PLAIN-2620,MED-2988,218.32
jev-score,PLAIN-2620,MED-4328,229.77
jev-score,PLAIN-2620,MED-3271,235.36
jev-score,PLAIN-2620,MED-3844,372.5
jev-score,PLAIN-2620,MED-2983,242.04
jev-score,PLAIN-2620,MED-3551,250.63
jev-score,PLAIN-2620,MED-4224,234.89
jev-score,PLAIN-2620,MED-1611,238.67
jev-score,PLAIN-2620,MED-865,216.9
jev-score,PLAIN-2620,MED-3747,215.49
jev-score,PLAIN-2620,MED-1314,211.0
jev-score,PLAIN-2620,MED-3272,246.56
jev-score,PLAIN-2620,MED-2435,212.21
jev-score,PLAIN-2620,MED-3550,265.58
jev-score,PLAIN-2620,MED-4650,246.76
jev-score,PLAIN-2620,MED-3795,240.74
jev-score,PLAIN-2620,MED-2239,749.28
jev-score,PLAIN-2620,MED-2507,257.01
jev-score,PLAIN-2620,MED-4460,224.11
jev-score,PLAIN-2620,MED-1718,264.3
jev-score,PLAIN-2630,MED-2643,274.23
jev-score,PLAIN-2630,MED-2650,201.57
jev-score,PLAIN-2630,MED-1763,241.86
jev-score,PLAIN-2630,MED-5323,202.35
jev-score,PLAIN-2630,MED-2644,222.07
jev-score,PLAIN-2630,MED-1777,218.42
jev-score,PLAIN-2630,MED-3703,294.64
jev-score,PLAIN-2630,MED-1003,203.1
jev-score,PLAIN-2630,MED-5167,220.59
jev-score,PLAIN-2630,MED-1100,245.4
jev-score,PLAIN-2630,MED-2341,285.78
jev-score,PLAIN-2630,MED-1099,265.53
jev-score,PLAIN-2630,MED-2652,261.44
jev-score,PLAIN-2630,MED-4728,249.44
jev-score,PLAIN-2630,MED-919,216.83
jev-score,PLAIN-2630,MED-2646,220.96
jev-score,PLAIN-2630,MED-2087,214.67
jev-score,PLAIN-2630,MED-2627,243.92
jev-score,PLAIN-2630,MED-2658,247.04
jev-score,PLAIN-2630,MED-2426,181.68
jev-score,PLAIN-2640,MED-2745,203.42
jev-score,PLAIN-2640,MED-2743,227.72
jev-score,PLAIN-2640,MED-3882,240.57
jev-score,PLAIN-2640,MED-4429,234.96
jev-score,PLAIN-2640,MED-3892,249.73
jev-score,PLAIN-2640,MED-3880,231.41
jev-score,PLAIN-2640,MED-2741,255.57
jev-score,PLAIN-2640,MED-4354,197.04
jev-score,PLAIN-2640,MED-2339,189.07
jev-score,PLAIN-2640,MED-3651,230.35
jev-score,PLAIN-2640,MED-4800,235.06
jev-score,PLAIN-2640,MED-2991,184.85
jev-score,PLAIN-2640,MED-3889,252.98
jev-score,PLAIN-2640,MED-4626,239.5
jev-score,PLAIN-2640,MED-3499,245.62
jev-score,PLAIN-2640,MED-2492,237.77
jev-score,PLAIN-2640,MED-2168,282.47
jev-score,PLAIN-2640,MED-1114,277.61
jev-score,PLAIN-2640,MED-4426,286.55
jev-score,PLAIN-2640,MED-2671,241.94
jev-score,PLAIN-2650,MED-2800,245.16
jev-score,PLAIN-2650,MED-2819,247.45
jev-score,PLAIN-2650,MED-2788,240.84
jev-score,PLAIN-2650,MED-2825,342.82
jev-score,PLAIN-2650,MED-2794,229.32
jev-score,PLAIN-2650,MED-2831,195.62
jev-score,PLAIN-2650,MED-2801,221.31
jev-score,PLAIN-2650,MED-2783,251.76
jev-score,PLAIN-2650,MED-2807,312.57
jev-score,PLAIN-2650,MED-2817,222.42
jev-score,PLAIN-2650,MED-2786,292.15
jev-score,PLAIN-2650,MED-2803,190.05
jev-score,PLAIN-2650,MED-2813,249.19
jev-score,PLAIN-2650,MED-2810,228.91
jev-score,PLAIN-2650,MED-2815,235.82
jev-score,PLAIN-2650,MED-2243,220.26
jev-score,PLAIN-2650,MED-2606,304.3
jev-score,PLAIN-2650,MED-4999,245.72
jev-score,PLAIN-2650,MED-2811,322.07
jev-score,PLAIN-2650,MED-2820,273.58
jev-score,PLAIN-2660,MED-4465,278.25
jev-score,PLAIN-2660,MED-5097,259.17
jev-score,PLAIN-2660,MED-4376,220.51
jev-score,PLAIN-2660,MED-3012,234.04
jev-score,PLAIN-2660,MED-1955,241.2
jev-score,PLAIN-2660,MED-5099,258.76
jev-score,PLAIN-2660,MED-3625,240.36
jev-score,PLAIN-2660,MED-4678,225.09
jev-score,PLAIN-2660,MED-2907,204.27
jev-score,PLAIN-2660,MED-3029,215.44
jev-score,PLAIN-2660,MED-839,196.15
jev-score,PLAIN-2660,MED-5098,276.59
jev-score,PLAIN-2660,MED-1586,200.37
jev-score,PLAIN-2660,MED-5368,206.54
jev-score,PLAIN-2660,MED-4954,250.52
jev-score,PLAIN-2660,MED-4369,240.61
jev-score,PLAIN-2660,MED-2751,284.6
jev-score,PLAIN-2660,MED-4038,229.73
jev-score,PLAIN-2660,MED-4181,201.49
jev-score,PLAIN-2660,MED-4490,270.4
jev-score,PLAIN-2670,MED-2994,247.21
jev-score,PLAIN-2670,MED-4974,271.14
jev-score,PLAIN-2670,MED-3359,236.09
jev-score,PLAIN-2670,MED-1605,239.75
jev-score,PLAIN-2670,MED-4659,183.66
jev-score,PLAIN-2670,MED-4418,220.5
jev-score,PLAIN-2670,MED-4493,264.98
jev-score,PLAIN-2670,MED-2899,232.98
jev-score,PLAIN-2670,MED-4859,282.43
jev-score,PLAIN-2670,MED-3351,258.71
jev-score,PLAIN-2670,MED-3348,230.49
jev-score,PLAIN-2670,MED-4524,228.64
jev-score,PLAIN-2670,MED-2794,233.33
jev-score,PLAIN-2670,MED-4451,235.34
jev-score,PLAIN-2670,MED-2704,203.04
jev-score,PLAIN-2670,MED-2627,212.23
jev-score,PLAIN-2670,MED-2993,215.17
jev-score,PLAIN-2670,MED-3619,243.86
jev-score,PLAIN-2670,MED-2678,223.83
jev-score,PLAIN-2670,MED-4022,223.25
jev-score,PLAIN-2680,MED-1961,264.8
jev-score,PLAIN-2680,MED-3100,217.51
jev-score,PLAIN-2680,MED-2495,222.5
jev-score,PLAIN-2680,MED-3102,181.39
jev-score,PLAIN-2680,MED-2388,230.7
jev-score,PLAIN-2680,MED-2497,222.47
jev-score,PLAIN-2680,MED-1962,206.68
jev-score,PLAIN-2680,MED-5102,216.36
jev-score,PLAIN-2680,MED-4940,303.78
jev-score,PLAIN-2680,MED-3451,189.27
jev-score,PLAIN-2680,MED-4735,256.34
jev-score,PLAIN-2680,MED-5105,219.08
jev-score,PLAIN-2680,MED-4437,231.41
jev-score,PLAIN-2680,MED-3112,540.03
jev-score,PLAIN-2680,MED-5310,259.16
jev-score,PLAIN-2680,MED-1098,202.14
jev-score,PLAIN-2680,MED-1142,282.02
jev-score,PLAIN-2680,MED-1958,227.53
jev-score,PLAIN-2680,MED-3232,299.61
jev-score,PLAIN-2680,MED-4234,287.72
jev-score,PLAIN-2690,MED-3515,234.88
jev-score,PLAIN-2690,MED-3288,223.65
jev-score,PLAIN-2690,MED-2341,240.47
jev-score,PLAIN-2690,MED-4818,253.68
jev-score,PLAIN-2690,MED-1979,216.72
jev-score,PLAIN-2690,MED-1983,282.21
jev-score,PLAIN-2690,MED-2352,263.64
jev-score,PLAIN-2690,MED-1610,219.28
jev-score,PLAIN-2690,MED-4593,258.35
jev-score,PLAIN-2690,MED-3891,240.27
jev-score,PLAIN-2690,MED-2340,286.77
jev-score,PLAIN-2690,MED-4814,203.36
jev-score,PLAIN-2690,MED-4803,238.75
jev-score,PLAIN-2690,MED-2678,263.57
jev-score,PLAIN-2690,MED-4357,309.26
jev-score,PLAIN-2690,MED-4808,199.66
jev-score,PLAIN-2690,MED-1491,286.63
jev-score,PLAIN-2690,MED-866,277.16
jev-score,PLAIN-2690,MED-1977,246.06
jev-score,PLAIN-2690,MED-1624,236.5
jev-score,PLAIN-2700,MED-3954,281.5
jev-score,PLAIN-2700,MED-3253,253.68
jev-score,PLAIN-2700,MED-4315,215.02
jev-score,PLAIN-2700,MED-1932,717.22
jev-score,PLAIN-2700,MED-5141,231.63
jev-score,PLAIN-2700,MED-4783,218.43
jev-score,PLAIN-2700,MED-5194,207.09
jev-score,PLAIN-2700,MED-1722,286.3
jev-score,PLAIN-2700,MED-1991,219.25
jev-score,PLAIN-2700,MED-4496,225.07
jev-score,PLAIN-2700,MED-5293,206.31
jev-score,PLAIN-2700,MED-4578,232.92
jev-score,PLAIN-2700,MED-1366,234.96
jev-score,PLAIN-2700,MED-4680,209.25
jev-score,PLAIN-2700,MED-1834,240.83
jev-score,PLAIN-2700,MED-4919,195.47
jev-score,PLAIN-2700,MED-2301,181.19
jev-score,PLAIN-2700,MED-1129,323.99
jev-score,PLAIN-2700,MED-1120,230.51
jev-score,PLAIN-2700,MED-4255,226.56
jev-score,PLAIN-2710,MED-3382,224.5
jev-score,PLAIN-2710,MED-3380,202.31
jev-score,PLAIN-2710,MED-3383,202.61
jev-score,PLAIN-2710,MED-4655,252.0
jev-score,PLAIN-2710,MED-1153,248.13
jev-score,PLAIN-2710,MED-3381,212.7
jev-score,PLAIN-2710,MED-1625,220.11
jev-score,PLAIN-2710,MED-1407,236.94
jev-score,PLAIN-2710,MED-5054,274.5
jev-score,PLAIN-2710,MED-4120,215.14
jev-score,PLAIN-2710,MED-5062,229.58
jev-score,PLAIN-2710,MED-5053,185.2
jev-score,PLAIN-2710,MED-1630,215.67
jev-score,PLAIN-2710,MED-4126,265.84
jev-score,PLAIN-2710,MED-860,357.2
jev-score,PLAIN-2710,MED-1208,224.01
jev-score,PLAIN-2710,MED-1623,366.71
jev-score,PLAIN-2710,MED-4419,385.98
jev-score,PLAIN-2710,MED-1108,224.55
jev-score,PLAIN-2710,MED-3621,232.5
jev-score,PLAIN-2720,MED-4804,332.39
jev-score,PLAIN-2720,MED-4429,371.37
jev-score,PLAIN-2720,MED-4969,296.96
jev-score,PLAIN-2720,MED-1982,281.15
jev-score,PLAIN-2720,MED-3483,280.68
jev-score,PLAIN-2720,MED-4256,204.56
jev-score,PLAIN-2720,MED-2742,190.15
jev-score,PLAIN-2720,MED-3319,250.27
jev-score,PLAIN-2720,MED-4392,241.0
jev-score,PLAIN-2720,MED-3217,228.75
jev-score,PLAIN-2720,MED-3474,264.0
jev-score,PLAIN-2720,MED-911,262.23
jev-score,PLAIN-2720,MED-2451,239.14
jev-score,PLAIN-2720,MED-2759,231.79
jev-score,PLAIN-2720,MED-2265,231.67
jev-score,PLAIN-2720,MED-2083,460.54
jev-score,PLAIN-2720,MED-1853,238.59
jev-score,PLAIN-2720,MED-2292,207.34
jev-score,PLAIN-2720,MED-5142,249.03
jev-score,PLAIN-2720,MED-2618,251.49
jev-score,PLAIN-2730,MED-2573,209.63
jev-score,PLAIN-2730,MED-3840,223.67
jev-score,PLAIN-2730,MED-3554,241.24
jev-score,PLAIN-2730,MED-2513,378.14
jev-score,PLAIN-2730,MED-2357,267.5
jev-score,PLAIN-2730,MED-3553,244.02
jev-score,PLAIN-2730,MED-3548,272.44
jev-score,PLAIN-2730,MED-2366,259.84
jev-score,PLAIN-2730,MED-2427,224.29
jev-score,PLAIN-2730,MED-4089,211.37
jev-score,PLAIN-2730,MED-3277,233.26
jev-score,PLAIN-2730,MED-1317,288.85
jev-score,PLAIN-2730,MED-1315,200.83
jev-score,PLAIN-2730,MED-3551,186.75
jev-score,PLAIN-2730,MED-4532,197.43
jev-score,PLAIN-2730,MED-2134,290.11
jev-score,PLAIN-2730,MED-4777,341.2
jev-score,PLAIN-2730,MED-3649,269.62
jev-score,PLAIN-2730,MED-4462,215.38
jev-score,PLAIN-2730,MED-3745,231.34
jev-score,PLAIN-2740,MED-2940,259.99
jev-score,PLAIN-2740,MED-3627,198.91
jev-score,PLAIN-2740,MED-3624,188.67
jev-score,PLAIN-2740,MED-3623,257.32
jev-score,PLAIN-2740,MED-2947,239.56
jev-score,PLAIN-2740,MED-3562,233.76
jev-score,PLAIN-2740,MED-3193,279.14
jev-score,PLAIN-2740,MED-3787,246.07
jev-score,PLAIN-2740,MED-5317,191.52
jev-score,PLAIN-2740,MED-3620,205.55
jev-score,PLAIN-2740,MED-1733,228.32
jev-score,PLAIN-2740,MED-3590,253.58
jev-score,PLAIN-2740,MED-3606,246.96
jev-score,PLAIN-2740,MED-4309,214.61
jev-score,PLAIN-2740,MED-5313,242.14
jev-score,PLAIN-2740,MED-3636,211.02
jev-score,PLAIN-2740,MED-3615,232.51
jev-score,PLAIN-2740,MED-2513,228.07
jev-score,PLAIN-2740,MED-4925,180.36
jev-score,PLAIN-2740,MED-3604,253.06
jev-score,PLAIN-2750,MED-3683,285.63
jev-score,PLAIN-2750,MED-3680,220.87
jev-score,PLAIN-2750,MED-5031,225.24
jev-score,PLAIN-2750,MED-1300,268.54
jev-score,PLAIN-2750,MED-1568,252.5
jev-score,PLAIN-2750,MED-3692,255.41
jev-score,PLAIN-2750,MED-3695,242.64
jev-score,PLAIN-2750,MED-4762,289.89
jev-score,PLAIN-2750,MED-3673,237.36
jev-score,PLAIN-2750,MED-5321,270.78
jev-score,PLAIN-2750,MED-4564,236.85
jev-score,PLAIN-2750,MED-2461,274.12
jev-score,PLAIN-2750,MED-5318,241.42
jev-score,PLAIN-2750,MED-3677,206.18
jev-score,PLAIN-2750,MED-2203,257.8
jev-score,PLAIN-2750,MED-3690,270.53
jev-score,PLAIN-2750,MED-4136,213.72
jev-score,PLAIN-2750,MED-5122,204.0
jev-score,PLAIN-2750,MED-4264,216.56
jev-score,PLAIN-2750,MED-3095,234.94
jev-score,PLAIN-2760,MED-4600,232.0
jev-score,PLAIN-2760,MED-2220,184.31
jev-score,PLAIN-2760,MED-1377,255.59
jev-score,PLAIN-2760,MED-5220,212.88
jev-score,PLAIN-2760,MED-1058,209.4
jev-score,PLAIN-2760,MED-1210,221.94
jev-score,PLAIN-2760,MED-3038,274.95
jev-score,PLAIN-2760,MED-2524,339.62
jev-score,PLAIN-2760,MED-3238,212.73
jev-score,PLAIN-2760,MED-4961,216.22
jev-score,PLAIN-2760,MED-3954,234.36
jev-score,PLAIN-2760,MED-4744,259.02
jev-score,PLAIN-2760,MED-1302,285.64
jev-score,PLAIN-2760,MED-1551,266.2
jev-score,PLAIN-2760,MED-4699,262.59
jev-score,PLAIN-2760,MED-4198,208.22
jev-score,PLAIN-2760,MED-4313,271.42
jev-score,PLAIN-2760,MED-1650,206.7
jev-score,PLAIN-2760,MED-5340,225.91
jev-score,PLAIN-2760,MED-898,217.65
jev-score,PLAIN-2770,MED-3832,280.97
jev-score,PLAIN-2770,MED-2437,306.13
jev-score,PLAIN-2770,MED-3830,515.64
jev-score,PLAIN-2770,MED-3834,229.93
jev-score,PLAIN-2770,MED-14,325.15
jev-score,PLAIN-2770,MED-5052,223.71
jev-score,PLAIN-2770,MED-10,270.61
jev-score,PLAIN-2770,MED-3123,212.74
jev-score,PLAIN-2770,MED-4450,234.89
jev-score,PLAIN-2770,MED-5116,235.26
jev-score,PLAIN-2770,MED-3127,289.22
jev-score,PLAIN-2770,MED-4445,349.29
jev-score,PLAIN-2770,MED-3855,287.62
jev-score,PLAIN-2770,MED-3853,251.77
jev-score,PLAIN-2770,MED-2436,209.26
jev-score,PLAIN-2770,MED-3698,245.54
jev-score,PLAIN-2770,MED-3139,218.19
jev-score,PLAIN-2770,MED-3142,271.63
jev-score,PLAIN-2770,MED-5066,214.96
jev-score,PLAIN-2770,MED-2139,242.46
jev-score,PLAIN-2780,MED-3896,356.8
jev-score,PLAIN-2780,MED-4292,382.41
jev-score,PLAIN-2780,MED-4707,225.76
jev-score,PLAIN-2780,MED-4291,287.84
jev-score,PLAIN-2780,MED-2595,242.35
jev-score,PLAIN-2780,MED-4302,240.0
jev-score,PLAIN-2780,MED-1305,253.37
jev-score,PLAIN-2780,MED-2529,236.02
jev-score,PLAIN-2780,MED-4286,230.73
jev-score,PLAIN-2780,MED-1388,245.59
jev-score,PLAIN-2780,MED-1387,238.16
jev-score,PLAIN-2780,MED-1381,208.57
jev-score,PLAIN-2780,MED-2596,205.4
jev-score,PLAIN-2780,MED-4152,323.53
jev-score,PLAIN-2780,MED-2594,251.63
jev-score,PLAIN-2780,MED-4284,354.82
jev-score,PLAIN-2780,MED-2592,268.9
jev-score,PLAIN-2780,MED-5004,261.7
jev-score,PLAIN-2780,MED-2717,278.86
jev-score,PLAIN-2780,MED-2593,236.91
jev-score,PLAIN-2790,MED-3964,300.35
jev-score,PLAIN-2790,MED-3970,288.05
jev-score,PLAIN-2790,MED-3969,234.21
jev-score,PLAIN-2790,MED-3960,259.44
jev-score,PLAIN-2790,MED-1188,253.61
jev-score,PLAIN-2790,MED-3963,241.51
jev-score,PLAIN-2790,MED-5059,205.23
jev-score,PLAIN-2790,MED-895,222.89
jev-score,PLAIN-2790,MED-3106,221.87
jev-score,PLAIN-2790,MED-3496,218.75
jev-score,PLAIN-2790,MED-2359,226.12
jev-score,PLAIN-2790,MED-1576,493.83
jev-score,PLAIN-2790,MED-4342,259.39
jev-score,PLAIN-2790,MED-2810,325.56
jev-score,PLAIN-2790,MED-2788,216.86
jev-score,PLAIN-2790,MED-3967,328.41
jev-score,PLAIN-2790,MED-2809,280.46
jev-score,PLAIN-2790,MED-736,280.99
jev-score,PLAIN-2790,MED-2811,357.18
jev-score,PLAIN-2790,MED-2037,262.04
jev-score,PLAIN-2800,MED-2068,206.86
jev-score,PLAIN-2800,MED-5075,284.38
jev-score,PLAIN-2800,MED-2232,299.87
jev-score,PLAIN-2800,MED-5206,206.43
jev-score,PLAIN-2800,MED-912,213.64
jev-score,PLAIN-2800,MED-4454,258.49
jev-score,PLAIN-2800,MED-2235,213.18
jev-score,PLAIN-2800,MED-4456,249.26
jev-score,PLAIN-2800,MED-2071,272.6
jev-score,PLAIN-2800,MED-4040,271.24
jev-score,PLAIN-2800,MED-3164,237.24
jev-score,PLAIN-2800,MED-2074,205.98
jev-score,PLAIN-2800,MED-2453,210.91
jev-score,PLAIN-2800,MED-2793,227.56
jev-score,PLAIN-2800,MED-2070,237.02
jev-score,PLAIN-2800,MED-2667,185.08
jev-score,PLAIN-2800,MED-5162,288.3
jev-score,PLAIN-2800,MED-4817,228.98
jev-score,PLAIN-2800,MED-3199,238.51
jev-score,PLAIN-2800,MED-840,236.44
jev-score,PLAIN-2810,MED-2491,234.82
jev-score,PLAIN-2810,MED-4267,208.13
jev-score,PLAIN-2810,MED-4580,217.24
jev-score,PLAIN-2810,MED-1792,257.35
jev-score,PLAIN-2810,MED-5019,207.36
jev-score,PLAIN-2810,MED-4090,216.33
jev-score,PLAIN-2810,MED-1846,260.03
jev-score,PLAIN-2810,MED-4590,272.8
jev-score,PLAIN-2810,MED-3945,237.03
jev-score,PLAIN-2810,MED-3476,235.63
jev-score,PLAIN-2810,MED-3206,238.77
jev-score,PLAIN-2810,MED-2099,231.54
jev-score,PLAIN-2810,MED-1839,346.63
jev-score,PLAIN-2810,MED-4587,249.7
jev-score,PLAIN-2810,MED-2969,195.3
jev-score,PLAIN-2810,MED-1601,276.73
jev-score,PLAIN-2810,MED-1845,231.04
jev-score,PLAIN-2810,MED-3679,210.5
jev-score,PLAIN-2810,MED-4091,201.6
jev-score,PLAIN-2810,MED-3201,233.1
jev-score,PLAIN-2820,MED-2698,280.87
jev-score,PLAIN-2820,MED-1192,205.85
jev-score,PLAIN-2820,MED-1677,322.76
jev-score,PLAIN-2820,MED-2763,235.71
jev-score,PLAIN-2820,MED-3550,201.58
jev-score,PLAIN-2820,MED-4603,204.56
jev-score,PLAIN-2820,MED-5301,265.33
jev-score,PLAIN-2820,MED-4724,260.62
jev-score,PLAIN-2820,MED-4114,264.0
jev-score,PLAIN-2820,MED-4030,269.8
jev-score,PLAIN-2820,MED-2284,235.56
jev-score,PLAIN-2820,MED-1233,223.15
jev-score,PLAIN-2820,MED-1026,223.69
jev-score,PLAIN-2820,MED-3282,226.66
jev-score,PLAIN-2820,MED-3534,222.34
jev-score,PLAIN-2820,MED-1999,262.44
jev-score,PLAIN-2820,MED-2384,215.01
jev-score,PLAIN-2820,MED-2203,284.66
jev-score,PLAIN-2820,MED-1512,261.53
jev-score,PLAIN-2820,MED-1988,225.92
jev-score,PLAIN-2830,MED-5054,244.49
jev-score,PLAIN-2830,MED-1625,251.62
jev-score,PLAIN-2830,MED-4120,255.02
jev-score,PLAIN-2830,MED-5053,221.07
jev-score,PLAIN-2830,MED-5056,255.43
jev-score,PLAIN-2830,MED-1627,175.47
jev-score,PLAIN-2830,MED-5057,217.28
jev-score,PLAIN-2830,MED-3380,346.24
jev-score,PLAIN-2830,MED-4604,237.05
jev-score,PLAIN-2830,MED-3540,215.14
jev-score,PLAIN-2830,MED-5365,252.66
jev-score,PLAIN-2830,MED-1108,253.02
jev-score,PLAIN-2830,MED-4126,287.95
jev-score,PLAIN-2830,MED-4332,290.85
jev-score,PLAIN-2830,MED-3621,203.6
jev-score,PLAIN-2830,MED-5062,236.25
jev-score,PLAIN-2830,MED-1626,368.15
jev-score,PLAIN-2830,MED-1623,303.72
jev-score,PLAIN-2830,MED-4868,393.75
jev-score,PLAIN-2830,MED-3382,235.42
jev-score,PLAIN-2840,MED-4150,226.75
jev-score,PLAIN-2840,MED-2009,232.22
jev-score,PLAIN-2840,MED-4716,240.32
jev-score,PLAIN-2840,MED-4455,244.75
jev-score,PLAIN-2840,MED-948,248.08
jev-score,PLAIN-2840,MED-2071,279.93
jev-score,PLAIN-2840,MED-3145,244.65
jev-score,PLAIN-2840,MED-2010,227.01
jev-score,PLAIN-2840,MED-915,285.83
jev-score,PLAIN-2840,MED-4295,300.35
jev-score,PLAIN-2840,MED-2233,283.02
jev-score,PLAIN-2840,MED-3136,300.47
jev-score,PLAIN-2840,MED-4446,338.17
jev-score,PLAIN-2840,MED-902,272.85
jev-score,PLAIN-2840,MED-4163,287.47
jev-score,PLAIN-2840,MED-2579,219.37
jev-score,PLAIN-2840,MED-1284,236.48
jev-score,PLAIN-2840,MED-1282,211.81
jev-score,PLAIN-2840,MED-1285,221.53
jev-score,PLAIN-2840,MED-2438,215.25
jev-score,PLAIN-2850,MED-2584,250.13
jev-score,PLAIN-2850,MED-4482,287.14
jev-score,PLAIN-2850,MED-5105,307.25
jev-score,PLAIN-2850,MED-5148,267.7
jev-score,PLAIN-2850,MED-1541,241.68
jev-score,PLAIN-2850,MED-5034,254.53
jev-score,PLAIN-2850,MED-5326,247.87
jev-score,PLAIN-2850,MED-4983,223.91
jev-score,PLAIN-2850,MED-5026,198.53
jev-score,PLAIN-2850,MED-4758,206.33
jev-score,PLAIN-2850,MED-4747,296.96
jev-score,PLAIN-2850,MED-4878,176.22
jev-score,PLAIN-2850,MED-4426,238.44
jev-score,PLAIN-2850,MED-2170,280.16
jev-score,PLAIN-2850,MED-4977,211.31
jev-score,PLAIN-2850,MED-5028,270.47
jev-score,PLAIN-2850,MED-4358,263.98
jev-score,PLAIN-2850,MED-3000,204.08
jev-score,PLAIN-2850,MED-5207,226.58
jev-score,PLAIN-2850,MED-5229,234.94
jev-score,PLAIN-2860,MED-4186,239.02
jev-score,PLAIN-2860,MED-4185,205.1
jev-score,PLAIN-2860,MED-3429,228.45
jev-score,PLAIN-2860,MED-3421,352.46
jev-score,PLAIN-2860,MED-746,198.05
jev-score,PLAIN-2860,MED-828,237.63
jev-score,PLAIN-2860,MED-891,257.22
jev-score,PLAIN-2860,MED-4654,336.25
jev-score,PLAIN-2860,MED-3407,212.19
jev-score,PLAIN-2860,MED-1010,206.38
jev-score,PLAIN-2860,MED-3590,305.66
jev-score,PLAIN-2860,MED-3423,189.06
jev-score,PLAIN-2860,MED-4992,262.09
jev-score,PLAIN-2860,MED-3430,272.47
jev-score,PLAIN-2860,MED-3428,216.92
jev-score,PLAIN-2860,MED-3422,239.36
jev-score,PLAIN-2860,MED-4360,295.49
jev-score,PLAIN-2860,MED-4425,314.02
jev-score,PLAIN-2860,MED-2644,221.3
jev-score,PLAIN-2860,MED-3440,262.23
jev-score,PLAIN-2870,MED-2178,210.04
jev-score,PLAIN-2870,MED-4033,237.48
jev-score,PLAIN-2870,MED-872,233.77
jev-score,PLAIN-2870,MED-1773,217.32
jev-score,PLAIN-2870,MED-4678,218.25
jev-score,PLAIN-2870,MED-2253,237.73
jev-score,PLAIN-2870,MED-2428,298.65
jev-score,PLAIN-2870,MED-2491,209.49
jev-score,PLAIN-2870,MED-4531,282.12
jev-score,PLAIN-2870,MED-3378,235.38
jev-score,PLAIN-2870,MED-3153,215.73
jev-score,PLAIN-2870,MED-2571,264.91
jev-score,PLAIN-2870,MED-1488,233.73
jev-score,PLAIN-2870,MED-2260,207.76
jev-score,PLAIN-2870,MED-1003,233.36
jev-score,PLAIN-2870,MED-4324,330.72
jev-score,PLAIN-2870,MED-4529,230.46
jev-score,PLAIN-2870,MED-2603,264.93
jev-score,PLAIN-2870,MED-4533,196.96
jev-score,PLAIN-2870,MED-3379,224.19
jev-score,PLAIN-2880,MED-2522,243.11
jev-score,PLAIN-2880,MED-4914,233.79
jev-score,PLAIN-2880,MED-1914,241.7
jev-score,PLAIN-2880,MED-1437,196.25
jev-score,PLAIN-2880,MED-4890,265.61
jev-score,PLAIN-2880,MED-1780,185.64
jev-score,PLAIN-2880,MED-4493,208.79
jev-score,PLAIN-2880,MED-2116,260.47
jev-score,PLAIN-2880,MED-1171,197.6
jev-score,PLAIN-2880,MED-2323,270.27
jev-score,PLAIN-2880,MED-1773,194.48
jev-score,PLAIN-2880,MED-2736,294.57
jev-score,PLAIN-2880,MED-2721,280.69
jev-score,PLAIN-2880,MED-2309,203.7
jev-score,PLAIN-2880,MED-3381,254.09
jev-score,PLAIN-2880,MED-2725,237.64
jev-score,PLAIN-2880,MED-1983,477.45
jev-score,PLAIN-2880,MED-3105,251.11
jev-score,PLAIN-2880,MED-1055,218.01
jev-score,PLAIN-2880,MED-1754,260.31
jev-score,PLAIN-2890,MED-1538,200.13
jev-score,PLAIN-2890,MED-1533,229.64
jev-score,PLAIN-2890,MED-1535,306.43
jev-score,PLAIN-2890,MED-4250,216.26
jev-score,PLAIN-2890,MED-1534,244.47
jev-score,PLAIN-2890,MED-3896,263.43
jev-score,PLAIN-2890,MED-3370,274.79
jev-score,PLAIN-2890,MED-2418,275.42
jev-score,PLAIN-2890,MED-4765,276.72
jev-score,PLAIN-2890,MED-3351,299.49
jev-score,PLAIN-2890,MED-906,225.07
jev-score,PLAIN-2890,MED-4284,219.0
jev-score,PLAIN-2890,MED-3143,312.8
jev-score,PLAIN-2890,MED-3376,254.1
jev-score,PLAIN-2890,MED-4295,283.95
jev-score,PLAIN-2890,MED-3369,248.49
jev-score,PLAIN-2890,MED-2253,268.9
jev-score,PLAIN-2890,MED-4172,215.44
jev-score,PLAIN-2890,MED-2369,231.33
jev-score,PLAIN-2890,MED-2524,231.1
jev-score,PLAIN-2900,MED-2105,225.95
jev-score,PLAIN-2900,MED-3679,234.69
jev-score,PLAIN-2900,MED-3693,223.14
jev-score,PLAIN-2900,MED-1417,302.99
jev-score,PLAIN-2900,MED-3692,386.99
jev-score,PLAIN-2900,MED-3677,241.91
jev-score,PLAIN-2900,MED-1418,207.28
jev-score,PLAIN-2900,MED-4271,267.54
jev-score,PLAIN-2900,MED-4980,209.62
jev-score,PLAIN-2900,MED-1028,376.69
jev-score,PLAIN-2900,MED-1420,214.94
jev-score,PLAIN-2900,MED-3695,211.56
jev-score,PLAIN-2900,MED-1413,277.55
jev-score,PLAIN-2900,MED-3680,241.04
jev-score,PLAIN-2900,MED-1786,245.48
jev-score,PLAIN-2900,MED-5198,217.66
jev-score,PLAIN-2900,MED-4901,250.17
jev-score,PLAIN-2900,MED-2679,228.37
jev-score,PLAIN-2900,MED-1421,1232.41
jev-score,PLAIN-2900,MED-718,288.35
jev-score,PLAIN-2910,MED-4296,285.49
jev-score,PLAIN-2910,MED-4295,268.07
jev-score,PLAIN-2910,MED-4573,327.32
jev-score,PLAIN-2910,MED-836,281.05
jev-score,PLAIN-2910,MED-2430,284.08
jev-score,PLAIN-2910,MED-1586,212.27
jev-score,PLAIN-2910,MED-1690,265.85
jev-score,PLAIN-2910,MED-1023,241.95
jev-score,PLAIN-2910,MED-1872,269.34
jev-score,PLAIN-2910,MED-862,224.07
jev-score,PLAIN-2910,MED-3197,325.17
jev-score,PLAIN-2910,MED-1428,238.24
jev-score,PLAIN-2910,MED-2157,214.15
jev-score,PLAIN-2910,MED-2051,314.61
jev-score,PLAIN-2910,MED-3492,255.35
jev-score,PLAIN-2910,MED-5148,248.65
jev-score,PLAIN-2910,MED-4739,230.4
jev-score,PLAIN-2910,MED-2383,288.07
jev-score,PLAIN-2910,MED-4471,282.47
jev-score,PLAIN-2910,MED-1544,212.27
jev-score,PLAIN-2920,MED-4309,257.77
jev-score,PLAIN-2920,MED-913,193.54
jev-score,PLAIN-2920,MED-3532,216.69
jev-score,PLAIN-2920,MED-915,229.03
jev-score,PLAIN-2920,MED-1397,300.77
jev-score,PLAIN-2920,MED-3522,271.05
jev-score,PLAIN-2920,MED-2078,276.48
jev-score,PLAIN-2920,MED-5083,280.68
jev-score,PLAIN-2920,MED-3607,234.12
jev-score,PLAIN-2920,MED-1623,244.55
jev-score,PLAIN-2920,MED-2333,278.59
jev-score,PLAIN-2920,MED-2332,217.58
jev-score,PLAIN-2920,MED-2951,253.19
jev-score,PLAIN-2920,MED-4689,254.67
jev-score,PLAIN-2920,MED-4203,250.48
jev-score,PLAIN-2920,MED-1293,234.01
jev-score,PLAIN-2920,MED-3518,234.25
jev-score,PLAIN-2920,MED-4995,274.76
jev-score,PLAIN-2920,MED-5365,257.8
jev-score,PLAIN-2920,MED-2066,224.28
jev-score,PLAIN-2930,MED-4325,236.48
jev-score,PLAIN-2930,MED-1007,220.49
jev-score,PLAIN-2930,MED-1016,304.61
jev-score,PLAIN-2930,MED-1008,341.01
jev-score,PLAIN-2930,MED-1005,236.18
jev-score,PLAIN-2930,MED-1014,305.86
jev-score,PLAIN-2930,MED-1035,270.3
jev-score,PLAIN-2930,MED-1009,197.36
jev-score,PLAIN-2930,MED-1013,230.54
jev-score,PLAIN-2930,MED-1017,308.68
jev-score,PLAIN-2930,MED-3514,254.92
jev-score,PLAIN-2930,MED-4875,273.55
jev-score,PLAIN-2930,MED-3508,276.87
jev-score,PLAIN-2930,MED-1006,254.33
jev-score,PLAIN-2930,MED-3506,293.56
jev-score,PLAIN-2930,MED-1012,248.6
jev-score,PLAIN-2930,MED-946,232.19
jev-score,PLAIN-2930,MED-1011,239.04
jev-score,PLAIN-2930,MED-3512,238.89
jev-score,PLAIN-2930,MED-2013,263.43
jev-score,PLAIN-2940,MED-3961,251.72
jev-score,PLAIN-2940,MED-1579,254.31
jev-score,PLAIN-2940,MED-3966,177.12
jev-score,PLAIN-2940,MED-1580,230.11
jev-score,PLAIN-2940,MED-1581,303.9
jev-score,PLAIN-2940,MED-1575,228.51
jev-score,PLAIN-2940,MED-3965,266.54
jev-score,PLAIN-2940,MED-1578,264.87
jev-score,PLAIN-2940,MED-3967,198.79
jev-score,PLAIN-2940,MED-1425,244.04
jev-score,PLAIN-2940,MED-1582,265.04
jev-score,PLAIN-2940,MED-2359,246.53
jev-score,PLAIN-2940,MED-1574,216.46
jev-score,PLAIN-2940,MED-2791,267.22
jev-score,PLAIN-2940,MED-2816,274.43
jev-score,PLAIN-2940,MED-3963,280.42
jev-score,PLAIN-2940,MED-3970,260.35
jev-score,PLAIN-2940,MED-2813,261.99
jev-score,PLAIN-2940,MED-3106,246.26
jev-score,PLAIN-2940,MED-1188,300.81
jev-score,PLAIN-2950,MED-1957,253.05
jev-score,PLAIN-2950,MED-1625,226.59
jev-score,PLAIN-2950,MED-2742,253.83
jev-score,PLAIN-2950,MED-1147,250.49
jev-score,PLAIN-2950,MED-4140,230.31
jev-score,PLAIN-2950,MED-4443,241.69
jev-score,PLAIN-2950,MED-1956,282.97
jev-score,PLAIN-2950,MED-4944,256.97
jev-score,PLAIN-2950,MED-5347,268.76
jev-score,PLAIN-2950,MED-1960,336.73
jev-score,PLAIN-2950,MED-1288,356.12
jev-score,PLAIN-2950,MED-1959,233.06
jev-score,PLAIN-2950,MED-3691,199.36
jev-score,PLAIN-2950,MED-2087,234.96
jev-score,PLAIN-2950,MED-4148,232.92
jev-score,PLAIN-2950,MED-1267,238.48
jev-score,PLAIN-2950,MED-4129,210.98
jev-score,PLAIN-2950,MED-5018,223.87
jev-score,PLAIN-2950,MED-2992,207.96
jev-score,PLAIN-2950,MED-5164,321.68
jev-score,PLAIN-2960,MED-4371,215.29
jev-score,PLAIN-2960,MED-4372,343.1
jev-score,PLAIN-2960,MED-4374,256.62
jev-score,PLAIN-2960,MED-4370,191.77
jev-score,PLAIN-2960,MED-2016,263.25
jev-score,PLAIN-2960,MED-4454,299.7
jev-score,PLAIN-2960,MED-2181,327.77
jev-score,PLAIN-2960,MED-2750,279.34
jev-score,PLAIN-2960,MED-4774,249.07
jev-score,PLAIN-2960,MED-1448,216.27
jev-score,PLAIN-2960,MED-2753,223.8
jev-score,PLAIN-2960,MED-1553,300.39
jev-score,PLAIN-2960,MED-5057,201.59
jev-score,PLAIN-2960,MED-4366,244.92
jev-score,PLAIN-2960,MED-1862,249.73
jev-score,PLAIN-2960,MED-1955,191.11
jev-score,PLAIN-2960,MED-4028,304.05
jev-score,PLAIN-2960,MED-1518,222.97
jev-score,PLAIN-2960,MED-2755,240.68
jev-score,PLAIN-2960,MED-5363,321.62
jev-score,PLAIN-2970,MED-3550,221.3
jev-score,PLAIN-2970,MED-4724,181.21
jev-score,PLAIN-2970,MED-4114,253.38
jev-score,PLAIN-2970,MED-4030,347.8
jev-score,PLAIN-2970,MED-1192,222.13
jev-score,PLAIN-2970,MED-1026,239.63
jev-score,PLAIN-2970,MED-3282,257.81
jev-score,PLAIN-2970,MED-3534,223.58
jev-score,PLAIN-2970,MED-1999,250.34
jev-score,PLAIN-2970,MED-2384,265.25
jev-score,PLAIN-2970,MED-2203,261.61
jev-score,PLAIN-2970,MED-1512,249.91
jev-score,PLAIN-2970,MED-1988,281.84
jev-score,PLAIN-2970,MED-4136,266.17
jev-score,PLAIN-2970,MED-3644,195.16
jev-score,PLAIN-2970,MED-5304,197.94
jev-score,PLAIN-2970,MED-4560,219.17
jev-score,PLAIN-2970,MED-5045,228.96
jev-score,PLAIN-2970,MED-1564,229.55
jev-score,PLAIN-2970,MED-1334,275.6
jev-score,PLAIN-2981,MED-4403,213.59
jev-score,PLAIN-2981,MED-3198,216.65
jev-score,PLAIN-2981,MED-2775,235.26
jev-score,PLAIN-2981,MED-5109,176.48
jev-score,PLAIN-2981,MED-3087,209.52
jev-score,PLAIN-2981,MED-4751,263.33
jev-score,PLAIN-2981,MED-4909,232.05
jev-score,PLAIN-2981,MED-335,209.18
jev-score,PLAIN-2981,MED-1778,238.44
jev-score,PLAIN-2981,MED-4398,246.84
jev-score,PLAIN-2981,MED-3583,229.28
jev-score,PLAIN-2981,MED-2371,203.45
jev-score,PLAIN-2981,MED-2338,244.69
jev-score,PLAIN-2981,MED-3542,261.18
jev-score,PLAIN-2981,MED-4834,237.18
jev-score,PLAIN-2981,MED-3038,260.33
jev-score,PLAIN-2981,MED-5208,315.23
jev-score,PLAIN-2981,MED-4232,235.76
jev-score,PLAIN-2981,MED-5185,279.82
jev-score,PLAIN-2981,MED-1148,216.32
jev-score,PLAIN-2991,MED-1663,238.59
jev-score,PLAIN-2991,MED-1667,322.38
jev-score,PLAIN-2991,MED-4424,264.81
jev-score,PLAIN-2991,MED-1657,297.51
jev-score,PLAIN-2991,MED-1664,222.11
jev-score,PLAIN-2991,MED-3231,198.31
jev-score,PLAIN-2991,MED-1656,184.0
jev-score,PLAIN-2991,MED-3793,200.62
jev-score,PLAIN-2991,MED-3513,215.51
jev-score,PLAIN-2991,MED-3658,215.83
jev-score,PLAIN-2991,MED-4103,303.66
jev-score,PLAIN-2991,MED-3944,232.29
jev-score,PLAIN-2991,MED-4085,220.54
jev-score,PLAIN-2991,MED-2945,373.09
jev-score,PLAIN-2991,MED-5016,226.98
jev-score,PLAIN-2991,MED-2099,307.53
jev-score,PLAIN-2991,MED-1006,256.58
jev-score,PLAIN-2991,MED-4827,349.95
jev-score,PLAIN-2991,MED-2813,220.62
jev-score,PLAIN-2991,MED-4830,203.77
jev-score,PLAIN-3001,MED-3314,241.07
jev-score,PLAIN-3001,MED-1114,246.35
jev-score,PLAIN-3001,MED-4484,188.29
jev-score,PLAIN-3001,MED-3699,228.28
jev-score,PLAIN-3001,MED-2304,289.36
jev-score,PLAIN-3001,MED-1103,202.9
jev-score,PLAIN-3001,MED-4436,216.46
jev-score,PLAIN-3001,MED-1817,215.71
jev-score,PLAIN-3001,MED-1151,238.86
jev-score,PLAIN-3001,MED-1156,1255.16
jev-score,PLAIN-3001,MED-2693,264.49
jev-score,PLAIN-3001,MED-5175,239.87
jev-score,PLAIN-3001,MED-1725,318.41
jev-score,PLAIN-3001,MED-4261,231.56
jev-score,PLAIN-3001,MED-5236,342.42
jev-score,PLAIN-3001,MED-5145,267.98
jev-score,PLAIN-3001,MED-1380,203.59
jev-score,PLAIN-3001,MED-4278,199.92
jev-score,PLAIN-3001,MED-3854,203.28
jev-score,PLAIN-3001,MED-4483,240.31
jev-score,PLAIN-3014,MED-4871,235.34
jev-score,PLAIN-3014,MED-1378,263.32
jev-score,PLAIN-3014,MED-2028,379.34
jev-score,PLAIN-3014,MED-4650,338.06
jev-score,PLAIN-3014,MED-3757,319.33
jev-score,PLAIN-3014,MED-905,229.69
jev-score,PLAIN-3014,MED-3452,289.28
jev-score,PLAIN-3014,MED-1741,281.77
jev-score,PLAIN-3014,MED-4649,212.61
jev-score,PLAIN-3014,MED-4234,246.38
jev-score,PLAIN-3014,MED-2520,202.45
jev-score,PLAIN-3014,MED-2673,265.83
jev-score,PLAIN-3014,MED-4365,207.77
jev-score,PLAIN-3014,MED-5123,265.74
jev-score,PLAIN-3014,MED-1054,230.72
jev-score,PLAIN-3014,MED-2287,210.12
jev-score,PLAIN-3014,MED-745,214.1
jev-score,PLAIN-3014,MED-1780,319.13
jev-score,PLAIN-3014,MED-979,193.96
jev-score,PLAIN-3014,MED-1226,262.29
jev-score,PLAIN-3026,MED-4976,286.74
jev-score,PLAIN-3026,MED-1601,246.65
jev-score,PLAIN-3026,MED-5131,429.14
jev-score,PLAIN-3026,MED-5188,209.1
jev-score,PLAIN-3026,MED-4353,219.44
jev-score,PLAIN-3026,MED-3157,212.64
jev-score,PLAIN-3026,MED-936,210.95
jev-score,PLAIN-3026,MED-3453,263.88
jev-score,PLAIN-3026,MED-4470,216.25
jev-score,PLAIN-3026,MED-2384,266.93
jev-score,PLAIN-3026,MED-4929,237.93
jev-score,PLAIN-3026,MED-3024,232.22
jev-score,PLAIN-3026,MED-3617,187.49
jev-score,PLAIN-3026,MED-917,264.44
jev-score,PLAIN-3026,MED-4928,257.46
jev-score,PLAIN-3026,MED-4832,247.22
jev-score,PLAIN-3026,MED-4685,253.03
jev-score,PLAIN-3026,MED-5136,194.7
jev-score,PLAIN-3026,MED-3986,257.08
jev-score,PLAIN-3026,MED-5361,201.73
jev-score,PLAIN-3037,MED-5069,223.96
jev-score,PLAIN-3037,MED-5215,237.58
jev-score,PLAIN-3037,MED-863,257.8
jev-score,PLAIN-3037,MED-4663,223.52
jev-score,PLAIN-3037,MED-917,338.94
jev-score,PLAIN-3037,MED-1936,270.37
jev-score,PLAIN-3037,MED-1983,206.27
jev-score,PLAIN-3037,MED-1617,263.74
jev-score,PLAIN-3037,MED-2745,256.84
jev-score,PLAIN-3037,MED-1299,272.41
jev-score,PLAIN-3037,MED-5085,292.34
jev-score,PLAIN-3037,MED-5109,209.98
jev-score,PLAIN-3037,MED-2787,187.48
jev-score,PLAIN-3037,MED-2200,205.8
jev-score,PLAIN-3037,MED-2781,247.32
jev-score,PLAIN-3037,MED-2370,242.8
jev-score,PLAIN-3037,MED-934,299.59
jev-score,PLAIN-3037,MED-4882,238.69
jev-score,PLAIN-3037,MED-3378,261.64
jev-score,PLAIN-3037,MED-4019,257.42
jev-score,PLAIN-3053,MED-4525,231.59
jev-score,PLAIN-3053,MED-4526,243.77
jev-score,PLAIN-3053,MED-2523,284.51
jev-score,PLAIN-3053,MED-3811,219.22
jev-score,PLAIN-3053,MED-4416,195.75
jev-score,PLAIN-3053,MED-1848,217.91
jev-score,PLAIN-3053,MED-4575,199.81
jev-score,PLAIN-3053,MED-1542,221.04
jev-score,PLAIN-3053,MED-5275,226.5
jev-score,PLAIN-3053,MED-3021,252.24
jev-score,PLAIN-3053,MED-1666,400.21
jev-score,PLAIN-3053,MED-2894,308.74
jev-score,PLAIN-3053,MED-4790,257.24
jev-score,PLAIN-3053,MED-1429,212.34
jev-score,PLAIN-3053,MED-1840,278.47
jev-score,PLAIN-3053,MED-3151,267.22
jev-score,PLAIN-3053,MED-4350,202.32
jev-score,PLAIN-3053,MED-1497,247.15
jev-score,PLAIN-3053,MED-4302,236.94
jev-score,PLAIN-3053,MED-5283,214.37
jev-score,PLAIN-3063,MED-4712,207.37
jev-score,PLAIN-3063,MED-2886,261.85
jev-score,PLAIN-3063,MED-1676,216.49
jev-score,PLAIN-3063,MED-4366,215.23
jev-score,PLAIN-3063,MED-4900,214.55
jev-score,PLAIN-3063,MED-5084,235.43
jev-score,PLAIN-3063,MED-2924,230.59
jev-score,PLAIN-3063,MED-2076,212.94
jev-score,PLAIN-3063,MED-1671,282.67
jev-score,PLAIN-3063,MED-4576,203.69
jev-score,PLAIN-3063,MED-2665,319.14
jev-score,PLAIN-3063,MED-3929,232.77
jev-score,PLAIN-3063,MED-3738,217.03
jev-score,PLAIN-3063,MED-5083,188.91
jev-score,PLAIN-3063,MED-2966,237.0
jev-score,PLAIN-3063,MED-2922,266.18
jev-score,PLAIN-3063,MED-3748,221.41
jev-score,PLAIN-3063,MED-3728,238.96
jev-score,PLAIN-3063,MED-1942,250.5
jev-score,PLAIN-3063,MED-1846,238.1
jev-score,PLAIN-3074,MED-4555,220.37
jev-score,PLAIN-3074,MED-4423,260.62
jev-score,PLAIN-3074,MED-3180,230.79
jev-score,PLAIN-3074,MED-1705,208.62
jev-score,PLAIN-3074,MED-2718,222.29
jev-score,PLAIN-3074,MED-3427,197.13
jev-score,PLAIN-3074,MED-3253,299.64
jev-score,PLAIN-3074,MED-4421,259.86
jev-score,PLAIN-3074,MED-1467,267.64
jev-score,PLAIN-3074,MED-4424,235.49
jev-score,PLAIN-3074,MED-1309,208.18
jev-score,PLAIN-3074,MED-4922,228.41
jev-score,PLAIN-3074,MED-2044,301.48
jev-score,PLAIN-3074,MED-2303,253.87
jev-score,PLAIN-3074,MED-3171,335.95
jev-score,PLAIN-3074,MED-1512,230.66
jev-score,PLAIN-3074,MED-1948,449.06
jev-score,PLAIN-3074,MED-1040,235.3
jev-score,PLAIN-3074,MED-3254,228.1
jev-score,PLAIN-3074,MED-4902,230.69
jev-score,PLAIN-3085,MED-4872,214.68
jev-score,PLAIN-3085,MED-4570,233.85
jev-score,PLAIN-3085,MED-714,308.18
jev-score,PLAIN-3085,MED-716,282.44
jev-score,PLAIN-3085,MED-3987,330.27
jev-score,PLAIN-3085,MED-4566,357.98
jev-score,PLAIN-3085,MED-3988,250.16
jev-score,PLAIN-3085,MED-921,247.28
jev-score,PLAIN-3085,MED-4575,334.52
jev-score,PLAIN-3085,MED-919,293.36
jev-score,PLAIN-3085,MED-3986,266.2
jev-score,PLAIN-3085,MED-4574,238.22
jev-score,PLAIN-3085,MED-3985,224.32
jev-score,PLAIN-3085,MED-3990,600.96
jev-score,PLAIN-3085,MED-862,295.18
jev-score,PLAIN-3085,MED-922,279.13
jev-score,PLAIN-3085,MED-962,354.4
jev-score,PLAIN-3085,MED-4470,234.25
jev-score,PLAIN-3085,MED-1834,243.93
jev-score,PLAIN-3085,MED-961,255.44
jev-score,PLAIN-3097,MED-4590,218.68
jev-score,PLAIN-3097,MED-1792,436.18
jev-score,PLAIN-3097,MED-5019,240.49
jev-score,PLAIN-3097,MED-4580,323.89
jev-score,PLAIN-3097,MED-2491,244.18
jev-score,PLAIN-3097,MED-4267,284.61
jev-score,PLAIN-3097,MED-3206,273.51
jev-score,PLAIN-3097,MED-4587,235.07
jev-score,PLAIN-3097,MED-733,295.48
jev-score,PLAIN-3097,MED-5032,349.19
jev-score,PLAIN-3097,MED-3945,252.05
jev-score,PLAIN-3097,MED-4090,271.65
jev-score,PLAIN-3097,MED-1846,221.81
jev-score,PLAIN-3097,MED-4862,197.64
jev-score,PLAIN-3097,MED-942,241.24
jev-score,PLAIN-3097,MED-3908,297.31
jev-score,PLAIN-3097,MED-5082,276.07
jev-score,PLAIN-3097,MED-4091,246.72
jev-score,PLAIN-3097,MED-1670,376.85
jev-score,PLAIN-3097,MED-4414,327.74
jev-score,PLAIN-3116,MED-2924,220.78
jev-score,PLAIN-3116,MED-2665,235.15
jev-score,PLAIN-3116,MED-4900,212.33
jev-score,PLAIN-3116,MED-3718,340.9
jev-score,PLAIN-3116,MED-5083,178.37
jev-score,PLAIN-3116,MED-4328,194.89
jev-score,PLAIN-3116,MED-1553,266.48
jev-score,PLAIN-3116,MED-3738,264.86
jev-score,PLAIN-3116,MED-1676,212.71
jev-score,PLAIN-3116,MED-1559,219.82
jev-score,PLAIN-3116,MED-2525,269.12
jev-score,PLAIN-3116,MED-2922,263.92
jev-score,PLAIN-3116,MED-3748,264.27
jev-score,PLAIN-3116,MED-1558,226.08
jev-score,PLAIN-3116,MED-5266,289.99
jev-score,PLAIN-3116,MED-5123,270.46
jev-score,PLAIN-3116,MED-1671,218.25
jev-score,PLAIN-3116,MED-3929,237.99
jev-score,PLAIN-3116,MED-2951,291.95
jev-score,PLAIN-3116,MED-4689,310.02
jev-score,PLAIN-3131,MED-3109,314.74
jev-score,PLAIN-3131,MED-2291,217.58
jev-score,PLAIN-3131,MED-4695,282.21
jev-score,PLAIN-3131,MED-4236,273.69
jev-score,PLAIN-3131,MED-4619,287.46
jev-score,PLAIN-3131,MED-3359,247.19
jev-score,PLAIN-3131,MED-3386,289.76
jev-score,PLAIN-3131,MED-2762,245.6
jev-score,PLAIN-3131,MED-4600,246.93
jev-score,PLAIN-3131,MED-940,271.68
jev-score,PLAIN-3131,MED-1352,210.5
jev-score,PLAIN-3131,MED-4226,428.06
jev-score,PLAIN-3131,MED-5283,235.04
jev-score,PLAIN-3131,MED-3776,206.52
jev-score,PLAIN-3131,MED-1173,208.08
jev-score,PLAIN-3131,MED-4034,298.97
jev-score,PLAIN-3131,MED-1378,247.48
jev-score,PLAIN-3131,MED-4455,242.81
jev-score,PLAIN-3131,MED-2800,238.03
jev-score,PLAIN-3131,MED-4980,337.46
jev-score,PLAIN-3141,MED-4235,245.57
jev-score,PLAIN-3141,MED-4160,232.02
jev-score,PLAIN-3141,MED-2827,372.08
jev-score,PLAIN-3141,MED-831,210.09
jev-score,PLAIN-3141,MED-1592,248.68
jev-score,PLAIN-3141,MED-4159,371.94
jev-score,PLAIN-3141,MED-1732,312.54
jev-score,PLAIN-3141,MED-3307,239.16
jev-score,PLAIN-3141,MED-4644,232.62
jev-score,PLAIN-3141,MED-2647,334.54
jev-score,PLAIN-3141,MED-5184,252.45
jev-score,PLAIN-3141,MED-2979,264.11
jev-score,PLAIN-3141,MED-3462,209.09
jev-score,PLAIN-3141,MED-332,216.5
jev-score,PLAIN-3141,MED-4662,232.4
jev-score,PLAIN-3141,MED-3795,245.14
jev-score,PLAIN-3141,MED-2643,198.21
jev-score,PLAIN-3141,MED-4541,259.94
jev-score,PLAIN-3141,MED-3311,244.09
jev-score,PLAIN-3141,MED-3701,220.66
jev-score,PLAIN-3151,MED-4595,237.86
jev-score,PLAIN-3151,MED-4560,225.47
jev-score,PLAIN-3151,MED-2763,255.15
jev-score,PLAIN-3151,MED-1513,281.73
jev-score,PLAIN-3151,MED-1625,300.97
jev-score,PLAIN-3151,MED-4107,228.56
jev-score,PLAIN-3151,MED-3601,228.73
jev-score,PLAIN-3151,MED-4668,320.78
jev-score,PLAIN-3151,MED-1540,294.6
jev-score,PLAIN-3151,MED-4660,524.51
jev-score,PLAIN-3151,MED-2670,248.34
jev-score,PLAIN-3151,MED-3711,213.8
jev-score,PLAIN-3151,MED-5228,294.24
jev-score,PLAIN-3151,MED-3381,332.74
jev-score,PLAIN-3151,MED-4664,344.32
jev-score,PLAIN-3151,MED-3163,258.13
jev-score,PLAIN-3151,MED-3444,210.1
jev-score,PLAIN-3151,MED-1290,262.46
jev-score,PLAIN-3151,MED-4812,331.23
jev-score,PLAIN-3151,MED-3445,422.69
jev-score,PLAIN-3161,MED-4677,265.54
jev-score,PLAIN-3161,MED-1416,246.72
jev-score,PLAIN-3161,MED-2063,405.08
jev-score,PLAIN-3161,MED-4871,179.64
jev-score,PLAIN-3161,MED-1223,211.11
jev-score,PLAIN-3161,MED-1378,230.95
jev-score,PLAIN-3161,MED-1229,270.18
jev-score,PLAIN-3161,MED-2123,276.8
jev-score,PLAIN-3161,MED-4899,245.45
jev-score,PLAIN-3161,MED-2126,297.19
jev-score,PLAIN-3161,MED-899,302.8
jev-score,PLAIN-3161,MED-2653,287.08
jev-score,PLAIN-3161,MED-2772,230.71
jev-score,PLAIN-3161,MED-1338,259.87
jev-score,PLAIN-3161,MED-4664,275.83
jev-score,PLAIN-3161,MED-2771,204.13
jev-score,PLAIN-3161,MED-5134,225.63
jev-score,PLAIN-3161,MED-4396,212.04
jev-score,PLAIN-3161,MED-2136,210.03
jev-score,PLAIN-3161,MED-2056,268.52
jev-score,PLAIN-3171,MED-2333,241.99
jev-score,PLAIN-3171,MED-3247,274.32
jev-score,PLAIN-3171,MED-1504,215.52
jev-score,PLAIN-3171,MED-5018,243.52
jev-score,PLAIN-3171,MED-4170,271.0
jev-score,PLAIN-3171,MED-1021,231.76
jev-score,PLAIN-3171,MED-2117,253.28
jev-score,PLAIN-3171,MED-1501,224.59
jev-score,PLAIN-3171,MED-1502,302.84
jev-score,PLAIN-3171,MED-4840,185.11
jev-score,PLAIN-3171,MED-4292,246.16
jev-score,PLAIN-3171,MED-5123,230.85
jev-score,PLAIN-3171,MED-1498,282.53
jev-score,PLAIN-3171,MED-2716,279.86
jev-score,PLAIN-3171,MED-5238,204.43
jev-score,PLAIN-3171,MED-4452,254.48
jev-score,PLAIN-3171,MED-3690,273.95
jev-score,PLAIN-3171,MED-4825,228.74
jev-score,PLAIN-3171,MED-2429,188.9
jev-score,PLAIN-3171,MED-1014,208.34
jev-score,PLAIN-3181,MED-3109,244.76
jev-score,PLAIN-3181,MED-2291,217.88
jev-score,PLAIN-3181,MED-3359,283.58
jev-score,PLAIN-3181,MED-4525,348.35
jev-score,PLAIN-3181,MED-1366,291.93
jev-score,PLAIN-3181,MED-4695,221.24
jev-score,PLAIN-3181,MED-4366,268.34
jev-score,PLAIN-3181,MED-4236,273.47
jev-score,PLAIN-3181,MED-4560,230.58
jev-score,PLAIN-3181,MED-2451,221.43
jev-score,PLAIN-3181,MED-4526,259.41
jev-score,PLAIN-3181,MED-1790,224.52
jev-score,PLAIN-3181,MED-1500,322.68
jev-score,PLAIN-3181,MED-2453,263.33
jev-score,PLAIN-3181,MED-3386,191.34
jev-score,PLAIN-3181,MED-5022,218.8
jev-score,PLAIN-3181,MED-3348,217.81
jev-score,PLAIN-3181,MED-1792,261.18
jev-score,PLAIN-3181,MED-4600,199.98
jev-score,PLAIN-3181,MED-4113,310.07
jev-score,PLAIN-3191,MED-4961,210.92
jev-score,PLAIN-3191,MED-3662,250.35
jev-score,PLAIN-3191,MED-928,244.85
jev-score,PLAIN-3191,MED-1569,203.13
jev-score,PLAIN-3191,MED-2751,240.89
jev-score,PLAIN-3191,MED-839,267.93
jev-score,PLAIN-3191,MED-4114,201.96
jev-score,PLAIN-3191,MED-4525,215.84
jev-score,PLAIN-3191,MED-1831,277.3
jev-score,PLAIN-3191,MED-4959,366.61
jev-score,PLAIN-3191,MED-927,179.84
jev-score,PLAIN-3191,MED-1570,279.12
jev-score,PLAIN-3191,MED-4730,247.57
jev-score,PLAIN-3191,MED-4360,274.6
jev-score,PLAIN-3191,MED-4731,217.95
jev-score,PLAIN-3191,MED-3515,317.24
jev-score,PLAIN-3191,MED-1266,253.06
jev-score,PLAIN-3191,MED-2750,209.96
jev-score,PLAIN-3191,MED-2412,236.89
jev-score,PLAIN-3191,MED-4943,280.41
jev-score,PLAIN-3201,MED-2117,188.31
jev-score,PLAIN-3201,MED-2120,487.73
jev-score,PLAIN-3201,MED-4394,234.0
jev-score,PLAIN-3201,MED-4896,189.14
jev-score,PLAIN-3201,MED-4752,270.48
jev-score,PLAIN-3201,MED-2121,293.63
jev-score,PLAIN-3201,MED-4398,276.46
jev-score,PLAIN-3201,MED-5106,245.63
jev-score,PLAIN-3201,MED-4396,261.11
jev-score,PLAIN-3201,MED-2124,208.62
jev-score,PLAIN-3201,MED-2116,201.97
jev-score,PLAIN-3201,MED-5107,252.17
jev-score,PLAIN-3201,MED-2122,244.97
jev-score,PLAIN-3201,MED-2114,227.3
jev-score,PLAIN-3201,MED-3856,263.97
jev-score,PLAIN-3201,MED-4897,197.92
jev-score,PLAIN-3201,MED-2773,255.53
jev-score,PLAIN-3201,MED-4126,236.75
jev-score,PLAIN-3201,MED-2616,283.96
jev-score,PLAIN-3201,MED-2101,290.12
jev-score,PLAIN-3211,MED-2098,252.43
jev-score,PLAIN-3211,MED-2900,217.61
jev-score,PLAIN-3211,MED-5234,207.33
jev-score,PLAIN-3211,MED-4353,240.14
jev-score,PLAIN-3211,MED-2980,291.57
jev-score,PLAIN-3211,MED-1515,233.22
jev-score,PLAIN-3211,MED-3012,275.57
jev-score,PLAIN-3211,MED-2790,246.46
jev-score,PLAIN-3211,MED-898,278.17
jev-score,PLAIN-3211,MED-3774,312.83
jev-score,PLAIN-3211,MED-3058,217.86
jev-score,PLAIN-3211,MED-5347,290.81
jev-score,PLAIN-3211,MED-2712,375.0
jev-score,PLAIN-3211,MED-5093,228.92
jev-score,PLAIN-3211,MED-5207,212.04
jev-score,PLAIN-3211,MED-4137,254.82
jev-score,PLAIN-3211,MED-2921,307.32
jev-score,PLAIN-3211,MED-3019,269.31
jev-score,PLAIN-3211,MED-4139,290.07
jev-score,PLAIN-3211,MED-1645,331.61
jev-score,PLAIN-3221,MED-983,243.18
jev-score,PLAIN-3221,MED-2212,293.92
jev-score,PLAIN-3221,MED-2590,315.05
jev-score,PLAIN-3221,MED-987,248.76
jev-score,PLAIN-3221,MED-2699,244.04
jev-score,PLAIN-3221,MED-4669,244.18
jev-score,PLAIN-3221,MED-2211,190.23
jev-score,PLAIN-3221,MED-4791,223.17
jev-score,PLAIN-3221,MED-4580,262.88
jev-score,PLAIN-3221,MED-1499,305.7
jev-score,PLAIN-3221,MED-1349,231.8
jev-score,PLAIN-3221,MED-1497,206.26
jev-score,PLAIN-3221,MED-1705,306.61
jev-score,PLAIN-3221,MED-2216,249.96
jev-score,PLAIN-3221,MED-2292,207.25
jev-score,PLAIN-3221,MED-980,220.22
jev-score,PLAIN-3221,MED-1941,313.69
jev-score,PLAIN-3221,MED-1939,291.07
jev-score,PLAIN-3221,MED-1851,251.98
jev-score,PLAIN-3221,MED-985,256.16
jev-score,PLAIN-3231,MED-1105,228.66
jev-score,PLAIN-3231,MED-3314,249.13
jev-score,PLAIN-3231,MED-1115,287.26
jev-score,PLAIN-3231,MED-1107,276.06
jev-score,PLAIN-3231,MED-1104,205.06
jev-score,PLAIN-3231,MED-1113,239.0
jev-score,PLAIN-3231,MED-1108,246.08
jev-score,PLAIN-3231,MED-1114,207.76
jev-score,PLAIN-3231,MED-1103,369.26
jev-score,PLAIN-3231,MED-1106,253.52
jev-score,PLAIN-3231,MED-1111,248.29
jev-score,PLAIN-3231,MED-1112,194.08
jev-score,PLAIN-3231,MED-1109,302.28
jev-score,PLAIN-3231,MED-3193,211.75
jev-score,PLAIN-3231,MED-3787,274.08
jev-score,PLAIN-3231,MED-3550,242.38
jev-score,PLAIN-3231,MED-1718,257.68
jev-score,PLAIN-3231,MED-4819,275.6
jev-score,PLAIN-3231,MED-1110,271.02
jev-score,PLAIN-3231,MED-4485,261.57
jev-score,PLAIN-3241,MED-735,364.51
jev-score,PLAIN-3241,MED-2821,228.21
jev-score,PLAIN-3241,MED-5256,345.38
jev-score,PLAIN-3241,MED-2281,234.6
jev-score,PLAIN-3241,MED-3705,298.8
jev-score,PLAIN-3241,MED-2279,226.53
jev-score,PLAIN-3241,MED-1295,214.09
jev-score,PLAIN-3241,MED-721,244.86
jev-score,PLAIN-3241,MED-5008,212.07
jev-score,PLAIN-3241,MED-2809,270.86
jev-score,PLAIN-3241,MED-4227,224.99
jev-score,PLAIN-3241,MED-2788,212.58
jev-score,PLAIN-3241,MED-5216,271.83
jev-score,PLAIN-3241,MED-2843,211.52
jev-score,PLAIN-3241,MED-4544,279.92
jev-score,PLAIN-3241,MED-3510,282.35
jev-score,PLAIN-3241,MED-1812,228.94
jev-score,PLAIN-3241,MED-2270,250.53
jev-score,PLAIN-3241,MED-2287,253.5
jev-score,PLAIN-3241,MED-10,240.11
jev-score,PLAIN-3251,MED-5236,252.23
jev-score,PLAIN-3251,MED-5145,233.55
jev-score,PLAIN-3251,MED-4278,252.33
jev-score,PLAIN-3251,MED-3314,203.8
jev-score,PLAIN-3251,MED-3854,263.6
jev-score,PLAIN-3251,MED-1817,276.27
jev-score,PLAIN-3251,MED-3699,219.9
jev-score,PLAIN-3251,MED-1529,232.95
jev-score,PLAIN-3251,MED-5268,282.17
jev-score,PLAIN-3251,MED-5175,296.93
jev-score,PLAIN-3251,MED-4261,185.8
jev-score,PLAIN-3251,MED-1380,331.91
jev-score,PLAIN-3251,MED-4483,239.16
jev-score,PLAIN-3251,MED-970,207.29
jev-score,PLAIN-3251,MED-4861,243.18
jev-score,PLAIN-3251,MED-3205,221.43
jev-score,PLAIN-3251,MED-3123,299.56
jev-score,PLAIN-3251,MED-1137,235.12
jev-score,PLAIN-3251,MED-4382,195.78
jev-score,PLAIN-3251,MED-4683,221.48
jev-score,PLAIN-3261,MED-5158,207.77
jev-score,PLAIN-3261,MED-5157,310.71
jev-score,PLAIN-3261,MED-2349,269.82
jev-score,PLAIN-3261,MED-3766,258.89
jev-score,PLAIN-3261,MED-5138,232.81
jev-score,PLAIN-3261,MED-1126,330.46
jev-score,PLAIN-3261,MED-4873,216.52
jev-score,PLAIN-3261,MED-3102,257.53
jev-score,PLAIN-3261,MED-3618,584.91
jev-score,PLAIN-3261,MED-1240,195.46
jev-score,PLAIN-3261,MED-4452,229.57
jev-score,PLAIN-3261,MED-1291,258.71
jev-score,PLAIN-3261,MED-3434,203.38
jev-score,PLAIN-3261,MED-3619,219.41
jev-score,PLAIN-3261,MED-1245,209.37
jev-score,PLAIN-3261,MED-1400,201.77
jev-score,PLAIN-3261,MED-2164,214.1
jev-score,PLAIN-3261,MED-3663,203.93
jev-score,PLAIN-3261,MED-4369,272.0
jev-score,PLAIN-3261,MED-974,309.83
jev-score,PLAIN-3271,MED-4450,202.1
jev-score,PLAIN-3271,MED-1781,225.52
jev-score,PLAIN-3271,MED-1455,248.23
jev-score,PLAIN-3271,MED-4823,218.98
jev-score,PLAIN-3271,MED-1556,249.67
jev-score,PLAIN-3271,MED-5267,319.55
jev-score,PLAIN-3271,MED-1068,214.53
jev-score,PLAIN-3271,MED-1454,221.63
jev-score,PLAIN-3271,MED-5335,219.67
jev-score,PLAIN-3271,MED-4984,203.77
jev-score,PLAIN-3271,MED-3878,229.49
jev-score,PLAIN-3271,MED-4556,267.39
jev-score,PLAIN-3271,MED-4069,734.23
jev-score,PLAIN-3271,MED-1873,231.84
jev-score,PLAIN-3271,MED-3245,209.48
jev-score,PLAIN-3271,MED-3243,222.95
jev-score,PLAIN-3271,MED-3874,197.77
jev-score,PLAIN-3271,MED-4885,208.51
jev-score,PLAIN-3271,MED-4005,197.73
jev-score,PLAIN-3271,MED-1072,204.97
jev-score,PLAIN-3281,MED-4909,194.89
jev-score,PLAIN-3281,MED-1849,329.47
jev-score,PLAIN-3281,MED-1850,233.85
jev-score,PLAIN-3281,MED-1844,212.48
jev-score,PLAIN-3281,MED-5097,226.1
jev-score,PLAIN-3281,MED-2906,206.82
jev-score,PLAIN-3281,MED-2353,218.98
jev-score,PLAIN-3281,MED-1851,197.31
jev-score,PLAIN-3281,MED-3087,205.16
jev-score,PLAIN-3281,MED-3601,223.83
jev-score,PLAIN-3281,MED-1841,412.61
jev-score,PLAIN-3281,MED-3931,291.83
jev-score,PLAIN-3281,MED-5275,199.4
jev-score,PLAIN-3281,MED-1617,280.16
jev-score,PLAIN-3281,MED-1798,253.0
jev-score,PLAIN-3281,MED-2264,271.93
jev-score,PLAIN-3281,MED-3092,242.7
jev-score,PLAIN-3281,MED-2697,259.82
jev-score,PLAIN-3281,MED-4716,182.4
jev-score,PLAIN-3281,MED-4823,251.2
jev-score,PLAIN-3292,MED-2761,206.13
jev-score,PLAIN-3292,MED-3109,188.75
jev-score,PLAIN-3292,MED-2291,240.66
jev-score,PLAIN-3292,MED-4645,235.0
jev-score,PLAIN-3292,MED-2759,231.3
jev-score,PLAIN-3292,MED-4695,216.63
jev-score,PLAIN-3292,MED-4236,214.98
jev-score,PLAIN-3292,MED-4925,231.11
jev-score,PLAIN-3292,MED-4924,194.95
jev-score,PLAIN-3292,MED-3359,223.01
jev-score,PLAIN-3292,MED-5026,240.57
jev-score,PLAIN-3292,MED-3386,217.27
jev-score,PLAIN-3292,MED-2762,225.84
jev-score,PLAIN-3292,MED-2757,204.65
jev-score,PLAIN-3292,MED-4600,228.7
jev-score,PLAIN-3292,MED-940,258.57
jev-score,PLAIN-3292,MED-1352,206.4
jev-score,PLAIN-3292,MED-2758,226.09
jev-score,PLAIN-3292,MED-4226,241.97
jev-score,PLAIN-3292,MED-5283,280.06
jev-score,PLAIN-3302,MED-2907,228.94
jev-score,PLAIN-3302,MED-3029,240.96
jev-score,PLAIN-3302,MED-3592,251.59
jev-score,PLAIN-3302,MED-5099,339.22
jev-score,PLAIN-3302,MED-4944,248.02
jev-score,PLAIN-3302,MED-4736,291.83
jev-score,PLAIN-3302,MED-3545,258.38
jev-score,PLAIN-3302,MED-2410,312.88
jev-score,PLAIN-3302,MED-1831,201.38
jev-score,PLAIN-3302,MED-1573,243.83
jev-score,PLAIN-3302,MED-5100,259.15
jev-score,PLAIN-3302,MED-4735,223.22
jev-score,PLAIN-3302,MED-1572,230.9
jev-score,PLAIN-3302,MED-4959,195.3
jev-score,PLAIN-3302,MED-4731,220.48
jev-score,PLAIN-3302,MED-4934,228.43
jev-score,PLAIN-3302,MED-3012,238.07
jev-score,PLAIN-3302,MED-4961,254.47
jev-score,PLAIN-3302,MED-5097,242.08
jev-score,PLAIN-3302,MED-2751,263.87
jev-score,PLAIN-3312,MED-4360,258.92
jev-score,PLAIN-3312,MED-3561,250.34
jev-score,PLAIN-3312,MED-3717,200.3
jev-score,PLAIN-3312,MED-4328,273.7
jev-score,PLAIN-3312,MED-3655,242.54
jev-score,PLAIN-3312,MED-1569,223.8
jev-score,PLAIN-3312,MED-4961,270.14
jev-score,PLAIN-3312,MED-4966,208.24
jev-score,PLAIN-3312,MED-4959,264.13
jev-score,PLAIN-3312,MED-4136,189.34
jev-score,PLAIN-3312,MED-943,240.41
jev-score,PLAIN-3312,MED-3515,220.73
jev-score,PLAIN-3312,MED-1570,308.84
jev-score,PLAIN-3312,MED-1749,286.33
jev-score,PLAIN-3312,MED-1266,317.76
jev-score,PLAIN-3312,MED-1272,371.0
jev-score,PLAIN-3312,MED-4525,256.86
jev-score,PLAIN-3312,MED-3434,274.94
jev-score,PLAIN-3312,MED-3556,250.68
jev-score,PLAIN-3312,MED-4807,219.19
jev-score,PLAIN-3322,MED-2174,283.05
jev-score,PLAIN-3322,MED-4823,266.67
jev-score,PLAIN-3322,MED-2139,223.31
jev-score,PLAIN-3322,MED-861,240.85
jev-score,PLAIN-3322,MED-2584,273.26
jev-score,PLAIN-3322,MED-4486,231.23
jev-score,PLAIN-3322,MED-3862,246.07
jev-score,PLAIN-3322,MED-4714,281.18
jev-score,PLAIN-3322,MED-2696,239.6
jev-score,PLAIN-3322,MED-3700,252.0
jev-score,PLAIN-3322,MED-3751,256.79
jev-score,PLAIN-3322,MED-5198,260.4
jev-score,PLAIN-3322,MED-5066,215.45
jev-score,PLAIN-3322,MED-4482,201.34
jev-score,PLAIN-3322,MED-3782,233.23
jev-score,PLAIN-3322,MED-841,269.86
jev-score,PLAIN-3322,MED-5111,205.53
jev-score,PLAIN-3322,MED-2189,256.13
jev-score,PLAIN-3322,MED-2205,250.76
jev-score,PLAIN-3322,MED-4222,259.31
jev-score,PLAIN-3332,MED-3696,237.67
jev-score,PLAIN-3332,MED-1680,263.96
jev-score,PLAIN-3332,MED-1646,266.99
jev-score,PLAIN-3332,MED-4160,252.07
jev-score,PLAIN-3332,MED-4994,276.38
jev-score,PLAIN-3332,MED-5100,298.9
jev-score,PLAIN-3332,MED-1564,293.41
jev-score,PLAIN-3332,MED-4622,291.91
jev-score,PLAIN-3332,MED-1567,235.51
jev-score,PLAIN-3332,MED-3762,212.83
jev-score,PLAIN-3332,MED-2437,257.15
jev-score,PLAIN-3332,MED-4365,251.44
jev-score,PLAIN-3332,MED-2160,240.82
jev-score,PLAIN-3332,MED-3763,279.3
jev-score,PLAIN-3332,MED-3900,201.31
jev-score,PLAIN-3332,MED-907,276.56
jev-score,PLAIN-3332,MED-5293,232.21
jev-score,PLAIN-3332,MED-944,379.47
jev-score,PLAIN-3332,MED-3156,237.77
jev-score,PLAIN-3332,MED-852,304.54
jev-score,PLAIN-3342,MED-5012,261.16
jev-score,PLAIN-3342,MED-3109,275.36
jev-score,PLAIN-3342,MED-2291,232.0
jev-score,PLAIN-3342,MED-4000,226.24
jev-score,PLAIN-3342,MED-4001,248.09
jev-score,PLAIN-3342,MED-5014,227.8
jev-score,PLAIN-3342,MED-5015,291.55
jev-score,PLAIN-3342,MED-4695,277.39
jev-score,PLAIN-3342,MED-4236,431.73
jev-score,PLAIN-3342,MED-1229,239.12
jev-score,PLAIN-3342,MED-2123,276.06
jev-score,PLAIN-3342,MED-4782,209.17
jev-score,PLAIN-3342,MED-5016,250.53
jev-score,PLAIN-3342,MED-4396,190.17
jev-score,PLAIN-3342,MED-1770,270.24
jev-score,PLAIN-3342,MED-1768,278.44
jev-score,PLAIN-3342,MED-2126,238.78
jev-score,PLAIN-3342,MED-2056,276.87
jev-score,PLAIN-3342,MED-2772,322.82
jev-score,PLAIN-3342,MED-4751,225.42
jev-score,PLAIN-3352,MED-3504,268.42
jev-score,PLAIN-3352,MED-3316,217.42
jev-score,PLAIN-3352,MED-3317,234.29
jev-score,PLAIN-3352,MED-3515,229.72
jev-score,PLAIN-3352,MED-4430,215.72
jev-score,PLAIN-3352,MED-557,303.42
jev-score,PLAIN-3352,MED-4578,222.69
jev-score,PLAIN-3352,MED-1333,248.92
jev-score,PLAIN-3352,MED-4243,273.84
jev-score,PLAIN-3352,MED-2080,203.34
jev-score,PLAIN-3352,MED-4247,268.92
jev-score,PLAIN-3352,MED-4616,282.61
jev-score,PLAIN-3352,MED-2991,204.7
jev-score,PLAIN-3352,MED-5014,373.52
jev-score,PLAIN-3352,MED-2301,304.16
jev-score,PLAIN-3352,MED-3288,226.03
jev-score,PLAIN-3352,MED-1486,222.3
jev-score,PLAIN-3352,MED-1293,251.96
jev-score,PLAIN-3352,MED-2507,225.65
jev-score,PLAIN-3352,MED-4541,224.95
jev-score,PLAIN-3362,MED-5042,221.72
jev-score,PLAIN-3362,MED-2227,185.27
jev-score,PLAIN-3362,MED-5041,770.91
jev-score,PLAIN-3362,MED-2792,269.7
jev-score,PLAIN-3362,MED-4529,272.53
jev-score,PLAIN-3362,MED-2780,222.21
jev-score,PLAIN-3362,MED-1571,251.31
jev-score,PLAIN-3362,MED-4512,207.9
jev-score,PLAIN-3362,MED-4533,224.05
jev-score,PLAIN-3362,MED-2237,261.46
jev-score,PLAIN-3362,MED-4544,247.39
jev-score,PLAIN-3362,MED-3634,258.46
jev-score,PLAIN-3362,MED-2846,219.39
jev-score,PLAIN-3362,MED-4534,266.11
jev-score,PLAIN-3362,MED-3607,240.83
jev-score,PLAIN-3362,MED-1937,315.34
jev-score,PLAIN-3362,MED-4966,229.24
jev-score,PLAIN-3362,MED-2824,235.09
jev-score,PLAIN-3362,MED-2811,224.4
jev-score,PLAIN-3362,MED-2810,204.91
jev-score,PLAIN-3372,MED-4868,194.04
jev-score,PLAIN-3372,MED-4120,212.22
jev-score,PLAIN-3372,MED-1625,270.16
jev-score,PLAIN-3372,MED-4994,319.15
jev-score,PLAIN-3372,MED-1743,246.95
jev-score,PLAIN-3372,MED-4126,229.79
jev-score,PLAIN-3372,MED-1108,219.93
jev-score,PLAIN-3372,MED-5054,265.08
jev-score,PLAIN-3372,MED-1626,322.45
jev-score,PLAIN-3372,MED-1623,261.12
jev-score,PLAIN-3372,MED-5053,297.82
jev-score,PLAIN-3372,MED-1630,233.78
jev-score,PLAIN-3372,MED-1624,209.0
jev-score,PLAIN-3372,MED-4125,277.24
jev-score,PLAIN-3372,MED-1627,228.18
jev-score,PLAIN-3372,MED-2490,280.16
jev-score,PLAIN-3372,MED-4658,195.04
jev-score,PLAIN-3372,MED-3105,277.87
jev-score,PLAIN-3372,MED-4471,278.41
jev-score,PLAIN-3372,MED-3540,249.3
jev-score,PLAIN-3382,MED-3382,186.63
jev-score,PLAIN-3382,MED-3109,230.38
jev-score,PLAIN-3382,MED-2939,343.75
jev-score,PLAIN-3382,MED-5054,285.08
jev-score,PLAIN-3382,MED-1625,209.57
jev-score,PLAIN-3382,MED-3380,209.59
jev-score,PLAIN-3382,MED-1407,230.84
jev-score,PLAIN-3382,MED-5053,221.76
jev-score,PLAIN-3382,MED-3381,204.29
jev-score,PLAIN-3382,MED-2846,221.55
jev-score,PLAIN-3382,MED-4695,262.38
jev-score,PLAIN-3382,MED-1035,213.59
jev-score,PLAIN-3382,MED-4236,265.37
jev-score,PLAIN-3382,MED-2291,211.97
jev-score,PLAIN-3382,MED-4120,190.39
jev-score,PLAIN-3382,MED-5062,243.22
jev-score,PLAIN-3382,MED-1630,203.9
jev-score,PLAIN-3382,MED-1626,273.12
jev-score,PLAIN-3382,MED-1108,263.28
jev-score,PLAIN-3382,MED-3359,224.56
jev-score,PLAIN-3392,MED-1646,291.82
jev-score,PLAIN-3392,MED-1637,294.85
jev-score,PLAIN-3392,MED-713,215.73
jev-score,PLAIN-3392,MED-918,249.79
jev-score,PLAIN-3392,MED-3533,250.01
jev-score,PLAIN-3392,MED-1743,223.12
jev-score,PLAIN-3392,MED-4994,219.33
jev-score,PLAIN-3392,MED-3763,234.97
jev-score,PLAIN-3392,MED-2155,221.92
jev-score,PLAIN-3392,MED-5244,286.39
jev-score,PLAIN-3392,MED-3375,231.14
jev-score,PLAIN-3392,MED-2226,214.22
jev-score,PLAIN-3392,MED-5046,305.35
jev-score,PLAIN-3392,MED-1710,215.61
jev-score,PLAIN-3392,MED-2972,291.95
jev-score,PLAIN-3392,MED-4587,244.2
jev-score,PLAIN-3392,MED-5043,229.2
jev-score,PLAIN-3392,MED-4860,276.07
jev-score,PLAIN-3392,MED-4578,318.9
jev-score,PLAIN-3392,MED-1844,242.18
jev-score,PLAIN-3402,MED-2951,251.22
jev-score,PLAIN-3402,MED-4689,211.24
jev-score,PLAIN-3402,MED-5056,232.3
jev-score,PLAIN-3402,MED-4413,209.33
jev-score,PLAIN-3402,MED-887,219.08
jev-score,PLAIN-3402,MED-4165,259.58
jev-score,PLAIN-3402,MED-2223,306.73
jev-score,PLAIN-3402,MED-334,256.59
jev-score,PLAIN-3402,MED-2285,178.15
jev-score,PLAIN-3402,MED-3093,268.38
jev-score,PLAIN-3402,MED-2194,248.93
jev-score,PLAIN-3402,MED-4047,312.94
jev-score,PLAIN-3402,MED-4523,241.3
jev-score,PLAIN-3402,MED-3943,179.12
jev-score,PLAIN-3402,MED-3085,316.71
jev-score,PLAIN-3402,MED-2969,196.46
jev-score,PLAIN-3402,MED-2231,229.81
jev-score,PLAIN-3402,MED-2595,311.59
jev-score,PLAIN-3402,MED-4516,226.36
jev-score,PLAIN-3402,MED-2570,224.27
jev-score,PLAIN-3412,MED-4682,229.65
jev-score,PLAIN-3412,MED-2055,247.31
jev-score,PLAIN-3412,MED-936,220.94
jev-score,PLAIN-3412,MED-4469,266.89
jev-score,PLAIN-3412,MED-901,283.31
jev-score,PLAIN-3412,MED-3227,296.5
jev-score,PLAIN-3412,MED-4894,217.82
jev-score,PLAIN-3412,MED-3931,242.29
jev-score,PLAIN-3412,MED-3233,195.46
jev-score,PLAIN-3412,MED-962,291.45
jev-score,PLAIN-3412,MED-900,234.76
jev-score,PLAIN-3412,MED-2057,254.71
jev-score,PLAIN-3412,MED-4882,265.13
jev-score,PLAIN-3412,MED-4753,249.28
jev-score,PLAIN-3412,MED-2136,233.07
jev-score,PLAIN-3412,MED-2053,279.18
jev-score,PLAIN-3412,MED-3226,204.74
jev-score,PLAIN-3412,MED-2056,238.51
jev-score,PLAIN-3412,MED-2060,356.66
jev-score,PLAIN-3412,MED-1341,228.01
jev-score,PLAIN-3422,MED-4373,235.92
jev-score,PLAIN-3422,MED-2762,255.86
jev-score,PLAIN-3422,MED-5136,307.47
jev-score,PLAIN-3422,MED-2761,282.0
jev-score,PLAIN-3422,MED-4930,323.43
jev-score,PLAIN-3422,MED-4156,308.38
jev-score,PLAIN-3422,MED-4873,221.01
jev-score,PLAIN-3422,MED-2452,201.34
jev-score,PLAIN-3422,MED-4566,208.98
jev-score,PLAIN-3422,MED-3467,208.48
jev-score,PLAIN-3422,MED-3157,322.64
jev-score,PLAIN-3422,MED-4366,216.63
jev-score,PLAIN-3422,MED-4645,270.75
jev-score,PLAIN-3422,MED-2942,237.04
jev-score,PLAIN-3422,MED-1830,313.11
jev-score,PLAIN-3422,MED-3617,195.77
jev-score,PLAIN-3422,MED-5131,278.41
jev-score,PLAIN-3422,MED-4511,215.46
jev-score,PLAIN-3422,MED-4929,209.74
jev-score,PLAIN-3422,MED-4872,221.31
jev-score,PLAIN-3432,MED-4336,293.49
jev-score,PLAIN-3432,MED-5040,208.1
jev-score,PLAIN-3432,MED-2227,229.12
jev-score,PLAIN-3432,MED-2225,206.62
jev-score,PLAIN-3432,MED-5148,233.66
jev-score,PLAIN-3432,MED-2224,215.12
jev-score,PLAIN-3432,MED-5283,244.09
jev-score,PLAIN-3432,MED-5284,190.89
jev-score,PLAIN-3432,MED-4782,227.42
jev-score,PLAIN-3432,MED-5038,264.24
jev-score,PLAIN-3432,MED-5151,274.53
jev-score,PLAIN-3432,MED-5289,214.79
jev-score,PLAIN-3432,MED-2223,300.2
jev-score,PLAIN-3432,MED-3166,225.88
jev-score,PLAIN-3432,MED-2222,249.29
jev-score,PLAIN-3432,MED-2228,239.1
jev-score,PLAIN-3432,MED-5248,223.24
jev-score,PLAIN-3432,MED-5286,221.77
jev-score,PLAIN-3432,MED-5287,262.81
jev-score,PLAIN-3432,MED-1534,273.64
jev-score,PLAIN-3442,MED-4994,215.86
jev-score,PLAIN-3442,MED-1743,202.32
jev-score,PLAIN-3442,MED-3523,215.79
jev-score,PLAIN-3442,MED-2066,251.46
jev-score,PLAIN-3442,MED-5076,195.19
jev-score,PLAIN-3442,MED-2085,260.37
jev-score,PLAIN-3442,MED-3620,213.12
jev-score,PLAIN-3442,MED-3371,225.59
jev-score,PLAIN-3442,MED-3369,310.24
jev-score,PLAIN-3442,MED-2201,260.21
jev-score,PLAIN-3442,MED-4714,238.25
jev-score,PLAIN-3442,MED-4738,259.67
jev-score,PLAIN-3442,MED-1604,241.22
jev-score,PLAIN-3442,MED-1500,191.1
jev-score,PLAIN-3442,MED-4496,258.96
jev-score,PLAIN-3442,MED-4861,289.04
jev-score,PLAIN-3442,MED-3485,382.3
jev-score,PLAIN-3442,MED-4393,240.01
jev-score,PLAIN-3442,MED-2459,260.84
jev-score,PLAIN-3442,MED-4583,200.65
jev-score,PLAIN-3452,MED-5175,216.99
jev-score,PLAIN-3452,MED-2100,248.81
jev-score,PLAIN-3452,MED-4641,270.67
jev-score,PLAIN-3452,MED-1049,220.15
jev-score,PLAIN-3452,MED-1031,262.91
jev-score,PLAIN-3452,MED-4638,248.88
jev-score,PLAIN-3452,MED-1035,344.75
jev-score,PLAIN-3452,MED-2055,359.46
jev-score,PLAIN-3452,MED-1034,276.08
jev-score,PLAIN-3452,MED-4810,198.63
jev-score,PLAIN-3452,MED-4325,306.76
jev-score,PLAIN-3452,MED-1008,273.21
jev-score,PLAIN-3452,MED-1188,241.34
jev-score,PLAIN-3452,MED-1040,266.85
jev-score,PLAIN-3452,MED-1048,287.9
jev-score,PLAIN-3452,MED-1007,238.88
jev-score,PLAIN-3452,MED-2164,242.64
jev-score,PLAIN-3452,MED-2578,203.93
jev-score,PLAIN-3452,MED-1016,273.03
jev-score,PLAIN-3452,MED-3964,263.95
jev-score,PLAIN-3462,MED-5271,230.46
jev-score,PLAIN-3462,MED-5153,237.59
jev-score,PLAIN-3462,MED-5274,257.2
jev-score,PLAIN-3462,MED-5260,249.22
jev-score,PLAIN-3462,MED-1390,232.28
jev-score,PLAIN-3462,MED-1373,232.66
jev-score,PLAIN-3462,MED-5268,240.82
jev-score,PLAIN-3462,MED-5269,255.05
jev-score,PLAIN-3462,MED-5263,204.71
jev-score,PLAIN-3462,MED-5273,448.53
jev-score,PLAIN-3462,MED-3432,242.56
jev-score,PLAIN-3462,MED-4709,246.59
jev-score,PLAIN-3462,MED-1363,228.05
jev-score,PLAIN-3462,MED-1394,220.88
jev-score,PLAIN-3462,MED-5261,256.94
jev-score,PLAIN-3462,MED-5085,277.02
jev-score,PLAIN-3462,MED-4303,240.25
jev-score,PLAIN-3462,MED-5262,234.5
jev-score,PLAIN-3462,MED-3422,239.42
jev-score,PLAIN-3462,MED-4006,295.28
jev-score,PLAIN-3472,MED-3760,291.56
jev-score,PLAIN-3472,MED-2928,219.07
jev-score,PLAIN-3472,MED-2527,231.82
jev-score,PLAIN-3472,MED-3374,252.47
jev-score,PLAIN-3472,MED-1350,199.23
jev-score,PLAIN-3472,MED-3382,234.32
jev-score,PLAIN-3472,MED-2925,320.62
jev-score,PLAIN-3472,MED-3757,256.06
jev-score,PLAIN-3472,MED-2923,271.12
jev-score,PLAIN-3472,MED-3759,298.46
jev-score,PLAIN-3472,MED-3106,237.88
jev-score,PLAIN-3472,MED-3755,326.55
jev-score,PLAIN-3472,MED-2525,478.85
jev-score,PLAIN-3472,MED-2924,258.5
jev-score,PLAIN-3472,MED-2050,327.93
jev-score,PLAIN-3472,MED-1374,203.34
jev-score,PLAIN-3472,MED-1818,246.99
jev-score,PLAIN-3472,MED-4795,312.47
jev-score,PLAIN-3472,MED-4442,226.64
jev-score,PLAIN-3472,MED-4451,211.57
cross-encoder,PLAIN-2,MED-14,43.26
cross-encoder,PLAIN-2,MED-2429,21.74
cross-encoder,PLAIN-2,MED-10,22.86
cross-encoder,PLAIN-2,MED-2428,20.01
cross-encoder,PLAIN-2,MED-1193,28.76
cross-encoder,PLAIN-2,MED-2431,27.58
cross-encoder,PLAIN-2,MED-4827,20.31
cross-encoder,PLAIN-2,MED-4830,29.97
cross-encoder,PLAIN-2,MED-2427,28.76
cross-encoder,PLAIN-2,MED-4829,27.48
cross-encoder,PLAIN-2,MED-4650,25.12
cross-encoder,PLAIN-2,MED-4562,20.0
cross-encoder,PLAIN-2,MED-2434,23.59
cross-encoder,PLAIN-2,MED-2792,18.32
cross-encoder,PLAIN-2,MED-1555,11.54
cross-encoder,PLAIN-2,MED-4450,19.02
cross-encoder,PLAIN-2,MED-3832,21.64
cross-encoder,PLAIN-2,MED-3845,17.79
cross-encoder,PLAIN-2,MED-2439,20.44
cross-encoder,PLAIN-2,MED-3830,24.89
cross-encoder,PLAIN-12,MED-4711,19.86
cross-encoder,PLAIN-12,MED-2501,11.77
cross-encoder,PLAIN-12,MED-4698,24.13
cross-encoder,PLAIN-12,MED-2333,17.18
cross-encoder,PLAIN-12,MED-4884,20.67
cross-encoder,PLAIN-12,MED-5042,14.32
cross-encoder,PLAIN-12,MED-2136,19.67
cross-encoder,PLAIN-12,MED-2603,15.69
cross-encoder,PLAIN-12,MED-1376,20.37
cross-encoder,PLAIN-12,MED-2815,28.61
cross-encoder,PLAIN-12,MED-1923,24.24
cross-encoder,PLAIN-12,MED-4695,16.86
cross-encoder,PLAIN-12,MED-1167,19.25
cross-encoder,PLAIN-12,MED-1190,28.05
cross-encoder,PLAIN-12,MED-4643,19.38
cross-encoder,PLAIN-12,MED-1702,24.01
cross-encoder,PLAIN-12,MED-3001,22.89
cross-encoder,PLAIN-12,MED-2052,23.16
cross-encoder,PLAIN-12,MED-3678,22.3
cross-encoder,PLAIN-12,MED-3243,21.27
cross-encoder,PLAIN-23,MED-1221,24.09
cross-encoder,PLAIN-23,MED-2643,28.46
cross-encoder,PLAIN-23,MED-2658,22.15
cross-encoder,PLAIN-23,MED-2650,18.85
cross-encoder,PLAIN-23,MED-2718,21.11
cross-encoder,PLAIN-23,MED-4429,18.77
cross-encoder,PLAIN-23,MED-4451,22.17
cross-encoder,PLAIN-23,MED-2493,21.35
cross-encoder,PLAIN-23,MED-2494,26.88
cross-encoder,PLAIN-23,MED-2661,37.28
cross-encoder,PLAIN-23,MED-2652,22.43
cross-encoder,PLAIN-23,MED-2292,29.43
cross-encoder,PLAIN-23,MED-1174,24.38
cross-encoder,PLAIN-23,MED-4256,23.56
cross-encoder,PLAIN-23,MED-2644,24.89
cross-encoder,PLAIN-23,MED-3498,20.63
cross-encoder,PLAIN-23,MED-4168,20.15
cross-encoder,PLAIN-23,MED-3880,17.4
cross-encoder,PLAIN-23,MED-118,24.52
cross-encoder,PLAIN-23,MED-2651,27.42
cross-encoder,PLAIN-33,MED-2221,18.71
cross-encoder,PLAIN-33,MED-1344,20.44
cross-encoder,PLAIN-33,MED-4876,27.12
cross-encoder,PLAIN-33,MED-2715,19.66
cross-encoder,PLAIN-33,MED-4366,21.63
cross-encoder,PLAIN-33,MED-3635,23.66
cross-encoder,PLAIN-33,MED-1878,17.65
cross-encoder,PLAIN-33,MED-3748,20.43
cross-encoder,PLAIN-33,MED-5093,20.18
cross-encoder,PLAIN-33,MED-944,22.6
cross-encoder,PLAIN-33,MED-1056,21.4
cross-encoder,PLAIN-33,MED-748,16.1
cross-encoder,PLAIN-33,MED-1366,15.17
cross-encoder,PLAIN-33,MED-2763,15.38
cross-encoder,PLAIN-33,MED-1497,23.23
cross-encoder,PLAIN-33,MED-1994,18.6
cross-encoder,PLAIN-33,MED-1674,29.15
cross-encoder,PLAIN-33,MED-4744,25.12
cross-encoder,PLAIN-33,MED-900,20.13
cross-encoder,PLAIN-33,MED-4794,28.44
cross-encoder,PLAIN-44,MED-2786,27.71
cross-encoder,PLAIN-44,MED-2782,29.28
cross-encoder,PLAIN-44,MED-1942,21.12
cross-encoder,PLAIN-44,MED-2783,20.56
cross-encoder,PLAIN-44,MED-2819,29.37
cross-encoder,PLAIN-44,MED-1811,24.6
cross-encoder,PLAIN-44,MED-2821,19.66
cross-encoder,PLAIN-44,MED-1032,20.37
cross-encoder,PLAIN-44,MED-2313,28.11
cross-encoder,PLAIN-44,MED-2602,25.42
cross-encoder,PLAIN-44,MED-2791,28.57
cross-encoder,PLAIN-44,MED-2785,19.8
cross-encoder,PLAIN-44,MED-2601,23.45
cross-encoder,PLAIN-44,MED-2599,20.41
cross-encoder,PLAIN-44,MED-2801,23.85
cross-encoder,PLAIN-44,MED-2742,17.96
cross-encoder,PLAIN-44,MED-2823,36.61
cross-encoder,PLAIN-44,MED-2605,29.39
cross-encoder,PLAIN-44,MED-1948,30.62
cross-encoder,PLAIN-44,MED-2810,32.07
cross-encoder,PLAIN-56,MED-2901,19.88
cross-encoder,PLAIN-56,MED-2896,26.61
cross-encoder,PLAIN-56,MED-2900,17.77
cross-encoder,PLAIN-56,MED-5247,30.88
cross-encoder,PLAIN-56,MED-5246,24.47
cross-encoder,PLAIN-56,MED-4384,26.5
cross-encoder,PLAIN-56,MED-2894,20.75
cross-encoder,PLAIN-56,MED-3356,23.84
cross-encoder,PLAIN-56,MED-3770,20.96
cross-encoder,PLAIN-56,MED-1178,18.81
cross-encoder,PLAIN-56,MED-3786,22.29
cross-encoder,PLAIN-56,MED-3397,28.58
cross-encoder,PLAIN-56,MED-3769,21.45
cross-encoder,PLAIN-56,MED-2263,25.91
cross-encoder,PLAIN-56,MED-2418,27.27
cross-encoder,PLAIN-56,MED-2181,18.79
cross-encoder,PLAIN-56,MED-1173,17.55
cross-encoder,PLAIN-56,MED-3699,15.57
cross-encoder,PLAIN-56,MED-3092,16.29
cross-encoder,PLAIN-56,MED-2951,16.94
cross-encoder,PLAIN-68,MED-2991,13.97
cross-encoder,PLAIN-68,MED-5345,19.88
cross-encoder,PLAIN-68,MED-4800,26.78
cross-encoder,PLAIN-68,MED-1960,25.62
cross-encoder,PLAIN-68,MED-2492,24.62
cross-encoder,PLAIN-68,MED-3095,21.18
cross-encoder,PLAIN-68,MED-1138,26.95
cross-encoder,PLAIN-68,MED-2339,20.19
cross-encoder,PLAIN-68,MED-4539,21.93
cross-encoder,PLAIN-68,MED-4626,22.22
cross-encoder,PLAIN-68,MED-4429,23.62
cross-encoder,PLAIN-68,MED-4742,26.76
cross-encoder,PLAIN-68,MED-4978,25.82
cross-encoder,PLAIN-68,MED-4427,12.87
cross-encoder,PLAIN-68,MED-2736,20.45
cross-encoder,PLAIN-68,MED-3651,13.23
cross-encoder,PLAIN-68,MED-2745,20.53
cross-encoder,PLAIN-68,MED-2168,31.44
cross-encoder,PLAIN-68,MED-716,21.51
cross-encoder,PLAIN-68,MED-4640,23.63
cross-encoder,PLAIN-78,MED-4318,27.41
cross-encoder,PLAIN-78,MED-2219,19.68
cross-encoder,PLAIN-78,MED-1540,24.25
cross-encoder,PLAIN-78,MED-1366,20.33
cross-encoder,PLAIN-78,MED-4087,25.62
cross-encoder,PLAIN-78,MED-1817,21.22
cross-encoder,PLAIN-78,MED-3832,26.08
cross-encoder,PLAIN-78,MED-1674,20.47
cross-encoder,PLAIN-78,MED-2940,19.42
cross-encoder,PLAIN-78,MED-1488,22.69
cross-encoder,PLAIN-78,MED-2928,18.78
cross-encoder,PLAIN-78,MED-4834,20.83
cross-encoder,PLAIN-78,MED-1040,24.46
cross-encoder,PLAIN-78,MED-3585,18.27
cross-encoder,PLAIN-78,MED-4429,23.94
cross-encoder,PLAIN-78,MED-2726,27.89
cross-encoder,PLAIN-78,MED-4337,22.39
cross-encoder,PLAIN-78,MED-5110,19.92
cross-encoder,PLAIN-78,MED-3756,21.07
cross-encoder,PLAIN-78,MED-4794,29.61
cross-encoder,PLAIN-91,MED-3171,16.34
cross-encoder,PLAIN-91,MED-3515,11.35
cross-encoder,PLAIN-91,MED-3288,23.58
cross-encoder,PLAIN-91,MED-4963,23.61
cross-encoder,PLAIN-91,MED-2341,28.97
cross-encoder,PLAIN-91,MED-4818,11.88
cross-encoder,PLAIN-91,MED-1979,16.97
cross-encoder,PLAIN-91,MED-1983,20.78
cross-encoder,PLAIN-91,MED-2352,20.55
cross-encoder,PLAIN-91,MED-1610,18.78
cross-encoder,PLAIN-91,MED-4746,23.29
cross-encoder,PLAIN-91,MED-4593,32.17
cross-encoder,PLAIN-91,MED-3891,29.7
cross-encoder,PLAIN-91,MED-2340,25.27
cross-encoder,PLAIN-91,MED-4814,19.79
cross-encoder,PLAIN-91,MED-4803,17.6
cross-encoder,PLAIN-91,MED-2678,24.7
cross-encoder,PLAIN-91,MED-4357,22.07
cross-encoder,PLAIN-91,MED-3178,22.87
cross-encoder,PLAIN-91,MED-4808,22.18
cross-encoder,PLAIN-102,MED-3954,24.69
cross-encoder,PLAIN-102,MED-4247,25.53
cross-encoder,PLAIN-102,MED-4616,21.07
cross-encoder,PLAIN-102,MED-1999,25.55
cross-encoder,PLAIN-102,MED-3253,18.01
cross-encoder,PLAIN-102,MED-4160,18.07
cross-encoder,PLAIN-102,MED-5251,9.26
cross-encoder,PLAIN-102,MED-4315,14.12
cross-encoder,PLAIN-102,MED-1932,17.29
cross-encoder,PLAIN-102,MED-5141,22.08
cross-encoder,PLAIN-102,MED-4783,26.44
cross-encoder,PLAIN-102,MED-5194,23.2
cross-encoder,PLAIN-102,MED-1722,26.46
cross-encoder,PLAIN-102,MED-1991,22.77
cross-encoder,PLAIN-102,MED-4496,23.76
cross-encoder,PLAIN-102,MED-5293,23.48
cross-encoder,PLAIN-102,MED-4578,23.18
cross-encoder,PLAIN-102,MED-1366,15.27
cross-encoder,PLAIN-102,MED-4680,25.28
cross-encoder,PLAIN-102,MED-1834,18.44
cross-encoder,PLAIN-112,MED-3380,22.34
cross-encoder,PLAIN-112,MED-2618,20.74
cross-encoder,PLAIN-112,MED-2616,29.88
cross-encoder,PLAIN-112,MED-3382,24.16
cross-encoder,PLAIN-112,MED-3383,16.11
cross-encoder,PLAIN-112,MED-4604,25.29
cross-encoder,PLAIN-112,MED-4655,33.02
cross-encoder,PLAIN-112,MED-1153,19.04
cross-encoder,PLAIN-112,MED-2643,26.43
cross-encoder,PLAIN-112,MED-2992,23.19
cross-encoder,PLAIN-112,MED-855,21.86
cross-encoder,PLAIN-112,MED-2738,23.72
cross-encoder,PLAIN-112,MED-2063,20.6
cross-encoder,PLAIN-112,MED-2308,15.89
cross-encoder,PLAIN-112,MED-3770,25.3
cross-encoder,PLAIN-112,MED-4796,26.9
cross-encoder,PLAIN-112,MED-2742,20.56
cross-encoder,PLAIN-112,MED-3497,25.13
cross-encoder,PLAIN-112,MED-4186,26.23
cross-encoder,PLAIN-112,MED-5059,22.62
cross-encoder,PLAIN-123,MED-4256,22.36
cross-encoder,PLAIN-123,MED-4969,21.53
cross-encoder,PLAIN-123,MED-4392,14.82
cross-encoder,PLAIN-123,MED-4804,22.14
cross-encoder,PLAIN-123,MED-4429,22.21
cross-encoder,PLAIN-123,MED-1020,23.87
cross-encoder,PLAIN-123,MED-3483,25.88
cross-encoder,PLAIN-123,MED-4922,21.99
cross-encoder,PLAIN-123,MED-2501,11.57
cross-encoder,PLAIN-123,MED-1982,10.7
cross-encoder,PLAIN-123,MED-3436,17.75
cross-encoder,PLAIN-123,MED-2742,21.21
cross-encoder,PLAIN-123,MED-3319,24.62
cross-encoder,PLAIN-123,MED-1705,25.8
cross-encoder,PLAIN-123,MED-4769,19.61
cross-encoder,PLAIN-123,MED-1347,22.07
cross-encoder,PLAIN-123,MED-2718,17.88
cross-encoder,PLAIN-123,MED-2182,18.31
cross-encoder,PLAIN-123,MED-5319,28.7
cross-encoder,PLAIN-123,MED-2083,21.46
cross-encoder,PLAIN-133,MED-1666,23.02
cross-encoder,PLAIN-133,MED-2923,24.49
cross-encoder,PLAIN-133,MED-1665,20.93
cross-encoder,PLAIN-133,MED-2751,24.45
cross-encoder,PLAIN-133,MED-4423,23.06
cross-encoder,PLAIN-133,MED-3277,18.87
cross-encoder,PLAIN-133,MED-2066,19.42
cross-encoder,PLAIN-133,MED-2426,19.6
cross-encoder,PLAIN-133,MED-5053,22.03
cross-encoder,PLAIN-133,MED-2993,20.3
cross-encoder,PLAIN-133,MED-2010,18.32
cross-encoder,PLAIN-133,MED-1170,17.3
cross-encoder,PLAIN-133,MED-2357,24.93
cross-encoder,PLAIN-133,MED-2216,16.86
cross-encoder,PLAIN-133,MED-4464,10.59
cross-encoder,PLAIN-133,MED-2129,14.74
cross-encoder,PLAIN-133,MED-1659,18.11
cross-encoder,PLAIN-133,MED-2251,19.62
cross-encoder,PLAIN-133,MED-3696,26.4
cross-encoder,PLAIN-133,MED-4116,21.02
cross-encoder,PLAIN-143,MED-3621,24.17
cross-encoder,PLAIN-143,MED-2093,27.57
cross-encoder,PLAIN-143,MED-4027,24.4
cross-encoder,PLAIN-143,MED-4028,18.34
cross-encoder,PLAIN-143,MED-4036,23.42
cross-encoder,PLAIN-143,MED-3618,22.73
cross-encoder,PLAIN-143,MED-5097,22.47
cross-encoder,PLAIN-143,MED-4026,25.0
cross-encoder,PLAIN-143,MED-4019,23.91
cross-encoder,PLAIN-143,MED-1858,16.75
cross-encoder,PLAIN-143,MED-872,26.05
cross-encoder,PLAIN-143,MED-3639,21.46
cross-encoder,PLAIN-143,MED-3686,23.4
cross-encoder,PLAIN-143,MED-1988,21.72
cross-encoder,PLAIN-143,MED-3640,23.49
cross-encoder,PLAIN-143,MED-1857,17.73
cross-encoder,PLAIN-143,MED-3619,17.54
cross-encoder,PLAIN-143,MED-3850,20.99
cross-encoder,PLAIN-143,MED-2707,19.01
cross-encoder,PLAIN-143,MED-4034,22.9
cross-encoder,PLAIN-153,MED-3677,19.92
cross-encoder,PLAIN-153,MED-2105,20.63
cross-encoder,PLAIN-153,MED-1248,19.32
cross-encoder,PLAIN-153,MED-3695,18.75
cross-encoder,PLAIN-153,MED-3692,15.58
cross-encoder,PLAIN-153,MED-1716,22.19
cross-encoder,PLAIN-153,MED-3680,22.39
cross-encoder,PLAIN-153,MED-3673,21.71
cross-encoder,PLAIN-153,MED-3164,15.1
cross-encoder,PLAIN-153,MED-3691,26.09
cross-encoder,PLAIN-153,MED-3690,29.47
cross-encoder,PLAIN-153,MED-4772,23.72
cross-encoder,PLAIN-153,MED-3800,22.97
cross-encoder,PLAIN-153,MED-4266,24.41
cross-encoder,PLAIN-153,MED-1588,23.04
cross-encoder,PLAIN-153,MED-2718,19.32
cross-encoder,PLAIN-153,MED-4612,27.35
cross-encoder,PLAIN-153,MED-2292,20.8
cross-encoder,PLAIN-153,MED-1490,20.77
cross-encoder,PLAIN-153,MED-3679,22.65
cross-encoder,PLAIN-165,MED-4445,18.18
cross-encoder,PLAIN-165,MED-3766,23.71
cross-encoder,PLAIN-165,MED-3767,24.83
cross-encoder,PLAIN-165,MED-4465,22.04
cross-encoder,PLAIN-165,MED-5087,24.87
cross-encoder,PLAIN-165,MED-2604,25.18
cross-encoder,PLAIN-165,MED-1564,19.58
cross-encoder,PLAIN-165,MED-2824,26.42
cross-encoder,PLAIN-165,MED-3768,21.64
cross-encoder,PLAIN-165,MED-2437,19.23
cross-encoder,PLAIN-165,MED-3762,19.24
cross-encoder,PLAIN-165,MED-3696,22.24
cross-encoder,PLAIN-165,MED-4096,17.84
cross-encoder,PLAIN-165,MED-4694,21.82
cross-encoder,PLAIN-165,MED-3447,24.39
cross-encoder,PLAIN-165,MED-3701,21.72
cross-encoder,PLAIN-165,MED-4450,23.4
cross-encoder,PLAIN-165,MED-4812,21.49
cross-encoder,PLAIN-165,MED-4223,30.83
cross-encoder,PLAIN-165,MED-3697,19.17
cross-encoder,PLAIN-175,MED-3818,27.57
cross-encoder,PLAIN-175,MED-3816,24.33
cross-encoder,PLAIN-175,MED-3822,21.56
cross-encoder,PLAIN-175,MED-5200,28.67
cross-encoder,PLAIN-175,MED-4985,26.35
cross-encoder,PLAIN-175,MED-3399,27.16
cross-encoder,PLAIN-175,MED-4347,28.37
cross-encoder,PLAIN-175,MED-2459,25.97
cross-encoder,PLAIN-175,MED-2248,21.6
cross-encoder,PLAIN-175,MED-2294,26.02
cross-encoder,PLAIN-175,MED-1378,17.44
cross-encoder,PLAIN-175,MED-2384,27.8
cross-encoder,PLAIN-175,MED-836,19.26
cross-encoder,PLAIN-175,MED-1714,23.33
cross-encoder,PLAIN-175,MED-4104,21.8
cross-encoder,PLAIN-175,MED-3434,25.51
cross-encoder,PLAIN-175,MED-3794,29.85
cross-encoder,PLAIN-175,MED-2943,31.43
cross-encoder,PLAIN-175,MED-819,24.44
cross-encoder,PLAIN-175,MED-4854,22.7
cross-encoder,PLAIN-186,MED-2054,28.02
cross-encoder,PLAIN-186,MED-3904,22.06
cross-encoder,PLAIN-186,MED-2059,21.48
cross-encoder,PLAIN-186,MED-2057,21.58
cross-encoder,PLAIN-186,MED-1016,11.64
cross-encoder,PLAIN-186,MED-949,19.65
cross-encoder,PLAIN-186,MED-2203,20.57
cross-encoder,PLAIN-186,MED-2060,29.83
cross-encoder,PLAIN-186,MED-2058,25.14
cross-encoder,PLAIN-186,MED-2053,29.61
cross-encoder,PLAIN-186,MED-4638,29.46
cross-encoder,PLAIN-186,MED-2292,23.77
cross-encoder,PLAIN-186,MED-1034,27.04
cross-encoder,PLAIN-186,MED-2061,22.99
cross-encoder,PLAIN-186,MED-1314,23.09
cross-encoder,PLAIN-186,MED-2055,22.18
cross-encoder,PLAIN-186,MED-4325,21.04
cross-encoder,PLAIN-186,MED-3510,19.8
cross-encoder,PLAIN-186,MED-977,18.36
cross-encoder,PLAIN-186,MED-692,25.38
cross-encoder,PLAIN-196,MED-3969,22.96
cross-encoder,PLAIN-196,MED-3964,24.86
cross-encoder,PLAIN-196,MED-895,23.03
cross-encoder,PLAIN-196,MED-3960,28.96
cross-encoder,PLAIN-196,MED-5059,23.26
cross-encoder,PLAIN-196,MED-3963,20.64
cross-encoder,PLAIN-196,MED-3970,19.28
cross-encoder,PLAIN-196,MED-5133,24.49
cross-encoder,PLAIN-196,MED-5134,21.58
cross-encoder,PLAIN-196,MED-5326,22.92
cross-encoder,PLAIN-196,MED-1125,26.82
cross-encoder,PLAIN-196,MED-1162,19.29
cross-encoder,PLAIN-196,MED-3766,24.57
cross-encoder,PLAIN-196,MED-3592,22.43
cross-encoder,PLAIN-196,MED-1763,21.9
cross-encoder,PLAIN-196,MED-5297,22.96
cross-encoder,PLAIN-196,MED-4602,21.78
cross-encoder,PLAIN-196,MED-1705,24.05
cross-encoder,PLAIN-196,MED-4127,22.85
cross-encoder,PLAIN-196,MED-862,21.7
cross-encoder,PLAIN-207,MED-3000,18.28
cross-encoder,PLAIN-207,MED-5197,19.87
cross-encoder,PLAIN-207,MED-4391,18.54
cross-encoder,PLAIN-207,MED-4482,24.11
cross-encoder,PLAIN-207,MED-4040,26.13
cross-encoder,PLAIN-207,MED-4057,22.13
cross-encoder,PLAIN-207,MED-3545,19.65
cross-encoder,PLAIN-207,MED-4053,30.46
cross-encoder,PLAIN-207,MED-2168,33.21
cross-encoder,PLAIN-207,MED-5207,14.03
cross-encoder,PLAIN-207,MED-4492,20.62
cross-encoder,PLAIN-207,MED-5075,27.67
cross-encoder,PLAIN-207,MED-4068,29.59
cross-encoder,PLAIN-207,MED-4799,13.91
cross-encoder,PLAIN-207,MED-2492,19.27
cross-encoder,PLAIN-207,MED-5326,24.93
cross-encoder,PLAIN-207,MED-4976,28.88
cross-encoder,PLAIN-207,MED-4451,24.74
cross-encoder,PLAIN-207,MED-4972,22.91
cross-encoder,PLAIN-207,MED-2169,23.63
cross-encoder,PLAIN-217,MED-4831,16.67
cross-encoder,PLAIN-217,MED-1991,37.32
cross-encoder,PLAIN-217,MED-1874,20.29
cross-encoder,PLAIN-217,MED-2432,21.83
cross-encoder,PLAIN-217,MED-1997,20.02
cross-encoder,PLAIN-217,MED-4389,17.17
cross-encoder,PLAIN-217,MED-4515,30.76
cross-encoder,PLAIN-217,MED-4984,22.74
cross-encoder,PLAIN-217,MED-4206,18.91
cross-encoder,PLAIN-217,MED-4687,22.52
cross-encoder,PLAIN-217,MED-2812,26.8
cross-encoder,PLAIN-217,MED-2444,25.63
cross-encoder,PLAIN-217,MED-2813,24.89
cross-encoder,PLAIN-217,MED-1250,19.04
cross-encoder,PLAIN-217,MED-1249,22.85
cross-encoder,PLAIN-217,MED-4469,25.17
cross-encoder,PLAIN-217,MED-3273,25.83
cross-encoder,PLAIN-217,MED-1489,22.82
cross-encoder,PLAIN-217,MED-1319,23.31
cross-encoder,PLAIN-217,MED-5113,24.19
cross-encoder,PLAIN-227,MED-3534,24.59
cross-encoder,PLAIN-227,MED-4829,27.69
cross-encoder,PLAIN-227,MED-3466,26.09
cross-encoder,PLAIN-227,MED-4150,9.89
cross-encoder,PLAIN-227,MED-3459,26.25
cross-encoder,PLAIN-227,MED-1491,26.37
cross-encoder,PLAIN-227,MED-4185,23.16
cross-encoder,PLAIN-227,MED-1474,17.21
cross-encoder,PLAIN-227,MED-4828,17.59
cross-encoder,PLAIN-227,MED-3228,22.56
cross-encoder,PLAIN-227,MED-5257,17.69
cross-encoder,PLAIN-227,MED-1466,11.36
cross-encoder,PLAIN-227,MED-4830,19.67
cross-encoder,PLAIN-227,MED-3499,20.37
cross-encoder,PLAIN-227,MED-910,25.54
cross-encoder,PLAIN-227,MED-3462,22.62
cross-encoder,PLAIN-227,MED-1460,18.41
cross-encoder,PLAIN-227,MED-4166,20.65
cross-encoder,PLAIN-227,MED-1458,28.6
cross-encoder,PLAIN-227,MED-3171,19.71
cross-encoder,PLAIN-238,MED-4451,20.22
cross-encoder,PLAIN-238,MED-2746,28.01
cross-encoder,PLAIN-238,MED-4465,24.26
cross-encoder,PLAIN-238,MED-5224,23.27
cross-encoder,PLAIN-238,MED-3880,21.45
cross-encoder,PLAIN-238,MED-3054,19.16
cross-encoder,PLAIN-238,MED-2489,5.97
cross-encoder,PLAIN-238,MED-2749,18.51
cross-encoder,PLAIN-238,MED-4966,18.73
cross-encoder,PLAIN-238,MED-3436,17.51
cross-encoder,PLAIN-238,MED-2501,15.46
cross-encoder,PLAIN-238,MED-5104,27.34
cross-encoder,PLAIN-238,MED-3651,11.93
cross-encoder,PLAIN-238,MED-2105,20.11
cross-encoder,PLAIN-238,MED-2604,23.75
cross-encoder,PLAIN-238,MED-3622,17.02
cross-encoder,PLAIN-238,MED-1933,16.26
cross-encoder,PLAIN-238,MED-5169,20.2
cross-encoder,PLAIN-238,MED-4120,26.49
cross-encoder,PLAIN-238,MED-4796,24.05
cross-encoder,PLAIN-248,MED-3790,18.81
cross-encoder,PLAIN-248,MED-3789,17.65
cross-encoder,PLAIN-248,MED-4233,19.66
cross-encoder,PLAIN-248,MED-5356,17.69
cross-encoder,PLAIN-248,MED-4886,18.52
cross-encoder,PLAIN-248,MED-3874,22.76
cross-encoder,PLAIN-248,MED-4885,23.16
cross-encoder,PLAIN-248,MED-5337,20.55
cross-encoder,PLAIN-248,MED-861,32.65
cross-encoder,PLAIN-248,MED-3243,16.76
cross-encoder,PLAIN-248,MED-5089,28.13
cross-encoder,PLAIN-248,MED-865,21.38
cross-encoder,PLAIN-248,MED-5355,17.4
cross-encoder,PLAIN-248,MED-4827,25.08
cross-encoder,PLAIN-248,MED-3878,25.04
cross-encoder,PLAIN-248,MED-2769,25.34
cross-encoder,PLAIN-248,MED-5359,23.86
cross-encoder,PLAIN-248,MED-4888,20.0
cross-encoder,PLAIN-248,MED-3782,18.74
cross-encoder,PLAIN-248,MED-5192,18.69
cross-encoder,PLAIN-259,MED-4296,19.64
cross-encoder,PLAIN-259,MED-4295,24.47
cross-encoder,PLAIN-259,MED-4739,20.42
cross-encoder,PLAIN-259,MED-862,27.09
cross-encoder,PLAIN-259,MED-4573,25.51
cross-encoder,PLAIN-259,MED-836,17.5
cross-encoder,PLAIN-259,MED-4471,17.02
cross-encoder,PLAIN-259,MED-2430,26.28
cross-encoder,PLAIN-259,MED-1586,22.14
cross-encoder,PLAIN-259,MED-5252,20.91
cross-encoder,PLAIN-259,MED-1872,22.59
cross-encoder,PLAIN-259,MED-1690,27.43
cross-encoder,PLAIN-259,MED-3197,32.0
cross-encoder,PLAIN-259,MED-1023,26.3
cross-encoder,PLAIN-259,MED-5165,25.09
cross-encoder,PLAIN-259,MED-4570,30.12
cross-encoder,PLAIN-259,MED-3492,29.76
cross-encoder,PLAIN-259,MED-2157,18.73
cross-encoder,PLAIN-259,MED-2051,12.36
cross-encoder,PLAIN-259,MED-5148,21.56
cross-encoder,PLAIN-270,MED-4331,25.51
cross-encoder,PLAIN-270,MED-1648,24.89
cross-encoder,PLAIN-270,MED-5247,31.52
cross-encoder,PLAIN-270,MED-1631,17.54
cross-encoder,PLAIN-270,MED-1640,19.55
cross-encoder,PLAIN-270,MED-4713,26.23
cross-encoder,PLAIN-270,MED-5123,22.09
cross-encoder,PLAIN-270,MED-4365,21.88
cross-encoder,PLAIN-270,MED-4776,23.94
cross-encoder,PLAIN-270,MED-1645,25.43
cross-encoder,PLAIN-270,MED-4777,19.33
cross-encoder,PLAIN-270,MED-4097,20.99
cross-encoder,PLAIN-270,MED-4746,29.12
cross-encoder,PLAIN-270,MED-1635,25.43
cross-encoder,PLAIN-270,MED-898,17.47
cross-encoder,PLAIN-270,MED-3588,20.78
cross-encoder,PLAIN-270,MED-5050,24.88
cross-encoder,PLAIN-270,MED-3715,18.94
cross-encoder,PLAIN-270,MED-5047,23.29
cross-encoder,PLAIN-270,MED-4902,19.73
cross-encoder,PLAIN-280,MED-4376,17.78
cross-encoder,PLAIN-280,MED-3595,20.08
cross-encoder,PLAIN-280,MED-5097,26.04
cross-encoder,PLAIN-280,MED-4533,25.18
cross-encoder,PLAIN-280,MED-3013,16.73
cross-encoder,PLAIN-280,MED-4370,20.65
cross-encoder,PLAIN-280,MED-4739,17.51
cross-encoder,PLAIN-280,MED-3023,24.42
cross-encoder,PLAIN-280,MED-2388,25.87
cross-encoder,PLAIN-280,MED-4535,18.86
cross-encoder,PLAIN-280,MED-4531,15.68
cross-encoder,PLAIN-280,MED-3025,23.1
cross-encoder,PLAIN-280,MED-2906,29.2
cross-encoder,PLAIN-280,MED-3034,24.59
cross-encoder,PLAIN-280,MED-2853,27.66
cross-encoder,PLAIN-280,MED-2618,20.81
cross-encoder,PLAIN-280,MED-4733,22.68
cross-encoder,PLAIN-280,MED-4947,22.8
cross-encoder,PLAIN-280,MED-4949,21.39
cross-encoder,PLAIN-280,MED-2157,19.12
cross-encoder,PLAIN-291,MED-4517,22.81
cross-encoder,PLAIN-291,MED-4639,23.98
cross-encoder,PLAIN-291,MED-3860,19.47
cross-encoder,PLAIN-291,MED-3142,20.96
cross-encoder,PLAIN-291,MED-1038,15.01
cross-encoder,PLAIN-291,MED-3272,22.9
cross-encoder,PLAIN-291,MED-2437,16.92
cross-encoder,PLAIN-291,MED-4050,21.63
cross-encoder,PLAIN-291,MED-1826,26.3
cross-encoder,PLAIN-291,MED-5352,24.06
cross-encoder,PLAIN-291,MED-1825,27.97
cross-encoder,PLAIN-291,MED-3832,26.6
cross-encoder,PLAIN-291,MED-2258,28.1
cross-encoder,PLAIN-291,MED-3858,25.45
cross-encoder,PLAIN-291,MED-2424,24.26
cross-encoder,PLAIN-291,MED-3127,25.31
cross-encoder,PLAIN-291,MED-3845,19.12
cross-encoder,PLAIN-291,MED-2417,20.41
cross-encoder,PLAIN-291,MED-3205,19.02
cross-encoder,PLAIN-291,MED-3551,18.97
cross-encoder,PLAIN-307,MED-3231,15.0
cross-encoder,PLAIN-307,MED-714,23.16
cross-encoder,PLAIN-307,MED-4872,22.36
cross-encoder,PLAIN-307,MED-920,15.97
cross-encoder,PLAIN-307,MED-921,20.26
cross-encoder,PLAIN-307,MED-3991,34.42
cross-encoder,PLAIN-307,MED-3990,27.45
cross-encoder,PLAIN-307,MED-919,22.74
cross-encoder,PLAIN-307,MED-2765,23.15
cross-encoder,PLAIN-307,MED-4140,30.16
cross-encoder,PLAIN-307,MED-1777,22.5
cross-encoder,PLAIN-307,MED-4574,26.24
cross-encoder,PLAIN-307,MED-3987,24.4
cross-encoder,PLAIN-307,MED-922,24.14
cross-encoder,PLAIN-307,MED-962,26.58
cross-encoder,PLAIN-307,MED-4566,26.29
cross-encoder,PLAIN-307,MED-3985,13.12
cross-encoder,PLAIN-307,MED-4695,22.4
cross-encoder,PLAIN-307,MED-4370,16.54
cross-encoder,PLAIN-307,MED-1833,23.62
cross-encoder,PLAIN-320,MED-2437,23.33
cross-encoder,PLAIN-320,MED-4450,24.08
cross-encoder,PLAIN-320,MED-2424,29.21
cross-encoder,PLAIN-320,MED-1829,29.08
cross-encoder,PLAIN-320,MED-2417,23.71
cross-encoder,PLAIN-320,MED-3551,17.76
cross-encoder,PLAIN-320,MED-3123,19.91
cross-encoder,PLAIN-320,MED-3840,21.39
cross-encoder,PLAIN-320,MED-1826,22.54
cross-encoder,PLAIN-320,MED-5066,22.53
cross-encoder,PLAIN-320,MED-3832,19.48
cross-encoder,PLAIN-320,MED-2434,28.09
cross-encoder,PLAIN-320,MED-5352,25.55
cross-encoder,PLAIN-320,MED-4787,23.96
cross-encoder,PLAIN-320,MED-1564,21.42
cross-encoder,PLAIN-320,MED-5351,23.82
cross-encoder,PLAIN-320,MED-3791,22.14
cross-encoder,PLAIN-320,MED-3848,26.17
cross-encoder,PLAIN-320,MED-4783,21.46
cross-encoder,PLAIN-320,MED-5087,28.89
cross-encoder,PLAIN-332,MED-760,29.08
cross-encoder,PLAIN-332,MED-2511,28.75
cross-encoder,PLAIN-332,MED-2951,24.29
cross-encoder,PLAIN-332,MED-4689,22.53
cross-encoder,PLAIN-332,MED-2697,28.29
cross-encoder,PLAIN-332,MED-5263,24.17
cross-encoder,PLAIN-332,MED-5261,25.91
cross-encoder,PLAIN-332,MED-5265,29.93
cross-encoder,PLAIN-332,MED-2966,30.76
cross-encoder,PLAIN-332,MED-5277,14.47
cross-encoder,PLAIN-332,MED-5330,27.45
cross-encoder,PLAIN-332,MED-5279,28.75
cross-encoder,PLAIN-332,MED-5271,27.74
cross-encoder,PLAIN-332,MED-5013,30.28
cross-encoder,PLAIN-332,MED-5153,25.19
cross-encoder,PLAIN-332,MED-3679,28.42
cross-encoder,PLAIN-332,MED-1968,45.55
cross-encoder,PLAIN-332,MED-2972,23.1
cross-encoder,PLAIN-332,MED-3526,26.57
cross-encoder,PLAIN-332,MED-3925,30.57
cross-encoder,PLAIN-344,MED-2495,32.94
cross-encoder,PLAIN-344,MED-2497,28.28
cross-encoder,PLAIN-344,MED-1962,22.86
cross-encoder,PLAIN-344,MED-1961,20.53
cross-encoder,PLAIN-344,MED-4145,23.37
cross-encoder,PLAIN-344,MED-4735,23.94
cross-encoder,PLAIN-344,MED-1063,20.07
cross-encoder,PLAIN-344,MED-5324,24.95
cross-encoder,PLAIN-344,MED-2388,28.53
cross-encoder,PLAIN-344,MED-3494,19.86
cross-encoder,PLAIN-344,MED-2000,24.37
cross-encoder,PLAIN-344,MED-1681,26.62
cross-encoder,PLAIN-344,MED-2709,21.32
cross-encoder,PLAIN-344,MED-1468,24.66
cross-encoder,PLAIN-344,MED-4940,25.11
cross-encoder,PLAIN-344,MED-4859,29.26
cross-encoder,PLAIN-344,MED-4437,29.3
cross-encoder,PLAIN-344,MED-1053,22.6
cross-encoder,PLAIN-344,MED-4104,23.33
cross-encoder,PLAIN-344,MED-5238,22.54
cross-encoder,PLAIN-358,MED-4956,32.26
cross-encoder,PLAIN-358,MED-5253,22.5
cross-encoder,PLAIN-358,MED-3155,33.49
cross-encoder,PLAIN-358,MED-5217,33.26
cross-encoder,PLAIN-358,MED-5333,23.49
cross-encoder,PLAIN-358,MED-4878,19.35
cross-encoder,PLAIN-358,MED-2047,28.12
cross-encoder,PLAIN-358,MED-5341,26.34
cross-encoder,PLAIN-358,MED-730,27.77
cross-encoder,PLAIN-358,MED-4113,30.36
cross-encoder,PLAIN-358,MED-1008,28.52
cross-encoder,PLAIN-358,MED-3788,34.89
cross-encoder,PLAIN-358,MED-4532,45.48
cross-encoder,PLAIN-358,MED-923,33.38
cross-encoder,PLAIN-358,MED-734,35.51
cross-encoder,PLAIN-358,MED-4782,27.02
cross-encoder,PLAIN-358,MED-5258,24.85
cross-encoder,PLAIN-358,MED-1366,18.01
cross-encoder,PLAIN-358,MED-4350,22.37
cross-encoder,PLAIN-358,MED-3021,31.76
cross-encoder,PLAIN-371,MED-4620,19.19
cross-encoder,PLAIN-371,MED-5010,25.89
cross-encoder,PLAIN-371,MED-5011,26.65
cross-encoder,PLAIN-371,MED-5009,27.54
cross-encoder,PLAIN-371,MED-1291,22.56
cross-encoder,PLAIN-371,MED-3766,23.96
cross-encoder,PLAIN-371,MED-4618,21.11
cross-encoder,PLAIN-371,MED-4369,17.71
cross-encoder,PLAIN-371,MED-4452,21.04
cross-encoder,PLAIN-371,MED-4619,28.95
cross-encoder,PLAIN-371,MED-1126,23.25
cross-encoder,PLAIN-371,MED-3434,20.24
cross-encoder,PLAIN-371,MED-756,25.45
cross-encoder,PLAIN-371,MED-1935,23.05
cross-encoder,PLAIN-371,MED-2349,22.47
cross-encoder,PLAIN-371,MED-1240,26.75
cross-encoder,PLAIN-371,MED-5018,22.52
cross-encoder,PLAIN-371,MED-3449,26.35
cross-encoder,PLAIN-371,MED-5341,30.23
cross-encoder,PLAIN-371,MED-1709,18.59
cross-encoder,PLAIN-383,MED-2763,16.8
cross-encoder,PLAIN-383,MED-3776,19.72
cross-encoder,PLAIN-383,MED-1479,16.95
cross-encoder,PLAIN-383,MED-4469,27.06
cross-encoder,PLAIN-383,MED-3109,14.43
cross-encoder,PLAIN-383,MED-4087,25.1
cross-encoder,PLAIN-383,MED-1712,28.79
cross-encoder,PLAIN-383,MED-4299,23.1
cross-encoder,PLAIN-383,MED-3359,25.7
cross-encoder,PLAIN-383,MED-1540,24.77
cross-encoder,PLAIN-383,MED-3832,23.22
cross-encoder,PLAIN-383,MED-3283,19.93
cross-encoder,PLAIN-383,MED-2292,24.37
cross-encoder,PLAIN-383,MED-1488,22.86
cross-encoder,PLAIN-383,MED-1021,24.52
cross-encoder,PLAIN-383,MED-5292,25.1
cross-encoder,PLAIN-383,MED-4598,21.95
cross-encoder,PLAIN-383,MED-4673,25.58
cross-encoder,PLAIN-383,MED-2510,21.08
cross-encoder,PLAIN-383,MED-1478,22.98
cross-encoder,PLAIN-395,MED-3482,26.27
cross-encoder,PLAIN-395,MED-3511,26.06
cross-encoder,PLAIN-395,MED-3476,26.85
cross-encoder,PLAIN-395,MED-2783,27.25
cross-encoder,PLAIN-395,MED-3477,20.75
cross-encoder,PLAIN-395,MED-2271,30.81
cross-encoder,PLAIN-395,MED-3512,30.49
cross-encoder,PLAIN-395,MED-4576,30.92
cross-encoder,PLAIN-395,MED-2926,27.54
cross-encoder,PLAIN-395,MED-5137,24.01
cross-encoder,PLAIN-395,MED-2098,21.31
cross-encoder,PLAIN-395,MED-2794,25.98
cross-encoder,PLAIN-395,MED-2606,25.07
cross-encoder,PLAIN-395,MED-3370,20.13
cross-encoder,PLAIN-395,MED-2825,25.58
cross-encoder,PLAIN-395,MED-2782,30.18
cross-encoder,PLAIN-395,MED-3644,25.92
cross-encoder,PLAIN-395,MED-5000,28.92
cross-encoder,PLAIN-395,MED-1937,20.59
cross-encoder,PLAIN-395,MED-2824,25.3
cross-encoder,PLAIN-407,MED-906,21.3
cross-encoder,PLAIN-407,MED-2817,21.87
cross-encoder,PLAIN-407,MED-2994,11.76
cross-encoder,PLAIN-407,MED-2202,29.56
cross-encoder,PLAIN-407,MED-2738,25.01
cross-encoder,PLAIN-407,MED-4205,18.34
cross-encoder,PLAIN-407,MED-5139,17.31
cross-encoder,PLAIN-407,MED-4187,29.41
cross-encoder,PLAIN-407,MED-3146,22.18
cross-encoder,PLAIN-407,MED-2742,23.44
cross-encoder,PLAIN-407,MED-1140,21.55
cross-encoder,PLAIN-407,MED-5345,21.52
cross-encoder,PLAIN-407,MED-1625,18.88
cross-encoder,PLAIN-407,MED-2725,38.14
cross-encoder,PLAIN-407,MED-4790,20.61
cross-encoder,PLAIN-407,MED-5138,29.36
cross-encoder,PLAIN-407,MED-4164,20.29
cross-encoder,PLAIN-407,MED-2618,27.85
cross-encoder,PLAIN-407,MED-3904,22.64
cross-encoder,PLAIN-407,MED-1745,28.79
cross-encoder,PLAIN-418,MED-917,31.89
cross-encoder,PLAIN-418,MED-2068,27.91
cross-encoder,PLAIN-418,MED-5170,27.94
cross-encoder,PLAIN-418,MED-3714,34.08
cross-encoder,PLAIN-418,MED-2453,26.51
cross-encoder,PLAIN-418,MED-3528,29.23
cross-encoder,PLAIN-418,MED-3469,21.32
cross-encoder,PLAIN-418,MED-2074,26.01
cross-encoder,PLAIN-418,MED-4156,24.0
cross-encoder,PLAIN-418,MED-5327,23.24
cross-encoder,PLAIN-418,MED-4470,22.93
cross-encoder,PLAIN-418,MED-3734,23.51
cross-encoder,PLAIN-418,MED-4411,26.47
cross-encoder,PLAIN-418,MED-3203,23.65
cross-encoder,PLAIN-418,MED-2285,26.07
cross-encoder,PLAIN-418,MED-3821,22.08
cross-encoder,PLAIN-418,MED-3093,20.85
cross-encoder,PLAIN-418,MED-4414,26.17
cross-encoder,PLAIN-418,MED-4366,22.88
cross-encoder,PLAIN-418,MED-3689,23.17
cross-encoder,PLAIN-430,MED-928,27.12
cross-encoder,PLAIN-430,MED-927,29.15
cross-encoder,PLAIN-430,MED-2750,26.34
cross-encoder,PLAIN-430,MED-4936,25.22
cross-encoder,PLAIN-430,MED-118,22.78
cross-encoder,PLAIN-430,MED-2651,29.5
cross-encoder,PLAIN-430,MED-1831,27.1
cross-encoder,PLAIN-430,MED-4943,29.71
cross-encoder,PLAIN-430,MED-5095,27.92
cross-encoder,PLAIN-430,MED-1620,29.46
cross-encoder,PLAIN-430,MED-4631,27.85
cross-encoder,PLAIN-430,MED-2753,23.0
cross-encoder,PLAIN-430,MED-4366,21.87
cross-encoder,PLAIN-430,MED-4114,24.12
cross-encoder,PLAIN-430,MED-4731,28.37
cross-encoder,PLAIN-430,MED-2412,26.33
cross-encoder,PLAIN-430,MED-839,27.73
cross-encoder,PLAIN-430,MED-2751,22.37
cross-encoder,PLAIN-430,MED-1012,24.77
cross-encoder,PLAIN-430,MED-5271,23.34
cross-encoder,PLAIN-441,MED-942,20.0
cross-encoder,PLAIN-441,MED-941,22.4
cross-encoder,PLAIN-441,MED-4701,24.46
cross-encoder,PLAIN-441,MED-3109,10.38
cross-encoder,PLAIN-441,MED-2291,17.88
cross-encoder,PLAIN-441,MED-4702,18.63
cross-encoder,PLAIN-441,MED-1792,20.76
cross-encoder,PLAIN-441,MED-4695,17.84
cross-encoder,PLAIN-441,MED-4703,24.49
cross-encoder,PLAIN-441,MED-4590,24.74
cross-encoder,PLAIN-441,MED-4236,21.55
cross-encoder,PLAIN-441,MED-4587,26.52
cross-encoder,PLAIN-441,MED-5019,20.61
cross-encoder,PLAIN-441,MED-3744,18.24
cross-encoder,PLAIN-441,MED-4686,24.06
cross-encoder,PLAIN-441,MED-2451,23.34
cross-encoder,PLAIN-441,MED-5082,23.06
cross-encoder,PLAIN-441,MED-2491,23.86
cross-encoder,PLAIN-441,MED-4090,18.79
cross-encoder,PLAIN-441,MED-4862,21.94
cross-encoder,PLAIN-457,MED-2291,22.15
cross-encoder,PLAIN-457,MED-3109,13.7
cross-encoder,PLAIN-457,MED-1407,21.44
cross-encoder,PLAIN-457,MED-3776,18.68
cross-encoder,PLAIN-457,MED-1496,17.09
cross-encoder,PLAIN-457,MED-5219,20.25
cross-encoder,PLAIN-457,MED-4922,13.25
cross-encoder,PLAIN-457,MED-4354,19.99
cross-encoder,PLAIN-457,MED-3359,22.29
cross-encoder,PLAIN-457,MED-4236,19.87
cross-encoder,PLAIN-457,MED-2710,12.81
cross-encoder,PLAIN-457,MED-940,29.4
cross-encoder,PLAIN-457,MED-3370,21.68
cross-encoder,PLAIN-457,MED-4206,24.67
cross-encoder,PLAIN-457,MED-4687,20.86
cross-encoder,PLAIN-457,MED-5302,40.52
cross-encoder,PLAIN-457,MED-2096,12.97
cross-encoder,PLAIN-457,MED-1705,18.29
cross-encoder,PLAIN-457,MED-4686,21.47
cross-encoder,PLAIN-457,MED-1797,24.07
cross-encoder,PLAIN-468,MED-4573,29.49
cross-encoder,PLAIN-468,MED-3991,30.97
cross-encoder,PLAIN-468,MED-3988,30.61
cross-encoder,PLAIN-468,MED-3987,25.7
cross-encoder,PLAIN-468,MED-961,40.26
cross-encoder,PLAIN-468,MED-962,31.19
cross-encoder,PLAIN-468,MED-3990,23.7
cross-encoder,PLAIN-468,MED-4566,21.24
cross-encoder,PLAIN-468,MED-868,21.36
cross-encoder,PLAIN-468,MED-4114,27.52
cross-encoder,PLAIN-468,MED-3989,37.75
cross-encoder,PLAIN-468,MED-921,22.45
cross-encoder,PLAIN-468,MED-4866,29.85
cross-encoder,PLAIN-468,MED-4575,18.26
cross-encoder,PLAIN-468,MED-981,27.3
cross-encoder,PLAIN-468,MED-716,20.38
cross-encoder,PLAIN-468,MED-5131,28.99
cross-encoder,PLAIN-468,MED-994,27.57
cross-encoder,PLAIN-468,MED-3985,11.47
cross-encoder,PLAIN-468,MED-5209,12.07
cross-encoder,PLAIN-478,MED-2309,17.36
cross-encoder,PLAIN-478,MED-3636,21.87
cross-encoder,PLAIN-478,MED-1144,16.69
cross-encoder,PLAIN-478,MED-4983,21.31
cross-encoder,PLAIN-478,MED-5258,19.48
cross-encoder,PLAIN-478,MED-2082,20.87
cross-encoder,PLAIN-478,MED-5299,17.87
cross-encoder,PLAIN-478,MED-10,16.79
cross-encoder,PLAIN-478,MED-14,26.32
cross-encoder,PLAIN-478,MED-118,29.45
cross-encoder,PLAIN-478,MED-301,23.44
cross-encoder,PLAIN-478,MED-306,21.55
cross-encoder,PLAIN-478,MED-329,24.31
cross-encoder,PLAIN-478,MED-330,24.07
cross-encoder,PLAIN-478,MED-332,19.61
cross-encoder,PLAIN-478,MED-334,24.94
cross-encoder,PLAIN-478,MED-335,39.63
cross-encoder,PLAIN-478,MED-398,27.02
cross-encoder,PLAIN-478,MED-557,24.05
cross-encoder,PLAIN-478,MED-666,22.06
cross-encoder,PLAIN-488,MED-1808,32.92
cross-encoder,PLAIN-488,MED-1799,21.59
cross-encoder,PLAIN-488,MED-1798,18.16
cross-encoder,PLAIN-488,MED-1804,23.05
cross-encoder,PLAIN-488,MED-1810,22.44
cross-encoder,PLAIN-488,MED-4769,19.26
cross-encoder,PLAIN-488,MED-1800,24.42
cross-encoder,PLAIN-488,MED-1796,18.59
cross-encoder,PLAIN-488,MED-4766,19.52
cross-encoder,PLAIN-488,MED-1806,24.8
cross-encoder,PLAIN-488,MED-4767,24.48
cross-encoder,PLAIN-488,MED-1803,18.96
cross-encoder,PLAIN-488,MED-3591,29.13
cross-encoder,PLAIN-488,MED-1458,26.87
cross-encoder,PLAIN-488,MED-5025,22.98
cross-encoder,PLAIN-488,MED-5193,20.19
cross-encoder,PLAIN-488,MED-3700,22.78
cross-encoder,PLAIN-488,MED-2178,18.66
cross-encoder,PLAIN-488,MED-4412,21.2
cross-encoder,PLAIN-488,MED-1261,24.61
cross-encoder,PLAIN-499,MED-2900,24.07
cross-encoder,PLAIN-499,MED-4095,20.81
cross-encoder,PLAIN-499,MED-2213,18.83
cross-encoder,PLAIN-499,MED-4893,18.37
cross-encoder,PLAIN-499,MED-1475,28.1
cross-encoder,PLAIN-499,MED-1993,21.81
cross-encoder,PLAIN-499,MED-1747,22.29
cross-encoder,PLAIN-499,MED-5201,20.81
cross-encoder,PLAIN-499,MED-4950,18.92
cross-encoder,PLAIN-499,MED-1417,25.8
cross-encoder,PLAIN-499,MED-1994,18.32
cross-encoder,PLAIN-499,MED-1412,19.44
cross-encoder,PLAIN-499,MED-3657,19.86
cross-encoder,PLAIN-499,MED-1464,20.97
cross-encoder,PLAIN-499,MED-4107,25.95
cross-encoder,PLAIN-499,MED-1188,23.74
cross-encoder,PLAIN-499,MED-1190,28.5
cross-encoder,PLAIN-499,MED-5198,30.86
cross-encoder,PLAIN-499,MED-1872,28.42
cross-encoder,PLAIN-499,MED-3033,19.67
cross-encoder,PLAIN-510,MED-10,25.19
cross-encoder,PLAIN-510,MED-14,18.92
cross-encoder,PLAIN-510,MED-118,28.96
cross-encoder,PLAIN-510,MED-301,24.31
cross-encoder,PLAIN-510,MED-306,21.63
cross-encoder,PLAIN-510,MED-329,17.68
cross-encoder,PLAIN-510,MED-330,18.08
cross-encoder,PLAIN-510,MED-332,17.17
cross-encoder,PLAIN-510,MED-334,20.36
cross-encoder,PLAIN-510,MED-335,24.17
cross-encoder,PLAIN-510,MED-398,24.13
cross-encoder,PLAIN-510,MED-557,28.19
cross-encoder,PLAIN-510,MED-666,19.55
cross-encoder,PLAIN-510,MED-691,22.68
cross-encoder,PLAIN-510,MED-692,23.11
cross-encoder,PLAIN-510,MED-702,28.45
cross-encoder,PLAIN-510,MED-706,20.84
cross-encoder,PLAIN-510,MED-707,22.93
cross-encoder,PLAIN-510,MED-708,32.34
cross-encoder,PLAIN-510,MED-709,27.14
cross-encoder,PLAIN-520,MED-10,20.13
cross-encoder,PLAIN-520,MED-14,25.64
cross-encoder,PLAIN-520,MED-118,28.57
cross-encoder,PLAIN-520,MED-301,19.46
cross-encoder,PLAIN-520,MED-306,19.39
cross-encoder,PLAIN-520,MED-329,23.14
cross-encoder,PLAIN-520,MED-330,17.6
cross-encoder,PLAIN-520,MED-332,20.31
cross-encoder,PLAIN-520,MED-334,26.61
cross-encoder,PLAIN-520,MED-335,26.24
cross-encoder,PLAIN-520,MED-398,25.91
cross-encoder,PLAIN-520,MED-557,27.98
cross-encoder,PLAIN-520,MED-666,20.47
cross-encoder,PLAIN-520,MED-691,23.22
cross-encoder,PLAIN-520,MED-692,19.9
cross-encoder,PLAIN-520,MED-702,23.21
cross-encoder,PLAIN-520,MED-706,22.79
cross-encoder,PLAIN-520,MED-707,20.64
cross-encoder,PLAIN-520,MED-708,28.26
cross-encoder,PLAIN-520,MED-709,25.68
cross-encoder,PLAIN-531,MED-3607,18.36
cross-encoder,PLAIN-531,MED-3726,17.15
cross-encoder,PLAIN-531,MED-4374,19.81
cross-encoder,PLAIN-531,MED-1525,23.38
cross-encoder,PLAIN-531,MED-4358,20.16
cross-encoder,PLAIN-531,MED-4531,20.46
cross-encoder,PLAIN-531,MED-3113,15.38
cross-encoder,PLAIN-531,MED-4128,26.45
cross-encoder,PLAIN-531,MED-4371,15.43
cross-encoder,PLAIN-531,MED-2298,12.11
cross-encoder,PLAIN-531,MED-3625,8.38
cross-encoder,PLAIN-531,MED-2112,12.5
cross-encoder,PLAIN-531,MED-1037,15.86
cross-encoder,PLAIN-531,MED-1017,23.35
cross-encoder,PLAIN-531,MED-839,24.44
cross-encoder,PLAIN-531,MED-1097,16.17
cross-encoder,PLAIN-531,MED-2572,21.57
cross-encoder,PLAIN-531,MED-3001,20.81
cross-encoder,PLAIN-531,MED-3637,20.49
cross-encoder,PLAIN-531,MED-5343,18.63
cross-encoder,PLAIN-541,MED-4036,17.57
cross-encoder,PLAIN-541,MED-4027,23.49
cross-encoder,PLAIN-541,MED-4028,24.41
cross-encoder,PLAIN-541,MED-3621,22.34
cross-encoder,PLAIN-541,MED-1988,17.39
cross-encoder,PLAIN-541,MED-4034,18.49
cross-encoder,PLAIN-541,MED-3618,18.58
cross-encoder,PLAIN-541,MED-3619,18.47
cross-encoder,PLAIN-541,MED-5097,21.55
cross-encoder,PLAIN-541,MED-4019,20.54
cross-encoder,PLAIN-541,MED-4026,25.68
cross-encoder,PLAIN-541,MED-1858,21.92
cross-encoder,PLAIN-541,MED-4104,22.53
cross-encoder,PLAIN-541,MED-872,25.42
cross-encoder,PLAIN-541,MED-3639,20.78
cross-encoder,PLAIN-541,MED-2093,18.79
cross-encoder,PLAIN-541,MED-3640,20.59
cross-encoder,PLAIN-541,MED-3718,18.12
cross-encoder,PLAIN-541,MED-1708,23.03
cross-encoder,PLAIN-541,MED-1857,22.93
cross-encoder,PLAIN-551,MED-10,20.82
cross-encoder,PLAIN-551,MED-14,20.8
cross-encoder,PLAIN-551,MED-118,27.6
cross-encoder,PLAIN-551,MED-301,23.78
cross-encoder,PLAIN-551,MED-306,23.37
cross-encoder,PLAIN-551,MED-329,25.2
cross-encoder,PLAIN-551,MED-330,19.42
cross-encoder,PLAIN-551,MED-332,18.89
cross-encoder,PLAIN-551,MED-334,26.91
cross-encoder,PLAIN-551,MED-335,23.15
cross-encoder,PLAIN-551,MED-398,25.46
cross-encoder,PLAIN-551,MED-557,23.04
cross-encoder,PLAIN-551,MED-666,26.82
cross-encoder,PLAIN-551,MED-691,23.0
cross-encoder,PLAIN-551,MED-692,23.05
cross-encoder,PLAIN-551,MED-702,26.59
cross-encoder,PLAIN-551,MED-706,26.01
cross-encoder,PLAIN-551,MED-707,27.23
cross-encoder,PLAIN-551,MED-708,26.59
cross-encoder,PLAIN-551,MED-709,27.93
cross-encoder,PLAIN-561,MED-3180,22.28
cross-encoder,PLAIN-561,MED-4555,17.41
cross-encoder,PLAIN-561,MED-10,20.28
cross-encoder,PLAIN-561,MED-14,18.95
cross-encoder,PLAIN-561,MED-118,31.98
cross-encoder,PLAIN-561,MED-301,24.48
cross-encoder,PLAIN-561,MED-306,19.29
cross-encoder,PLAIN-561,MED-329,18.1
cross-encoder,PLAIN-561,MED-330,17.36
cross-encoder,PLAIN-561,MED-332,20.32
cross-encoder,PLAIN-561,MED-334,26.55
cross-encoder,PLAIN-561,MED-335,24.74
cross-encoder,PLAIN-561,MED-398,19.87
cross-encoder,PLAIN-561,MED-557,29.0
cross-encoder,PLAIN-561,MED-666,24.49
cross-encoder,PLAIN-561,MED-691,20.08
cross-encoder,PLAIN-561,MED-692,22.89
cross-encoder,PLAIN-561,MED-702,30.15
cross-encoder,PLAIN-561,MED-706,19.66
cross-encoder,PLAIN-561,MED-707,27.8
cross-encoder,PLAIN-571,MED-2346,24.63
cross-encoder,PLAIN-571,MED-2339,20.67
cross-encoder,PLAIN-571,MED-4742,27.27
cross-encoder,PLAIN-571,MED-2338,26.79
cross-encoder,PLAIN-571,MED-2345,21.34
cross-encoder,PLAIN-571,MED-10,17.11
cross-encoder,PLAIN-571,MED-14,17.79
cross-encoder,PLAIN-571,MED-118,26.44
cross-encoder,PLAIN-571,MED-301,23.59
cross-encoder,PLAIN-571,MED-306,28.37
cross-encoder,PLAIN-571,MED-329,18.0
cross-encoder,PLAIN-571,MED-330,18.44
cross-encoder,PLAIN-571,MED-332,16.69
cross-encoder,PLAIN-571,MED-334,20.22
cross-encoder,PLAIN-571,MED-335,19.04
cross-encoder,PLAIN-571,MED-398,20.88
cross-encoder,PLAIN-571,MED-557,22.96
cross-encoder,PLAIN-571,MED-666,23.88
cross-encoder,PLAIN-571,MED-691,23.24
cross-encoder,PLAIN-571,MED-692,20.15
cross-encoder,PLAIN-583,MED-10,17.16
cross-encoder,PLAIN-583,MED-14,20.01
cross-encoder,PLAIN-583,MED-118,28.95
cross-encoder,PLAIN-583,MED-301,19.14
cross-encoder,PLAIN-583,MED-306,21.58
cross-encoder,PLAIN-583,MED-329,18.07
cross-encoder,PLAIN-583,MED-330,25.21
cross-encoder,PLAIN-583,MED-332,16.24
cross-encoder,PLAIN-583,MED-334,25.37
cross-encoder,PLAIN-583,MED-335,21.14
cross-encoder,PLAIN-583,MED-398,25.46
cross-encoder,PLAIN-583,MED-557,27.62
cross-encoder,PLAIN-583,MED-666,23.66
cross-encoder,PLAIN-583,MED-691,20.3
cross-encoder,PLAIN-583,MED-692,24.78
cross-encoder,PLAIN-583,MED-702,29.38
cross-encoder,PLAIN-583,MED-706,26.27
cross-encoder,PLAIN-583,MED-707,27.56
cross-encoder,PLAIN-583,MED-708,32.13
cross-encoder,PLAIN-583,MED-709,26.48
cross-encoder,PLAIN-593,MED-4402,27.61
cross-encoder,PLAIN-593,MED-957,19.55
cross-encoder,PLAIN-593,MED-10,18.49
cross-encoder,PLAIN-593,MED-14,19.75
cross-encoder,PLAIN-593,MED-118,24.52
cross-encoder,PLAIN-593,MED-301,24.15
cross-encoder,PLAIN-593,MED-306,21.63
cross-encoder,PLAIN-593,MED-329,20.74
cross-encoder,PLAIN-593,MED-330,22.33
cross-encoder,PLAIN-593,MED-332,18.25
cross-encoder,PLAIN-593,MED-334,22.92
cross-encoder,PLAIN-593,MED-335,22.86
cross-encoder,PLAIN-593,MED-398,18.65
cross-encoder,PLAIN-593,MED-557,27.76
cross-encoder,PLAIN-593,MED-666,18.9
cross-encoder,PLAIN-593,MED-691,21.98
cross-encoder,PLAIN-593,MED-692,23.13
cross-encoder,PLAIN-593,MED-702,22.85
cross-encoder,PLAIN-593,MED-706,26.36
cross-encoder,PLAIN-593,MED-707,24.5
cross-encoder,PLAIN-603,MED-1957,25.62
cross-encoder,PLAIN-603,MED-3769,19.86
cross-encoder,PLAIN-603,MED-1960,27.99
cross-encoder,PLAIN-603,MED-10,17.89
cross-encoder,PLAIN-603,MED-14,23.21
cross-encoder,PLAIN-603,MED-118,27.1
cross-encoder,PLAIN-603,MED-301,17.27
cross-encoder,PLAIN-603,MED-306,18.01
cross-encoder,PLAIN-603,MED-329,18.09
cross-encoder,PLAIN-603,MED-330,17.66
cross-encoder,PLAIN-603,MED-332,15.74
cross-encoder,PLAIN-603,MED-334,19.68
cross-encoder,PLAIN-603,MED-335,18.65
cross-encoder,PLAIN-603,MED-398,24.65
cross-encoder,PLAIN-603,MED-557,28.37
cross-encoder,PLAIN-603,MED-666,21.1
cross-encoder,PLAIN-603,MED-691,22.16
cross-encoder,PLAIN-603,MED-692,23.8
cross-encoder,PLAIN-603,MED-702,26.36
cross-encoder,PLAIN-603,MED-706,22.43
cross-encoder,PLAIN-613,MED-909,20.94
cross-encoder,PLAIN-613,MED-1846,21.76
cross-encoder,PLAIN-613,MED-2983,22.79
cross-encoder,PLAIN-613,MED-4468,21.78
cross-encoder,PLAIN-613,MED-3921,27.78
cross-encoder,PLAIN-613,MED-1158,26.23
cross-encoder,PLAIN-613,MED-859,30.02
cross-encoder,PLAIN-613,MED-4901,23.97
cross-encoder,PLAIN-613,MED-3476,23.75
cross-encoder,PLAIN-613,MED-1198,20.34
cross-encoder,PLAIN-613,MED-2191,23.91
cross-encoder,PLAIN-613,MED-860,27.78
cross-encoder,PLAIN-613,MED-5076,24.36
cross-encoder,PLAIN-613,MED-4091,27.36
cross-encoder,PLAIN-613,MED-2272,28.39
cross-encoder,PLAIN-613,MED-4474,34.35
cross-encoder,PLAIN-613,MED-1784,20.61
cross-encoder,PLAIN-613,MED-5046,28.79
cross-encoder,PLAIN-613,MED-4206,26.3
cross-encoder,PLAIN-613,MED-4687,25.37
cross-encoder,PLAIN-623,MED-1674,29.39
cross-encoder,PLAIN-623,MED-4880,30.43
cross-encoder,PLAIN-623,MED-4515,22.72
cross-encoder,PLAIN-623,MED-4848,18.1
cross-encoder,PLAIN-623,MED-1374,10.67
cross-encoder,PLAIN-623,MED-5200,23.79
cross-encoder,PLAIN-623,MED-4854,26.33
cross-encoder,PLAIN-623,MED-5207,16.28
cross-encoder,PLAIN-623,MED-4347,26.21
cross-encoder,PLAIN-623,MED-5267,23.79
cross-encoder,PLAIN-623,MED-4744,23.93
cross-encoder,PLAIN-623,MED-825,21.0
cross-encoder,PLAIN-623,MED-1454,19.11
cross-encoder,PLAIN-623,MED-3399,24.1
cross-encoder,PLAIN-623,MED-2260,17.95
cross-encoder,PLAIN-623,MED-2459,20.59
cross-encoder,PLAIN-623,MED-3434,18.31
cross-encoder,PLAIN-623,MED-4629,22.22
cross-encoder,PLAIN-623,MED-4993,26.96
cross-encoder,PLAIN-623,MED-2458,26.73
cross-encoder,PLAIN-634,MED-1378,21.91
cross-encoder,PLAIN-634,MED-4619,20.4
cross-encoder,PLAIN-634,MED-10,23.02
cross-encoder,PLAIN-634,MED-14,22.71
cross-encoder,PLAIN-634,MED-118,28.12
cross-encoder,PLAIN-634,MED-301,22.73
cross-encoder,PLAIN-634,MED-306,22.0
cross-encoder,PLAIN-634,MED-329,18.14
cross-encoder,PLAIN-634,MED-330,22.68
cross-encoder,PLAIN-634,MED-332,23.98
cross-encoder,PLAIN-634,MED-334,25.48
cross-encoder,PLAIN-634,MED-335,24.11
cross-encoder,PLAIN-634,MED-398,22.5
cross-encoder,PLAIN-634,MED-557,25.91
cross-encoder,PLAIN-634,MED-666,24.22
cross-encoder,PLAIN-634,MED-691,22.14
cross-encoder,PLAIN-634,MED-692,22.32
cross-encoder,PLAIN-634,MED-702,23.59
cross-encoder,PLAIN-634,MED-706,20.8
cross-encoder,PLAIN-634,MED-707,24.69
cross-encoder,PLAIN-645,MED-10,23.93
cross-encoder,PLAIN-645,MED-14,24.4
cross-encoder,PLAIN-645,MED-118,30.6
cross-encoder,PLAIN-645,MED-301,20.25
cross-encoder,PLAIN-645,MED-306,18.31
cross-encoder,PLAIN-645,MED-329,17.97
cross-encoder,PLAIN-645,MED-330,19.34
cross-encoder,PLAIN-645,MED-332,15.78
cross-encoder,PLAIN-645,MED-334,19.66
cross-encoder,PLAIN-645,MED-335,24.54
cross-encoder,PLAIN-645,MED-398,19.0
cross-encoder,PLAIN-645,MED-557,24.65
cross-encoder,PLAIN-645,MED-666,18.84
cross-encoder,PLAIN-645,MED-691,22.56
cross-encoder,PLAIN-645,MED-692,22.39
cross-encoder,PLAIN-645,MED-702,25.99
cross-encoder,PLAIN-645,MED-706,23.54
cross-encoder,PLAIN-645,MED-707,26.02
cross-encoder,PLAIN-645,MED-708,26.36
cross-encoder,PLAIN-645,MED-709,21.75
cross-encoder,PLAIN-660,MED-3584,23.78
cross-encoder,PLAIN-660,MED-3138,21.67
cross-encoder,PLAIN-660,MED-1880,29.05
cross-encoder,PLAIN-660,MED-2140,23.62
cross-encoder,PLAIN-660,MED-3136,19.48
cross-encoder,PLAIN-660,MED-2141,10.91
cross-encoder,PLAIN-660,MED-4991,21.31
cross-encoder,PLAIN-660,MED-2147,14.6
cross-encoder,PLAIN-660,MED-2144,17.72
cross-encoder,PLAIN-660,MED-5079,23.87
cross-encoder,PLAIN-660,MED-2010,18.75
cross-encoder,PLAIN-660,MED-2085,26.35
cross-encoder,PLAIN-660,MED-3141,25.24
cross-encoder,PLAIN-660,MED-2570,32.04
cross-encoder,PLAIN-660,MED-3894,26.43
cross-encoder,PLAIN-660,MED-719,24.18
cross-encoder,PLAIN-660,MED-724,22.55
cross-encoder,PLAIN-660,MED-2150,21.12
cross-encoder,PLAIN-660,MED-875,21.83
cross-encoder,PLAIN-660,MED-4165,22.6
cross-encoder,PLAIN-671,MED-4857,17.37
cross-encoder,PLAIN-671,MED-2677,36.35
cross-encoder,PLAIN-671,MED-4602,21.0
cross-encoder,PLAIN-671,MED-957,28.68
cross-encoder,PLAIN-671,MED-10,22.01
cross-encoder,PLAIN-671,MED-14,24.71
cross-encoder,PLAIN-671,MED-118,26.86
cross-encoder,PLAIN-671,MED-301,22.44
cross-encoder,PLAIN-671,MED-306,22.52
cross-encoder,PLAIN-671,MED-329,24.99
cross-encoder,PLAIN-671,MED-330,22.44
cross-encoder,PLAIN-671,MED-332,17.77
cross-encoder,PLAIN-671,MED-334,19.85
cross-encoder,PLAIN-671,MED-335,19.23
cross-encoder,PLAIN-671,MED-398,21.19
cross-encoder,PLAIN-671,MED-557,24.9
cross-encoder,PLAIN-671,MED-666,21.36
cross-encoder,PLAIN-671,MED-691,17.05
cross-encoder,PLAIN-671,MED-692,19.43
cross-encoder,PLAIN-671,MED-702,29.44
cross-encoder,PLAIN-681,MED-5017,26.48
cross-encoder,PLAIN-681,MED-4030,19.61
cross-encoder,PLAIN-681,MED-2383,16.53
cross-encoder,PLAIN-681,MED-4286,21.6
cross-encoder,PLAIN-681,MED-4300,18.17
cross-encoder,PLAIN-681,MED-2595,22.3
cross-encoder,PLAIN-681,MED-4292,22.51
cross-encoder,PLAIN-681,MED-2597,21.09
cross-encoder,PLAIN-681,MED-4314,17.55
cross-encoder,PLAIN-681,MED-4707,24.4
cross-encoder,PLAIN-681,MED-4295,27.41
cross-encoder,PLAIN-681,MED-2381,21.12
cross-encoder,PLAIN-681,MED-1499,20.69
cross-encoder,PLAIN-681,MED-4646,22.34
cross-encoder,PLAIN-681,MED-1393,21.94
cross-encoder,PLAIN-681,MED-4706,24.29
cross-encoder,PLAIN-681,MED-4345,24.17
cross-encoder,PLAIN-681,MED-2380,22.97
cross-encoder,PLAIN-681,MED-2150,18.95
cross-encoder,PLAIN-681,MED-1381,21.69
cross-encoder,PLAIN-691,MED-4909,22.48
cross-encoder,PLAIN-691,MED-2263,20.69
cross-encoder,PLAIN-691,MED-2791,29.81
cross-encoder,PLAIN-691,MED-4454,26.84
cross-encoder,PLAIN-691,MED-4390,33.4
cross-encoder,PLAIN-691,MED-885,20.17
cross-encoder,PLAIN-691,MED-2265,22.97
cross-encoder,PLAIN-691,MED-3209,29.55
cross-encoder,PLAIN-691,MED-928,28.66
cross-encoder,PLAIN-691,MED-2068,23.98
cross-encoder,PLAIN-691,MED-5131,22.55
cross-encoder,PLAIN-691,MED-2607,22.89
cross-encoder,PLAIN-691,MED-3922,20.81
cross-encoder,PLAIN-691,MED-5095,24.68
cross-encoder,PLAIN-691,MED-4318,24.22
cross-encoder,PLAIN-691,MED-2235,20.25
cross-encoder,PLAIN-691,MED-4320,19.78
cross-encoder,PLAIN-691,MED-3479,22.58
cross-encoder,PLAIN-691,MED-2830,23.46
cross-encoder,PLAIN-691,MED-3986,29.44
cross-encoder,PLAIN-701,MED-3720,21.9
cross-encoder,PLAIN-701,MED-2280,32.83
cross-encoder,PLAIN-701,MED-2922,23.98
cross-encoder,PLAIN-701,MED-3721,20.17
cross-encoder,PLAIN-701,MED-917,24.38
cross-encoder,PLAIN-701,MED-2085,25.97
cross-encoder,PLAIN-701,MED-2926,22.18
cross-encoder,PLAIN-701,MED-5078,28.49
cross-encoder,PLAIN-701,MED-4302,22.09
cross-encoder,PLAIN-701,MED-1637,24.62
cross-encoder,PLAIN-701,MED-5137,20.5
cross-encoder,PLAIN-701,MED-1412,17.81
cross-encoder,PLAIN-701,MED-976,10.51
cross-encoder,PLAIN-701,MED-897,21.16
cross-encoder,PLAIN-701,MED-4905,20.62
cross-encoder,PLAIN-701,MED-4412,24.61
cross-encoder,PLAIN-701,MED-5208,23.93
cross-encoder,PLAIN-701,MED-4331,20.19
cross-encoder,PLAIN-701,MED-5156,25.48
cross-encoder,PLAIN-701,MED-1844,25.09
cross-encoder,PLAIN-711,MED-2077,17.06
cross-encoder,PLAIN-711,MED-1492,17.1
cross-encoder,PLAIN-711,MED-2523,21.73
cross-encoder,PLAIN-711,MED-5295,19.45
cross-encoder,PLAIN-711,MED-3520,21.25
cross-encoder,PLAIN-711,MED-2522,19.01
cross-encoder,PLAIN-711,MED-1192,18.48
cross-encoder,PLAIN-711,MED-3353,12.82
cross-encoder,PLAIN-711,MED-3021,29.73
cross-encoder,PLAIN-711,MED-2178,21.14
cross-encoder,PLAIN-711,MED-2166,27.3
cross-encoder,PLAIN-711,MED-5047,21.64
cross-encoder,PLAIN-711,MED-5290,23.69
cross-encoder,PLAIN-711,MED-2174,22.33
cross-encoder,PLAIN-711,MED-1862,20.99
cross-encoder,PLAIN-711,MED-5285,22.1
cross-encoder,PLAIN-711,MED-861,32.95
cross-encoder,PLAIN-711,MED-4658,25.76
cross-encoder,PLAIN-711,MED-3458,20.92
cross-encoder,PLAIN-711,MED-4736,21.53
cross-encoder,PLAIN-721,MED-4876,28.22
cross-encoder,PLAIN-721,MED-1282,28.58
cross-encoder,PLAIN-721,MED-1267,23.06
cross-encoder,PLAIN-721,MED-1287,18.96
cross-encoder,PLAIN-721,MED-1289,28.13
cross-encoder,PLAIN-721,MED-1284,20.27
cross-encoder,PLAIN-721,MED-1278,25.24
cross-encoder,PLAIN-721,MED-1274,27.15
cross-encoder,PLAIN-721,MED-1265,24.81
cross-encoder,PLAIN-721,MED-1290,9.88
cross-encoder,PLAIN-721,MED-1271,21.8
cross-encoder,PLAIN-721,MED-1268,29.25
cross-encoder,PLAIN-721,MED-1266,29.75
cross-encoder,PLAIN-721,MED-1279,19.54
cross-encoder,PLAIN-721,MED-1288,12.33
cross-encoder,PLAIN-721,MED-1272,22.38
cross-encoder,PLAIN-721,MED-1277,19.03
cross-encoder,PLAIN-721,MED-1283,25.4
cross-encoder,PLAIN-721,MED-10,20.85
cross-encoder,PLAIN-721,MED-14,22.29
cross-encoder,PLAIN-731,MED-1341,26.19
cross-encoder,PLAIN-731,MED-4722,21.05
cross-encoder,PLAIN-731,MED-1339,21.41
cross-encoder,PLAIN-731,MED-3229,19.68
cross-encoder,PLAIN-731,MED-1337,20.26
cross-encoder,PLAIN-731,MED-1340,22.48
cross-encoder,PLAIN-731,MED-5243,19.55
cross-encoder,PLAIN-731,MED-5253,23.21
cross-encoder,PLAIN-731,MED-4226,12.59
cross-encoder,PLAIN-731,MED-2989,20.81
cross-encoder,PLAIN-731,MED-3228,17.25
cross-encoder,PLAIN-731,MED-3193,24.92
cross-encoder,PLAIN-731,MED-3787,30.25
cross-encoder,PLAIN-731,MED-5145,23.15
cross-encoder,PLAIN-731,MED-5241,19.7
cross-encoder,PLAIN-731,MED-3227,27.67
cross-encoder,PLAIN-731,MED-2155,17.79
cross-encoder,PLAIN-731,MED-5244,18.26
cross-encoder,PLAIN-731,MED-1791,22.02
cross-encoder,PLAIN-731,MED-3215,22.0
cross-encoder,PLAIN-741,MED-4237,25.75
cross-encoder,PLAIN-741,MED-4236,20.23
cross-encoder,PLAIN-741,MED-4232,18.42
cross-encoder,PLAIN-741,MED-4231,19.54
cross-encoder,PLAIN-741,MED-4890,27.0
cross-encoder,PLAIN-741,MED-4234,18.31
cross-encoder,PLAIN-741,MED-4235,15.34
cross-encoder,PLAIN-741,MED-5176,25.12
cross-encoder,PLAIN-741,MED-3924,21.57
cross-encoder,PLAIN-741,MED-4230,17.85
cross-encoder,PLAIN-741,MED-2831,22.32
cross-encoder,PLAIN-741,MED-10,24.27
cross-encoder,PLAIN-741,MED-14,24.5
cross-encoder,PLAIN-741,MED-118,28.1
cross-encoder,PLAIN-741,MED-301,21.16
cross-encoder,PLAIN-741,MED-306,18.14
cross-encoder,PLAIN-741,MED-329,22.55
cross-encoder,PLAIN-741,MED-330,18.37
cross-encoder,PLAIN-741,MED-332,19.18
cross-encoder,PLAIN-741,MED-334,22.19
cross-encoder,PLAIN-751,MED-3135,24.33
cross-encoder,PLAIN-751,MED-3130,29.36
cross-encoder,PLAIN-751,MED-1457,27.51
cross-encoder,PLAIN-751,MED-1797,25.62
cross-encoder,PLAIN-751,MED-3129,19.52
cross-encoder,PLAIN-751,MED-2575,24.81
cross-encoder,PLAIN-751,MED-4142,20.91
cross-encoder,PLAIN-751,MED-2568,20.43
cross-encoder,PLAIN-751,MED-4698,18.61
cross-encoder,PLAIN-751,MED-5037,20.37
cross-encoder,PLAIN-751,MED-4807,29.89
cross-encoder,PLAIN-751,MED-1101,19.79
cross-encoder,PLAIN-751,MED-3482,17.56
cross-encoder,PLAIN-751,MED-4545,21.27
cross-encoder,PLAIN-751,MED-3885,19.44
cross-encoder,PLAIN-751,MED-3886,30.55
cross-encoder,PLAIN-751,MED-5333,28.0
cross-encoder,PLAIN-751,MED-3721,23.08
cross-encoder,PLAIN-751,MED-3172,22.23
cross-encoder,PLAIN-751,MED-3890,27.36
cross-encoder,PLAIN-761,MED-3797,16.67
cross-encoder,PLAIN-761,MED-3800,17.28
cross-encoder,PLAIN-761,MED-666,21.76
cross-encoder,PLAIN-761,MED-3795,27.21
cross-encoder,PLAIN-761,MED-1667,24.91
cross-encoder,PLAIN-761,MED-3944,21.59
cross-encoder,PLAIN-761,MED-1006,24.03
cross-encoder,PLAIN-761,MED-3664,23.76
cross-encoder,PLAIN-761,MED-3506,21.91
cross-encoder,PLAIN-761,MED-4127,22.85
cross-encoder,PLAIN-761,MED-4103,24.68
cross-encoder,PLAIN-761,MED-3513,20.59
cross-encoder,PLAIN-761,MED-2802,25.94
cross-encoder,PLAIN-761,MED-3512,27.05
cross-encoder,PLAIN-761,MED-1663,25.62
cross-encoder,PLAIN-761,MED-4855,19.03
cross-encoder,PLAIN-761,MED-1009,20.37
cross-encoder,PLAIN-761,MED-2827,24.8
cross-encoder,PLAIN-761,MED-1657,27.72
cross-encoder,PLAIN-761,MED-3658,25.08
cross-encoder,PLAIN-771,MED-3386,21.68
cross-encoder,PLAIN-771,MED-3387,24.94
cross-encoder,PLAIN-771,MED-3385,22.62
cross-encoder,PLAIN-771,MED-10,24.29
cross-encoder,PLAIN-771,MED-14,22.1
cross-encoder,PLAIN-771,MED-118,21.98
cross-encoder,PLAIN-771,MED-301,20.19
cross-encoder,PLAIN-771,MED-306,20.67
cross-encoder,PLAIN-771,MED-329,25.71
cross-encoder,PLAIN-771,MED-330,19.93
cross-encoder,PLAIN-771,MED-332,20.57
cross-encoder,PLAIN-771,MED-334,25.83
cross-encoder,PLAIN-771,MED-335,24.58
cross-encoder,PLAIN-771,MED-398,19.72
cross-encoder,PLAIN-771,MED-557,21.16
cross-encoder,PLAIN-771,MED-666,25.03
cross-encoder,PLAIN-771,MED-691,19.24
cross-encoder,PLAIN-771,MED-692,26.88
cross-encoder,PLAIN-771,MED-702,29.41
cross-encoder,PLAIN-771,MED-706,26.99
cross-encoder,PLAIN-782,MED-1055,21.48
cross-encoder,PLAIN-782,MED-1248,15.91
cross-encoder,PLAIN-782,MED-2208,26.28
cross-encoder,PLAIN-782,MED-3056,25.48
cross-encoder,PLAIN-782,MED-1811,26.24
cross-encoder,PLAIN-782,MED-880,24.22
cross-encoder,PLAIN-782,MED-713,26.17
cross-encoder,PLAIN-782,MED-3209,25.3
cross-encoder,PLAIN-782,MED-3987,23.17
cross-encoder,PLAIN-782,MED-1623,29.28
cross-encoder,PLAIN-782,MED-940,25.1
cross-encoder,PLAIN-782,MED-720,19.68
cross-encoder,PLAIN-782,MED-3920,19.89
cross-encoder,PLAIN-782,MED-2787,27.04
cross-encoder,PLAIN-782,MED-4959,18.26
cross-encoder,PLAIN-782,MED-2449,22.36
cross-encoder,PLAIN-782,MED-2894,26.75
cross-encoder,PLAIN-782,MED-4390,27.77
cross-encoder,PLAIN-782,MED-2994,11.04
cross-encoder,PLAIN-782,MED-2617,24.19
cross-encoder,PLAIN-792,MED-4546,28.58
cross-encoder,PLAIN-792,MED-4958,27.88
cross-encoder,PLAIN-792,MED-4547,22.91
cross-encoder,PLAIN-792,MED-10,23.99
cross-encoder,PLAIN-792,MED-14,23.03
cross-encoder,PLAIN-792,MED-118,24.77
cross-encoder,PLAIN-792,MED-301,23.14
cross-encoder,PLAIN-792,MED-306,23.25
cross-encoder,PLAIN-792,MED-329,21.12
cross-encoder,PLAIN-792,MED-330,21.38
cross-encoder,PLAIN-792,MED-332,20.69
cross-encoder,PLAIN-792,MED-334,22.3
cross-encoder,PLAIN-792,MED-335,25.72
cross-encoder,PLAIN-792,MED-398,24.7
cross-encoder,PLAIN-792,MED-557,29.58
cross-encoder,PLAIN-792,MED-666,25.66
cross-encoder,PLAIN-792,MED-691,18.39
cross-encoder,PLAIN-792,MED-692,17.98
cross-encoder,PLAIN-792,MED-702,30.62
cross-encoder,PLAIN-792,MED-706,25.54
cross-encoder,PLAIN-806,MED-4996,25.34
cross-encoder,PLAIN-806,MED-2138,19.23
cross-encoder,PLAIN-806,MED-2519,22.22
cross-encoder,PLAIN-806,MED-3273,24.18
cross-encoder,PLAIN-806,MED-2506,20.32
cross-encoder,PLAIN-806,MED-3201,24.64
cross-encoder,PLAIN-806,MED-2502,16.28
cross-encoder,PLAIN-806,MED-2510,19.63
cross-encoder,PLAIN-806,MED-2513,17.86
cross-encoder,PLAIN-806,MED-2717,21.5
cross-encoder,PLAIN-806,MED-1724,25.04
cross-encoder,PLAIN-806,MED-1712,25.94
cross-encoder,PLAIN-806,MED-5033,19.81
cross-encoder,PLAIN-806,MED-4699,21.32
cross-encoder,PLAIN-806,MED-3271,17.11
cross-encoder,PLAIN-806,MED-2325,17.29
cross-encoder,PLAIN-806,MED-5335,23.0
cross-encoder,PLAIN-806,MED-4120,22.35
cross-encoder,PLAIN-806,MED-3283,21.61
cross-encoder,PLAIN-806,MED-3538,23.35
cross-encoder,PLAIN-817,MED-10,23.44
cross-encoder,PLAIN-817,MED-14,23.48
cross-encoder,PLAIN-817,MED-118,27.0
cross-encoder,PLAIN-817,MED-301,22.22
cross-encoder,PLAIN-817,MED-306,23.09
cross-encoder,PLAIN-817,MED-329,29.58
cross-encoder,PLAIN-817,MED-330,19.59
cross-encoder,PLAIN-817,MED-332,21.11
cross-encoder,PLAIN-817,MED-334,25.45
cross-encoder,PLAIN-817,MED-335,25.48
cross-encoder,PLAIN-817,MED-398,20.56
cross-encoder,PLAIN-817,MED-557,29.68
cross-encoder,PLAIN-817,MED-666,21.42
cross-encoder,PLAIN-817,MED-691,17.72
cross-encoder,PLAIN-817,MED-692,25.37
cross-encoder,PLAIN-817,MED-702,23.33
cross-encoder,PLAIN-817,MED-706,29.66
cross-encoder,PLAIN-817,MED-707,27.75
cross-encoder,PLAIN-817,MED-708,35.06
cross-encoder,PLAIN-817,MED-709,26.89
cross-encoder,PLAIN-827,MED-4391,22.91
cross-encoder,PLAIN-827,MED-2106,20.72
cross-encoder,PLAIN-827,MED-1414,9.06
cross-encoder,PLAIN-827,MED-3000,22.0
cross-encoder,PLAIN-827,MED-1605,27.28
cross-encoder,PLAIN-827,MED-1602,23.65
cross-encoder,PLAIN-827,MED-5207,16.56
cross-encoder,PLAIN-827,MED-4492,18.92
cross-encoder,PLAIN-827,MED-4194,22.4
cross-encoder,PLAIN-827,MED-4271,23.15
cross-encoder,PLAIN-827,MED-4451,21.89
cross-encoder,PLAIN-827,MED-4472,20.2
cross-encoder,PLAIN-827,MED-4470,19.5
cross-encoder,PLAIN-827,MED-4071,23.23
cross-encoder,PLAIN-827,MED-3305,18.74
cross-encoder,PLAIN-827,MED-2618,19.53
cross-encoder,PLAIN-827,MED-4482,20.46
cross-encoder,PLAIN-827,MED-5122,20.66
cross-encoder,PLAIN-827,MED-5197,24.88
cross-encoder,PLAIN-827,MED-3311,25.42
cross-encoder,PLAIN-838,MED-3502,22.06
cross-encoder,PLAIN-838,MED-3495,25.94
cross-encoder,PLAIN-838,MED-3501,31.51
cross-encoder,PLAIN-838,MED-3496,25.19
cross-encoder,PLAIN-838,MED-3500,21.03
cross-encoder,PLAIN-838,MED-3499,24.67
cross-encoder,PLAIN-838,MED-3494,24.15
cross-encoder,PLAIN-838,MED-10,17.77
cross-encoder,PLAIN-838,MED-14,22.68
cross-encoder,PLAIN-838,MED-118,27.13
cross-encoder,PLAIN-838,MED-301,20.95
cross-encoder,PLAIN-838,MED-306,25.67
cross-encoder,PLAIN-838,MED-329,24.57
cross-encoder,PLAIN-838,MED-330,21.43
cross-encoder,PLAIN-838,MED-332,22.43
cross-encoder,PLAIN-838,MED-334,25.96
cross-encoder,PLAIN-838,MED-335,24.16
cross-encoder,PLAIN-838,MED-398,24.14
cross-encoder,PLAIN-838,MED-557,27.54
cross-encoder,PLAIN-838,MED-666,18.93
cross-encoder,PLAIN-850,MED-4455,28.51
cross-encoder,PLAIN-850,MED-2064,29.78
cross-encoder,PLAIN-850,MED-2070,23.83
cross-encoder,PLAIN-850,MED-2066,25.95
cross-encoder,PLAIN-850,MED-2075,23.32
cross-encoder,PLAIN-850,MED-3199,18.85
cross-encoder,PLAIN-850,MED-2204,23.58
cross-encoder,PLAIN-850,MED-10,18.66
cross-encoder,PLAIN-850,MED-14,21.18
cross-encoder,PLAIN-850,MED-118,27.34
cross-encoder,PLAIN-850,MED-301,20.47
cross-encoder,PLAIN-850,MED-306,19.83
cross-encoder,PLAIN-850,MED-329,23.62
cross-encoder,PLAIN-850,MED-330,22.43
cross-encoder,PLAIN-850,MED-332,16.34
cross-encoder,PLAIN-850,MED-334,29.27
cross-encoder,PLAIN-850,MED-335,26.26
cross-encoder,PLAIN-850,MED-398,23.32
cross-encoder,PLAIN-850,MED-557,26.57
cross-encoder,PLAIN-850,MED-666,22.01
cross-encoder,PLAIN-872,MED-3989,29.7
cross-encoder,PLAIN-872,MED-4098,21.93
cross-encoder,PLAIN-872,MED-1291,17.12
cross-encoder,PLAIN-872,MED-3712,29.14
cross-encoder,PLAIN-872,MED-4916,27.68
cross-encoder,PLAIN-872,MED-3985,12.37
cross-encoder,PLAIN-872,MED-3991,25.72
cross-encoder,PLAIN-872,MED-1292,21.46
cross-encoder,PLAIN-872,MED-3986,29.99
cross-encoder,PLAIN-872,MED-4583,22.03
cross-encoder,PLAIN-872,MED-4165,19.95
cross-encoder,PLAIN-872,MED-5171,28.72
cross-encoder,PLAIN-872,MED-5363,22.2
cross-encoder,PLAIN-872,MED-10,22.03
cross-encoder,PLAIN-872,MED-14,17.26
cross-encoder,PLAIN-872,MED-118,23.66
cross-encoder,PLAIN-872,MED-301,24.82
cross-encoder,PLAIN-872,MED-306,20.98
cross-encoder,PLAIN-872,MED-329,18.16
cross-encoder,PLAIN-872,MED-330,23.13
cross-encoder,PLAIN-882,MED-3622,18.63
cross-encoder,PLAIN-882,MED-3632,18.03
cross-encoder,PLAIN-882,MED-10,20.6
cross-encoder,PLAIN-882,MED-14,19.45
cross-encoder,PLAIN-882,MED-118,28.22
cross-encoder,PLAIN-882,MED-301,23.93
cross-encoder,PLAIN-882,MED-306,32.76
cross-encoder,PLAIN-882,MED-329,22.8
cross-encoder,PLAIN-882,MED-330,21.7
cross-encoder,PLAIN-882,MED-332,20.23
cross-encoder,PLAIN-882,MED-334,24.01
cross-encoder,PLAIN-882,MED-335,22.02
cross-encoder,PLAIN-882,MED-398,24.05
cross-encoder,PLAIN-882,MED-557,23.1
cross-encoder,PLAIN-882,MED-666,19.55
cross-encoder,PLAIN-882,MED-691,21.77
cross-encoder,PLAIN-882,MED-692,20.23
cross-encoder,PLAIN-882,MED-702,21.46
cross-encoder,PLAIN-882,MED-706,26.19
cross-encoder,PLAIN-882,MED-707,26.86
cross-encoder,PLAIN-892,MED-3132,20.99
cross-encoder,PLAIN-892,MED-2010,18.13
cross-encoder,PLAIN-892,MED-2148,30.47
cross-encoder,PLAIN-892,MED-2008,31.35
cross-encoder,PLAIN-892,MED-4347,29.29
cross-encoder,PLAIN-892,MED-2145,25.78
cross-encoder,PLAIN-892,MED-10,23.17
cross-encoder,PLAIN-892,MED-14,19.01
cross-encoder,PLAIN-892,MED-118,24.56
cross-encoder,PLAIN-892,MED-301,23.61
cross-encoder,PLAIN-892,MED-306,21.98
cross-encoder,PLAIN-892,MED-329,21.06
cross-encoder,PLAIN-892,MED-330,23.73
cross-encoder,PLAIN-892,MED-332,16.32
cross-encoder,PLAIN-892,MED-334,19.78
cross-encoder,PLAIN-892,MED-335,24.4
cross-encoder,PLAIN-892,MED-398,19.77
cross-encoder,PLAIN-892,MED-557,23.17
cross-encoder,PLAIN-892,MED-666,23.27
cross-encoder,PLAIN-892,MED-691,20.69
cross-encoder,PLAIN-902,MED-4195,30.51
cross-encoder,PLAIN-902,MED-4197,26.26
cross-encoder,PLAIN-902,MED-4849,21.16
cross-encoder,PLAIN-902,MED-3555,23.11
cross-encoder,PLAIN-902,MED-10,19.92
cross-encoder,PLAIN-902,MED-14,21.37
cross-encoder,PLAIN-902,MED-118,23.45
cross-encoder,PLAIN-902,MED-301,19.16
cross-encoder,PLAIN-902,MED-306,29.1
cross-encoder,PLAIN-902,MED-329,22.74
cross-encoder,PLAIN-902,MED-330,20.38
cross-encoder,PLAIN-902,MED-332,21.3
cross-encoder,PLAIN-902,MED-334,23.12
cross-encoder,PLAIN-902,MED-335,27.63
cross-encoder,PLAIN-902,MED-398,25.35
cross-encoder,PLAIN-902,MED-557,29.24
cross-encoder,PLAIN-902,MED-666,20.91
cross-encoder,PLAIN-902,MED-691,19.37
cross-encoder,PLAIN-902,MED-692,18.82
cross-encoder,PLAIN-902,MED-702,22.24
cross-encoder,PLAIN-913,MED-3811,23.38
cross-encoder,PLAIN-913,MED-4416,25.95
cross-encoder,PLAIN-913,MED-4415,22.92
cross-encoder,PLAIN-913,MED-3813,30.22
cross-encoder,PLAIN-913,MED-5000,27.11
cross-encoder,PLAIN-913,MED-3812,27.63
cross-encoder,PLAIN-913,MED-4417,32.26
cross-encoder,PLAIN-913,MED-4418,24.55
cross-encoder,PLAIN-913,MED-2780,21.44
cross-encoder,PLAIN-913,MED-5084,21.24
cross-encoder,PLAIN-913,MED-1442,23.32
cross-encoder,PLAIN-913,MED-3810,20.11
cross-encoder,PLAIN-913,MED-894,20.02
cross-encoder,PLAIN-913,MED-1441,19.96
cross-encoder,PLAIN-913,MED-10,26.78
cross-encoder,PLAIN-913,MED-14,23.02
cross-encoder,PLAIN-913,MED-118,21.19
cross-encoder,PLAIN-913,MED-301,21.08
cross-encoder,PLAIN-913,MED-306,18.19
cross-encoder,PLAIN-913,MED-329,17.75
cross-encoder,PLAIN-924,MED-3044,19.72
cross-encoder,PLAIN-924,MED-10,19.08
cross-encoder,PLAIN-924,MED-14,20.19
cross-encoder,PLAIN-924,MED-118,23.58
cross-encoder,PLAIN-924,MED-301,19.7
cross-encoder,PLAIN-924,MED-306,22.87
cross-encoder,PLAIN-924,MED-329,20.56
cross-encoder,PLAIN-924,MED-330,17.32
cross-encoder,PLAIN-924,MED-332,16.8
cross-encoder,PLAIN-924,MED-334,24.53
cross-encoder,PLAIN-924,MED-335,23.04
cross-encoder,PLAIN-924,MED-398,21.79
cross-encoder,PLAIN-924,MED-557,30.92
cross-encoder,PLAIN-924,MED-666,22.62
cross-encoder,PLAIN-924,MED-691,19.91
cross-encoder,PLAIN-924,MED-692,17.75
cross-encoder,PLAIN-924,MED-702,30.42
cross-encoder,PLAIN-924,MED-706,26.71
cross-encoder,PLAIN-924,MED-707,27.9
cross-encoder,PLAIN-924,MED-708,28.39
cross-encoder,PLAIN-934,MED-1648,27.25
cross-encoder,PLAIN-934,MED-5245,21.86
cross-encoder,PLAIN-934,MED-1621,20.58
cross-encoder,PLAIN-934,MED-1649,24.79
cross-encoder,PLAIN-934,MED-1640,27.77
cross-encoder,PLAIN-934,MED-2161,26.01
cross-encoder,PLAIN-934,MED-1636,20.34
cross-encoder,PLAIN-934,MED-2159,24.87
cross-encoder,PLAIN-934,MED-2155,22.56
cross-encoder,PLAIN-934,MED-5244,19.4
cross-encoder,PLAIN-934,MED-5256,21.96
cross-encoder,PLAIN-934,MED-2160,20.98
cross-encoder,PLAIN-934,MED-5249,20.34
cross-encoder,PLAIN-934,MED-2156,28.1
cross-encoder,PLAIN-934,MED-4974,26.22
cross-encoder,PLAIN-934,MED-1628,13.37
cross-encoder,PLAIN-934,MED-5243,23.03
cross-encoder,PLAIN-934,MED-5258,24.19
cross-encoder,PLAIN-934,MED-1631,21.99
cross-encoder,PLAIN-934,MED-5259,24.19
cross-encoder,PLAIN-946,MED-4381,24.24
cross-encoder,PLAIN-946,MED-866,24.83
cross-encoder,PLAIN-946,MED-855,19.36
cross-encoder,PLAIN-946,MED-4380,18.95
cross-encoder,PLAIN-946,MED-1570,20.27
cross-encoder,PLAIN-946,MED-10,21.97
cross-encoder,PLAIN-946,MED-14,20.48
cross-encoder,PLAIN-946,MED-118,23.93
cross-encoder,PLAIN-946,MED-301,18.69
cross-encoder,PLAIN-946,MED-306,17.51
cross-encoder,PLAIN-946,MED-329,18.95
cross-encoder,PLAIN-946,MED-330,23.26
cross-encoder,PLAIN-946,MED-332,19.16
cross-encoder,PLAIN-946,MED-334,20.45
cross-encoder,PLAIN-946,MED-335,26.23
cross-encoder,PLAIN-946,MED-398,19.85
cross-encoder,PLAIN-946,MED-557,28.42
cross-encoder,PLAIN-946,MED-666,25.22
cross-encoder,PLAIN-946,MED-691,22.39
cross-encoder,PLAIN-946,MED-692,24.81
cross-encoder,PLAIN-956,MED-5191,21.86
cross-encoder,PLAIN-956,MED-884,25.59
cross-encoder,PLAIN-956,MED-909,27.54
cross-encoder,PLAIN-956,MED-5074,22.44
cross-encoder,PLAIN-956,MED-2182,20.92
cross-encoder,PLAIN-956,MED-5076,25.83
cross-encoder,PLAIN-956,MED-2572,20.26
cross-encoder,PLAIN-956,MED-4554,18.32
cross-encoder,PLAIN-956,MED-2179,17.48
cross-encoder,PLAIN-956,MED-2183,17.42
cross-encoder,PLAIN-956,MED-2184,23.14
cross-encoder,PLAIN-956,MED-2697,25.23
cross-encoder,PLAIN-956,MED-4482,21.4
cross-encoder,PLAIN-956,MED-1165,24.98
cross-encoder,PLAIN-956,MED-4471,23.01
cross-encoder,PLAIN-956,MED-2064,28.78
cross-encoder,PLAIN-956,MED-910,25.01
cross-encoder,PLAIN-956,MED-2098,21.45
cross-encoder,PLAIN-956,MED-4053,37.21
cross-encoder,PLAIN-956,MED-118,28.02
cross-encoder,PLAIN-966,MED-3671,24.19
cross-encoder,PLAIN-966,MED-2039,21.51
cross-encoder,PLAIN-966,MED-4789,22.28
cross-encoder,PLAIN-966,MED-4323,23.18
cross-encoder,PLAIN-966,MED-4192,22.9
cross-encoder,PLAIN-966,MED-4152,18.4
cross-encoder,PLAIN-966,MED-1613,26.33
cross-encoder,PLAIN-966,MED-831,23.83
cross-encoder,PLAIN-966,MED-4103,21.34
cross-encoder,PLAIN-966,MED-3676,23.73
cross-encoder,PLAIN-966,MED-3465,22.73
cross-encoder,PLAIN-966,MED-1618,21.18
cross-encoder,PLAIN-966,MED-3919,28.24
cross-encoder,PLAIN-966,MED-10,22.38
cross-encoder,PLAIN-966,MED-14,21.58
cross-encoder,PLAIN-966,MED-118,21.8
cross-encoder,PLAIN-966,MED-301,29.65
cross-encoder,PLAIN-966,MED-306,22.88
cross-encoder,PLAIN-966,MED-329,20.07
cross-encoder,PLAIN-966,MED-330,22.12
cross-encoder,PLAIN-977,MED-2598,20.34
cross-encoder,PLAIN-977,MED-4891,21.7
cross-encoder,PLAIN-977,MED-1410,22.87
cross-encoder,PLAIN-977,MED-2923,22.75
cross-encoder,PLAIN-977,MED-2603,20.76
cross-encoder,PLAIN-977,MED-2162,25.19
cross-encoder,PLAIN-977,MED-2770,22.52
cross-encoder,PLAIN-977,MED-4427,16.38
cross-encoder,PLAIN-977,MED-4402,26.48
cross-encoder,PLAIN-977,MED-4462,22.9
cross-encoder,PLAIN-977,MED-1276,23.65
cross-encoder,PLAIN-977,MED-2602,26.91
cross-encoder,PLAIN-977,MED-2944,24.72
cross-encoder,PLAIN-977,MED-4617,24.94
cross-encoder,PLAIN-977,MED-3440,23.01
cross-encoder,PLAIN-977,MED-2752,19.57
cross-encoder,PLAIN-977,MED-1060,28.03
cross-encoder,PLAIN-977,MED-4315,15.17
cross-encoder,PLAIN-977,MED-3977,17.25
cross-encoder,PLAIN-977,MED-4440,21.15
cross-encoder,PLAIN-987,MED-2780,28.75
cross-encoder,PLAIN-987,MED-1293,25.23
cross-encoder,PLAIN-987,MED-2830,24.43
cross-encoder,PLAIN-987,MED-10,24.14
cross-encoder,PLAIN-987,MED-14,23.64
cross-encoder,PLAIN-987,MED-118,30.12
cross-encoder,PLAIN-987,MED-301,18.85
cross-encoder,PLAIN-987,MED-306,18.68
cross-encoder,PLAIN-987,MED-329,22.76
cross-encoder,PLAIN-987,MED-330,20.53
cross-encoder,PLAIN-987,MED-332,19.03
cross-encoder,PLAIN-987,MED-334,19.14
cross-encoder,PLAIN-987,MED-335,21.08
cross-encoder,PLAIN-987,MED-398,20.21
cross-encoder,PLAIN-987,MED-557,23.19
cross-encoder,PLAIN-987,MED-666,22.3
cross-encoder,PLAIN-987,MED-691,18.56
cross-encoder,PLAIN-987,MED-692,20.14
cross-encoder,PLAIN-987,MED-702,23.18
cross-encoder,PLAIN-987,MED-706,29.28
cross-encoder,PLAIN-997,MED-10,26.75
cross-encoder,PLAIN-997,MED-14,18.89
cross-encoder,PLAIN-997,MED-118,21.38
cross-encoder,PLAIN-997,MED-301,19.14
cross-encoder,PLAIN-997,MED-306,18.74
cross-encoder,PLAIN-997,MED-329,19.64
cross-encoder,PLAIN-997,MED-330,21.97
cross-encoder,PLAIN-997,MED-332,18.15
cross-encoder,PLAIN-997,MED-334,22.31
cross-encoder,PLAIN-997,MED-335,22.5
cross-encoder,PLAIN-997,MED-398,18.76
cross-encoder,PLAIN-997,MED-557,21.07
cross-encoder,PLAIN-997,MED-666,20.88
cross-encoder,PLAIN-997,MED-691,19.51
cross-encoder,PLAIN-997,MED-692,18.42
cross-encoder,PLAIN-997,MED-702,28.45
cross-encoder,PLAIN-997,MED-706,20.33
cross-encoder,PLAIN-997,MED-707,29.34
cross-encoder,PLAIN-997,MED-708,33.09
cross-encoder,PLAIN-997,MED-709,27.19
cross-encoder,PLAIN-1008,MED-10,20.38
cross-encoder,PLAIN-1008,MED-14,21.28
cross-encoder,PLAIN-1008,MED-118,23.73
cross-encoder,PLAIN-1008,MED-301,19.29
cross-encoder,PLAIN-1008,MED-306,18.95
cross-encoder,PLAIN-1008,MED-329,22.57
cross-encoder,PLAIN-1008,MED-330,20.53
cross-encoder,PLAIN-1008,MED-332,17.99
cross-encoder,PLAIN-1008,MED-334,22.64
cross-encoder,PLAIN-1008,MED-335,20.57
cross-encoder,PLAIN-1008,MED-398,19.85
cross-encoder,PLAIN-1008,MED-557,23.05
cross-encoder,PLAIN-1008,MED-666,20.48
cross-encoder,PLAIN-1008,MED-691,19.46
cross-encoder,PLAIN-1008,MED-692,19.2
cross-encoder,PLAIN-1008,MED-702,28.96
cross-encoder,PLAIN-1008,MED-706,20.17
cross-encoder,PLAIN-1008,MED-707,25.58
cross-encoder,PLAIN-1008,MED-708,26.83
cross-encoder,PLAIN-1008,MED-709,21.91
cross-encoder,PLAIN-1018,MED-5095,31.02
cross-encoder,PLAIN-1018,MED-839,28.97
cross-encoder,PLAIN-1018,MED-4936,24.63
cross-encoder,PLAIN-1018,MED-5091,28.2
cross-encoder,PLAIN-1018,MED-928,23.62
cross-encoder,PLAIN-1018,MED-1832,25.49
cross-encoder,PLAIN-1018,MED-3012,21.47
cross-encoder,PLAIN-1018,MED-5092,25.26
cross-encoder,PLAIN-1018,MED-5093,20.88
cross-encoder,PLAIN-1018,MED-838,28.04
cross-encoder,PLAIN-1018,MED-5364,21.84
cross-encoder,PLAIN-1018,MED-4633,22.83
cross-encoder,PLAIN-1018,MED-5342,20.14
cross-encoder,PLAIN-1018,MED-3545,26.17
cross-encoder,PLAIN-1018,MED-2411,25.63
cross-encoder,PLAIN-1018,MED-4736,24.12
cross-encoder,PLAIN-1018,MED-5361,23.75
cross-encoder,PLAIN-1018,MED-1801,19.79
cross-encoder,PLAIN-1018,MED-4357,19.04
cross-encoder,PLAIN-1018,MED-5096,25.61
cross-encoder,PLAIN-1028,MED-4178,21.04
cross-encoder,PLAIN-1028,MED-3248,24.45
cross-encoder,PLAIN-1028,MED-2412,18.91
cross-encoder,PLAIN-1028,MED-1861,18.23
cross-encoder,PLAIN-1028,MED-4555,18.2
cross-encoder,PLAIN-1028,MED-4131,27.81
cross-encoder,PLAIN-1028,MED-1677,20.93
cross-encoder,PLAIN-1028,MED-754,19.68
cross-encoder,PLAIN-1028,MED-1885,20.06
cross-encoder,PLAIN-1028,MED-3486,24.54
cross-encoder,PLAIN-1028,MED-1553,20.67
cross-encoder,PLAIN-1028,MED-2096,11.75
cross-encoder,PLAIN-1028,MED-3244,18.55
cross-encoder,PLAIN-1028,MED-5363,17.63
cross-encoder,PLAIN-1028,MED-2290,16.57
cross-encoder,PLAIN-1028,MED-1966,23.27
cross-encoder,PLAIN-1028,MED-2423,22.32
cross-encoder,PLAIN-1028,MED-3024,26.48
cross-encoder,PLAIN-1028,MED-1038,16.28
cross-encoder,PLAIN-1028,MED-2254,22.76
cross-encoder,PLAIN-1039,MED-4380,25.75
cross-encoder,PLAIN-1039,MED-4381,21.67
cross-encoder,PLAIN-1039,MED-3221,23.04
cross-encoder,PLAIN-1039,MED-3215,21.84
cross-encoder,PLAIN-1039,MED-1067,29.01
cross-encoder,PLAIN-1039,MED-846,24.88
cross-encoder,PLAIN-1039,MED-5270,23.86
cross-encoder,PLAIN-1039,MED-2098,25.57
cross-encoder,PLAIN-1039,MED-4995,24.53
cross-encoder,PLAIN-1039,MED-3943,25.16
cross-encoder,PLAIN-1039,MED-4092,21.42
cross-encoder,PLAIN-1039,MED-1846,27.47
cross-encoder,PLAIN-1039,MED-1841,21.76
cross-encoder,PLAIN-1039,MED-1454,24.96
cross-encoder,PLAIN-1039,MED-4628,20.08
cross-encoder,PLAIN-1039,MED-909,20.19
cross-encoder,PLAIN-1039,MED-2754,24.66
cross-encoder,PLAIN-1039,MED-2544,18.55
cross-encoder,PLAIN-1039,MED-4319,20.25
cross-encoder,PLAIN-1039,MED-4634,26.18
cross-encoder,PLAIN-1050,MED-1712,25.56
cross-encoder,PLAIN-1050,MED-2510,17.41
cross-encoder,PLAIN-1050,MED-2498,22.33
cross-encoder,PLAIN-1050,MED-1021,24.82
cross-encoder,PLAIN-1050,MED-2324,14.26
cross-encoder,PLAIN-1050,MED-3283,22.07
cross-encoder,PLAIN-1050,MED-2509,16.52
cross-encoder,PLAIN-1050,MED-2502,11.76
cross-encoder,PLAIN-1050,MED-1116,15.01
cross-encoder,PLAIN-1050,MED-2763,14.33
cross-encoder,PLAIN-1050,MED-3380,23.05
cross-encoder,PLAIN-1050,MED-2820,28.66
cross-encoder,PLAIN-1050,MED-2812,23.99
cross-encoder,PLAIN-1050,MED-10,23.97
cross-encoder,PLAIN-1050,MED-14,23.3
cross-encoder,PLAIN-1050,MED-118,25.42
cross-encoder,PLAIN-1050,MED-301,18.9
cross-encoder,PLAIN-1050,MED-306,18.59
cross-encoder,PLAIN-1050,MED-329,20.89
cross-encoder,PLAIN-1050,MED-330,23.34
cross-encoder,PLAIN-1066,MED-1712,23.17
cross-encoder,PLAIN-1066,MED-2510,16.3
cross-encoder,PLAIN-1066,MED-2498,16.7
cross-encoder,PLAIN-1066,MED-1021,24.18
cross-encoder,PLAIN-1066,MED-2324,16.82
cross-encoder,PLAIN-1066,MED-3283,20.19
cross-encoder,PLAIN-1066,MED-2509,22.14
cross-encoder,PLAIN-1066,MED-2502,13.54
cross-encoder,PLAIN-1066,MED-1116,10.43
cross-encoder,PLAIN-1066,MED-2763,15.09
cross-encoder,PLAIN-1066,MED-892,25.42
cross-encoder,PLAIN-1066,MED-3380,30.58
cross-encoder,PLAIN-1066,MED-2820,28.51
cross-encoder,PLAIN-1066,MED-2812,32.93
cross-encoder,PLAIN-1066,MED-10,20.2
cross-encoder,PLAIN-1066,MED-14,25.56
cross-encoder,PLAIN-1066,MED-118,31.48
cross-encoder,PLAIN-1066,MED-301,25.38
cross-encoder,PLAIN-1066,MED-306,20.0
cross-encoder,PLAIN-1066,MED-329,18.73
cross-encoder,PLAIN-1088,MED-2109,26.02
cross-encoder,PLAIN-1088,MED-2110,20.8
cross-encoder,PLAIN-1088,MED-10,18.83
cross-encoder,PLAIN-1088,MED-14,19.45
cross-encoder,PLAIN-1088,MED-118,24.73
cross-encoder,PLAIN-1088,MED-301,19.47
cross-encoder,PLAIN-1088,MED-306,23.37
cross-encoder,PLAIN-1088,MED-329,23.53
cross-encoder,PLAIN-1088,MED-330,20.48
cross-encoder,PLAIN-1088,MED-332,16.97
cross-encoder,PLAIN-1088,MED-334,23.69
cross-encoder,PLAIN-1088,MED-335,22.35
cross-encoder,PLAIN-1088,MED-398,20.06
cross-encoder,PLAIN-1088,MED-557,26.39
cross-encoder,PLAIN-1088,MED-666,24.32
cross-encoder,PLAIN-1088,MED-691,21.31
cross-encoder,PLAIN-1088,MED-692,20.22
cross-encoder,PLAIN-1088,MED-702,29.93
cross-encoder,PLAIN-1088,MED-706,26.61
cross-encoder,PLAIN-1088,MED-707,21.56
cross-encoder,PLAIN-1098,MED-10,24.78
cross-encoder,PLAIN-1098,MED-14,26.35
cross-encoder,PLAIN-1098,MED-118,24.47
cross-encoder,PLAIN-1098,MED-301,24.55
cross-encoder,PLAIN-1098,MED-306,20.45
cross-encoder,PLAIN-1098,MED-329,25.59
cross-encoder,PLAIN-1098,MED-330,20.34
cross-encoder,PLAIN-1098,MED-332,22.71
cross-encoder,PLAIN-1098,MED-334,21.59
cross-encoder,PLAIN-1098,MED-335,22.13
cross-encoder,PLAIN-1098,MED-398,24.26
cross-encoder,PLAIN-1098,MED-557,25.33
cross-encoder,PLAIN-1098,MED-666,21.79
cross-encoder,PLAIN-1098,MED-691,21.54
cross-encoder,PLAIN-1098,MED-692,19.65
cross-encoder,PLAIN-1098,MED-702,28.74
cross-encoder,PLAIN-1098,MED-706,28.26
cross-encoder,PLAIN-1098,MED-707,25.45
cross-encoder,PLAIN-1098,MED-708,37.26
cross-encoder,PLAIN-1098,MED-709,31.03
cross-encoder,PLAIN-1109,MED-2643,29.7
cross-encoder,PLAIN-1109,MED-2650,27.52
cross-encoder,PLAIN-1109,MED-1763,25.06
cross-encoder,PLAIN-1109,MED-5323,24.25
cross-encoder,PLAIN-1109,MED-1777,23.14
cross-encoder,PLAIN-1109,MED-1003,26.43
cross-encoder,PLAIN-1109,MED-5167,24.1
cross-encoder,PLAIN-1109,MED-1100,23.4
cross-encoder,PLAIN-1109,MED-1099,19.01
cross-encoder,PLAIN-1109,MED-4728,20.04
cross-encoder,PLAIN-1109,MED-919,22.8
cross-encoder,PLAIN-1109,MED-2087,25.61
cross-encoder,PLAIN-1109,MED-2658,27.83
cross-encoder,PLAIN-1109,MED-2426,27.22
cross-encoder,PLAIN-1109,MED-2627,18.42
cross-encoder,PLAIN-1109,MED-2654,26.48
cross-encoder,PLAIN-1109,MED-833,25.48
cross-encoder,PLAIN-1109,MED-822,19.68
cross-encoder,PLAIN-1109,MED-4941,14.62
cross-encoder,PLAIN-1109,MED-3955,24.9
cross-encoder,PLAIN-1119,MED-4025,29.32
cross-encoder,PLAIN-1119,MED-1708,25.53
cross-encoder,PLAIN-1119,MED-1710,22.79
cross-encoder,PLAIN-1119,MED-3091,19.8
cross-encoder,PLAIN-1119,MED-4834,23.29
cross-encoder,PLAIN-1119,MED-1627,26.58
cross-encoder,PLAIN-1119,MED-1534,21.43
cross-encoder,PLAIN-1119,MED-1707,21.96
cross-encoder,PLAIN-1119,MED-895,24.95
cross-encoder,PLAIN-1119,MED-3588,28.3
cross-encoder,PLAIN-1119,MED-4028,25.26
cross-encoder,PLAIN-1119,MED-3768,24.24
cross-encoder,PLAIN-1119,MED-4036,18.82
cross-encoder,PLAIN-1119,MED-4585,27.15
cross-encoder,PLAIN-1119,MED-1852,17.71
cross-encoder,PLAIN-1119,MED-3699,22.01
cross-encoder,PLAIN-1119,MED-2718,19.15
cross-encoder,PLAIN-1119,MED-334,29.08
cross-encoder,PLAIN-1119,MED-1565,24.58
cross-encoder,PLAIN-1119,MED-3371,26.47
cross-encoder,PLAIN-1130,MED-4165,22.9
cross-encoder,PLAIN-1130,MED-10,20.56
cross-encoder,PLAIN-1130,MED-14,20.48
cross-encoder,PLAIN-1130,MED-118,31.16
cross-encoder,PLAIN-1130,MED-301,25.53
cross-encoder,PLAIN-1130,MED-306,24.78
cross-encoder,PLAIN-1130,MED-329,20.99
cross-encoder,PLAIN-1130,MED-330,25.23
cross-encoder,PLAIN-1130,MED-332,21.63
cross-encoder,PLAIN-1130,MED-334,23.0
cross-encoder,PLAIN-1130,MED-335,25.86
cross-encoder,PLAIN-1130,MED-398,28.76
cross-encoder,PLAIN-1130,MED-557,26.03
cross-encoder,PLAIN-1130,MED-666,24.91
cross-encoder,PLAIN-1130,MED-691,24.14
cross-encoder,PLAIN-1130,MED-692,21.53
cross-encoder,PLAIN-1130,MED-702,25.14
cross-encoder,PLAIN-1130,MED-706,26.68
cross-encoder,PLAIN-1130,MED-707,28.56
cross-encoder,PLAIN-1130,MED-708,35.38
cross-encoder,PLAIN-1141,MED-2112,14.72
cross-encoder,PLAIN-1141,MED-2428,20.43
cross-encoder,PLAIN-1141,MED-3113,12.57
cross-encoder,PLAIN-1141,MED-5346,25.73
cross-encoder,PLAIN-1141,MED-1037,14.93
cross-encoder,PLAIN-1141,MED-1398,19.77
cross-encoder,PLAIN-1141,MED-4157,26.08
cross-encoder,PLAIN-1141,MED-1878,25.1
cross-encoder,PLAIN-1141,MED-4531,16.59
cross-encoder,PLAIN-1141,MED-3231,14.75
cross-encoder,PLAIN-1141,MED-2817,27.84
cross-encoder,PLAIN-1141,MED-1051,19.44
cross-encoder,PLAIN-1141,MED-2298,12.9
cross-encoder,PLAIN-1141,MED-3625,9.7
cross-encoder,PLAIN-1141,MED-1343,20.96
cross-encoder,PLAIN-1141,MED-1704,24.38
cross-encoder,PLAIN-1141,MED-4415,23.62
cross-encoder,PLAIN-1141,MED-5354,34.38
cross-encoder,PLAIN-1141,MED-4153,23.44
cross-encoder,PLAIN-1141,MED-4882,25.28
cross-encoder,PLAIN-1151,MED-1179,24.36
cross-encoder,PLAIN-1151,MED-4489,25.43
cross-encoder,PLAIN-1151,MED-3306,30.78
cross-encoder,PLAIN-1151,MED-1759,24.5
cross-encoder,PLAIN-1151,MED-1181,26.02
cross-encoder,PLAIN-1151,MED-2299,22.94
cross-encoder,PLAIN-1151,MED-2742,20.79
cross-encoder,PLAIN-1151,MED-3372,19.88
cross-encoder,PLAIN-1151,MED-2738,24.76
cross-encoder,PLAIN-1151,MED-761,30.69
cross-encoder,PLAIN-1151,MED-2388,24.22
cross-encoder,PLAIN-1151,MED-2182,20.33
cross-encoder,PLAIN-1151,MED-3310,25.11
cross-encoder,PLAIN-1151,MED-1725,27.35
cross-encoder,PLAIN-1151,MED-5345,19.22
cross-encoder,PLAIN-1151,MED-3958,21.31
cross-encoder,PLAIN-1151,MED-1053,21.15
cross-encoder,PLAIN-1151,MED-2064,31.15
cross-encoder,PLAIN-1151,MED-4932,22.53
cross-encoder,PLAIN-1151,MED-859,29.32
cross-encoder,PLAIN-1161,MED-3584,24.71
cross-encoder,PLAIN-1161,MED-3138,22.79
cross-encoder,PLAIN-1161,MED-1880,28.45
cross-encoder,PLAIN-1161,MED-2140,21.4
cross-encoder,PLAIN-1161,MED-3136,24.64
cross-encoder,PLAIN-1161,MED-2141,14.54
cross-encoder,PLAIN-1161,MED-4991,24.55
cross-encoder,PLAIN-1161,MED-2147,18.44
cross-encoder,PLAIN-1161,MED-2144,17.65
cross-encoder,PLAIN-1161,MED-5079,28.13
cross-encoder,PLAIN-1161,MED-2010,22.34
cross-encoder,PLAIN-1161,MED-2085,23.21
cross-encoder,PLAIN-1161,MED-3141,25.67
cross-encoder,PLAIN-1161,MED-2570,35.33
cross-encoder,PLAIN-1161,MED-3894,25.68
cross-encoder,PLAIN-1161,MED-719,27.35
cross-encoder,PLAIN-1161,MED-724,42.83
cross-encoder,PLAIN-1161,MED-2150,22.31
cross-encoder,PLAIN-1161,MED-875,26.51
cross-encoder,PLAIN-1161,MED-4165,26.28
cross-encoder,PLAIN-1172,MED-4150,10.51
cross-encoder,PLAIN-1172,MED-10,26.98
cross-encoder,PLAIN-1172,MED-14,28.13
cross-encoder,PLAIN-1172,MED-118,29.92
cross-encoder,PLAIN-1172,MED-301,23.5
cross-encoder,PLAIN-1172,MED-306,25.6
cross-encoder,PLAIN-1172,MED-329,24.3
cross-encoder,PLAIN-1172,MED-330,23.99
cross-encoder,PLAIN-1172,MED-332,24.52
cross-encoder,PLAIN-1172,MED-334,25.32
cross-encoder,PLAIN-1172,MED-335,27.39
cross-encoder,PLAIN-1172,MED-398,27.12
cross-encoder,PLAIN-1172,MED-557,27.3
cross-encoder,PLAIN-1172,MED-666,24.5
cross-encoder,PLAIN-1172,MED-691,19.05
cross-encoder,PLAIN-1172,MED-692,23.91
cross-encoder,PLAIN-1172,MED-702,26.71
cross-encoder,PLAIN-1172,MED-706,23.76
cross-encoder,PLAIN-1172,MED-707,26.88
cross-encoder,PLAIN-1172,MED-708,36.86
cross-encoder,PLAIN-1183,MED-1276,22.19
cross-encoder,PLAIN-1183,MED-4727,25.44
cross-encoder,PLAIN-1183,MED-5331,21.29
cross-encoder,PLAIN-1183,MED-2582,30.9
cross-encoder,PLAIN-1183,MED-10,22.24
cross-encoder,PLAIN-1183,MED-3856,24.12
cross-encoder,PLAIN-1183,MED-1201,28.88
cross-encoder,PLAIN-1183,MED-4070,25.91
cross-encoder,PLAIN-1183,MED-3981,29.51
cross-encoder,PLAIN-1183,MED-3976,26.4
cross-encoder,PLAIN-1183,MED-5192,27.11
cross-encoder,PLAIN-1183,MED-5351,27.48
cross-encoder,PLAIN-1183,MED-5369,23.59
cross-encoder,PLAIN-1183,MED-1242,20.41
cross-encoder,PLAIN-1183,MED-14,21.5
cross-encoder,PLAIN-1183,MED-118,30.67
cross-encoder,PLAIN-1183,MED-301,26.08
cross-encoder,PLAIN-1183,MED-306,22.3
cross-encoder,PLAIN-1183,MED-329,26.38
cross-encoder,PLAIN-1183,MED-330,22.62
cross-encoder,PLAIN-1193,MED-2378,22.46
cross-encoder,PLAIN-1193,MED-3868,31.57
cross-encoder,PLAIN-1193,MED-3796,23.63
cross-encoder,PLAIN-1193,MED-839,27.0
cross-encoder,PLAIN-1193,MED-1825,25.05
cross-encoder,PLAIN-1193,MED-1826,25.51
cross-encoder,PLAIN-1193,MED-3869,25.08
cross-encoder,PLAIN-1193,MED-1827,31.87
cross-encoder,PLAIN-1193,MED-4303,32.53
cross-encoder,PLAIN-1193,MED-4004,28.62
cross-encoder,PLAIN-1193,MED-5085,26.45
cross-encoder,PLAIN-1193,MED-927,27.81
cross-encoder,PLAIN-1193,MED-928,26.14
cross-encoder,PLAIN-1193,MED-3668,24.05
cross-encoder,PLAIN-1193,MED-3659,23.1
cross-encoder,PLAIN-1193,MED-2711,23.53
cross-encoder,PLAIN-1193,MED-1523,12.61
cross-encoder,PLAIN-1193,MED-1390,21.41
cross-encoder,PLAIN-1193,MED-4000,28.34
cross-encoder,PLAIN-1193,MED-5268,28.19
cross-encoder,PLAIN-1203,MED-4771,22.57
cross-encoder,PLAIN-1203,MED-1203,22.37
cross-encoder,PLAIN-1203,MED-3275,9.99
cross-encoder,PLAIN-1203,MED-4872,24.56
cross-encoder,PLAIN-1203,MED-4764,24.52
cross-encoder,PLAIN-1203,MED-4600,15.42
cross-encoder,PLAIN-1203,MED-5208,20.78
cross-encoder,PLAIN-1203,MED-986,26.22
cross-encoder,PLAIN-1203,MED-1528,27.5
cross-encoder,PLAIN-1203,MED-980,28.29
cross-encoder,PLAIN-1203,MED-1504,19.02
cross-encoder,PLAIN-1203,MED-3427,23.94
cross-encoder,PLAIN-1203,MED-994,28.02
cross-encoder,PLAIN-1203,MED-2762,23.14
cross-encoder,PLAIN-1203,MED-922,28.78
cross-encoder,PLAIN-1203,MED-3221,23.17
cross-encoder,PLAIN-1203,MED-3215,24.02
cross-encoder,PLAIN-1203,MED-1067,25.6
cross-encoder,PLAIN-1203,MED-846,22.5
cross-encoder,PLAIN-1203,MED-5270,30.07
cross-encoder,PLAIN-1214,MED-10,24.9
cross-encoder,PLAIN-1214,MED-14,21.9
cross-encoder,PLAIN-1214,MED-118,29.31
cross-encoder,PLAIN-1214,MED-301,26.34
cross-encoder,PLAIN-1214,MED-306,24.8
cross-encoder,PLAIN-1214,MED-329,24.31
cross-encoder,PLAIN-1214,MED-330,22.98
cross-encoder,PLAIN-1214,MED-332,18.76
cross-encoder,PLAIN-1214,MED-334,28.1
cross-encoder,PLAIN-1214,MED-335,25.5
cross-encoder,PLAIN-1214,MED-398,26.48
cross-encoder,PLAIN-1214,MED-557,32.25
cross-encoder,PLAIN-1214,MED-666,27.22
cross-encoder,PLAIN-1214,MED-691,24.03
cross-encoder,PLAIN-1214,MED-692,24.86
cross-encoder,PLAIN-1214,MED-702,26.45
cross-encoder,PLAIN-1214,MED-706,29.12
cross-encoder,PLAIN-1214,MED-707,23.54
cross-encoder,PLAIN-1214,MED-708,29.21
cross-encoder,PLAIN-1214,MED-709,25.6
cross-encoder,PLAIN-1225,MED-918,29.49
cross-encoder,PLAIN-1225,MED-1669,25.66
cross-encoder,PLAIN-1225,MED-1674,25.54
cross-encoder,PLAIN-1225,MED-717,26.25
cross-encoder,PLAIN-1225,MED-3059,27.07
cross-encoder,PLAIN-1225,MED-1710,22.3
cross-encoder,PLAIN-1225,MED-1675,24.42
cross-encoder,PLAIN-1225,MED-1672,25.33
cross-encoder,PLAIN-1225,MED-1261,23.7
cross-encoder,PLAIN-1225,MED-2969,29.92
cross-encoder,PLAIN-1225,MED-5057,26.23
cross-encoder,PLAIN-1225,MED-3734,29.89
cross-encoder,PLAIN-1225,MED-1707,30.9
cross-encoder,PLAIN-1225,MED-2420,23.1
cross-encoder,PLAIN-1225,MED-2191,23.47
cross-encoder,PLAIN-1225,MED-2195,31.92
cross-encoder,PLAIN-1225,MED-1743,26.12
cross-encoder,PLAIN-1225,MED-3476,28.45
cross-encoder,PLAIN-1225,MED-4822,27.45
cross-encoder,PLAIN-1225,MED-1259,29.09
cross-encoder,PLAIN-1236,MED-1341,27.27
cross-encoder,PLAIN-1236,MED-10,23.71
cross-encoder,PLAIN-1236,MED-14,26.15
cross-encoder,PLAIN-1236,MED-118,26.33
cross-encoder,PLAIN-1236,MED-301,25.54
cross-encoder,PLAIN-1236,MED-306,26.19
cross-encoder,PLAIN-1236,MED-329,26.42
cross-encoder,PLAIN-1236,MED-330,20.09
cross-encoder,PLAIN-1236,MED-332,21.58
cross-encoder,PLAIN-1236,MED-334,28.14
cross-encoder,PLAIN-1236,MED-335,27.47
cross-encoder,PLAIN-1236,MED-398,26.26
cross-encoder,PLAIN-1236,MED-557,29.21
cross-encoder,PLAIN-1236,MED-666,26.76
cross-encoder,PLAIN-1236,MED-691,19.04
cross-encoder,PLAIN-1236,MED-692,23.42
cross-encoder,PLAIN-1236,MED-702,25.74
cross-encoder,PLAIN-1236,MED-706,27.57
cross-encoder,PLAIN-1236,MED-707,24.87
cross-encoder,PLAIN-1236,MED-708,36.73
cross-encoder,PLAIN-1249,MED-3283,23.8
cross-encoder,PLAIN-1249,MED-2303,13.04
cross-encoder,PLAIN-1249,MED-3928,24.99
cross-encoder,PLAIN-1249,MED-2090,20.86
cross-encoder,PLAIN-1249,MED-3173,19.32
cross-encoder,PLAIN-1249,MED-2674,19.02
cross-encoder,PLAIN-1249,MED-5055,31.44
cross-encoder,PLAIN-1249,MED-4854,20.3
cross-encoder,PLAIN-1249,MED-1442,22.81
cross-encoder,PLAIN-1249,MED-5018,18.97
cross-encoder,PLAIN-1249,MED-4939,22.98
cross-encoder,PLAIN-1249,MED-3305,25.42
cross-encoder,PLAIN-1249,MED-3961,23.69
cross-encoder,PLAIN-1249,MED-4428,21.72
cross-encoder,PLAIN-1249,MED-3648,24.18
cross-encoder,PLAIN-1249,MED-3706,22.97
cross-encoder,PLAIN-1249,MED-1780,23.15
cross-encoder,PLAIN-1249,MED-3172,21.79
cross-encoder,PLAIN-1249,MED-1229,29.76
cross-encoder,PLAIN-1249,MED-2123,26.45
cross-encoder,PLAIN-1262,MED-983,21.47
cross-encoder,PLAIN-1262,MED-5293,20.25
cross-encoder,PLAIN-1262,MED-4932,20.99
cross-encoder,PLAIN-1262,MED-4911,22.08
cross-encoder,PLAIN-1262,MED-2211,24.42
cross-encoder,PLAIN-1262,MED-5331,24.76
cross-encoder,PLAIN-1262,MED-4096,23.74
cross-encoder,PLAIN-1262,MED-5303,21.68
cross-encoder,PLAIN-1262,MED-921,22.23
cross-encoder,PLAIN-1262,MED-3174,32.14
cross-encoder,PLAIN-1262,MED-4697,23.31
cross-encoder,PLAIN-1262,MED-1611,25.83
cross-encoder,PLAIN-1262,MED-2484,20.15
cross-encoder,PLAIN-1262,MED-1353,24.62
cross-encoder,PLAIN-1262,MED-2082,25.76
cross-encoder,PLAIN-1262,MED-1054,25.56
cross-encoder,PLAIN-1262,MED-4132,27.16
cross-encoder,PLAIN-1262,MED-1979,25.03
cross-encoder,PLAIN-1262,MED-5220,24.99
cross-encoder,PLAIN-1262,MED-5302,22.93
cross-encoder,PLAIN-1275,MED-4712,27.54
cross-encoder,PLAIN-1275,MED-2886,29.73
cross-encoder,PLAIN-1275,MED-1676,30.01
cross-encoder,PLAIN-1275,MED-2924,21.96
cross-encoder,PLAIN-1275,MED-4900,21.09
cross-encoder,PLAIN-1275,MED-1671,23.59
cross-encoder,PLAIN-1275,MED-2076,24.54
cross-encoder,PLAIN-1275,MED-2665,21.06
cross-encoder,PLAIN-1275,MED-4576,24.22
cross-encoder,PLAIN-1275,MED-4366,19.65
cross-encoder,PLAIN-1275,MED-2966,22.17
cross-encoder,PLAIN-1275,MED-2922,45.07
cross-encoder,PLAIN-1275,MED-3929,29.69
cross-encoder,PLAIN-1275,MED-5083,26.7
cross-encoder,PLAIN-1275,MED-3738,26.04
cross-encoder,PLAIN-1275,MED-3748,23.34
cross-encoder,PLAIN-1275,MED-3728,25.83
cross-encoder,PLAIN-1275,MED-5084,28.51
cross-encoder,PLAIN-1275,MED-5354,28.15
cross-encoder,PLAIN-1275,MED-851,28.34
cross-encoder,PLAIN-1288,MED-1538,30.13
cross-encoder,PLAIN-1288,MED-1533,28.53
cross-encoder,PLAIN-1288,MED-2085,27.74
cross-encoder,PLAIN-1288,MED-2663,19.15
cross-encoder,PLAIN-1288,MED-1795,25.3
cross-encoder,PLAIN-1288,MED-3728,23.75
cross-encoder,PLAIN-1288,MED-3382,21.66
cross-encoder,PLAIN-1288,MED-4029,25.82
cross-encoder,PLAIN-1288,MED-5065,25.37
cross-encoder,PLAIN-1288,MED-4585,28.89
cross-encoder,PLAIN-1288,MED-2083,20.76
cross-encoder,PLAIN-1288,MED-3199,22.14
cross-encoder,PLAIN-1288,MED-3700,27.58
cross-encoder,PLAIN-1288,MED-2450,22.98
cross-encoder,PLAIN-1288,MED-2494,28.76
cross-encoder,PLAIN-1288,MED-3701,23.53
cross-encoder,PLAIN-1288,MED-10,25.58
cross-encoder,PLAIN-1288,MED-14,26.24
cross-encoder,PLAIN-1288,MED-118,30.19
cross-encoder,PLAIN-1288,MED-301,27.09
cross-encoder,PLAIN-1299,MED-4747,26.94
cross-encoder,PLAIN-1299,MED-3135,34.97
cross-encoder,PLAIN-1299,MED-2983,25.12
cross-encoder,PLAIN-1299,MED-2106,20.92
cross-encoder,PLAIN-1299,MED-2774,18.84
cross-encoder,PLAIN-1299,MED-1223,20.43
cross-encoder,PLAIN-1299,MED-1229,27.5
cross-encoder,PLAIN-1299,MED-2123,25.43
cross-encoder,PLAIN-1299,MED-2498,24.7
cross-encoder,PLAIN-1299,MED-1601,21.61
cross-encoder,PLAIN-1299,MED-4224,21.84
cross-encoder,PLAIN-1299,MED-2573,27.43
cross-encoder,PLAIN-1299,MED-3875,32.13
cross-encoder,PLAIN-1299,MED-4239,25.73
cross-encoder,PLAIN-1299,MED-4890,25.32
cross-encoder,PLAIN-1299,MED-4451,26.86
cross-encoder,PLAIN-1299,MED-2102,24.69
cross-encoder,PLAIN-1299,MED-3276,21.45
cross-encoder,PLAIN-1299,MED-2700,24.04
cross-encoder,PLAIN-1299,MED-5237,14.06
cross-encoder,PLAIN-1309,MED-10,24.87
cross-encoder,PLAIN-1309,MED-14,25.39
cross-encoder,PLAIN-1309,MED-118,24.49
cross-encoder,PLAIN-1309,MED-301,20.41
cross-encoder,PLAIN-1309,MED-306,22.09
cross-encoder,PLAIN-1309,MED-329,21.31
cross-encoder,PLAIN-1309,MED-330,24.14
cross-encoder,PLAIN-1309,MED-332,23.2
cross-encoder,PLAIN-1309,MED-334,24.35
cross-encoder,PLAIN-1309,MED-335,27.49
cross-encoder,PLAIN-1309,MED-398,26.97
cross-encoder,PLAIN-1309,MED-557,29.67
cross-encoder,PLAIN-1309,MED-666,20.9
cross-encoder,PLAIN-1309,MED-691,25.03
cross-encoder,PLAIN-1309,MED-692,25.29
cross-encoder,PLAIN-1309,MED-702,24.1
cross-encoder,PLAIN-1309,MED-706,23.32
cross-encoder,PLAIN-1309,MED-707,29.13
cross-encoder,PLAIN-1309,MED-708,36.63
cross-encoder,PLAIN-1309,MED-709,24.09
cross-encoder,PLAIN-1320,MED-4929,26.21
cross-encoder,PLAIN-1320,MED-2760,22.69
cross-encoder,PLAIN-1320,MED-2758,26.54
cross-encoder,PLAIN-1320,MED-1986,29.14
cross-encoder,PLAIN-1320,MED-2525,23.96
cross-encoder,PLAIN-1320,MED-3932,24.86
cross-encoder,PLAIN-1320,MED-1545,25.33
cross-encoder,PLAIN-1320,MED-2761,21.33
cross-encoder,PLAIN-1320,MED-728,30.52
cross-encoder,PLAIN-1320,MED-1543,19.01
cross-encoder,PLAIN-1320,MED-1549,23.25
cross-encoder,PLAIN-1320,MED-3759,24.21
cross-encoder,PLAIN-1320,MED-2112,14.81
cross-encoder,PLAIN-1320,MED-727,25.3
cross-encoder,PLAIN-1320,MED-3749,19.97
cross-encoder,PLAIN-1320,MED-3427,19.44
cross-encoder,PLAIN-1320,MED-1041,19.22
cross-encoder,PLAIN-1320,MED-749,24.23
cross-encoder,PLAIN-1320,MED-5124,27.07
cross-encoder,PLAIN-1320,MED-5256,32.43
cross-encoder,PLAIN-1331,MED-1049,12.17
cross-encoder,PLAIN-1331,MED-3381,26.71
cross-encoder,PLAIN-1331,MED-3391,24.78
cross-encoder,PLAIN-1331,MED-10,20.32
cross-encoder,PLAIN-1331,MED-14,20.68
cross-encoder,PLAIN-1331,MED-118,28.03
cross-encoder,PLAIN-1331,MED-301,26.61
cross-encoder,PLAIN-1331,MED-306,20.12
cross-encoder,PLAIN-1331,MED-329,20.23
cross-encoder,PLAIN-1331,MED-330,19.07
cross-encoder,PLAIN-1331,MED-332,22.26
cross-encoder,PLAIN-1331,MED-334,24.14
cross-encoder,PLAIN-1331,MED-335,21.9
cross-encoder,PLAIN-1331,MED-398,25.58
cross-encoder,PLAIN-1331,MED-557,26.63
cross-encoder,PLAIN-1331,MED-666,21.43
cross-encoder,PLAIN-1331,MED-691,22.4
cross-encoder,PLAIN-1331,MED-692,21.06
cross-encoder,PLAIN-1331,MED-702,31.71
cross-encoder,PLAIN-1331,MED-706,23.41
cross-encoder,PLAIN-1342,MED-2851,25.46
cross-encoder,PLAIN-1342,MED-4317,19.82
cross-encoder,PLAIN-1342,MED-1403,25.55
cross-encoder,PLAIN-1342,MED-2845,26.78
cross-encoder,PLAIN-1342,MED-2844,26.37
cross-encoder,PLAIN-1342,MED-1401,21.18
cross-encoder,PLAIN-1342,MED-5326,23.88
cross-encoder,PLAIN-1342,MED-4493,28.53
cross-encoder,PLAIN-1342,MED-2108,25.71
cross-encoder,PLAIN-1342,MED-4318,32.31
cross-encoder,PLAIN-1342,MED-4316,27.83
cross-encoder,PLAIN-1342,MED-898,23.89
cross-encoder,PLAIN-1342,MED-4926,22.56
cross-encoder,PLAIN-1342,MED-4773,13.78
cross-encoder,PLAIN-1342,MED-2901,28.9
cross-encoder,PLAIN-1342,MED-2983,27.35
cross-encoder,PLAIN-1342,MED-847,25.88
cross-encoder,PLAIN-1342,MED-2979,30.6
cross-encoder,PLAIN-1342,MED-4772,27.34
cross-encoder,PLAIN-1342,MED-5235,28.11
cross-encoder,PLAIN-1353,MED-976,14.66
cross-encoder,PLAIN-1353,MED-2110,25.28
cross-encoder,PLAIN-1353,MED-10,25.84
cross-encoder,PLAIN-1353,MED-14,26.62
cross-encoder,PLAIN-1353,MED-118,27.42
cross-encoder,PLAIN-1353,MED-301,20.07
cross-encoder,PLAIN-1353,MED-306,25.43
cross-encoder,PLAIN-1353,MED-329,21.22
cross-encoder,PLAIN-1353,MED-330,24.61
cross-encoder,PLAIN-1353,MED-332,26.12
cross-encoder,PLAIN-1353,MED-334,24.79
cross-encoder,PLAIN-1353,MED-335,26.02
cross-encoder,PLAIN-1353,MED-398,21.25
cross-encoder,PLAIN-1353,MED-557,30.04
cross-encoder,PLAIN-1353,MED-666,23.78
cross-encoder,PLAIN-1353,MED-691,25.28
cross-encoder,PLAIN-1353,MED-692,21.42
cross-encoder,PLAIN-1353,MED-702,27.18
cross-encoder,PLAIN-1353,MED-706,27.44
cross-encoder,PLAIN-1353,MED-707,24.39
cross-encoder,PLAIN-1363,MED-3620,19.83
cross-encoder,PLAIN-1363,MED-10,19.49
cross-encoder,PLAIN-1363,MED-14,23.98
cross-encoder,PLAIN-1363,MED-118,30.76
cross-encoder,PLAIN-1363,MED-301,26.41
cross-encoder,PLAIN-1363,MED-306,21.51
cross-encoder,PLAIN-1363,MED-329,22.35
cross-encoder,PLAIN-1363,MED-330,23.73
cross-encoder,PLAIN-1363,MED-332,21.89
cross-encoder,PLAIN-1363,MED-334,29.67
cross-encoder,PLAIN-1363,MED-335,25.59
cross-encoder,PLAIN-1363,MED-398,26.24
cross-encoder,PLAIN-1363,MED-557,23.74
cross-encoder,PLAIN-1363,MED-666,24.52
cross-encoder,PLAIN-1363,MED-691,24.55
cross-encoder,PLAIN-1363,MED-692,24.54
cross-encoder,PLAIN-1363,MED-702,29.75
cross-encoder,PLAIN-1363,MED-706,24.32
cross-encoder,PLAIN-1363,MED-707,28.81
cross-encoder,PLAIN-1363,MED-708,35.42
cross-encoder,PLAIN-1374,MED-820,31.02
cross-encoder,PLAIN-1374,MED-3429,18.64
cross-encoder,PLAIN-1374,MED-3398,26.73
cross-encoder,PLAIN-1374,MED-3795,23.66
cross-encoder,PLAIN-1374,MED-4747,25.16
cross-encoder,PLAIN-1374,MED-5292,20.96
cross-encoder,PLAIN-1374,MED-3434,22.64
cross-encoder,PLAIN-1374,MED-1647,19.8
cross-encoder,PLAIN-1374,MED-5223,19.9
cross-encoder,PLAIN-1374,MED-828,20.62
cross-encoder,PLAIN-1374,MED-3940,23.06
cross-encoder,PLAIN-1374,MED-4757,34.47
cross-encoder,PLAIN-1374,MED-4897,27.76
cross-encoder,PLAIN-1374,MED-3428,25.61
cross-encoder,PLAIN-1374,MED-3247,25.57
cross-encoder,PLAIN-1374,MED-832,30.04
cross-encoder,PLAIN-1374,MED-1010,23.41
cross-encoder,PLAIN-1374,MED-3353,13.78
cross-encoder,PLAIN-1374,MED-4664,13.38
cross-encoder,PLAIN-1374,MED-3673,27.43
cross-encoder,PLAIN-1387,MED-3380,25.94
cross-encoder,PLAIN-1387,MED-5063,7.52
cross-encoder,PLAIN-1387,MED-1686,20.21
cross-encoder,PLAIN-1387,MED-3383,20.4
cross-encoder,PLAIN-1387,MED-4655,32.51
cross-encoder,PLAIN-1387,MED-2078,15.6
cross-encoder,PLAIN-1387,MED-3384,20.65
cross-encoder,PLAIN-1387,MED-1153,26.9
cross-encoder,PLAIN-1387,MED-5062,25.38
cross-encoder,PLAIN-1387,MED-3381,28.18
cross-encoder,PLAIN-1387,MED-3013,25.28
cross-encoder,PLAIN-1387,MED-4840,20.65
cross-encoder,PLAIN-1387,MED-3382,23.06
cross-encoder,PLAIN-1387,MED-2121,29.5
cross-encoder,PLAIN-1387,MED-2992,34.22
cross-encoder,PLAIN-1387,MED-10,25.64
cross-encoder,PLAIN-1387,MED-14,25.5
cross-encoder,PLAIN-1387,MED-118,27.71
cross-encoder,PLAIN-1387,MED-301,25.63
cross-encoder,PLAIN-1387,MED-306,25.24
cross-encoder,PLAIN-1398,MED-1715,28.97
cross-encoder,PLAIN-1398,MED-4212,24.0
cross-encoder,PLAIN-1398,MED-4228,38.84
cross-encoder,PLAIN-1398,MED-4897,28.51
cross-encoder,PLAIN-1398,MED-4216,23.21
cross-encoder,PLAIN-1398,MED-1712,25.44
cross-encoder,PLAIN-1398,MED-1719,21.04
cross-encoder,PLAIN-1398,MED-1724,23.87
cross-encoder,PLAIN-1398,MED-4220,28.91
cross-encoder,PLAIN-1398,MED-1722,28.14
cross-encoder,PLAIN-1398,MED-1720,24.8
cross-encoder,PLAIN-1398,MED-1723,26.43
cross-encoder,PLAIN-1398,MED-3959,27.48
cross-encoder,PLAIN-1398,MED-1716,28.79
cross-encoder,PLAIN-1398,MED-4112,28.55
cross-encoder,PLAIN-1398,MED-1587,23.56
cross-encoder,PLAIN-1398,MED-4225,27.74
cross-encoder,PLAIN-1398,MED-1711,33.38
cross-encoder,PLAIN-1398,MED-4211,30.98
cross-encoder,PLAIN-1398,MED-2114,29.48
cross-encoder,PLAIN-1409,MED-1570,24.7
cross-encoder,PLAIN-1409,MED-1675,28.59
cross-encoder,PLAIN-1409,MED-1572,18.34
cross-encoder,PLAIN-1409,MED-1697,25.19
cross-encoder,PLAIN-1409,MED-1272,22.59
cross-encoder,PLAIN-1409,MED-1689,20.59
cross-encoder,PLAIN-1409,MED-5073,35.12
cross-encoder,PLAIN-1409,MED-3321,22.11
cross-encoder,PLAIN-1409,MED-1144,20.72
cross-encoder,PLAIN-1409,MED-5101,18.18
cross-encoder,PLAIN-1409,MED-2327,24.59
cross-encoder,PLAIN-1409,MED-5311,23.27
cross-encoder,PLAIN-1409,MED-1274,27.48
cross-encoder,PLAIN-1409,MED-2165,25.83
cross-encoder,PLAIN-1409,MED-5156,24.24
cross-encoder,PLAIN-1409,MED-3385,24.07
cross-encoder,PLAIN-1409,MED-1596,19.91
cross-encoder,PLAIN-1409,MED-5238,23.09
cross-encoder,PLAIN-1409,MED-4255,26.12
cross-encoder,PLAIN-1409,MED-4613,23.88
cross-encoder,PLAIN-1419,MED-4198,24.16
cross-encoder,PLAIN-1419,MED-2327,22.95
cross-encoder,PLAIN-1419,MED-5156,29.23
cross-encoder,PLAIN-1419,MED-2344,22.96
cross-encoder,PLAIN-1419,MED-10,21.18
cross-encoder,PLAIN-1419,MED-14,22.13
cross-encoder,PLAIN-1419,MED-118,23.06
cross-encoder,PLAIN-1419,MED-301,22.97
cross-encoder,PLAIN-1419,MED-306,22.82
cross-encoder,PLAIN-1419,MED-329,18.91
cross-encoder,PLAIN-1419,MED-330,22.6
cross-encoder,PLAIN-1419,MED-332,18.04
cross-encoder,PLAIN-1419,MED-334,25.1
cross-encoder,PLAIN-1419,MED-335,26.47
cross-encoder,PLAIN-1419,MED-398,25.03
cross-encoder,PLAIN-1419,MED-557,23.31
cross-encoder,PLAIN-1419,MED-666,27.26
cross-encoder,PLAIN-1419,MED-691,22.95
cross-encoder,PLAIN-1419,MED-692,22.56
cross-encoder,PLAIN-1419,MED-702,24.0
cross-encoder,PLAIN-1429,MED-4594,20.62
cross-encoder,PLAIN-1429,MED-1381,21.36
cross-encoder,PLAIN-1429,MED-4802,27.98
cross-encoder,PLAIN-1429,MED-4057,20.13
cross-encoder,PLAIN-1429,MED-1559,27.06
cross-encoder,PLAIN-1429,MED-5125,25.65
cross-encoder,PLAIN-1429,MED-2428,25.68
cross-encoder,PLAIN-1429,MED-1210,21.87
cross-encoder,PLAIN-1429,MED-3354,29.07
cross-encoder,PLAIN-1429,MED-1743,22.47
cross-encoder,PLAIN-1429,MED-4786,24.84
cross-encoder,PLAIN-1429,MED-3696,28.25
cross-encoder,PLAIN-1429,MED-1213,24.56
cross-encoder,PLAIN-1429,MED-3448,22.02
cross-encoder,PLAIN-1429,MED-3793,24.18
cross-encoder,PLAIN-1429,MED-4157,19.26
cross-encoder,PLAIN-1429,MED-4925,21.03
cross-encoder,PLAIN-1429,MED-2977,26.93
cross-encoder,PLAIN-1429,MED-4892,27.44
cross-encoder,PLAIN-1429,MED-5196,29.25
cross-encoder,PLAIN-1441,MED-2216,19.8
cross-encoder,PLAIN-1441,MED-2773,21.06
cross-encoder,PLAIN-1441,MED-2770,23.75
cross-encoder,PLAIN-1441,MED-3629,27.22
cross-encoder,PLAIN-1441,MED-1332,24.96
cross-encoder,PLAIN-1441,MED-3659,23.27
cross-encoder,PLAIN-1441,MED-2299,22.73
cross-encoder,PLAIN-1441,MED-5117,23.6
cross-encoder,PLAIN-1441,MED-2218,24.64
cross-encoder,PLAIN-1441,MED-4817,30.36
cross-encoder,PLAIN-1441,MED-4824,23.92
cross-encoder,PLAIN-1441,MED-5094,12.35
cross-encoder,PLAIN-1441,MED-4410,22.7
cross-encoder,PLAIN-1441,MED-3448,25.76
cross-encoder,PLAIN-1441,MED-3973,25.75
cross-encoder,PLAIN-1441,MED-3000,18.85
cross-encoder,PLAIN-1441,MED-1532,24.36
cross-encoder,PLAIN-1441,MED-5139,16.97
cross-encoder,PLAIN-1441,MED-2657,23.27
cross-encoder,PLAIN-1441,MED-2385,19.89
cross-encoder,PLAIN-1453,MED-2221,22.76
cross-encoder,PLAIN-1453,MED-4366,26.83
cross-encoder,PLAIN-1453,MED-1955,25.34
cross-encoder,PLAIN-1453,MED-2742,19.99
cross-encoder,PLAIN-1453,MED-1761,20.18
cross-encoder,PLAIN-1453,MED-5288,20.02
cross-encoder,PLAIN-1453,MED-2738,24.58
cross-encoder,PLAIN-1453,MED-4796,28.62
cross-encoder,PLAIN-1453,MED-1046,23.98
cross-encoder,PLAIN-1453,MED-1150,29.59
cross-encoder,PLAIN-1453,MED-3060,18.83
cross-encoder,PLAIN-1453,MED-2063,23.54
cross-encoder,PLAIN-1453,MED-1144,19.68
cross-encoder,PLAIN-1453,MED-2181,20.67
cross-encoder,PLAIN-1453,MED-3497,22.65
cross-encoder,PLAIN-1453,MED-3376,26.22
cross-encoder,PLAIN-1453,MED-3769,22.22
cross-encoder,PLAIN-1453,MED-1196,29.42
cross-encoder,PLAIN-1453,MED-1534,23.05
cross-encoder,PLAIN-1453,MED-3050,27.62
cross-encoder,PLAIN-1463,MED-2140,25.85
cross-encoder,PLAIN-1463,MED-2147,16.3
cross-encoder,PLAIN-1463,MED-3136,25.17
cross-encoder,PLAIN-1463,MED-4165,28.65
cross-encoder,PLAIN-1463,MED-3584,23.78
cross-encoder,PLAIN-1463,MED-3132,25.59
cross-encoder,PLAIN-1463,MED-3138,24.9
cross-encoder,PLAIN-1463,MED-1880,28.04
cross-encoder,PLAIN-1463,MED-2352,31.3
cross-encoder,PLAIN-1463,MED-1133,26.54
cross-encoder,PLAIN-1463,MED-2777,20.84
cross-encoder,PLAIN-1463,MED-1137,23.57
cross-encoder,PLAIN-1463,MED-2141,12.09
cross-encoder,PLAIN-1463,MED-4991,22.89
cross-encoder,PLAIN-1463,MED-2144,19.65
cross-encoder,PLAIN-1463,MED-2263,21.93
cross-encoder,PLAIN-1463,MED-5079,29.37
cross-encoder,PLAIN-1463,MED-3237,23.51
cross-encoder,PLAIN-1463,MED-2010,26.09
cross-encoder,PLAIN-1463,MED-4502,14.93
cross-encoder,PLAIN-1473,MED-4455,29.09
cross-encoder,PLAIN-1473,MED-10,23.22
cross-encoder,PLAIN-1473,MED-14,26.91
cross-encoder,PLAIN-1473,MED-118,29.19
cross-encoder,PLAIN-1473,MED-301,27.64
cross-encoder,PLAIN-1473,MED-306,24.32
cross-encoder,PLAIN-1473,MED-329,20.64
cross-encoder,PLAIN-1473,MED-330,23.61
cross-encoder,PLAIN-1473,MED-332,23.47
cross-encoder,PLAIN-1473,MED-334,29.02
cross-encoder,PLAIN-1473,MED-335,27.3
cross-encoder,PLAIN-1473,MED-398,27.75
cross-encoder,PLAIN-1473,MED-557,31.83
cross-encoder,PLAIN-1473,MED-666,25.34
cross-encoder,PLAIN-1473,MED-691,23.01
cross-encoder,PLAIN-1473,MED-692,24.31
cross-encoder,PLAIN-1473,MED-702,29.56
cross-encoder,PLAIN-1473,MED-706,27.64
cross-encoder,PLAIN-1473,MED-707,30.25
cross-encoder,PLAIN-1473,MED-708,36.77
cross-encoder,PLAIN-1485,MED-2099,28.37
cross-encoder,PLAIN-1485,MED-10,25.68
cross-encoder,PLAIN-1485,MED-14,23.23
cross-encoder,PLAIN-1485,MED-118,30.49
cross-encoder,PLAIN-1485,MED-301,26.11
cross-encoder,PLAIN-1485,MED-306,26.48
cross-encoder,PLAIN-1485,MED-329,22.19
cross-encoder,PLAIN-1485,MED-330,23.72
cross-encoder,PLAIN-1485,MED-332,20.18
cross-encoder,PLAIN-1485,MED-334,20.55
cross-encoder,PLAIN-1485,MED-335,21.15
cross-encoder,PLAIN-1485,MED-398,22.52
cross-encoder,PLAIN-1485,MED-557,28.56
cross-encoder,PLAIN-1485,MED-666,26.61
cross-encoder,PLAIN-1485,MED-691,21.09
cross-encoder,PLAIN-1485,MED-692,20.98
cross-encoder,PLAIN-1485,MED-702,27.84
cross-encoder,PLAIN-1485,MED-706,28.5
cross-encoder,PLAIN-1485,MED-707,25.91
cross-encoder,PLAIN-1485,MED-708,36.9
cross-encoder,PLAIN-1496,MED-10,21.04
cross-encoder,PLAIN-1496,MED-14,25.96
cross-encoder,PLAIN-1496,MED-118,26.88
cross-encoder,PLAIN-1496,MED-301,25.8
cross-encoder,PLAIN-1496,MED-306,26.21
cross-encoder,PLAIN-1496,MED-329,23.62
cross-encoder,PLAIN-1496,MED-330,23.36
cross-encoder,PLAIN-1496,MED-332,25.03
cross-encoder,PLAIN-1496,MED-334,23.48
cross-encoder,PLAIN-1496,MED-335,25.15
cross-encoder,PLAIN-1496,MED-398,26.12
cross-encoder,PLAIN-1496,MED-557,31.19
cross-encoder,PLAIN-1496,MED-666,25.72
cross-encoder,PLAIN-1496,MED-691,24.82
cross-encoder,PLAIN-1496,MED-692,24.85
cross-encoder,PLAIN-1496,MED-702,28.42
cross-encoder,PLAIN-1496,MED-706,30.91
cross-encoder,PLAIN-1496,MED-707,26.65
cross-encoder,PLAIN-1496,MED-708,32.36
cross-encoder,PLAIN-1496,MED-709,31.68
cross-encoder,PLAIN-1506,MED-5239,28.74
cross-encoder,PLAIN-1506,MED-2126,28.15
cross-encoder,PLAIN-1506,MED-2121,25.22
cross-encoder,PLAIN-1506,MED-4306,20.98
cross-encoder,PLAIN-1506,MED-2117,26.0
cross-encoder,PLAIN-1506,MED-2509,24.61
cross-encoder,PLAIN-1506,MED-5025,26.8
cross-encoder,PLAIN-1506,MED-10,23.37
cross-encoder,PLAIN-1506,MED-14,26.16
cross-encoder,PLAIN-1506,MED-118,30.14
cross-encoder,PLAIN-1506,MED-301,24.39
cross-encoder,PLAIN-1506,MED-306,26.27
cross-encoder,PLAIN-1506,MED-329,25.14
cross-encoder,PLAIN-1506,MED-330,23.44
cross-encoder,PLAIN-1506,MED-332,22.05
cross-encoder,PLAIN-1506,MED-334,23.49
cross-encoder,PLAIN-1506,MED-335,28.3
cross-encoder,PLAIN-1506,MED-398,26.54
cross-encoder,PLAIN-1506,MED-557,25.31
cross-encoder,PLAIN-1506,MED-666,23.67
cross-encoder,PLAIN-1516,MED-4181,27.37
cross-encoder,PLAIN-1516,MED-930,24.34
cross-encoder,PLAIN-1516,MED-10,21.43
cross-encoder,PLAIN-1516,MED-14,25.71
cross-encoder,PLAIN-1516,MED-118,35.25
cross-encoder,PLAIN-1516,MED-301,23.44
cross-encoder,PLAIN-1516,MED-306,25.11
cross-encoder,PLAIN-1516,MED-329,25.01
cross-encoder,PLAIN-1516,MED-330,30.85
cross-encoder,PLAIN-1516,MED-332,23.22
cross-encoder,PLAIN-1516,MED-334,21.91
cross-encoder,PLAIN-1516,MED-335,23.91
cross-encoder,PLAIN-1516,MED-398,24.43
cross-encoder,PLAIN-1516,MED-557,23.77
cross-encoder,PLAIN-1516,MED-666,23.63
cross-encoder,PLAIN-1516,MED-691,20.96
cross-encoder,PLAIN-1516,MED-692,22.1
cross-encoder,PLAIN-1516,MED-702,29.92
cross-encoder,PLAIN-1516,MED-706,22.55
cross-encoder,PLAIN-1516,MED-707,24.41
cross-encoder,PLAIN-1527,MED-2160,19.76
cross-encoder,PLAIN-1527,MED-1307,20.58
cross-encoder,PLAIN-1527,MED-1304,21.28
cross-encoder,PLAIN-1527,MED-1302,24.75
cross-encoder,PLAIN-1527,MED-4817,30.9
cross-encoder,PLAIN-1527,MED-2158,29.92
cross-encoder,PLAIN-1527,MED-5233,25.36
cross-encoder,PLAIN-1527,MED-4101,25.07
cross-encoder,PLAIN-1527,MED-1868,28.58
cross-encoder,PLAIN-1527,MED-2154,21.45
cross-encoder,PLAIN-1527,MED-5158,20.14
cross-encoder,PLAIN-1527,MED-1309,26.0
cross-encoder,PLAIN-1527,MED-4873,26.26
cross-encoder,PLAIN-1527,MED-1236,18.65
cross-encoder,PLAIN-1527,MED-1301,21.08
cross-encoder,PLAIN-1527,MED-1710,21.11
cross-encoder,PLAIN-1527,MED-1675,29.57
cross-encoder,PLAIN-1527,MED-1071,25.11
cross-encoder,PLAIN-1527,MED-912,28.86
cross-encoder,PLAIN-1527,MED-3491,24.11
cross-encoder,PLAIN-1537,MED-4880,31.95
cross-encoder,PLAIN-1537,MED-3149,24.33
cross-encoder,PLAIN-1537,MED-3273,26.68
cross-encoder,PLAIN-1537,MED-4353,28.5
cross-encoder,PLAIN-1537,MED-1257,24.7
cross-encoder,PLAIN-1537,MED-5267,24.67
cross-encoder,PLAIN-1537,MED-4831,20.41
cross-encoder,PLAIN-1537,MED-3874,25.55
cross-encoder,PLAIN-1537,MED-4885,25.07
cross-encoder,PLAIN-1537,MED-5272,30.77
cross-encoder,PLAIN-1537,MED-2588,26.97
cross-encoder,PLAIN-1537,MED-4984,24.68
cross-encoder,PLAIN-1537,MED-4389,20.3
cross-encoder,PLAIN-1537,MED-2943,33.75
cross-encoder,PLAIN-1537,MED-1333,21.55
cross-encoder,PLAIN-1537,MED-1258,28.67
cross-encoder,PLAIN-1537,MED-5113,27.42
cross-encoder,PLAIN-1537,MED-4515,26.42
cross-encoder,PLAIN-1537,MED-4514,27.5
cross-encoder,PLAIN-1537,MED-5016,24.6
cross-encoder,PLAIN-1547,MED-2360,18.73
cross-encoder,PLAIN-1547,MED-2361,25.66
cross-encoder,PLAIN-1547,MED-983,24.85
cross-encoder,PLAIN-1547,MED-975,20.75
cross-encoder,PLAIN-1547,MED-5030,22.49
cross-encoder,PLAIN-1547,MED-2590,19.15
cross-encoder,PLAIN-1547,MED-4013,19.4
cross-encoder,PLAIN-1547,MED-972,15.38
cross-encoder,PLAIN-1547,MED-2111,12.74
cross-encoder,PLAIN-1547,MED-2303,17.28
cross-encoder,PLAIN-1547,MED-4637,20.73
cross-encoder,PLAIN-1547,MED-4173,24.31
cross-encoder,PLAIN-1547,MED-4496,25.99
cross-encoder,PLAIN-1547,MED-3938,24.01
cross-encoder,PLAIN-1547,MED-5018,19.3
cross-encoder,PLAIN-1547,MED-970,24.76
cross-encoder,PLAIN-1547,MED-4202,24.47
cross-encoder,PLAIN-1547,MED-3387,21.31
cross-encoder,PLAIN-1547,MED-3964,24.89
cross-encoder,PLAIN-1547,MED-4919,24.85
cross-encoder,PLAIN-1557,MED-1406,25.88
cross-encoder,PLAIN-1557,MED-2248,31.84
cross-encoder,PLAIN-1557,MED-3918,25.94
cross-encoder,PLAIN-1557,MED-4315,20.16
cross-encoder,PLAIN-1557,MED-1447,29.33
cross-encoder,PLAIN-1557,MED-5005,27.31
cross-encoder,PLAIN-1557,MED-4313,25.04
cross-encoder,PLAIN-1557,MED-1528,31.4
cross-encoder,PLAIN-1557,MED-2380,27.78
cross-encoder,PLAIN-1557,MED-4298,27.26
cross-encoder,PLAIN-1557,MED-2455,25.45
cross-encoder,PLAIN-1557,MED-4627,22.64
cross-encoder,PLAIN-1557,MED-885,27.36
cross-encoder,PLAIN-1557,MED-5231,26.68
cross-encoder,PLAIN-1557,MED-3497,26.01
cross-encoder,PLAIN-1557,MED-2917,28.02
cross-encoder,PLAIN-1557,MED-1137,23.94
cross-encoder,PLAIN-1557,MED-4991,23.26
cross-encoder,PLAIN-1557,MED-2201,26.49
cross-encoder,PLAIN-1557,MED-2451,24.67
cross-encoder,PLAIN-1568,MED-4150,11.52
cross-encoder,PLAIN-1568,MED-5056,21.96
cross-encoder,PLAIN-1568,MED-2490,28.34
cross-encoder,PLAIN-1568,MED-1710,24.11
cross-encoder,PLAIN-1568,MED-4782,23.91
cross-encoder,PLAIN-1568,MED-2054,29.59
cross-encoder,PLAIN-1568,MED-5057,30.49
cross-encoder,PLAIN-1568,MED-717,25.38
cross-encoder,PLAIN-1568,MED-1672,21.26
cross-encoder,PLAIN-1568,MED-5059,24.4
cross-encoder,PLAIN-1568,MED-3734,23.88
cross-encoder,PLAIN-1568,MED-1674,33.65
cross-encoder,PLAIN-1568,MED-10,22.29
cross-encoder,PLAIN-1568,MED-14,25.53
cross-encoder,PLAIN-1568,MED-118,31.57
cross-encoder,PLAIN-1568,MED-301,22.61
cross-encoder,PLAIN-1568,MED-306,25.39
cross-encoder,PLAIN-1568,MED-329,25.04
cross-encoder,PLAIN-1568,MED-330,24.98
cross-encoder,PLAIN-1568,MED-332,19.9
cross-encoder,PLAIN-1579,MED-4667,31.25
cross-encoder,PLAIN-1579,MED-4801,23.59
cross-encoder,PLAIN-1579,MED-10,23.39
cross-encoder,PLAIN-1579,MED-14,25.41
cross-encoder,PLAIN-1579,MED-118,25.59
cross-encoder,PLAIN-1579,MED-301,25.34
cross-encoder,PLAIN-1579,MED-306,21.31
cross-encoder,PLAIN-1579,MED-329,25.29
cross-encoder,PLAIN-1579,MED-330,24.23
cross-encoder,PLAIN-1579,MED-332,23.63
cross-encoder,PLAIN-1579,MED-334,27.06
cross-encoder,PLAIN-1579,MED-335,24.5
cross-encoder,PLAIN-1579,MED-398,27.17
cross-encoder,PLAIN-1579,MED-557,29.68
cross-encoder,PLAIN-1579,MED-666,26.65
cross-encoder,PLAIN-1579,MED-691,20.81
cross-encoder,PLAIN-1579,MED-692,22.94
cross-encoder,PLAIN-1579,MED-702,29.71
cross-encoder,PLAIN-1579,MED-706,23.53
cross-encoder,PLAIN-1579,MED-707,28.81
cross-encoder,PLAIN-1590,MED-3604,26.69
cross-encoder,PLAIN-1590,MED-748,21.55
cross-encoder,PLAIN-1590,MED-1240,25.17
cross-encoder,PLAIN-1590,MED-749,18.2
cross-encoder,PLAIN-1590,MED-4599,25.02
cross-encoder,PLAIN-1590,MED-4674,20.05
cross-encoder,PLAIN-1590,MED-5347,24.17
cross-encoder,PLAIN-1590,MED-1350,23.03
cross-encoder,PLAIN-1590,MED-1344,25.14
cross-encoder,PLAIN-1590,MED-2086,24.38
cross-encoder,PLAIN-1590,MED-4079,27.37
cross-encoder,PLAIN-1590,MED-4234,22.29
cross-encoder,PLAIN-1590,MED-3757,20.16
cross-encoder,PLAIN-1590,MED-3001,22.99
cross-encoder,PLAIN-1590,MED-3601,24.93
cross-encoder,PLAIN-1590,MED-5346,26.27
cross-encoder,PLAIN-1590,MED-853,28.29
cross-encoder,PLAIN-1590,MED-3636,21.09
cross-encoder,PLAIN-1590,MED-1037,15.28
cross-encoder,PLAIN-1590,MED-1041,17.17
cross-encoder,PLAIN-1601,MED-1700,27.73
cross-encoder,PLAIN-1601,MED-4996,28.69
cross-encoder,PLAIN-1601,MED-3537,24.02
cross-encoder,PLAIN-1601,MED-4860,28.72
cross-encoder,PLAIN-1601,MED-2669,22.19
cross-encoder,PLAIN-1601,MED-5002,24.8
cross-encoder,PLAIN-1601,MED-2668,23.28
cross-encoder,PLAIN-1601,MED-2367,26.88
cross-encoder,PLAIN-1601,MED-1630,27.54
cross-encoder,PLAIN-1601,MED-1506,23.75
cross-encoder,PLAIN-1601,MED-4581,21.27
cross-encoder,PLAIN-1601,MED-3773,25.39
cross-encoder,PLAIN-1601,MED-3179,20.77
cross-encoder,PLAIN-1601,MED-5093,26.5
cross-encoder,PLAIN-1601,MED-1503,26.46
cross-encoder,PLAIN-1601,MED-3774,15.78
cross-encoder,PLAIN-1601,MED-3776,21.33
cross-encoder,PLAIN-1601,MED-982,22.5
cross-encoder,PLAIN-1601,MED-4381,24.23
cross-encoder,PLAIN-1601,MED-1499,26.44
cross-encoder,PLAIN-1611,MED-10,26.23
cross-encoder,PLAIN-1611,MED-14,26.27
cross-encoder,PLAIN-1611,MED-118,23.69
cross-encoder,PLAIN-1611,MED-301,25.86
cross-encoder,PLAIN-1611,MED-306,22.12
cross-encoder,PLAIN-1611,MED-329,23.99
cross-encoder,PLAIN-1611,MED-330,24.19
cross-encoder,PLAIN-1611,MED-332,18.49
cross-encoder,PLAIN-1611,MED-334,28.41
cross-encoder,PLAIN-1611,MED-335,24.07
cross-encoder,PLAIN-1611,MED-398,26.4
cross-encoder,PLAIN-1611,MED-557,29.77
cross-encoder,PLAIN-1611,MED-666,23.33
cross-encoder,PLAIN-1611,MED-691,23.76
cross-encoder,PLAIN-1611,MED-692,20.09
cross-encoder,PLAIN-1611,MED-702,29.99
cross-encoder,PLAIN-1611,MED-706,23.08
cross-encoder,PLAIN-1611,MED-707,24.54
cross-encoder,PLAIN-1611,MED-708,29.47
cross-encoder,PLAIN-1611,MED-709,23.69
cross-encoder,PLAIN-1621,MED-10,23.96
cross-encoder,PLAIN-1621,MED-14,26.48
cross-encoder,PLAIN-1621,MED-118,26.76
cross-encoder,PLAIN-1621,MED-301,30.76
cross-encoder,PLAIN-1621,MED-306,24.0
cross-encoder,PLAIN-1621,MED-329,22.78
cross-encoder,PLAIN-1621,MED-330,25.81
cross-encoder,PLAIN-1621,MED-332,23.43
cross-encoder,PLAIN-1621,MED-334,28.63
cross-encoder,PLAIN-1621,MED-335,26.92
cross-encoder,PLAIN-1621,MED-398,25.16
cross-encoder,PLAIN-1621,MED-557,26.9
cross-encoder,PLAIN-1621,MED-666,26.62
cross-encoder,PLAIN-1621,MED-691,24.36
cross-encoder,PLAIN-1621,MED-692,22.73
cross-encoder,PLAIN-1621,MED-702,24.52
cross-encoder,PLAIN-1621,MED-706,26.14
cross-encoder,PLAIN-1621,MED-707,29.77
cross-encoder,PLAIN-1621,MED-708,36.0
cross-encoder,PLAIN-1621,MED-709,27.68
cross-encoder,PLAIN-1635,MED-5118,28.11
cross-encoder,PLAIN-1635,MED-4899,22.17
cross-encoder,PLAIN-1635,MED-3087,23.56
cross-encoder,PLAIN-1635,MED-2341,32.1
cross-encoder,PLAIN-1635,MED-2774,23.88
cross-encoder,PLAIN-1635,MED-4753,21.41
cross-encoder,PLAIN-1635,MED-4071,26.38
cross-encoder,PLAIN-1635,MED-1229,24.73
cross-encoder,PLAIN-1635,MED-2123,29.76
cross-encoder,PLAIN-1635,MED-4902,22.2
cross-encoder,PLAIN-1635,MED-2055,26.77
cross-encoder,PLAIN-1635,MED-4897,26.81
cross-encoder,PLAIN-1635,MED-4751,21.08
cross-encoder,PLAIN-1635,MED-4398,27.48
cross-encoder,PLAIN-1635,MED-1337,25.66
cross-encoder,PLAIN-1635,MED-900,22.9
cross-encoder,PLAIN-1635,MED-1223,25.92
cross-encoder,PLAIN-1635,MED-1224,26.69
cross-encoder,PLAIN-1635,MED-904,28.11
cross-encoder,PLAIN-1635,MED-5189,21.68
cross-encoder,PLAIN-1645,MED-5056,29.22
cross-encoder,PLAIN-1645,MED-10,24.81
cross-encoder,PLAIN-1645,MED-14,25.92
cross-encoder,PLAIN-1645,MED-118,27.59
cross-encoder,PLAIN-1645,MED-301,26.9
cross-encoder,PLAIN-1645,MED-306,25.77
cross-encoder,PLAIN-1645,MED-329,25.07
cross-encoder,PLAIN-1645,MED-330,22.74
cross-encoder,PLAIN-1645,MED-332,21.33
cross-encoder,PLAIN-1645,MED-334,27.12
cross-encoder,PLAIN-1645,MED-335,27.23
cross-encoder,PLAIN-1645,MED-398,24.87
cross-encoder,PLAIN-1645,MED-557,25.1
cross-encoder,PLAIN-1645,MED-666,26.53
cross-encoder,PLAIN-1645,MED-691,25.6
cross-encoder,PLAIN-1645,MED-692,24.02
cross-encoder,PLAIN-1645,MED-702,28.48
cross-encoder,PLAIN-1645,MED-706,30.35
cross-encoder,PLAIN-1645,MED-707,31.12
cross-encoder,PLAIN-1645,MED-708,31.85
cross-encoder,PLAIN-1656,MED-4470,25.2
cross-encoder,PLAIN-1656,MED-1813,27.49
cross-encoder,PLAIN-1656,MED-3764,30.9
cross-encoder,PLAIN-1656,MED-4819,24.74
cross-encoder,PLAIN-1656,MED-1248,20.52
cross-encoder,PLAIN-1656,MED-4479,24.16
cross-encoder,PLAIN-1656,MED-2092,23.29
cross-encoder,PLAIN-1656,MED-4036,22.72
cross-encoder,PLAIN-1656,MED-1246,29.55
cross-encoder,PLAIN-1656,MED-2101,30.83
cross-encoder,PLAIN-1656,MED-4507,23.54
cross-encoder,PLAIN-1656,MED-3489,27.25
cross-encoder,PLAIN-1656,MED-4035,29.64
cross-encoder,PLAIN-1656,MED-4033,20.71
cross-encoder,PLAIN-1656,MED-2091,32.47
cross-encoder,PLAIN-1656,MED-3358,31.63
cross-encoder,PLAIN-1656,MED-1857,25.74
cross-encoder,PLAIN-1656,MED-3621,31.8
cross-encoder,PLAIN-1656,MED-3703,25.16
cross-encoder,PLAIN-1656,MED-14,27.03
cross-encoder,PLAIN-1667,MED-1474,24.45
cross-encoder,PLAIN-1667,MED-4828,26.79
cross-encoder,PLAIN-1667,MED-1466,13.08
cross-encoder,PLAIN-1667,MED-3460,22.19
cross-encoder,PLAIN-1667,MED-3462,20.53
cross-encoder,PLAIN-1667,MED-4166,20.88
cross-encoder,PLAIN-1667,MED-4830,25.87
cross-encoder,PLAIN-1667,MED-1460,19.1
cross-encoder,PLAIN-1667,MED-4829,25.04
cross-encoder,PLAIN-1667,MED-1752,26.91
cross-encoder,PLAIN-1667,MED-3231,15.11
cross-encoder,PLAIN-1667,MED-5233,23.91
cross-encoder,PLAIN-1667,MED-1473,31.78
cross-encoder,PLAIN-1667,MED-3171,22.66
cross-encoder,PLAIN-1667,MED-3534,19.69
cross-encoder,PLAIN-1667,MED-3459,24.41
cross-encoder,PLAIN-1667,MED-923,30.93
cross-encoder,PLAIN-1667,MED-4315,20.82
cross-encoder,PLAIN-1667,MED-4626,19.54
cross-encoder,PLAIN-1667,MED-5313,30.25
cross-encoder,PLAIN-1679,MED-10,21.17
cross-encoder,PLAIN-1679,MED-14,21.99
cross-encoder,PLAIN-1679,MED-118,25.53
cross-encoder,PLAIN-1679,MED-301,22.74
cross-encoder,PLAIN-1679,MED-306,26.22
cross-encoder,PLAIN-1679,MED-329,22.79
cross-encoder,PLAIN-1679,MED-330,24.31
cross-encoder,PLAIN-1679,MED-332,20.24
cross-encoder,PLAIN-1679,MED-334,22.72
cross-encoder,PLAIN-1679,MED-335,24.55
cross-encoder,PLAIN-1679,MED-398,22.35
cross-encoder,PLAIN-1679,MED-557,26.87
cross-encoder,PLAIN-1679,MED-666,27.35
cross-encoder,PLAIN-1679,MED-691,20.67
cross-encoder,PLAIN-1679,MED-692,22.05
cross-encoder,PLAIN-1679,MED-702,28.86
cross-encoder,PLAIN-1679,MED-706,26.79
cross-encoder,PLAIN-1679,MED-707,30.06
cross-encoder,PLAIN-1679,MED-708,41.96
cross-encoder,PLAIN-1679,MED-709,25.83
cross-encoder,PLAIN-1690,MED-4599,21.83
cross-encoder,PLAIN-1690,MED-4674,19.47
cross-encoder,PLAIN-1690,MED-1878,22.6
cross-encoder,PLAIN-1690,MED-2327,24.16
cross-encoder,PLAIN-1690,MED-3726,18.85
cross-encoder,PLAIN-1690,MED-2220,21.62
cross-encoder,PLAIN-1690,MED-2295,24.27
cross-encoder,PLAIN-1690,MED-3692,22.54
cross-encoder,PLAIN-1690,MED-1493,25.15
cross-encoder,PLAIN-1690,MED-1037,14.76
cross-encoder,PLAIN-1690,MED-4556,24.81
cross-encoder,PLAIN-1690,MED-3170,26.07
cross-encoder,PLAIN-1690,MED-3956,25.01
cross-encoder,PLAIN-1690,MED-3380,21.62
cross-encoder,PLAIN-1690,MED-2291,24.39
cross-encoder,PLAIN-1690,MED-4193,25.75
cross-encoder,PLAIN-1690,MED-5018,20.64
cross-encoder,PLAIN-1690,MED-4298,21.58
cross-encoder,PLAIN-1690,MED-3228,22.15
cross-encoder,PLAIN-1690,MED-3491,23.48
cross-encoder,PLAIN-1700,MED-1417,26.97
cross-encoder,PLAIN-1700,MED-5201,26.82
cross-encoder,PLAIN-1700,MED-5198,30.54
cross-encoder,PLAIN-1700,MED-4555,24.31
cross-encoder,PLAIN-1700,MED-1747,23.28
cross-encoder,PLAIN-1700,MED-1100,24.94
cross-encoder,PLAIN-1700,MED-976,11.89
cross-encoder,PLAIN-1700,MED-1708,19.76
cross-encoder,PLAIN-1700,MED-4750,21.16
cross-encoder,PLAIN-1700,MED-4095,23.76
cross-encoder,PLAIN-1700,MED-2213,26.68
cross-encoder,PLAIN-1700,MED-4107,21.85
cross-encoder,PLAIN-1700,MED-1744,13.38
cross-encoder,PLAIN-1700,MED-1428,23.96
cross-encoder,PLAIN-1700,MED-872,23.04
cross-encoder,PLAIN-1700,MED-4165,28.73
cross-encoder,PLAIN-1700,MED-3718,22.74
cross-encoder,PLAIN-1700,MED-2288,22.44
cross-encoder,PLAIN-1700,MED-2488,17.32
cross-encoder,PLAIN-1700,MED-5311,18.44
cross-encoder,PLAIN-1710,MED-3169,24.4
cross-encoder,PLAIN-1710,MED-3180,22.3
cross-encoder,PLAIN-1710,MED-3181,24.56
cross-encoder,PLAIN-1710,MED-3175,14.93
cross-encoder,PLAIN-1710,MED-3178,25.15
cross-encoder,PLAIN-1710,MED-3174,34.47
cross-encoder,PLAIN-1710,MED-3179,24.87
cross-encoder,PLAIN-1710,MED-3172,23.84
cross-encoder,PLAIN-1710,MED-3170,21.5
cross-encoder,PLAIN-1710,MED-3177,27.4
cross-encoder,PLAIN-1710,MED-4672,28.46
cross-encoder,PLAIN-1710,MED-3176,24.96
cross-encoder,PLAIN-1710,MED-3182,26.58
cross-encoder,PLAIN-1710,MED-10,25.56
cross-encoder,PLAIN-1710,MED-14,22.24
cross-encoder,PLAIN-1710,MED-118,24.72
cross-encoder,PLAIN-1710,MED-301,23.14
cross-encoder,PLAIN-1710,MED-306,22.8
cross-encoder,PLAIN-1710,MED-329,23.11
cross-encoder,PLAIN-1710,MED-330,20.16
cross-encoder,PLAIN-1721,MED-4821,33.41
cross-encoder,PLAIN-1721,MED-1602,26.53
cross-encoder,PLAIN-1721,MED-4787,25.25
cross-encoder,PLAIN-1721,MED-4485,26.36
cross-encoder,PLAIN-1721,MED-4823,27.17
cross-encoder,PLAIN-1721,MED-1627,33.64
cross-encoder,PLAIN-1721,MED-1606,25.09
cross-encoder,PLAIN-1721,MED-1377,25.44
cross-encoder,PLAIN-1721,MED-4983,21.78
cross-encoder,PLAIN-1721,MED-1230,25.75
cross-encoder,PLAIN-1721,MED-873,29.12
cross-encoder,PLAIN-1721,MED-4514,29.83
cross-encoder,PLAIN-1721,MED-5258,25.34
cross-encoder,PLAIN-1721,MED-1747,21.62
cross-encoder,PLAIN-1721,MED-3374,20.99
cross-encoder,PLAIN-1721,MED-4479,25.56
cross-encoder,PLAIN-1721,MED-1867,25.84
cross-encoder,PLAIN-1721,MED-4853,30.09
cross-encoder,PLAIN-1721,MED-3142,26.35
cross-encoder,PLAIN-1721,MED-5139,15.1
cross-encoder,PLAIN-1731,MED-2749,23.77
cross-encoder,PLAIN-1731,MED-2748,24.31
cross-encoder,PLAIN-1731,MED-3509,17.97
cross-encoder,PLAIN-1731,MED-4131,32.12
cross-encoder,PLAIN-1731,MED-4132,22.36
cross-encoder,PLAIN-1731,MED-10,21.36
cross-encoder,PLAIN-1731,MED-14,21.22
cross-encoder,PLAIN-1731,MED-118,28.88
cross-encoder,PLAIN-1731,MED-301,26.31
cross-encoder,PLAIN-1731,MED-306,25.4
cross-encoder,PLAIN-1731,MED-329,23.42
cross-encoder,PLAIN-1731,MED-330,21.65
cross-encoder,PLAIN-1731,MED-332,20.34
cross-encoder,PLAIN-1731,MED-334,24.93
cross-encoder,PLAIN-1731,MED-335,25.31
cross-encoder,PLAIN-1731,MED-398,26.07
cross-encoder,PLAIN-1731,MED-557,29.33
cross-encoder,PLAIN-1731,MED-666,24.65
cross-encoder,PLAIN-1731,MED-691,22.75
cross-encoder,PLAIN-1731,MED-692,21.58
cross-encoder,PLAIN-1741,MED-2383,22.4
cross-encoder,PLAIN-1741,MED-4286,21.73
cross-encoder,PLAIN-1741,MED-4300,19.1
cross-encoder,PLAIN-1741,MED-2595,26.04
cross-encoder,PLAIN-1741,MED-4292,20.4
cross-encoder,PLAIN-1741,MED-2597,20.33
cross-encoder,PLAIN-1741,MED-4314,21.33
cross-encoder,PLAIN-1741,MED-4707,26.65
cross-encoder,PLAIN-1741,MED-4295,26.03
cross-encoder,PLAIN-1741,MED-2381,24.01
cross-encoder,PLAIN-1741,MED-1499,25.87
cross-encoder,PLAIN-1741,MED-4646,23.25
cross-encoder,PLAIN-1741,MED-1393,29.26
cross-encoder,PLAIN-1741,MED-4706,23.53
cross-encoder,PLAIN-1741,MED-4345,25.89
cross-encoder,PLAIN-1741,MED-2380,23.77
cross-encoder,PLAIN-1741,MED-2150,25.25
cross-encoder,PLAIN-1741,MED-1381,20.44
cross-encoder,PLAIN-1741,MED-1394,21.33
cross-encoder,PLAIN-1741,MED-2593,18.07
cross-encoder,PLAIN-1752,MED-10,41.09
cross-encoder,PLAIN-1752,MED-14,26.53
cross-encoder,PLAIN-1752,MED-118,29.07
cross-encoder,PLAIN-1752,MED-301,25.63
cross-encoder,PLAIN-1752,MED-306,26.56
cross-encoder,PLAIN-1752,MED-329,24.9
cross-encoder,PLAIN-1752,MED-330,24.63
cross-encoder,PLAIN-1752,MED-332,23.0
cross-encoder,PLAIN-1752,MED-334,25.27
cross-encoder,PLAIN-1752,MED-335,25.23
cross-encoder,PLAIN-1752,MED-398,27.03
cross-encoder,PLAIN-1752,MED-557,26.25
cross-encoder,PLAIN-1752,MED-666,23.17
cross-encoder,PLAIN-1752,MED-691,22.73
cross-encoder,PLAIN-1752,MED-692,20.22
cross-encoder,PLAIN-1752,MED-702,24.98
cross-encoder,PLAIN-1752,MED-706,23.15
cross-encoder,PLAIN-1752,MED-707,28.18
cross-encoder,PLAIN-1752,MED-708,32.14
cross-encoder,PLAIN-1752,MED-709,26.57
cross-encoder,PLAIN-1762,MED-865,22.53
cross-encoder,PLAIN-1762,MED-3721,25.26
cross-encoder,PLAIN-1762,MED-759,27.0
cross-encoder,PLAIN-1762,MED-3716,28.92
cross-encoder,PLAIN-1762,MED-3103,15.53
cross-encoder,PLAIN-1762,MED-3558,25.42
cross-encoder,PLAIN-1762,MED-3111,13.11
cross-encoder,PLAIN-1762,MED-3561,26.03
cross-encoder,PLAIN-1762,MED-4752,28.39
cross-encoder,PLAIN-1762,MED-2033,25.95
cross-encoder,PLAIN-1762,MED-4512,24.86
cross-encoder,PLAIN-1762,MED-4030,20.33
cross-encoder,PLAIN-1762,MED-3108,25.41
cross-encoder,PLAIN-1762,MED-3105,20.66
cross-encoder,PLAIN-1762,MED-4024,26.81
cross-encoder,PLAIN-1762,MED-852,29.88
cross-encoder,PLAIN-1762,MED-3107,21.56
cross-encoder,PLAIN-1762,MED-3106,21.77
cross-encoder,PLAIN-1762,MED-4909,28.39
cross-encoder,PLAIN-1762,MED-4619,28.46
cross-encoder,PLAIN-1772,MED-4728,26.92
cross-encoder,PLAIN-1772,MED-4727,24.96
cross-encoder,PLAIN-1772,MED-10,23.9
cross-encoder,PLAIN-1772,MED-14,30.48
cross-encoder,PLAIN-1772,MED-118,31.83
cross-encoder,PLAIN-1772,MED-301,24.85
cross-encoder,PLAIN-1772,MED-306,26.72
cross-encoder,PLAIN-1772,MED-329,26.92
cross-encoder,PLAIN-1772,MED-330,26.07
cross-encoder,PLAIN-1772,MED-332,24.12
cross-encoder,PLAIN-1772,MED-334,27.72
cross-encoder,PLAIN-1772,MED-335,25.87
cross-encoder,PLAIN-1772,MED-398,28.92
cross-encoder,PLAIN-1772,MED-557,29.69
cross-encoder,PLAIN-1772,MED-666,26.67
cross-encoder,PLAIN-1772,MED-691,27.79
cross-encoder,PLAIN-1772,MED-692,25.73
cross-encoder,PLAIN-1772,MED-702,30.8
cross-encoder,PLAIN-1772,MED-706,30.14
cross-encoder,PLAIN-1772,MED-707,30.18
cross-encoder,PLAIN-1784,MED-2671,28.62
cross-encoder,PLAIN-1784,MED-5326,25.76
cross-encoder,PLAIN-1784,MED-4482,25.2
cross-encoder,PLAIN-1784,MED-2170,27.49
cross-encoder,PLAIN-1784,MED-4977,33.07
cross-encoder,PLAIN-1784,MED-4493,29.04
cross-encoder,PLAIN-1784,MED-1802,27.8
cross-encoder,PLAIN-1784,MED-5195,27.03
cross-encoder,PLAIN-1784,MED-4485,22.76
cross-encoder,PLAIN-1784,MED-3499,27.48
cross-encoder,PLAIN-1784,MED-4261,27.69
cross-encoder,PLAIN-1784,MED-5235,33.74
cross-encoder,PLAIN-1784,MED-2673,23.84
cross-encoder,PLAIN-1784,MED-4175,37.64
cross-encoder,PLAIN-1784,MED-4382,32.01
cross-encoder,PLAIN-1784,MED-5236,26.54
cross-encoder,PLAIN-1784,MED-4814,25.2
cross-encoder,PLAIN-1784,MED-5205,31.27
cross-encoder,PLAIN-1784,MED-2584,34.87
cross-encoder,PLAIN-1784,MED-4072,29.56
cross-encoder,PLAIN-1794,MED-5041,28.64
cross-encoder,PLAIN-1794,MED-5042,21.58
cross-encoder,PLAIN-1794,MED-10,26.93
cross-encoder,PLAIN-1794,MED-14,26.67
cross-encoder,PLAIN-1794,MED-118,31.64
cross-encoder,PLAIN-1794,MED-301,27.87
cross-encoder,PLAIN-1794,MED-306,26.2
cross-encoder,PLAIN-1794,MED-329,25.89
cross-encoder,PLAIN-1794,MED-330,27.68
cross-encoder,PLAIN-1794,MED-332,23.03
cross-encoder,PLAIN-1794,MED-334,22.2
cross-encoder,PLAIN-1794,MED-335,27.79
cross-encoder,PLAIN-1794,MED-398,29.99
cross-encoder,PLAIN-1794,MED-557,25.96
cross-encoder,PLAIN-1794,MED-666,24.21
cross-encoder,PLAIN-1794,MED-691,22.78
cross-encoder,PLAIN-1794,MED-692,22.85
cross-encoder,PLAIN-1794,MED-702,31.64
cross-encoder,PLAIN-1794,MED-706,26.23
cross-encoder,PLAIN-1794,MED-707,29.54
cross-encoder,PLAIN-1805,MED-3938,26.43
cross-encoder,PLAIN-1805,MED-5196,30.58
cross-encoder,PLAIN-1805,MED-3931,33.36
cross-encoder,PLAIN-1805,MED-4939,27.66
cross-encoder,PLAIN-1805,MED-3935,25.92
cross-encoder,PLAIN-1805,MED-3933,23.02
cross-encoder,PLAIN-1805,MED-2173,30.56
cross-encoder,PLAIN-1805,MED-1499,23.89
cross-encoder,PLAIN-1805,MED-3925,25.25
cross-encoder,PLAIN-1805,MED-3930,29.9
cross-encoder,PLAIN-1805,MED-1287,35.32
cross-encoder,PLAIN-1805,MED-3927,24.91
cross-encoder,PLAIN-1805,MED-5335,25.16
cross-encoder,PLAIN-1805,MED-2979,35.81
cross-encoder,PLAIN-1805,MED-5054,26.48
cross-encoder,PLAIN-1805,MED-1408,25.83
cross-encoder,PLAIN-1805,MED-3932,25.24
cross-encoder,PLAIN-1805,MED-4926,21.42
cross-encoder,PLAIN-1805,MED-3940,24.28
cross-encoder,PLAIN-1805,MED-3936,27.28
cross-encoder,PLAIN-1817,MED-4284,26.08
cross-encoder,PLAIN-1817,MED-4706,27.32
cross-encoder,PLAIN-1817,MED-2150,27.63
cross-encoder,PLAIN-1817,MED-2382,32.66
cross-encoder,PLAIN-1817,MED-3198,27.49
cross-encoder,PLAIN-1817,MED-5016,30.77
cross-encoder,PLAIN-1817,MED-973,22.26
cross-encoder,PLAIN-1817,MED-4709,34.71
cross-encoder,PLAIN-1817,MED-1534,26.4
cross-encoder,PLAIN-1817,MED-2792,26.59
cross-encoder,PLAIN-1817,MED-3385,24.01
cross-encoder,PLAIN-1817,MED-3387,26.45
cross-encoder,PLAIN-1817,MED-4287,37.73
cross-encoder,PLAIN-1817,MED-4765,25.19
cross-encoder,PLAIN-1817,MED-1930,28.87
cross-encoder,PLAIN-1817,MED-3358,31.99
cross-encoder,PLAIN-1817,MED-1148,24.89
cross-encoder,PLAIN-1817,MED-1412,26.74
cross-encoder,PLAIN-1817,MED-5085,28.27
cross-encoder,PLAIN-1817,MED-5261,27.17
cross-encoder,PLAIN-1827,MED-10,25.18
cross-encoder,PLAIN-1827,MED-14,24.76
cross-encoder,PLAIN-1827,MED-118,33.48
cross-encoder,PLAIN-1827,MED-301,27.12
cross-encoder,PLAIN-1827,MED-306,26.13
cross-encoder,PLAIN-1827,MED-329,42.59
cross-encoder,PLAIN-1827,MED-330,25.06
cross-encoder,PLAIN-1827,MED-332,24.13
cross-encoder,PLAIN-1827,MED-334,28.51
cross-encoder,PLAIN-1827,MED-335,28.9
cross-encoder,PLAIN-1827,MED-398,30.27
cross-encoder,PLAIN-1827,MED-557,32.26
cross-encoder,PLAIN-1827,MED-666,26.96
cross-encoder,PLAIN-1827,MED-691,25.63
cross-encoder,PLAIN-1827,MED-692,26.61
cross-encoder,PLAIN-1827,MED-702,30.49
cross-encoder,PLAIN-1827,MED-706,24.82
cross-encoder,PLAIN-1827,MED-707,27.08
cross-encoder,PLAIN-1827,MED-708,38.47
cross-encoder,PLAIN-1827,MED-709,31.44
cross-encoder,PLAIN-1837,MED-2748,28.92
cross-encoder,PLAIN-1837,MED-1725,29.07
cross-encoder,PLAIN-1837,MED-3936,27.64
cross-encoder,PLAIN-1837,MED-1158,26.16
cross-encoder,PLAIN-1837,MED-1726,31.47
cross-encoder,PLAIN-1837,MED-4535,22.87
cross-encoder,PLAIN-1837,MED-4178,25.38
cross-encoder,PLAIN-1837,MED-1167,25.58
cross-encoder,PLAIN-1837,MED-1170,23.34
cross-encoder,PLAIN-1837,MED-1176,28.71
cross-encoder,PLAIN-1837,MED-1161,27.57
cross-encoder,PLAIN-1837,MED-1174,27.43
cross-encoder,PLAIN-1837,MED-4187,28.49
cross-encoder,PLAIN-1837,MED-1172,24.9
cross-encoder,PLAIN-1837,MED-1139,22.65
cross-encoder,PLAIN-1837,MED-1166,28.27
cross-encoder,PLAIN-1837,MED-4177,27.45
cross-encoder,PLAIN-1837,MED-1157,25.67
cross-encoder,PLAIN-1837,MED-4179,33.19
cross-encoder,PLAIN-1837,MED-1160,27.5
cross-encoder,PLAIN-1847,MED-4000,35.19
cross-encoder,PLAIN-1847,MED-3603,25.19
cross-encoder,PLAIN-1847,MED-3983,29.73
cross-encoder,PLAIN-1847,MED-10,24.87
cross-encoder,PLAIN-1847,MED-14,29.63
cross-encoder,PLAIN-1847,MED-118,26.16
cross-encoder,PLAIN-1847,MED-301,25.9
cross-encoder,PLAIN-1847,MED-306,26.49
cross-encoder,PLAIN-1847,MED-329,27.77
cross-encoder,PLAIN-1847,MED-330,28.22
cross-encoder,PLAIN-1847,MED-332,23.57
cross-encoder,PLAIN-1847,MED-334,28.86
cross-encoder,PLAIN-1847,MED-335,28.48
cross-encoder,PLAIN-1847,MED-398,29.5
cross-encoder,PLAIN-1847,MED-557,31.09
cross-encoder,PLAIN-1847,MED-666,27.32
cross-encoder,PLAIN-1847,MED-691,25.38
cross-encoder,PLAIN-1847,MED-692,25.82
cross-encoder,PLAIN-1847,MED-702,25.66
cross-encoder,PLAIN-1847,MED-706,26.79
cross-encoder,PLAIN-1857,MED-4319,31.02
cross-encoder,PLAIN-1857,MED-2544,25.29
cross-encoder,PLAIN-1857,MED-2988,25.62
cross-encoder,PLAIN-1857,MED-2578,23.4
cross-encoder,PLAIN-1857,MED-2986,24.75
cross-encoder,PLAIN-1857,MED-2979,28.64
cross-encoder,PLAIN-1857,MED-5231,27.13
cross-encoder,PLAIN-1857,MED-5357,23.09
cross-encoder,PLAIN-1857,MED-1745,29.69
cross-encoder,PLAIN-1857,MED-2575,31.38
cross-encoder,PLAIN-1857,MED-3221,23.31
cross-encoder,PLAIN-1857,MED-3215,26.13
cross-encoder,PLAIN-1857,MED-1067,32.71
cross-encoder,PLAIN-1857,MED-846,28.22
cross-encoder,PLAIN-1857,MED-5270,29.25
cross-encoder,PLAIN-1857,MED-2098,24.85
cross-encoder,PLAIN-1857,MED-4995,33.34
cross-encoder,PLAIN-1857,MED-3943,28.7
cross-encoder,PLAIN-1857,MED-4092,19.22
cross-encoder,PLAIN-1857,MED-1846,28.15
cross-encoder,PLAIN-1867,MED-10,22.53
cross-encoder,PLAIN-1867,MED-14,25.36
cross-encoder,PLAIN-1867,MED-118,25.35
cross-encoder,PLAIN-1867,MED-301,28.32
cross-encoder,PLAIN-1867,MED-306,27.5
cross-encoder,PLAIN-1867,MED-329,22.33
cross-encoder,PLAIN-1867,MED-330,19.58
cross-encoder,PLAIN-1867,MED-332,24.09
cross-encoder,PLAIN-1867,MED-334,23.13
cross-encoder,PLAIN-1867,MED-335,26.38
cross-encoder,PLAIN-1867,MED-398,26.19
cross-encoder,PLAIN-1867,MED-557,26.78
cross-encoder,PLAIN-1867,MED-666,22.14
cross-encoder,PLAIN-1867,MED-691,19.39
cross-encoder,PLAIN-1867,MED-692,23.69
cross-encoder,PLAIN-1867,MED-702,25.65
cross-encoder,PLAIN-1867,MED-706,28.19
cross-encoder,PLAIN-1867,MED-707,29.53
cross-encoder,PLAIN-1867,MED-708,35.85
cross-encoder,PLAIN-1867,MED-709,26.92
cross-encoder,PLAIN-1877,MED-4831,23.22
cross-encoder,PLAIN-1877,MED-4255,20.85
cross-encoder,PLAIN-1877,MED-4613,21.12
cross-encoder,PLAIN-1877,MED-1489,24.62
cross-encoder,PLAIN-1877,MED-1991,22.07
cross-encoder,PLAIN-1877,MED-1874,20.18
cross-encoder,PLAIN-1877,MED-2432,22.89
cross-encoder,PLAIN-1877,MED-4349,20.79
cross-encoder,PLAIN-1877,MED-1997,22.88
cross-encoder,PLAIN-1877,MED-1249,24.84
cross-encoder,PLAIN-1877,MED-4515,26.16
cross-encoder,PLAIN-1877,MED-3931,27.8
cross-encoder,PLAIN-1877,MED-1445,22.08
cross-encoder,PLAIN-1877,MED-4203,26.92
cross-encoder,PLAIN-1877,MED-1450,31.53
cross-encoder,PLAIN-1877,MED-2951,25.34
cross-encoder,PLAIN-1877,MED-4689,19.39
cross-encoder,PLAIN-1877,MED-1723,29.38
cross-encoder,PLAIN-1877,MED-2111,10.33
cross-encoder,PLAIN-1877,MED-1250,21.93
cross-encoder,PLAIN-1887,MED-2333,22.0
cross-encoder,PLAIN-1887,MED-5083,21.26
cross-encoder,PLAIN-1887,MED-2824,27.68
cross-encoder,PLAIN-1887,MED-3607,21.56
cross-encoder,PLAIN-1887,MED-3532,23.69
cross-encoder,PLAIN-1887,MED-913,23.82
cross-encoder,PLAIN-1887,MED-2332,14.18
cross-encoder,PLAIN-1887,MED-915,26.49
cross-encoder,PLAIN-1887,MED-4915,24.19
cross-encoder,PLAIN-1887,MED-1293,21.68
cross-encoder,PLAIN-1887,MED-1397,26.53
cross-encoder,PLAIN-1887,MED-4949,24.19
cross-encoder,PLAIN-1887,MED-2335,17.55
cross-encoder,PLAIN-1887,MED-3522,22.64
cross-encoder,PLAIN-1887,MED-2070,28.97
cross-encoder,PLAIN-1887,MED-3311,29.19
cross-encoder,PLAIN-1887,MED-3307,24.21
cross-encoder,PLAIN-1887,MED-2143,25.69
cross-encoder,PLAIN-1887,MED-2951,21.62
cross-encoder,PLAIN-1887,MED-4689,23.75
cross-encoder,PLAIN-1897,MED-4186,27.38
cross-encoder,PLAIN-1897,MED-2644,29.77
cross-encoder,PLAIN-1897,MED-1312,28.46
cross-encoder,PLAIN-1897,MED-2559,30.91
cross-encoder,PLAIN-1897,MED-4426,27.11
cross-encoder,PLAIN-1897,MED-10,22.32
cross-encoder,PLAIN-1897,MED-14,24.51
cross-encoder,PLAIN-1897,MED-118,31.9
cross-encoder,PLAIN-1897,MED-301,25.97
cross-encoder,PLAIN-1897,MED-306,23.09
cross-encoder,PLAIN-1897,MED-329,24.74
cross-encoder,PLAIN-1897,MED-330,24.34
cross-encoder,PLAIN-1897,MED-332,23.67
cross-encoder,PLAIN-1897,MED-334,27.51
cross-encoder,PLAIN-1897,MED-335,24.97
cross-encoder,PLAIN-1897,MED-398,42.68
cross-encoder,PLAIN-1897,MED-557,23.15
cross-encoder,PLAIN-1897,MED-666,22.68
cross-encoder,PLAIN-1897,MED-691,24.9
cross-encoder,PLAIN-1897,MED-692,25.46
cross-encoder,PLAIN-1909,MED-2341,28.63
cross-encoder,PLAIN-1909,MED-4818,16.96
cross-encoder,PLAIN-1909,MED-1979,20.9
cross-encoder,PLAIN-1909,MED-2352,29.48
cross-encoder,PLAIN-1909,MED-1983,20.71
cross-encoder,PLAIN-1909,MED-3171,17.76
cross-encoder,PLAIN-1909,MED-1610,21.67
cross-encoder,PLAIN-1909,MED-4593,29.36
cross-encoder,PLAIN-1909,MED-3891,32.75
cross-encoder,PLAIN-1909,MED-2340,22.1
cross-encoder,PLAIN-1909,MED-3288,20.74
cross-encoder,PLAIN-1909,MED-2678,26.28
cross-encoder,PLAIN-1909,MED-1491,26.41
cross-encoder,PLAIN-1909,MED-4357,28.4
cross-encoder,PLAIN-1909,MED-4803,21.0
cross-encoder,PLAIN-1909,MED-1977,26.2
cross-encoder,PLAIN-1909,MED-4808,23.62
cross-encoder,PLAIN-1909,MED-3653,26.29
cross-encoder,PLAIN-1909,MED-2369,25.37
cross-encoder,PLAIN-1909,MED-4976,32.07
cross-encoder,PLAIN-1919,MED-3321,22.65
cross-encoder,PLAIN-1919,MED-4431,21.37
cross-encoder,PLAIN-1919,MED-4819,27.69
cross-encoder,PLAIN-1919,MED-3320,24.01
cross-encoder,PLAIN-1919,MED-3315,34.23
cross-encoder,PLAIN-1919,MED-4433,25.13
cross-encoder,PLAIN-1919,MED-3790,23.95
cross-encoder,PLAIN-1919,MED-3615,27.63
cross-encoder,PLAIN-1919,MED-3311,27.02
cross-encoder,PLAIN-1919,MED-4802,31.73
cross-encoder,PLAIN-1919,MED-3302,28.3
cross-encoder,PLAIN-1919,MED-3545,27.9
cross-encoder,PLAIN-1919,MED-3387,25.63
cross-encoder,PLAIN-1919,MED-4182,22.78
cross-encoder,PLAIN-1919,MED-4980,23.04
cross-encoder,PLAIN-1919,MED-5139,17.42
cross-encoder,PLAIN-1919,MED-4429,19.94
cross-encoder,PLAIN-1919,MED-3307,19.94
cross-encoder,PLAIN-1919,MED-4428,29.86
cross-encoder,PLAIN-1919,MED-3319,25.9
cross-encoder,PLAIN-1929,MED-2497,28.58
cross-encoder,PLAIN-1929,MED-4656,28.7
cross-encoder,PLAIN-1929,MED-2495,32.38
cross-encoder,PLAIN-1929,MED-2905,26.32
cross-encoder,PLAIN-1929,MED-3032,26.71
cross-encoder,PLAIN-1929,MED-4038,21.0
cross-encoder,PLAIN-1929,MED-4872,23.26
cross-encoder,PLAIN-1929,MED-5097,24.32
cross-encoder,PLAIN-1929,MED-3035,28.85
cross-encoder,PLAIN-1929,MED-5099,23.41
cross-encoder,PLAIN-1929,MED-4470,22.95
cross-encoder,PLAIN-1929,MED-1003,24.25
cross-encoder,PLAIN-1929,MED-3452,20.88
cross-encoder,PLAIN-1929,MED-2904,19.16
cross-encoder,PLAIN-1929,MED-3026,19.73
cross-encoder,PLAIN-1929,MED-1166,23.92
cross-encoder,PLAIN-1929,MED-1175,30.29
cross-encoder,PLAIN-1929,MED-951,25.3
cross-encoder,PLAIN-1929,MED-4150,13.83
cross-encoder,PLAIN-1929,MED-3023,26.95
cross-encoder,PLAIN-1940,MED-3792,20.98
cross-encoder,PLAIN-1940,MED-3797,20.91
cross-encoder,PLAIN-1940,MED-4946,26.49
cross-encoder,PLAIN-1940,MED-4114,24.95
cross-encoder,PLAIN-1940,MED-1198,22.01
cross-encoder,PLAIN-1940,MED-2006,22.76
cross-encoder,PLAIN-1940,MED-829,30.12
cross-encoder,PLAIN-1940,MED-10,23.74
cross-encoder,PLAIN-1940,MED-14,25.15
cross-encoder,PLAIN-1940,MED-118,28.49
cross-encoder,PLAIN-1940,MED-301,22.06
cross-encoder,PLAIN-1940,MED-306,25.64
cross-encoder,PLAIN-1940,MED-329,25.54
cross-encoder,PLAIN-1940,MED-330,26.29
cross-encoder,PLAIN-1940,MED-332,22.22
cross-encoder,PLAIN-1940,MED-334,27.75
cross-encoder,PLAIN-1940,MED-335,23.3
cross-encoder,PLAIN-1940,MED-398,30.44
cross-encoder,PLAIN-1940,MED-557,32.85
cross-encoder,PLAIN-1940,MED-666,27.52
cross-encoder,PLAIN-1950,MED-912,26.75
cross-encoder,PLAIN-1950,MED-4250,21.31
cross-encoder,PLAIN-1950,MED-3904,30.17
cross-encoder,PLAIN-1950,MED-1950,29.53
cross-encoder,PLAIN-1950,MED-1795,25.5
cross-encoder,PLAIN-1950,MED-10,23.2
cross-encoder,PLAIN-1950,MED-14,23.87
cross-encoder,PLAIN-1950,MED-118,22.51
cross-encoder,PLAIN-1950,MED-301,21.59
cross-encoder,PLAIN-1950,MED-306,27.6
cross-encoder,PLAIN-1950,MED-329,23.06
cross-encoder,PLAIN-1950,MED-330,25.19
cross-encoder,PLAIN-1950,MED-332,24.48
cross-encoder,PLAIN-1950,MED-334,26.52
cross-encoder,PLAIN-1950,MED-335,24.37
cross-encoder,PLAIN-1950,MED-398,22.76
cross-encoder,PLAIN-1950,MED-557,25.45
cross-encoder,PLAIN-1950,MED-666,25.4
cross-encoder,PLAIN-1950,MED-691,19.78
cross-encoder,PLAIN-1950,MED-692,20.34
cross-encoder,PLAIN-1962,MED-2438,26.78
cross-encoder,PLAIN-1962,MED-4295,31.32
cross-encoder,PLAIN-1962,MED-10,23.66
cross-encoder,PLAIN-1962,MED-14,26.74
cross-encoder,PLAIN-1962,MED-118,23.39
cross-encoder,PLAIN-1962,MED-301,22.44
cross-encoder,PLAIN-1962,MED-306,24.79
cross-encoder,PLAIN-1962,MED-329,23.63
cross-encoder,PLAIN-1962,MED-330,19.33
cross-encoder,PLAIN-1962,MED-332,20.57
cross-encoder,PLAIN-1962,MED-334,27.77
cross-encoder,PLAIN-1962,MED-335,27.74
cross-encoder,PLAIN-1962,MED-398,25.79
cross-encoder,PLAIN-1962,MED-557,30.13
cross-encoder,PLAIN-1962,MED-666,26.26
cross-encoder,PLAIN-1962,MED-691,20.16
cross-encoder,PLAIN-1962,MED-692,26.72
cross-encoder,PLAIN-1962,MED-702,27.67
cross-encoder,PLAIN-1962,MED-706,28.18
cross-encoder,PLAIN-1962,MED-707,24.39
cross-encoder,PLAIN-1972,MED-1442,26.94
cross-encoder,PLAIN-1972,MED-2143,25.79
cross-encoder,PLAIN-1972,MED-10,26.37
cross-encoder,PLAIN-1972,MED-14,22.27
cross-encoder,PLAIN-1972,MED-118,29.03
cross-encoder,PLAIN-1972,MED-301,24.47
cross-encoder,PLAIN-1972,MED-306,22.47
cross-encoder,PLAIN-1972,MED-329,21.09
cross-encoder,PLAIN-1972,MED-330,21.59
cross-encoder,PLAIN-1972,MED-332,22.73
cross-encoder,PLAIN-1972,MED-334,24.11
cross-encoder,PLAIN-1972,MED-335,24.85
cross-encoder,PLAIN-1972,MED-398,23.91
cross-encoder,PLAIN-1972,MED-557,26.91
cross-encoder,PLAIN-1972,MED-666,26.05
cross-encoder,PLAIN-1972,MED-691,20.57
cross-encoder,PLAIN-1972,MED-692,23.07
cross-encoder,PLAIN-1972,MED-702,28.51
cross-encoder,PLAIN-1972,MED-706,24.17
cross-encoder,PLAIN-1972,MED-707,26.83
cross-encoder,PLAIN-1983,MED-2137,17.05
cross-encoder,PLAIN-1983,MED-2521,22.41
cross-encoder,PLAIN-1983,MED-2134,24.66
cross-encoder,PLAIN-1983,MED-2520,17.67
cross-encoder,PLAIN-1983,MED-2514,25.64
cross-encoder,PLAIN-1983,MED-2132,30.61
cross-encoder,PLAIN-1983,MED-2507,28.18
cross-encoder,PLAIN-1983,MED-5237,14.24
cross-encoder,PLAIN-1983,MED-2517,16.82
cross-encoder,PLAIN-1983,MED-2127,18.7
cross-encoder,PLAIN-1983,MED-2504,21.25
cross-encoder,PLAIN-1983,MED-2124,25.22
cross-encoder,PLAIN-1983,MED-1229,45.45
cross-encoder,PLAIN-1983,MED-2123,24.67
cross-encoder,PLAIN-1983,MED-4711,27.96
cross-encoder,PLAIN-1983,MED-2117,22.81
cross-encoder,PLAIN-1983,MED-2126,28.31
cross-encoder,PLAIN-1983,MED-2509,20.18
cross-encoder,PLAIN-1983,MED-2128,27.58
cross-encoder,PLAIN-1983,MED-2114,30.42
cross-encoder,PLAIN-1995,MED-4413,31.21
cross-encoder,PLAIN-1995,MED-4902,22.88
cross-encoder,PLAIN-1995,MED-1647,19.99
cross-encoder,PLAIN-1995,MED-4330,25.54
cross-encoder,PLAIN-1995,MED-898,24.31
cross-encoder,PLAIN-1995,MED-4713,32.19
cross-encoder,PLAIN-1995,MED-4776,23.39
cross-encoder,PLAIN-1995,MED-4332,38.93
cross-encoder,PLAIN-1995,MED-5245,32.26
cross-encoder,PLAIN-1995,MED-5241,25.0
cross-encoder,PLAIN-1995,MED-1645,29.04
cross-encoder,PLAIN-1995,MED-5257,22.12
cross-encoder,PLAIN-1995,MED-1840,31.38
cross-encoder,PLAIN-1995,MED-5047,24.9
cross-encoder,PLAIN-1995,MED-1845,23.56
cross-encoder,PLAIN-1995,MED-4365,24.59
cross-encoder,PLAIN-1995,MED-2200,24.39
cross-encoder,PLAIN-1995,MED-1643,24.96
cross-encoder,PLAIN-1995,MED-1847,22.67
cross-encoder,PLAIN-1995,MED-5046,30.98
cross-encoder,PLAIN-2009,MED-5173,13.45
cross-encoder,PLAIN-2009,MED-3951,23.01
cross-encoder,PLAIN-2009,MED-4961,24.03
cross-encoder,PLAIN-2009,MED-1733,27.22
cross-encoder,PLAIN-2009,MED-4439,28.62
cross-encoder,PLAIN-2009,MED-10,21.54
cross-encoder,PLAIN-2009,MED-14,24.06
cross-encoder,PLAIN-2009,MED-118,25.02
cross-encoder,PLAIN-2009,MED-301,24.79
cross-encoder,PLAIN-2009,MED-306,22.42
cross-encoder,PLAIN-2009,MED-329,21.47
cross-encoder,PLAIN-2009,MED-330,25.07
cross-encoder,PLAIN-2009,MED-332,23.17
cross-encoder,PLAIN-2009,MED-334,28.44
cross-encoder,PLAIN-2009,MED-335,26.25
cross-encoder,PLAIN-2009,MED-398,28.79
cross-encoder,PLAIN-2009,MED-557,27.91
cross-encoder,PLAIN-2009,MED-666,27.55
cross-encoder,PLAIN-2009,MED-691,26.44
cross-encoder,PLAIN-2009,MED-692,30.29
cross-encoder,PLAIN-2019,MED-4573,21.07
cross-encoder,PLAIN-2019,MED-10,25.21
cross-encoder,PLAIN-2019,MED-14,25.4
cross-encoder,PLAIN-2019,MED-118,25.74
cross-encoder,PLAIN-2019,MED-301,20.39
cross-encoder,PLAIN-2019,MED-306,23.11
cross-encoder,PLAIN-2019,MED-329,20.89
cross-encoder,PLAIN-2019,MED-330,22.89
cross-encoder,PLAIN-2019,MED-332,20.49
cross-encoder,PLAIN-2019,MED-334,24.22
cross-encoder,PLAIN-2019,MED-335,27.9
cross-encoder,PLAIN-2019,MED-398,26.74
cross-encoder,PLAIN-2019,MED-557,29.28
cross-encoder,PLAIN-2019,MED-666,22.57
cross-encoder,PLAIN-2019,MED-691,24.53
cross-encoder,PLAIN-2019,MED-692,26.73
cross-encoder,PLAIN-2019,MED-702,30.77
cross-encoder,PLAIN-2019,MED-706,25.91
cross-encoder,PLAIN-2019,MED-707,27.34
cross-encoder,PLAIN-2019,MED-708,32.29
cross-encoder,PLAIN-2030,MED-4051,26.16
cross-encoder,PLAIN-2030,MED-2816,22.93
cross-encoder,PLAIN-2030,MED-10,23.87
cross-encoder,PLAIN-2030,MED-14,21.29
cross-encoder,PLAIN-2030,MED-118,30.66
cross-encoder,PLAIN-2030,MED-301,20.15
cross-encoder,PLAIN-2030,MED-306,23.93
cross-encoder,PLAIN-2030,MED-329,24.53
cross-encoder,PLAIN-2030,MED-330,24.81
cross-encoder,PLAIN-2030,MED-332,21.0
cross-encoder,PLAIN-2030,MED-334,27.08
cross-encoder,PLAIN-2030,MED-335,26.38
cross-encoder,PLAIN-2030,MED-398,21.63
cross-encoder,PLAIN-2030,MED-557,23.16
cross-encoder,PLAIN-2030,MED-666,23.24
cross-encoder,PLAIN-2030,MED-691,22.07
cross-encoder,PLAIN-2030,MED-692,23.13
cross-encoder,PLAIN-2030,MED-702,23.35
cross-encoder,PLAIN-2030,MED-706,22.31
cross-encoder,PLAIN-2030,MED-707,30.38
cross-encoder,PLAIN-2040,MED-4933,32.11
cross-encoder,PLAIN-2040,MED-3024,32.46
cross-encoder,PLAIN-2040,MED-4936,22.66
cross-encoder,PLAIN-2040,MED-4943,33.24
cross-encoder,PLAIN-2040,MED-4961,21.46
cross-encoder,PLAIN-2040,MED-4964,33.91
cross-encoder,PLAIN-2040,MED-2678,25.74
cross-encoder,PLAIN-2040,MED-5094,15.31
cross-encoder,PLAIN-2040,MED-2396,24.4
cross-encoder,PLAIN-2040,MED-4934,27.57
cross-encoder,PLAIN-2040,MED-5271,27.51
cross-encoder,PLAIN-2040,MED-4474,23.71
cross-encoder,PLAIN-2040,MED-2391,24.54
cross-encoder,PLAIN-2040,MED-10,22.02
cross-encoder,PLAIN-2040,MED-14,21.87
cross-encoder,PLAIN-2040,MED-118,26.29
cross-encoder,PLAIN-2040,MED-301,21.92
cross-encoder,PLAIN-2040,MED-306,21.02
cross-encoder,PLAIN-2040,MED-329,22.25
cross-encoder,PLAIN-2040,MED-330,21.86
cross-encoder,PLAIN-2051,MED-1556,23.41
cross-encoder,PLAIN-2051,MED-5267,27.6
cross-encoder,PLAIN-2051,MED-1781,23.54
cross-encoder,PLAIN-2051,MED-1454,28.0
cross-encoder,PLAIN-2051,MED-4556,25.25
cross-encoder,PLAIN-2051,MED-1873,21.33
cross-encoder,PLAIN-2051,MED-4005,22.98
cross-encoder,PLAIN-2051,MED-1072,43.09
cross-encoder,PLAIN-2051,MED-3586,22.94
cross-encoder,PLAIN-2051,MED-5014,20.87
cross-encoder,PLAIN-2051,MED-4450,25.9
cross-encoder,PLAIN-2051,MED-2511,28.18
cross-encoder,PLAIN-2051,MED-1063,23.16
cross-encoder,PLAIN-2051,MED-3198,21.27
cross-encoder,PLAIN-2051,MED-4154,24.31
cross-encoder,PLAIN-2051,MED-1258,32.58
cross-encoder,PLAIN-2051,MED-1921,24.58
cross-encoder,PLAIN-2051,MED-3249,13.85
cross-encoder,PLAIN-2051,MED-4823,24.18
cross-encoder,PLAIN-2051,MED-1069,29.38
cross-encoder,PLAIN-2061,MED-3031,23.58
cross-encoder,PLAIN-2061,MED-4736,28.77
cross-encoder,PLAIN-2061,MED-2344,22.16
cross-encoder,PLAIN-2061,MED-5101,13.68
cross-encoder,PLAIN-2061,MED-2262,22.87
cross-encoder,PLAIN-2061,MED-4742,29.08
cross-encoder,PLAIN-2061,MED-2411,29.5
cross-encoder,PLAIN-2061,MED-4968,27.57
cross-encoder,PLAIN-2061,MED-3295,31.46
cross-encoder,PLAIN-2061,MED-2406,29.61
cross-encoder,PLAIN-2061,MED-4962,23.62
cross-encoder,PLAIN-2061,MED-4960,12.92
cross-encoder,PLAIN-2061,MED-4359,14.68
cross-encoder,PLAIN-2061,MED-2461,23.38
cross-encoder,PLAIN-2061,MED-2339,21.7
cross-encoder,PLAIN-2061,MED-3030,22.41
cross-encoder,PLAIN-2061,MED-4376,22.11
cross-encoder,PLAIN-2061,MED-1380,21.16
cross-encoder,PLAIN-2061,MED-4739,19.33
cross-encoder,PLAIN-2061,MED-3631,26.56
cross-encoder,PLAIN-2071,MED-3532,22.97
cross-encoder,PLAIN-2071,MED-4306,18.3
cross-encoder,PLAIN-2071,MED-4309,32.16
cross-encoder,PLAIN-2071,MED-1349,22.21
cross-encoder,PLAIN-2071,MED-3530,28.55
cross-encoder,PLAIN-2071,MED-1352,20.93
cross-encoder,PLAIN-2071,MED-3526,27.21
cross-encoder,PLAIN-2071,MED-1245,25.76
cross-encoder,PLAIN-2071,MED-3658,23.17
cross-encoder,PLAIN-2071,MED-3540,22.45
cross-encoder,PLAIN-2071,MED-3524,23.68
cross-encoder,PLAIN-2071,MED-3539,30.05
cross-encoder,PLAIN-2071,MED-3546,24.64
cross-encoder,PLAIN-2071,MED-5365,22.18
cross-encoder,PLAIN-2071,MED-1006,28.34
cross-encoder,PLAIN-2071,MED-3661,27.58
cross-encoder,PLAIN-2071,MED-4308,25.48
cross-encoder,PLAIN-2071,MED-1342,19.07
cross-encoder,PLAIN-2071,MED-4148,27.1
cross-encoder,PLAIN-2071,MED-946,25.26
cross-encoder,PLAIN-2081,MED-4303,31.1
cross-encoder,PLAIN-2081,MED-1182,20.92
cross-encoder,PLAIN-2081,MED-2700,29.15
cross-encoder,PLAIN-2081,MED-2671,25.26
cross-encoder,PLAIN-2081,MED-859,29.71
cross-encoder,PLAIN-2081,MED-2074,25.32
cross-encoder,PLAIN-2081,MED-2810,23.18
cross-encoder,PLAIN-2081,MED-2505,26.06
cross-encoder,PLAIN-2081,MED-4180,28.36
cross-encoder,PLAIN-2081,MED-2309,20.46
cross-encoder,PLAIN-2081,MED-3762,21.83
cross-encoder,PLAIN-2081,MED-2324,13.14
cross-encoder,PLAIN-2081,MED-1223,25.69
cross-encoder,PLAIN-2081,MED-2769,22.69
cross-encoder,PLAIN-2081,MED-5359,28.24
cross-encoder,PLAIN-2081,MED-2303,17.8
cross-encoder,PLAIN-2081,MED-4919,21.95
cross-encoder,PLAIN-2081,MED-3976,25.11
cross-encoder,PLAIN-2081,MED-1914,20.72
cross-encoder,PLAIN-2081,MED-3170,24.9
cross-encoder,PLAIN-2092,MED-1434,24.29
cross-encoder,PLAIN-2092,MED-1437,25.42
cross-encoder,PLAIN-2092,MED-1436,26.89
cross-encoder,PLAIN-2092,MED-1432,26.5
cross-encoder,PLAIN-2092,MED-1440,31.41
cross-encoder,PLAIN-2092,MED-10,25.94
cross-encoder,PLAIN-2092,MED-14,25.64
cross-encoder,PLAIN-2092,MED-118,34.98
cross-encoder,PLAIN-2092,MED-301,24.21
cross-encoder,PLAIN-2092,MED-306,19.95
cross-encoder,PLAIN-2092,MED-329,23.02
cross-encoder,PLAIN-2092,MED-330,25.66
cross-encoder,PLAIN-2092,MED-332,22.49
cross-encoder,PLAIN-2092,MED-334,26.27
cross-encoder,PLAIN-2092,MED-335,26.35
cross-encoder,PLAIN-2092,MED-398,24.58
cross-encoder,PLAIN-2092,MED-557,26.24
cross-encoder,PLAIN-2092,MED-666,24.39
cross-encoder,PLAIN-2092,MED-691,24.68
cross-encoder,PLAIN-2092,MED-692,21.38
cross-encoder,PLAIN-2102,MED-1545,24.31
cross-encoder,PLAIN-2102,MED-3318,27.47
cross-encoder,PLAIN-2102,MED-2237,25.55
cross-encoder,PLAIN-2102,MED-5159,24.42
cross-encoder,PLAIN-2102,MED-3033,21.11
cross-encoder,PLAIN-2102,MED-759,24.3
cross-encoder,PLAIN-2102,MED-5256,29.13
cross-encoder,PLAIN-2102,MED-3394,23.41
cross-encoder,PLAIN-2102,MED-3544,20.68
cross-encoder,PLAIN-2102,MED-1051,22.86
cross-encoder,PLAIN-2102,MED-4824,24.4
cross-encoder,PLAIN-2102,MED-2252,24.1
cross-encoder,PLAIN-2102,MED-4480,27.98
cross-encoder,PLAIN-2102,MED-2917,29.21
cross-encoder,PLAIN-2102,MED-1916,25.33
cross-encoder,PLAIN-2102,MED-4324,28.02
cross-encoder,PLAIN-2102,MED-2505,21.4
cross-encoder,PLAIN-2102,MED-2176,23.08
cross-encoder,PLAIN-2102,MED-1498,23.41
cross-encoder,PLAIN-2102,MED-1603,26.03
cross-encoder,PLAIN-2113,MED-3890,24.22
cross-encoder,PLAIN-2113,MED-1757,28.57
cross-encoder,PLAIN-2113,MED-1182,21.3
cross-encoder,PLAIN-2113,MED-1147,28.45
cross-encoder,PLAIN-2113,MED-1594,28.39
cross-encoder,PLAIN-2113,MED-2521,26.89
cross-encoder,PLAIN-2113,MED-915,27.78
cross-encoder,PLAIN-2113,MED-3635,29.69
cross-encoder,PLAIN-2113,MED-4135,25.23
cross-encoder,PLAIN-2113,MED-1157,23.99
cross-encoder,PLAIN-2113,MED-3966,31.58
cross-encoder,PLAIN-2113,MED-1755,25.98
cross-encoder,PLAIN-2113,MED-1216,26.91
cross-encoder,PLAIN-2113,MED-2264,24.88
cross-encoder,PLAIN-2113,MED-1546,25.33
cross-encoder,PLAIN-2113,MED-762,22.01
cross-encoder,PLAIN-2113,MED-1213,24.44
cross-encoder,PLAIN-2113,MED-1451,23.11
cross-encoder,PLAIN-2113,MED-1542,26.72
cross-encoder,PLAIN-2113,MED-4598,18.01
cross-encoder,PLAIN-2124,MED-1525,28.12
cross-encoder,PLAIN-2124,MED-1522,22.56
cross-encoder,PLAIN-2124,MED-10,24.04
cross-encoder,PLAIN-2124,MED-14,27.09
cross-encoder,PLAIN-2124,MED-118,31.12
cross-encoder,PLAIN-2124,MED-301,21.9
cross-encoder,PLAIN-2124,MED-306,26.57
cross-encoder,PLAIN-2124,MED-329,23.57
cross-encoder,PLAIN-2124,MED-330,21.44
cross-encoder,PLAIN-2124,MED-332,19.28
cross-encoder,PLAIN-2124,MED-334,22.16
cross-encoder,PLAIN-2124,MED-335,23.63
cross-encoder,PLAIN-2124,MED-398,23.15
cross-encoder,PLAIN-2124,MED-557,29.62
cross-encoder,PLAIN-2124,MED-666,26.35
cross-encoder,PLAIN-2124,MED-691,22.31
cross-encoder,PLAIN-2124,MED-692,20.83
cross-encoder,PLAIN-2124,MED-702,28.17
cross-encoder,PLAIN-2124,MED-706,29.41
cross-encoder,PLAIN-2124,MED-707,29.55
cross-encoder,PLAIN-2134,MED-10,25.64
cross-encoder,PLAIN-2134,MED-14,23.88
cross-encoder,PLAIN-2134,MED-118,24.84
cross-encoder,PLAIN-2134,MED-301,20.77
cross-encoder,PLAIN-2134,MED-306,24.52
cross-encoder,PLAIN-2134,MED-329,27.74
cross-encoder,PLAIN-2134,MED-330,21.65
cross-encoder,PLAIN-2134,MED-332,18.91
cross-encoder,PLAIN-2134,MED-334,24.16
cross-encoder,PLAIN-2134,MED-335,29.08
cross-encoder,PLAIN-2134,MED-398,25.47
cross-encoder,PLAIN-2134,MED-557,23.97
cross-encoder,PLAIN-2134,MED-666,26.34
cross-encoder,PLAIN-2134,MED-691,22.42
cross-encoder,PLAIN-2134,MED-692,25.64
cross-encoder,PLAIN-2134,MED-702,28.56
cross-encoder,PLAIN-2134,MED-706,28.77
cross-encoder,PLAIN-2134,MED-707,27.9
cross-encoder,PLAIN-2134,MED-708,28.22
cross-encoder,PLAIN-2134,MED-709,32.84
cross-encoder,PLAIN-2145,MED-743,24.57
cross-encoder,PLAIN-2145,MED-3918,24.72
cross-encoder,PLAIN-2145,MED-1293,28.44
cross-encoder,PLAIN-2145,MED-2891,26.64
cross-encoder,PLAIN-2145,MED-1860,26.63
cross-encoder,PLAIN-2145,MED-1867,25.52
cross-encoder,PLAIN-2145,MED-3882,30.59
cross-encoder,PLAIN-2145,MED-1359,20.54
cross-encoder,PLAIN-2145,MED-3967,30.04
cross-encoder,PLAIN-2145,MED-4525,27.6
cross-encoder,PLAIN-2145,MED-1744,13.49
cross-encoder,PLAIN-2145,MED-736,21.82
cross-encoder,PLAIN-2145,MED-3145,24.71
cross-encoder,PLAIN-2145,MED-2094,30.03
cross-encoder,PLAIN-2145,MED-2786,29.63
cross-encoder,PLAIN-2145,MED-3466,28.49
cross-encoder,PLAIN-2145,MED-2344,22.86
cross-encoder,PLAIN-2145,MED-1834,22.86
cross-encoder,PLAIN-2145,MED-1125,25.53
cross-encoder,PLAIN-2145,MED-4551,21.42
cross-encoder,PLAIN-2156,MED-4868,28.3
cross-encoder,PLAIN-2156,MED-5055,29.39
cross-encoder,PLAIN-2156,MED-4867,28.85
cross-encoder,PLAIN-2156,MED-10,35.13
cross-encoder,PLAIN-2156,MED-14,21.54
cross-encoder,PLAIN-2156,MED-118,29.84
cross-encoder,PLAIN-2156,MED-301,22.71
cross-encoder,PLAIN-2156,MED-306,22.3
cross-encoder,PLAIN-2156,MED-329,25.37
cross-encoder,PLAIN-2156,MED-330,20.78
cross-encoder,PLAIN-2156,MED-332,20.07
cross-encoder,PLAIN-2156,MED-334,22.53
cross-encoder,PLAIN-2156,MED-335,27.15
cross-encoder,PLAIN-2156,MED-398,28.93
cross-encoder,PLAIN-2156,MED-557,25.78
cross-encoder,PLAIN-2156,MED-666,20.65
cross-encoder,PLAIN-2156,MED-691,23.22
cross-encoder,PLAIN-2156,MED-692,24.95
cross-encoder,PLAIN-2156,MED-702,28.31
cross-encoder,PLAIN-2156,MED-706,24.37
cross-encoder,PLAIN-2167,MED-2488,14.09
cross-encoder,PLAIN-2167,MED-3001,19.12
cross-encoder,PLAIN-2167,MED-10,20.28
cross-encoder,PLAIN-2167,MED-14,23.83
cross-encoder,PLAIN-2167,MED-118,30.6
cross-encoder,PLAIN-2167,MED-301,25.49
cross-encoder,PLAIN-2167,MED-306,23.01
cross-encoder,PLAIN-2167,MED-329,21.8
cross-encoder,PLAIN-2167,MED-330,20.36
cross-encoder,PLAIN-2167,MED-332,23.79
cross-encoder,PLAIN-2167,MED-334,22.2
cross-encoder,PLAIN-2167,MED-335,21.79
cross-encoder,PLAIN-2167,MED-398,25.72
cross-encoder,PLAIN-2167,MED-557,30.0
cross-encoder,PLAIN-2167,MED-666,26.09
cross-encoder,PLAIN-2167,MED-691,19.08
cross-encoder,PLAIN-2167,MED-692,20.96
cross-encoder,PLAIN-2167,MED-702,22.87
cross-encoder,PLAIN-2167,MED-706,27.28
cross-encoder,PLAIN-2167,MED-707,25.43
cross-encoder,PLAIN-2177,MED-3282,21.18
cross-encoder,PLAIN-2177,MED-1185,26.35
cross-encoder,PLAIN-2177,MED-4320,25.93
cross-encoder,PLAIN-2177,MED-1421,27.86
cross-encoder,PLAIN-2177,MED-4499,23.39
cross-encoder,PLAIN-2177,MED-1953,17.08
cross-encoder,PLAIN-2177,MED-3228,22.81
cross-encoder,PLAIN-2177,MED-4206,23.18
cross-encoder,PLAIN-2177,MED-4687,27.65
cross-encoder,PLAIN-2177,MED-1420,25.68
cross-encoder,PLAIN-2177,MED-10,21.94
cross-encoder,PLAIN-2177,MED-14,24.45
cross-encoder,PLAIN-2177,MED-118,24.42
cross-encoder,PLAIN-2177,MED-301,22.82
cross-encoder,PLAIN-2177,MED-306,25.54
cross-encoder,PLAIN-2177,MED-329,26.2
cross-encoder,PLAIN-2177,MED-330,19.62
cross-encoder,PLAIN-2177,MED-332,18.09
cross-encoder,PLAIN-2177,MED-334,24.73
cross-encoder,PLAIN-2177,MED-335,28.45
cross-encoder,PLAIN-2187,MED-1248,20.03
cross-encoder,PLAIN-2187,MED-1244,21.15
cross-encoder,PLAIN-2187,MED-10,22.03
cross-encoder,PLAIN-2187,MED-14,22.24
cross-encoder,PLAIN-2187,MED-118,31.73
cross-encoder,PLAIN-2187,MED-301,28.3
cross-encoder,PLAIN-2187,MED-306,25.85
cross-encoder,PLAIN-2187,MED-329,27.02
cross-encoder,PLAIN-2187,MED-330,20.75
cross-encoder,PLAIN-2187,MED-332,22.8
cross-encoder,PLAIN-2187,MED-334,23.37
cross-encoder,PLAIN-2187,MED-335,27.12
cross-encoder,PLAIN-2187,MED-398,26.7
cross-encoder,PLAIN-2187,MED-557,26.04
cross-encoder,PLAIN-2187,MED-666,25.99
cross-encoder,PLAIN-2187,MED-691,23.64
cross-encoder,PLAIN-2187,MED-692,21.77
cross-encoder,PLAIN-2187,MED-702,29.64
cross-encoder,PLAIN-2187,MED-706,28.32
cross-encoder,PLAIN-2187,MED-707,30.24
cross-encoder,PLAIN-2197,MED-5054,24.16
cross-encoder,PLAIN-2197,MED-5056,28.05
cross-encoder,PLAIN-2197,MED-4120,30.05
cross-encoder,PLAIN-2197,MED-5057,36.74
cross-encoder,PLAIN-2197,MED-1625,23.73
cross-encoder,PLAIN-2197,MED-4604,28.13
cross-encoder,PLAIN-2197,MED-5053,32.52
cross-encoder,PLAIN-2197,MED-4868,26.3
cross-encoder,PLAIN-2197,MED-1627,32.37
cross-encoder,PLAIN-2197,MED-1531,24.17
cross-encoder,PLAIN-2197,MED-1620,24.31
cross-encoder,PLAIN-2197,MED-10,21.86
cross-encoder,PLAIN-2197,MED-14,21.73
cross-encoder,PLAIN-2197,MED-118,30.64
cross-encoder,PLAIN-2197,MED-301,24.18
cross-encoder,PLAIN-2197,MED-306,25.25
cross-encoder,PLAIN-2197,MED-329,21.78
cross-encoder,PLAIN-2197,MED-330,21.39
cross-encoder,PLAIN-2197,MED-332,22.88
cross-encoder,PLAIN-2197,MED-334,22.55
cross-encoder,PLAIN-2209,MED-10,25.05
cross-encoder,PLAIN-2209,MED-14,24.92
cross-encoder,PLAIN-2209,MED-118,23.56
cross-encoder,PLAIN-2209,MED-301,27.25
cross-encoder,PLAIN-2209,MED-306,23.68
cross-encoder,PLAIN-2209,MED-329,19.53
cross-encoder,PLAIN-2209,MED-330,23.75
cross-encoder,PLAIN-2209,MED-332,21.08
cross-encoder,PLAIN-2209,MED-334,24.86
cross-encoder,PLAIN-2209,MED-335,21.84
cross-encoder,PLAIN-2209,MED-398,25.77
cross-encoder,PLAIN-2209,MED-557,29.63
cross-encoder,PLAIN-2209,MED-666,22.43
cross-encoder,PLAIN-2209,MED-691,25.28
cross-encoder,PLAIN-2209,MED-692,21.79
cross-encoder,PLAIN-2209,MED-702,23.41
cross-encoder,PLAIN-2209,MED-706,29.22
cross-encoder,PLAIN-2209,MED-707,30.22
cross-encoder,PLAIN-2209,MED-708,29.5
cross-encoder,PLAIN-2209,MED-709,30.87
cross-encoder,PLAIN-2220,MED-4976,35.99
cross-encoder,PLAIN-2220,MED-10,28.52
cross-encoder,PLAIN-2220,MED-14,27.54
cross-encoder,PLAIN-2220,MED-118,28.7
cross-encoder,PLAIN-2220,MED-301,27.26
cross-encoder,PLAIN-2220,MED-306,25.12
cross-encoder,PLAIN-2220,MED-329,26.58
cross-encoder,PLAIN-2220,MED-330,24.53
cross-encoder,PLAIN-2220,MED-332,21.15
cross-encoder,PLAIN-2220,MED-334,24.46
cross-encoder,PLAIN-2220,MED-335,26.36
cross-encoder,PLAIN-2220,MED-398,22.51
cross-encoder,PLAIN-2220,MED-557,23.85
cross-encoder,PLAIN-2220,MED-666,25.78
cross-encoder,PLAIN-2220,MED-691,27.36
cross-encoder,PLAIN-2220,MED-692,23.9
cross-encoder,PLAIN-2220,MED-702,27.46
cross-encoder,PLAIN-2220,MED-706,23.39
cross-encoder,PLAIN-2220,MED-707,28.43
cross-encoder,PLAIN-2220,MED-708,33.72
cross-encoder,PLAIN-2230,MED-557,27.28
cross-encoder,PLAIN-2230,MED-4872,20.76
cross-encoder,PLAIN-2230,MED-4716,35.29
cross-encoder,PLAIN-2230,MED-10,25.12
cross-encoder,PLAIN-2230,MED-14,22.9
cross-encoder,PLAIN-2230,MED-118,26.79
cross-encoder,PLAIN-2230,MED-301,21.03
cross-encoder,PLAIN-2230,MED-306,20.98
cross-encoder,PLAIN-2230,MED-329,20.33
cross-encoder,PLAIN-2230,MED-330,24.7
cross-encoder,PLAIN-2230,MED-332,22.52
cross-encoder,PLAIN-2230,MED-334,36.21
cross-encoder,PLAIN-2230,MED-335,23.85
cross-encoder,PLAIN-2230,MED-398,21.79
cross-encoder,PLAIN-2230,MED-666,22.0
cross-encoder,PLAIN-2230,MED-691,24.55
cross-encoder,PLAIN-2230,MED-692,25.85
cross-encoder,PLAIN-2230,MED-702,31.59
cross-encoder,PLAIN-2230,MED-706,23.99
cross-encoder,PLAIN-2230,MED-707,32.84
cross-encoder,PLAIN-2240,MED-3969,26.34
cross-encoder,PLAIN-2240,MED-5059,26.03
cross-encoder,PLAIN-2240,MED-895,26.81
cross-encoder,PLAIN-2240,MED-3960,31.29
cross-encoder,PLAIN-2240,MED-3964,27.2
cross-encoder,PLAIN-2240,MED-3963,21.33
cross-encoder,PLAIN-2240,MED-3970,26.18
cross-encoder,PLAIN-2240,MED-1185,24.03
cross-encoder,PLAIN-2240,MED-1161,21.17
cross-encoder,PLAIN-2240,MED-10,19.69
cross-encoder,PLAIN-2240,MED-14,25.85
cross-encoder,PLAIN-2240,MED-118,25.63
cross-encoder,PLAIN-2240,MED-301,23.47
cross-encoder,PLAIN-2240,MED-306,20.12
cross-encoder,PLAIN-2240,MED-329,22.57
cross-encoder,PLAIN-2240,MED-330,20.82
cross-encoder,PLAIN-2240,MED-332,23.87
cross-encoder,PLAIN-2240,MED-334,24.15
cross-encoder,PLAIN-2240,MED-335,26.5
cross-encoder,PLAIN-2240,MED-398,21.61
cross-encoder,PLAIN-2250,MED-2346,25.79
cross-encoder,PLAIN-2250,MED-2210,24.21
cross-encoder,PLAIN-2250,MED-5024,27.89
cross-encoder,PLAIN-2250,MED-4819,25.38
cross-encoder,PLAIN-2250,MED-3311,21.73
cross-encoder,PLAIN-2250,MED-4437,30.49
cross-encoder,PLAIN-2250,MED-957,26.64
cross-encoder,PLAIN-2250,MED-10,22.91
cross-encoder,PLAIN-2250,MED-14,25.87
cross-encoder,PLAIN-2250,MED-118,29.55
cross-encoder,PLAIN-2250,MED-301,26.7
cross-encoder,PLAIN-2250,MED-306,21.78
cross-encoder,PLAIN-2250,MED-329,20.72
cross-encoder,PLAIN-2250,MED-330,23.93
cross-encoder,PLAIN-2250,MED-332,19.19
cross-encoder,PLAIN-2250,MED-334,25.54
cross-encoder,PLAIN-2250,MED-335,27.1
cross-encoder,PLAIN-2250,MED-398,21.23
cross-encoder,PLAIN-2250,MED-557,27.01
cross-encoder,PLAIN-2250,MED-666,30.47
cross-encoder,PLAIN-2261,MED-4600,15.72
cross-encoder,PLAIN-2261,MED-3597,24.97
cross-encoder,PLAIN-2261,MED-4004,29.97
cross-encoder,PLAIN-2261,MED-1558,25.95
cross-encoder,PLAIN-2261,MED-3530,27.5
cross-encoder,PLAIN-2261,MED-3599,22.53
cross-encoder,PLAIN-2261,MED-4556,26.59
cross-encoder,PLAIN-2261,MED-2850,31.52
cross-encoder,PLAIN-2261,MED-1552,30.27
cross-encoder,PLAIN-2261,MED-4450,20.58
cross-encoder,PLAIN-2261,MED-3586,28.87
cross-encoder,PLAIN-2261,MED-4211,31.0
cross-encoder,PLAIN-2261,MED-1576,25.7
cross-encoder,PLAIN-2261,MED-1194,19.69
cross-encoder,PLAIN-2261,MED-5193,30.56
cross-encoder,PLAIN-2261,MED-3585,16.66
cross-encoder,PLAIN-2261,MED-751,22.5
cross-encoder,PLAIN-2261,MED-3352,23.87
cross-encoder,PLAIN-2261,MED-1700,26.99
cross-encoder,PLAIN-2261,MED-3769,23.13
cross-encoder,PLAIN-2271,MED-10,25.8
cross-encoder,PLAIN-2271,MED-14,27.29
cross-encoder,PLAIN-2271,MED-118,26.77
cross-encoder,PLAIN-2271,MED-301,23.0
cross-encoder,PLAIN-2271,MED-306,24.01
cross-encoder,PLAIN-2271,MED-329,19.39
cross-encoder,PLAIN-2271,MED-330,20.35
cross-encoder,PLAIN-2271,MED-332,19.21
cross-encoder,PLAIN-2271,MED-334,22.69
cross-encoder,PLAIN-2271,MED-335,24.2
cross-encoder,PLAIN-2271,MED-398,23.42
cross-encoder,PLAIN-2271,MED-557,31.18
cross-encoder,PLAIN-2271,MED-666,23.28
cross-encoder,PLAIN-2271,MED-691,20.66
cross-encoder,PLAIN-2271,MED-692,25.55
cross-encoder,PLAIN-2271,MED-702,30.27
cross-encoder,PLAIN-2271,MED-706,22.76
cross-encoder,PLAIN-2271,MED-707,30.62
cross-encoder,PLAIN-2271,MED-708,37.67
cross-encoder,PLAIN-2271,MED-709,31.2
cross-encoder,PLAIN-2281,MED-10,26.78
cross-encoder,PLAIN-2281,MED-14,30.01
cross-encoder,PLAIN-2281,MED-118,29.85
cross-encoder,PLAIN-2281,MED-301,25.66
cross-encoder,PLAIN-2281,MED-306,23.04
cross-encoder,PLAIN-2281,MED-329,19.96
cross-encoder,PLAIN-2281,MED-330,24.2
cross-encoder,PLAIN-2281,MED-332,19.23
cross-encoder,PLAIN-2281,MED-334,22.17
cross-encoder,PLAIN-2281,MED-335,27.56
cross-encoder,PLAIN-2281,MED-398,25.84
cross-encoder,PLAIN-2281,MED-557,27.93
cross-encoder,PLAIN-2281,MED-666,22.08
cross-encoder,PLAIN-2281,MED-691,28.52
cross-encoder,PLAIN-2281,MED-692,24.92
cross-encoder,PLAIN-2281,MED-702,33.3
cross-encoder,PLAIN-2281,MED-706,29.18
cross-encoder,PLAIN-2281,MED-707,29.04
cross-encoder,PLAIN-2281,MED-708,32.68
cross-encoder,PLAIN-2281,MED-709,27.37
cross-encoder,PLAIN-2291,MED-2726,22.11
cross-encoder,PLAIN-2291,MED-4878,22.47
cross-encoder,PLAIN-2291,MED-2020,24.97
cross-encoder,PLAIN-2291,MED-3085,17.42
cross-encoder,PLAIN-2291,MED-335,23.15
cross-encoder,PLAIN-2291,MED-4765,27.2
cross-encoder,PLAIN-2291,MED-1650,10.85
cross-encoder,PLAIN-2291,MED-4494,24.49
cross-encoder,PLAIN-2291,MED-4436,27.56
cross-encoder,PLAIN-2291,MED-2488,18.19
cross-encoder,PLAIN-2291,MED-118,28.09
cross-encoder,PLAIN-2291,MED-2651,23.76
cross-encoder,PLAIN-2291,MED-3093,18.52
cross-encoder,PLAIN-2291,MED-1534,22.16
cross-encoder,PLAIN-2291,MED-4299,20.83
cross-encoder,PLAIN-2291,MED-3782,25.7
cross-encoder,PLAIN-2291,MED-1689,27.91
cross-encoder,PLAIN-2291,MED-4554,22.8
cross-encoder,PLAIN-2291,MED-3088,23.82
cross-encoder,PLAIN-2291,MED-1564,26.25
cross-encoder,PLAIN-2301,MED-2122,25.5
cross-encoder,PLAIN-2301,MED-3703,28.5
cross-encoder,PLAIN-2301,MED-2208,36.21
cross-encoder,PLAIN-2301,MED-1546,35.27
cross-encoder,PLAIN-2301,MED-762,24.04
cross-encoder,PLAIN-2301,MED-1213,27.96
cross-encoder,PLAIN-2301,MED-1451,27.89
cross-encoder,PLAIN-2301,MED-1542,29.83
cross-encoder,PLAIN-2301,MED-4598,27.74
cross-encoder,PLAIN-2301,MED-4673,25.24
cross-encoder,PLAIN-2301,MED-1560,28.71
cross-encoder,PLAIN-2301,MED-1505,36.25
cross-encoder,PLAIN-2301,MED-1548,46.35
cross-encoder,PLAIN-2301,MED-4919,39.59
cross-encoder,PLAIN-2301,MED-1150,43.24
cross-encoder,PLAIN-2301,MED-1878,36.41
cross-encoder,PLAIN-2301,MED-2296,26.75
cross-encoder,PLAIN-2301,MED-2304,24.91
cross-encoder,PLAIN-2301,MED-3768,30.37
cross-encoder,PLAIN-2301,MED-4206,31.68
cross-encoder,PLAIN-2311,MED-4801,26.88
cross-encoder,PLAIN-2311,MED-1165,29.69
cross-encoder,PLAIN-2311,MED-1978,25.75
cross-encoder,PLAIN-2311,MED-10,26.37
cross-encoder,PLAIN-2311,MED-14,26.94
cross-encoder,PLAIN-2311,MED-118,34.12
cross-encoder,PLAIN-2311,MED-301,27.49
cross-encoder,PLAIN-2311,MED-306,28.48
cross-encoder,PLAIN-2311,MED-329,27.54
cross-encoder,PLAIN-2311,MED-330,28.92
cross-encoder,PLAIN-2311,MED-332,24.19
cross-encoder,PLAIN-2311,MED-334,27.21
cross-encoder,PLAIN-2311,MED-335,32.85
cross-encoder,PLAIN-2311,MED-398,34.1
cross-encoder,PLAIN-2311,MED-557,31.07
cross-encoder,PLAIN-2311,MED-666,29.64
cross-encoder,PLAIN-2311,MED-691,42.85
cross-encoder,PLAIN-2311,MED-692,64.65
cross-encoder,PLAIN-2311,MED-702,80.46
cross-encoder,PLAIN-2311,MED-706,45.39
cross-encoder,PLAIN-2321,MED-2745,265.53
cross-encoder,PLAIN-2321,MED-2991,46.4
cross-encoder,PLAIN-2321,MED-4882,118.39
cross-encoder,PLAIN-2321,MED-2492,37.0
cross-encoder,PLAIN-2321,MED-4800,32.86
cross-encoder,PLAIN-2321,MED-3086,19.93
cross-encoder,PLAIN-2321,MED-2339,24.41
cross-encoder,PLAIN-2321,MED-4427,22.66
cross-encoder,PLAIN-2321,MED-1138,28.97
cross-encoder,PLAIN-2321,MED-1610,26.36
cross-encoder,PLAIN-2321,MED-3095,24.69
cross-encoder,PLAIN-2321,MED-3089,22.61
cross-encoder,PLAIN-2321,MED-840,18.54
cross-encoder,PLAIN-2321,MED-1956,31.06
cross-encoder,PLAIN-2321,MED-3889,24.94
cross-encoder,PLAIN-2321,MED-3653,29.03
cross-encoder,PLAIN-2321,MED-1810,24.79
cross-encoder,PLAIN-2321,MED-4626,22.24
cross-encoder,PLAIN-2321,MED-1801,28.66
cross-encoder,PLAIN-2321,MED-2743,24.38
cross-encoder,PLAIN-2332,MED-4766,20.24
cross-encoder,PLAIN-2332,MED-5281,20.95
cross-encoder,PLAIN-2332,MED-3292,26.63
cross-encoder,PLAIN-2332,MED-3309,25.3
cross-encoder,PLAIN-2332,MED-3312,24.17
cross-encoder,PLAIN-2332,MED-3509,15.73
cross-encoder,PLAIN-2332,MED-4564,25.43
cross-encoder,PLAIN-2332,MED-3558,18.03
cross-encoder,PLAIN-2332,MED-3760,20.16
cross-encoder,PLAIN-2332,MED-3683,24.76
cross-encoder,PLAIN-2332,MED-2848,22.3
cross-encoder,PLAIN-2332,MED-3560,24.19
cross-encoder,PLAIN-2332,MED-3974,17.89
cross-encoder,PLAIN-2332,MED-3559,25.08
cross-encoder,PLAIN-2332,MED-1798,22.78
cross-encoder,PLAIN-2332,MED-3563,23.52
cross-encoder,PLAIN-2332,MED-2740,22.85
cross-encoder,PLAIN-2332,MED-3155,35.33
cross-encoder,PLAIN-2332,MED-1484,29.01
cross-encoder,PLAIN-2332,MED-3649,16.98
cross-encoder,PLAIN-2343,MED-4724,15.63
cross-encoder,PLAIN-2343,MED-859,30.43
cross-encoder,PLAIN-2343,MED-2762,18.26
cross-encoder,PLAIN-2343,MED-4872,16.01
cross-encoder,PLAIN-2343,MED-4589,33.75
cross-encoder,PLAIN-2343,MED-4719,31.4
cross-encoder,PLAIN-2343,MED-4104,19.21
cross-encoder,PLAIN-2343,MED-3755,8.93
cross-encoder,PLAIN-2343,MED-2009,20.21
cross-encoder,PLAIN-2343,MED-1838,21.55
cross-encoder,PLAIN-2343,MED-3988,25.29
cross-encoder,PLAIN-2343,MED-4573,22.22
cross-encoder,PLAIN-2343,MED-4331,28.33
cross-encoder,PLAIN-2343,MED-5131,29.41
cross-encoder,PLAIN-2343,MED-3990,20.05
cross-encoder,PLAIN-2343,MED-3987,24.01
cross-encoder,PLAIN-2343,MED-922,26.09
cross-encoder,PLAIN-2343,MED-920,15.81
cross-encoder,PLAIN-2343,MED-3986,30.09
cross-encoder,PLAIN-2343,MED-4574,25.17
cross-encoder,PLAIN-2354,MED-4303,28.14
cross-encoder,PLAIN-2354,MED-4709,31.05
cross-encoder,PLAIN-2354,MED-2152,29.15
cross-encoder,PLAIN-2354,MED-5153,22.67
cross-encoder,PLAIN-2354,MED-2378,26.65
cross-encoder,PLAIN-2354,MED-3432,16.84
cross-encoder,PLAIN-2354,MED-2379,23.03
cross-encoder,PLAIN-2354,MED-4302,22.09
cross-encoder,PLAIN-2354,MED-4249,26.49
cross-encoder,PLAIN-2354,MED-4705,30.46
cross-encoder,PLAIN-2354,MED-4708,22.86
cross-encoder,PLAIN-2354,MED-4004,31.04
cross-encoder,PLAIN-2354,MED-5085,28.33
cross-encoder,PLAIN-2354,MED-927,29.95
cross-encoder,PLAIN-2354,MED-928,25.15
cross-encoder,PLAIN-2354,MED-3668,21.49
cross-encoder,PLAIN-2354,MED-3659,22.29
cross-encoder,PLAIN-2354,MED-2711,21.25
cross-encoder,PLAIN-2354,MED-1523,10.44
cross-encoder,PLAIN-2354,MED-1390,16.84
cross-encoder,PLAIN-2364,MED-5004,26.47
cross-encoder,PLAIN-2364,MED-4764,20.98
cross-encoder,PLAIN-2364,MED-4707,25.74
cross-encoder,PLAIN-2364,MED-2721,18.37
cross-encoder,PLAIN-2364,MED-4261,22.83
cross-encoder,PLAIN-2364,MED-4291,21.99
cross-encoder,PLAIN-2364,MED-2718,21.69
cross-encoder,PLAIN-2364,MED-2595,23.13
cross-encoder,PLAIN-2364,MED-1807,17.94
cross-encoder,PLAIN-2364,MED-3751,25.16
cross-encoder,PLAIN-2364,MED-4152,19.81
cross-encoder,PLAIN-2364,MED-5230,18.08
cross-encoder,PLAIN-2364,MED-2717,21.23
cross-encoder,PLAIN-2364,MED-1327,23.74
cross-encoder,PLAIN-2364,MED-5284,17.0
cross-encoder,PLAIN-2364,MED-4758,22.74
cross-encoder,PLAIN-2364,MED-2592,22.53
cross-encoder,PLAIN-2364,MED-4732,30.21
cross-encoder,PLAIN-2364,MED-5323,23.14
cross-encoder,PLAIN-2364,MED-4292,21.14
cross-encoder,PLAIN-2375,MED-10,20.28
cross-encoder,PLAIN-2375,MED-14,21.79
cross-encoder,PLAIN-2375,MED-118,28.33
cross-encoder,PLAIN-2375,MED-301,18.64
cross-encoder,PLAIN-2375,MED-306,25.41
cross-encoder,PLAIN-2375,MED-329,23.99
cross-encoder,PLAIN-2375,MED-330,21.24
cross-encoder,PLAIN-2375,MED-332,19.62
cross-encoder,PLAIN-2375,MED-334,20.38
cross-encoder,PLAIN-2375,MED-335,24.9
cross-encoder,PLAIN-2375,MED-398,25.76
cross-encoder,PLAIN-2375,MED-557,26.7
cross-encoder,PLAIN-2375,MED-666,20.04
cross-encoder,PLAIN-2375,MED-691,22.23
cross-encoder,PLAIN-2375,MED-692,19.24
cross-encoder,PLAIN-2375,MED-702,23.99
cross-encoder,PLAIN-2375,MED-706,26.7
cross-encoder,PLAIN-2375,MED-707,22.4
cross-encoder,PLAIN-2375,MED-708,24.19
cross-encoder,PLAIN-2375,MED-709,27.4
cross-encoder,PLAIN-2386,MED-2346,23.95
cross-encoder,PLAIN-2386,MED-2510,18.69
cross-encoder,PLAIN-2386,MED-1724,27.14
cross-encoder,PLAIN-2386,MED-10,24.1
cross-encoder,PLAIN-2386,MED-14,23.89
cross-encoder,PLAIN-2386,MED-118,21.67
cross-encoder,PLAIN-2386,MED-301,17.13
cross-encoder,PLAIN-2386,MED-306,21.66
cross-encoder,PLAIN-2386,MED-329,19.03
cross-encoder,PLAIN-2386,MED-330,25.14
cross-encoder,PLAIN-2386,MED-332,20.61
cross-encoder,PLAIN-2386,MED-334,20.09
cross-encoder,PLAIN-2386,MED-335,23.97
cross-encoder,PLAIN-2386,MED-398,22.59
cross-encoder,PLAIN-2386,MED-557,32.89
cross-encoder,PLAIN-2386,MED-666,22.33
cross-encoder,PLAIN-2386,MED-691,20.2
cross-encoder,PLAIN-2386,MED-692,18.8
cross-encoder,PLAIN-2386,MED-702,26.53
cross-encoder,PLAIN-2386,MED-706,22.95
cross-encoder,PLAIN-2396,MED-10,21.88
cross-encoder,PLAIN-2396,MED-14,20.32
cross-encoder,PLAIN-2396,MED-118,21.14
cross-encoder,PLAIN-2396,MED-301,17.7
cross-encoder,PLAIN-2396,MED-306,19.92
cross-encoder,PLAIN-2396,MED-329,21.29
cross-encoder,PLAIN-2396,MED-330,22.5
cross-encoder,PLAIN-2396,MED-332,17.68
cross-encoder,PLAIN-2396,MED-334,20.41
cross-encoder,PLAIN-2396,MED-335,24.65
cross-encoder,PLAIN-2396,MED-398,20.35
cross-encoder,PLAIN-2396,MED-557,19.16
cross-encoder,PLAIN-2396,MED-666,22.27
cross-encoder,PLAIN-2396,MED-691,21.84
cross-encoder,PLAIN-2396,MED-692,24.61
cross-encoder,PLAIN-2396,MED-702,30.24
cross-encoder,PLAIN-2396,MED-706,29.33
cross-encoder,PLAIN-2396,MED-707,27.11
cross-encoder,PLAIN-2396,MED-708,28.99
cross-encoder,PLAIN-2396,MED-709,21.81
cross-encoder,PLAIN-2408,MED-10,23.45
cross-encoder,PLAIN-2408,MED-14,24.27
cross-encoder,PLAIN-2408,MED-118,27.2
cross-encoder,PLAIN-2408,MED-301,20.28
cross-encoder,PLAIN-2408,MED-306,24.58
cross-encoder,PLAIN-2408,MED-329,23.47
cross-encoder,PLAIN-2408,MED-330,23.73
cross-encoder,PLAIN-2408,MED-332,23.43
cross-encoder,PLAIN-2408,MED-334,25.42
cross-encoder,PLAIN-2408,MED-335,25.61
cross-encoder,PLAIN-2408,MED-398,25.59
cross-encoder,PLAIN-2408,MED-557,30.41
cross-encoder,PLAIN-2408,MED-666,26.74
cross-encoder,PLAIN-2408,MED-691,25.19
cross-encoder,PLAIN-2408,MED-692,23.65
cross-encoder,PLAIN-2408,MED-702,24.27
cross-encoder,PLAIN-2408,MED-706,21.32
cross-encoder,PLAIN-2408,MED-707,31.05
cross-encoder,PLAIN-2408,MED-708,34.48
cross-encoder,PLAIN-2408,MED-709,20.59
cross-encoder,PLAIN-2430,MED-994,23.79
cross-encoder,PLAIN-2430,MED-980,25.84
cross-encoder,PLAIN-2430,MED-5034,28.19
cross-encoder,PLAIN-2430,MED-1505,23.34
cross-encoder,PLAIN-2430,MED-4872,22.47
cross-encoder,PLAIN-2430,MED-986,26.83
cross-encoder,PLAIN-2430,MED-1435,29.47
cross-encoder,PLAIN-2430,MED-3534,23.88
cross-encoder,PLAIN-2430,MED-3546,25.35
cross-encoder,PLAIN-2430,MED-3550,25.56
cross-encoder,PLAIN-2430,MED-1528,27.45
cross-encoder,PLAIN-2430,MED-4030,17.02
cross-encoder,PLAIN-2430,MED-3785,19.96
cross-encoder,PLAIN-2430,MED-3452,28.31
cross-encoder,PLAIN-2430,MED-4292,26.91
cross-encoder,PLAIN-2430,MED-4724,16.81
cross-encoder,PLAIN-2430,MED-3878,28.18
cross-encoder,PLAIN-2430,MED-1740,20.17
cross-encoder,PLAIN-2430,MED-2022,19.44
cross-encoder,PLAIN-2430,MED-3730,33.57
cross-encoder,PLAIN-2440,MED-1792,30.31
cross-encoder,PLAIN-2440,MED-5019,28.66
cross-encoder,PLAIN-2440,MED-3744,27.82
cross-encoder,PLAIN-2440,MED-2188,30.49
cross-encoder,PLAIN-2440,MED-2786,28.49
cross-encoder,PLAIN-2440,MED-5082,28.65
cross-encoder,PLAIN-2440,MED-4267,30.29
cross-encoder,PLAIN-2440,MED-3908,25.1
cross-encoder,PLAIN-2440,MED-3206,29.07
cross-encoder,PLAIN-2440,MED-941,24.9
cross-encoder,PLAIN-2440,MED-4090,18.49
cross-encoder,PLAIN-2440,MED-4862,30.11
cross-encoder,PLAIN-2440,MED-4089,24.6
cross-encoder,PLAIN-2440,MED-4926,21.98
cross-encoder,PLAIN-2440,MED-2997,12.52
cross-encoder,PLAIN-2440,MED-5031,24.16
cross-encoder,PLAIN-2440,MED-942,20.86
cross-encoder,PLAIN-2440,MED-3249,16.99
cross-encoder,PLAIN-2440,MED-1053,23.45
cross-encoder,PLAIN-2440,MED-2099,28.09
cross-encoder,PLAIN-2450,MED-1178,26.7
cross-encoder,PLAIN-2450,MED-1179,17.36
cross-encoder,PLAIN-2450,MED-1140,22.72
cross-encoder,PLAIN-2450,MED-1173,22.98
cross-encoder,PLAIN-2450,MED-1181,27.14
cross-encoder,PLAIN-2450,MED-1144,21.42
cross-encoder,PLAIN-2450,MED-1151,18.59
cross-encoder,PLAIN-2450,MED-2490,27.19
cross-encoder,PLAIN-2450,MED-1162,18.23
cross-encoder,PLAIN-2450,MED-1182,20.46
cross-encoder,PLAIN-2450,MED-1149,22.73
cross-encoder,PLAIN-2450,MED-1150,22.95
cross-encoder,PLAIN-2450,MED-1164,22.19
cross-encoder,PLAIN-2450,MED-1793,26.72
cross-encoder,PLAIN-2450,MED-2618,22.31
cross-encoder,PLAIN-2450,MED-1147,26.41
cross-encoder,PLAIN-2450,MED-3889,30.04
cross-encoder,PLAIN-2450,MED-1148,20.16
cross-encoder,PLAIN-2450,MED-1169,25.87
cross-encoder,PLAIN-2450,MED-2738,27.38
cross-encoder,PLAIN-2460,MED-1864,27.68
cross-encoder,PLAIN-2460,MED-1672,27.03
cross-encoder,PLAIN-2460,MED-1681,26.65
cross-encoder,PLAIN-2460,MED-1236,24.96
cross-encoder,PLAIN-2460,MED-4790,25.21
cross-encoder,PLAIN-2460,MED-1843,23.95
cross-encoder,PLAIN-2460,MED-1731,23.59
cross-encoder,PLAIN-2460,MED-5316,24.1
cross-encoder,PLAIN-2460,MED-2579,23.59
cross-encoder,PLAIN-2460,MED-1062,26.85
cross-encoder,PLAIN-2460,MED-5228,23.33
cross-encoder,PLAIN-2460,MED-2973,21.38
cross-encoder,PLAIN-2460,MED-1468,24.2
cross-encoder,PLAIN-2460,MED-5286,23.84
cross-encoder,PLAIN-2460,MED-3791,21.3
cross-encoder,PLAIN-2460,MED-4664,19.22
cross-encoder,PLAIN-2460,MED-5229,23.55
cross-encoder,PLAIN-2460,MED-721,29.95
cross-encoder,PLAIN-2460,MED-2405,24.34
cross-encoder,PLAIN-2460,MED-5281,19.99
cross-encoder,PLAIN-2470,MED-4897,25.44
cross-encoder,PLAIN-2470,MED-4396,25.18
cross-encoder,PLAIN-2470,MED-1337,22.69
cross-encoder,PLAIN-2470,MED-4839,19.51
cross-encoder,PLAIN-2470,MED-1366,20.5
cross-encoder,PLAIN-2470,MED-5189,28.98
cross-encoder,PLAIN-2470,MED-2771,16.78
cross-encoder,PLAIN-2470,MED-1229,30.43
cross-encoder,PLAIN-2470,MED-2123,28.26
cross-encoder,PLAIN-2470,MED-4782,25.33
cross-encoder,PLAIN-2470,MED-1709,23.23
cross-encoder,PLAIN-2470,MED-2917,23.18
cross-encoder,PLAIN-2470,MED-1770,24.74
cross-encoder,PLAIN-2470,MED-906,27.38
cross-encoder,PLAIN-2470,MED-1768,25.99
cross-encoder,PLAIN-2470,MED-1352,24.65
cross-encoder,PLAIN-2470,MED-4560,27.18
cross-encoder,PLAIN-2470,MED-2126,27.2
cross-encoder,PLAIN-2470,MED-2056,27.76
cross-encoder,PLAIN-2470,MED-335,27.16
cross-encoder,PLAIN-2480,MED-1039,21.42
cross-encoder,PLAIN-2480,MED-2811,28.53
cross-encoder,PLAIN-2480,MED-3964,25.03
cross-encoder,PLAIN-2480,MED-2782,30.24
cross-encoder,PLAIN-2480,MED-1184,24.32
cross-encoder,PLAIN-2480,MED-3970,28.59
cross-encoder,PLAIN-2480,MED-1187,27.08
cross-encoder,PLAIN-2480,MED-1582,26.89
cross-encoder,PLAIN-2480,MED-4628,27.67
cross-encoder,PLAIN-2480,MED-1421,27.34
cross-encoder,PLAIN-2480,MED-1576,26.56
cross-encoder,PLAIN-2480,MED-2809,28.39
cross-encoder,PLAIN-2480,MED-1188,19.6
cross-encoder,PLAIN-2480,MED-3694,27.22
cross-encoder,PLAIN-2480,MED-1418,25.2
cross-encoder,PLAIN-2480,MED-3496,20.87
cross-encoder,PLAIN-2480,MED-5204,20.74
cross-encoder,PLAIN-2480,MED-2359,28.89
cross-encoder,PLAIN-2480,MED-1575,25.67
cross-encoder,PLAIN-2480,MED-1215,30.09
cross-encoder,PLAIN-2490,MED-1490,26.4
cross-encoder,PLAIN-2490,MED-1488,24.27
cross-encoder,PLAIN-2490,MED-1354,26.39
cross-encoder,PLAIN-2490,MED-3089,16.85
cross-encoder,PLAIN-2490,MED-1486,17.02
cross-encoder,PLAIN-2490,MED-1192,19.3
cross-encoder,PLAIN-2490,MED-557,23.18
cross-encoder,PLAIN-2490,MED-3055,20.67
cross-encoder,PLAIN-2490,MED-1555,18.91
cross-encoder,PLAIN-2490,MED-3728,27.15
cross-encoder,PLAIN-2490,MED-4744,24.32
cross-encoder,PLAIN-2490,MED-1789,26.18
cross-encoder,PLAIN-2490,MED-1487,21.8
cross-encoder,PLAIN-2490,MED-4911,25.15
cross-encoder,PLAIN-2490,MED-2518,11.5
cross-encoder,PLAIN-2490,MED-4994,24.39
cross-encoder,PLAIN-2490,MED-4369,23.45
cross-encoder,PLAIN-2490,MED-4631,26.43
cross-encoder,PLAIN-2490,MED-3931,27.0
cross-encoder,PLAIN-2490,MED-4127,25.74
cross-encoder,PLAIN-2500,MED-1556,25.42
cross-encoder,PLAIN-2500,MED-1781,22.0
cross-encoder,PLAIN-2500,MED-1063,23.26
cross-encoder,PLAIN-2500,MED-1873,24.11
cross-encoder,PLAIN-2500,MED-1366,21.3
cross-encoder,PLAIN-2500,MED-5267,23.5
cross-encoder,PLAIN-2500,MED-1498,22.84
cross-encoder,PLAIN-2500,MED-4556,25.35
cross-encoder,PLAIN-2500,MED-1454,19.99
cross-encoder,PLAIN-2500,MED-5014,24.96
cross-encoder,PLAIN-2500,MED-1557,29.13
cross-encoder,PLAIN-2500,MED-4154,25.17
cross-encoder,PLAIN-2500,MED-5366,26.28
cross-encoder,PLAIN-2500,MED-4450,24.62
cross-encoder,PLAIN-2500,MED-4005,26.63
cross-encoder,PLAIN-2500,MED-1558,22.33
cross-encoder,PLAIN-2500,MED-963,26.18
cross-encoder,PLAIN-2500,MED-3586,25.43
cross-encoder,PLAIN-2500,MED-5235,22.59
cross-encoder,PLAIN-2500,MED-2753,21.69
cross-encoder,PLAIN-2510,MED-1648,27.94
cross-encoder,PLAIN-2510,MED-1640,28.87
cross-encoder,PLAIN-2510,MED-1642,33.46
cross-encoder,PLAIN-2510,MED-878,30.78
cross-encoder,PLAIN-2510,MED-1639,30.0
cross-encoder,PLAIN-2510,MED-1649,26.57
cross-encoder,PLAIN-2510,MED-5278,24.63
cross-encoder,PLAIN-2510,MED-1645,28.09
cross-encoder,PLAIN-2510,MED-1638,28.89
cross-encoder,PLAIN-2510,MED-1643,20.14
cross-encoder,PLAIN-2510,MED-3250,29.0
cross-encoder,PLAIN-2510,MED-5266,28.06
cross-encoder,PLAIN-2510,MED-1647,27.44
cross-encoder,PLAIN-2510,MED-5013,33.67
cross-encoder,PLAIN-2510,MED-3426,28.5
cross-encoder,PLAIN-2510,MED-2939,29.53
cross-encoder,PLAIN-2510,MED-2591,28.86
cross-encoder,PLAIN-2510,MED-3428,21.18
cross-encoder,PLAIN-2510,MED-5279,30.21
cross-encoder,PLAIN-2510,MED-5330,23.29
cross-encoder,PLAIN-2520,MED-3273,21.36
cross-encoder,PLAIN-2520,MED-4996,27.75
cross-encoder,PLAIN-2520,MED-5335,24.42
cross-encoder,PLAIN-2520,MED-2138,22.89
cross-encoder,PLAIN-2520,MED-2519,27.35
cross-encoder,PLAIN-2520,MED-4831,23.0
cross-encoder,PLAIN-2520,MED-1991,24.74
cross-encoder,PLAIN-2520,MED-2506,25.61
cross-encoder,PLAIN-2520,MED-3201,27.3
cross-encoder,PLAIN-2520,MED-1997,23.34
cross-encoder,PLAIN-2520,MED-4469,24.6
cross-encoder,PLAIN-2520,MED-1874,26.26
cross-encoder,PLAIN-2520,MED-2432,29.13
cross-encoder,PLAIN-2520,MED-2502,21.42
cross-encoder,PLAIN-2520,MED-3931,25.77
cross-encoder,PLAIN-2520,MED-2510,21.71
cross-encoder,PLAIN-2520,MED-4389,18.92
cross-encoder,PLAIN-2520,MED-4515,30.69
cross-encoder,PLAIN-2520,MED-1617,20.89
cross-encoder,PLAIN-2520,MED-4984,24.73
cross-encoder,PLAIN-2530,MED-1804,29.42
cross-encoder,PLAIN-2530,MED-1808,31.98
cross-encoder,PLAIN-2530,MED-1798,25.02
cross-encoder,PLAIN-2530,MED-1803,21.37
cross-encoder,PLAIN-2530,MED-1799,27.23
cross-encoder,PLAIN-2530,MED-4768,27.76
cross-encoder,PLAIN-2530,MED-1800,19.8
cross-encoder,PLAIN-2530,MED-1796,19.63
cross-encoder,PLAIN-2530,MED-4766,25.08
cross-encoder,PLAIN-2530,MED-4769,19.65
cross-encoder,PLAIN-2530,MED-1810,30.72
cross-encoder,PLAIN-2530,MED-4767,29.81
cross-encoder,PLAIN-2530,MED-1991,25.05
cross-encoder,PLAIN-2530,MED-1997,26.02
cross-encoder,PLAIN-2530,MED-2126,26.46
cross-encoder,PLAIN-2530,MED-1806,28.36
cross-encoder,PLAIN-2530,MED-5141,19.17
cross-encoder,PLAIN-2530,MED-1175,26.15
cross-encoder,PLAIN-2530,MED-1996,28.42
cross-encoder,PLAIN-2530,MED-1994,25.55
cross-encoder,PLAIN-2540,MED-1886,31.55
cross-encoder,PLAIN-2540,MED-4831,23.88
cross-encoder,PLAIN-2540,MED-990,24.47
cross-encoder,PLAIN-2540,MED-2098,19.76
cross-encoder,PLAIN-2540,MED-2020,26.93
cross-encoder,PLAIN-2540,MED-4840,17.4
cross-encoder,PLAIN-2540,MED-3619,19.93
cross-encoder,PLAIN-2540,MED-1435,23.12
cross-encoder,PLAIN-2540,MED-3198,18.81
cross-encoder,PLAIN-2540,MED-3088,18.09
cross-encoder,PLAIN-2540,MED-1884,20.24
cross-encoder,PLAIN-2540,MED-4510,24.36
cross-encoder,PLAIN-2540,MED-4509,23.46
cross-encoder,PLAIN-2540,MED-2525,26.29
cross-encoder,PLAIN-2540,MED-3025,21.89
cross-encoder,PLAIN-2540,MED-4706,26.12
cross-encoder,PLAIN-2540,MED-927,30.05
cross-encoder,PLAIN-2540,MED-4560,29.28
cross-encoder,PLAIN-2540,MED-1205,24.54
cross-encoder,PLAIN-2540,MED-2372,21.83
cross-encoder,PLAIN-2550,MED-728,21.63
cross-encoder,PLAIN-2550,MED-2301,20.72
cross-encoder,PLAIN-2550,MED-3718,18.14
cross-encoder,PLAIN-2550,MED-1545,17.82
cross-encoder,PLAIN-2550,MED-2527,22.23
cross-encoder,PLAIN-2550,MED-4598,21.66
cross-encoder,PLAIN-2550,MED-4673,22.74
cross-encoder,PLAIN-2550,MED-4496,27.35
cross-encoder,PLAIN-2550,MED-2525,18.54
cross-encoder,PLAIN-2550,MED-1548,20.31
cross-encoder,PLAIN-2550,MED-1851,25.12
cross-encoder,PLAIN-2550,MED-5331,23.24
cross-encoder,PLAIN-2550,MED-3689,18.89
cross-encoder,PLAIN-2550,MED-1398,22.38
cross-encoder,PLAIN-2550,MED-2924,14.99
cross-encoder,PLAIN-2550,MED-1691,21.19
cross-encoder,PLAIN-2550,MED-1429,28.34
cross-encoder,PLAIN-2550,MED-1366,19.63
cross-encoder,PLAIN-2550,MED-1395,20.24
cross-encoder,PLAIN-2550,MED-3108,23.22
cross-encoder,PLAIN-2560,MED-2057,26.95
cross-encoder,PLAIN-2560,MED-2055,28.58
cross-encoder,PLAIN-2560,MED-2053,21.65
cross-encoder,PLAIN-2560,MED-2060,25.23
cross-encoder,PLAIN-2560,MED-1223,21.03
cross-encoder,PLAIN-2560,MED-2061,27.51
cross-encoder,PLAIN-2560,MED-2059,28.36
cross-encoder,PLAIN-2560,MED-2126,26.38
cross-encoder,PLAIN-2560,MED-2062,23.81
cross-encoder,PLAIN-2560,MED-900,21.33
cross-encoder,PLAIN-2560,MED-901,25.5
cross-encoder,PLAIN-2560,MED-2136,23.31
cross-encoder,PLAIN-2560,MED-4753,20.55
cross-encoder,PLAIN-2560,MED-2056,20.0
cross-encoder,PLAIN-2560,MED-4882,23.8
cross-encoder,PLAIN-2560,MED-4897,28.12
cross-encoder,PLAIN-2560,MED-2115,22.27
cross-encoder,PLAIN-2560,MED-5005,24.44
cross-encoder,PLAIN-2560,MED-2054,23.73
cross-encoder,PLAIN-2560,MED-2058,22.14
cross-encoder,PLAIN-2570,MED-1248,21.73
cross-encoder,PLAIN-2570,MED-2145,28.54
cross-encoder,PLAIN-2570,MED-2148,46.0
cross-encoder,PLAIN-2570,MED-2009,28.43
cross-encoder,PLAIN-2570,MED-4320,25.8
cross-encoder,PLAIN-2570,MED-3583,27.89
cross-encoder,PLAIN-2570,MED-5054,24.89
cross-encoder,PLAIN-2570,MED-2742,20.55
cross-encoder,PLAIN-2570,MED-4772,30.87
cross-encoder,PLAIN-2570,MED-4232,19.36
cross-encoder,PLAIN-2570,MED-1588,24.5
cross-encoder,PLAIN-2570,MED-4127,20.0
cross-encoder,PLAIN-2570,MED-2231,25.55
cross-encoder,PLAIN-2570,MED-3733,37.34
cross-encoder,PLAIN-2570,MED-2292,25.26
cross-encoder,PLAIN-2570,MED-2388,22.41
cross-encoder,PLAIN-2570,MED-1490,21.16
cross-encoder,PLAIN-2570,MED-2284,22.97
cross-encoder,PLAIN-2570,MED-4372,19.72
cross-encoder,PLAIN-2570,MED-4975,20.47
cross-encoder,PLAIN-2580,MED-2220,17.1
cross-encoder,PLAIN-2580,MED-1351,21.15
cross-encoder,PLAIN-2580,MED-2725,24.13
cross-encoder,PLAIN-2580,MED-2201,24.71
cross-encoder,PLAIN-2580,MED-3487,19.5
cross-encoder,PLAIN-2580,MED-823,24.17
cross-encoder,PLAIN-2580,MED-2295,19.84
cross-encoder,PLAIN-2580,MED-2112,17.12
cross-encoder,PLAIN-2580,MED-4599,22.04
cross-encoder,PLAIN-2580,MED-4674,22.3
cross-encoder,PLAIN-2580,MED-3726,23.51
cross-encoder,PLAIN-2580,MED-3908,22.6
cross-encoder,PLAIN-2580,MED-4602,18.86
cross-encoder,PLAIN-2580,MED-1773,22.9
cross-encoder,PLAIN-2580,MED-3754,19.81
cross-encoder,PLAIN-2580,MED-3896,26.27
cross-encoder,PLAIN-2580,MED-1478,24.34
cross-encoder,PLAIN-2580,MED-5156,23.22
cross-encoder,PLAIN-2580,MED-2288,21.99
cross-encoder,PLAIN-2580,MED-4281,21.32
cross-encoder,PLAIN-2590,MED-5226,22.17
cross-encoder,PLAIN-2590,MED-934,11.28
cross-encoder,PLAIN-2590,MED-4163,22.39
cross-encoder,PLAIN-2590,MED-1540,25.55
cross-encoder,PLAIN-2590,MED-5204,26.72
cross-encoder,PLAIN-2590,MED-2939,29.46
cross-encoder,PLAIN-2590,MED-5325,23.63
cross-encoder,PLAIN-2590,MED-5198,29.37
cross-encoder,PLAIN-2590,MED-1135,24.22
cross-encoder,PLAIN-2590,MED-4600,15.24
cross-encoder,PLAIN-2590,MED-1613,25.34
cross-encoder,PLAIN-2590,MED-2294,22.08
cross-encoder,PLAIN-2590,MED-3557,24.44
cross-encoder,PLAIN-2590,MED-1723,29.62
cross-encoder,PLAIN-2590,MED-2001,18.83
cross-encoder,PLAIN-2590,MED-5340,13.8
cross-encoder,PLAIN-2590,MED-972,17.87
cross-encoder,PLAIN-2590,MED-3832,24.11
cross-encoder,PLAIN-2590,MED-3236,26.27
cross-encoder,PLAIN-2590,MED-1058,15.85
cross-encoder,PLAIN-2600,MED-2939,27.46
cross-encoder,PLAIN-2600,MED-4520,24.32
cross-encoder,PLAIN-2600,MED-877,29.25
cross-encoder,PLAIN-2600,MED-967,17.07
cross-encoder,PLAIN-2600,MED-2371,24.82
cross-encoder,PLAIN-2600,MED-1516,23.84
cross-encoder,PLAIN-2600,MED-2946,27.25
cross-encoder,PLAIN-2600,MED-4324,23.05
cross-encoder,PLAIN-2600,MED-5330,23.62
cross-encoder,PLAIN-2600,MED-2697,29.03
cross-encoder,PLAIN-2600,MED-963,26.76
cross-encoder,PLAIN-2600,MED-4175,34.96
cross-encoder,PLAIN-2600,MED-1030,22.04
cross-encoder,PLAIN-2600,MED-4666,28.04
cross-encoder,PLAIN-2600,MED-4429,21.86
cross-encoder,PLAIN-2600,MED-1701,22.3
cross-encoder,PLAIN-2600,MED-1889,28.15
cross-encoder,PLAIN-2600,MED-3790,18.49
cross-encoder,PLAIN-2600,MED-880,23.11
cross-encoder,PLAIN-2600,MED-5266,26.55
cross-encoder,PLAIN-2610,MED-2452,27.04
cross-encoder,PLAIN-2610,MED-2655,22.99
cross-encoder,PLAIN-2610,MED-5072,29.74
cross-encoder,PLAIN-2610,MED-2460,26.24
cross-encoder,PLAIN-2610,MED-5083,25.28
cross-encoder,PLAIN-2610,MED-2951,26.42
cross-encoder,PLAIN-2610,MED-4689,21.17
cross-encoder,PLAIN-2610,MED-5136,20.85
cross-encoder,PLAIN-2610,MED-947,22.02
cross-encoder,PLAIN-2610,MED-3150,19.4
cross-encoder,PLAIN-2610,MED-2464,28.08
cross-encoder,PLAIN-2610,MED-901,25.78
cross-encoder,PLAIN-2610,MED-2461,29.77
cross-encoder,PLAIN-2610,MED-895,26.09
cross-encoder,PLAIN-2610,MED-1833,26.06
cross-encoder,PLAIN-2610,MED-844,20.31
cross-encoder,PLAIN-2610,MED-3682,28.0
cross-encoder,PLAIN-2610,MED-2646,24.41
cross-encoder,PLAIN-2610,MED-2482,23.56
cross-encoder,PLAIN-2610,MED-2484,17.02
cross-encoder,PLAIN-2620,MED-2988,27.69
cross-encoder,PLAIN-2620,MED-4328,22.07
cross-encoder,PLAIN-2620,MED-3271,24.59
cross-encoder,PLAIN-2620,MED-3844,27.06
cross-encoder,PLAIN-2620,MED-2983,30.64
cross-encoder,PLAIN-2620,MED-3551,22.71
cross-encoder,PLAIN-2620,MED-4224,22.9
cross-encoder,PLAIN-2620,MED-1611,22.25
cross-encoder,PLAIN-2620,MED-865,17.79
cross-encoder,PLAIN-2620,MED-3747,25.92
cross-encoder,PLAIN-2620,MED-1314,26.01
cross-encoder,PLAIN-2620,MED-3272,22.52
cross-encoder,PLAIN-2620,MED-2435,20.72
cross-encoder,PLAIN-2620,MED-3550,23.2
cross-encoder,PLAIN-2620,MED-4650,24.79
cross-encoder,PLAIN-2620,MED-3795,27.3
cross-encoder,PLAIN-2620,MED-2239,28.02
cross-encoder,PLAIN-2620,MED-2507,24.48
cross-encoder,PLAIN-2620,MED-4460,20.78
cross-encoder,PLAIN-2620,MED-1718,19.63
cross-encoder,PLAIN-2630,MED-2643,18.19
cross-encoder,PLAIN-2630,MED-2650,18.92
cross-encoder,PLAIN-2630,MED-1763,23.12
cross-encoder,PLAIN-2630,MED-5323,23.21
cross-encoder,PLAIN-2630,MED-2644,21.43
cross-encoder,PLAIN-2630,MED-1777,20.79
cross-encoder,PLAIN-2630,MED-3703,24.64
cross-encoder,PLAIN-2630,MED-1003,30.17
cross-encoder,PLAIN-2630,MED-5167,27.23
cross-encoder,PLAIN-2630,MED-1100,28.4
cross-encoder,PLAIN-2630,MED-2341,33.11
cross-encoder,PLAIN-2630,MED-1099,16.63
cross-encoder,PLAIN-2630,MED-2652,25.74
cross-encoder,PLAIN-2630,MED-4728,26.05
cross-encoder,PLAIN-2630,MED-919,19.37
cross-encoder,PLAIN-2630,MED-2646,25.58
cross-encoder,PLAIN-2630,MED-2087,27.04
cross-encoder,PLAIN-2630,MED-2627,23.09
cross-encoder,PLAIN-2630,MED-2658,20.62
cross-encoder,PLAIN-2630,MED-2426,20.71
cross-encoder,PLAIN-2640,MED-2745,24.92
cross-encoder,PLAIN-2640,MED-2743,24.13
cross-encoder,PLAIN-2640,MED-3882,26.32
cross-encoder,PLAIN-2640,MED-4429,23.3
cross-encoder,PLAIN-2640,MED-3892,21.2
cross-encoder,PLAIN-2640,MED-3880,21.43
cross-encoder,PLAIN-2640,MED-2741,19.48
cross-encoder,PLAIN-2640,MED-4354,17.87
cross-encoder,PLAIN-2640,MED-2339,25.06
cross-encoder,PLAIN-2640,MED-3651,16.28
cross-encoder,PLAIN-2640,MED-4800,19.66
cross-encoder,PLAIN-2640,MED-2991,15.45
cross-encoder,PLAIN-2640,MED-3889,24.38
cross-encoder,PLAIN-2640,MED-4626,23.58
cross-encoder,PLAIN-2640,MED-3499,26.76
cross-encoder,PLAIN-2640,MED-2492,20.67
cross-encoder,PLAIN-2640,MED-2168,31.74
cross-encoder,PLAIN-2640,MED-1114,27.78
cross-encoder,PLAIN-2640,MED-4426,25.24
cross-encoder,PLAIN-2640,MED-2671,27.24
cross-encoder,PLAIN-2650,MED-2800,19.95
cross-encoder,PLAIN-2650,MED-2819,25.7
cross-encoder,PLAIN-2650,MED-2788,22.05
cross-encoder,PLAIN-2650,MED-2825,22.07
cross-encoder,PLAIN-2650,MED-2794,19.54
cross-encoder,PLAIN-2650,MED-2831,26.24
cross-encoder,PLAIN-2650,MED-2801,27.97
cross-encoder,PLAIN-2650,MED-2783,29.51
cross-encoder,PLAIN-2650,MED-2807,29.39
cross-encoder,PLAIN-2650,MED-2817,21.8
cross-encoder,PLAIN-2650,MED-2786,23.15
cross-encoder,PLAIN-2650,MED-2803,26.5
cross-encoder,PLAIN-2650,MED-2813,36.08
cross-encoder,PLAIN-2650,MED-2810,27.7
cross-encoder,PLAIN-2650,MED-2815,19.38
cross-encoder,PLAIN-2650,MED-2243,18.55
cross-encoder,PLAIN-2650,MED-2606,20.3
cross-encoder,PLAIN-2650,MED-4999,31.52
cross-encoder,PLAIN-2650,MED-2811,23.77
cross-encoder,PLAIN-2650,MED-2820,25.32
cross-encoder,PLAIN-2660,MED-4465,21.22
cross-encoder,PLAIN-2660,MED-5097,17.03
cross-encoder,PLAIN-2660,MED-4376,24.75
cross-encoder,PLAIN-2660,MED-3012,25.37
cross-encoder,PLAIN-2660,MED-1955,24.99
cross-encoder,PLAIN-2660,MED-5099,23.26
cross-encoder,PLAIN-2660,MED-3625,13.55
cross-encoder,PLAIN-2660,MED-4678,27.14
cross-encoder,PLAIN-2660,MED-2907,17.36
cross-encoder,PLAIN-2660,MED-3029,16.78
cross-encoder,PLAIN-2660,MED-839,22.1
cross-encoder,PLAIN-2660,MED-5098,23.45
cross-encoder,PLAIN-2660,MED-1586,23.23
cross-encoder,PLAIN-2660,MED-5368,29.0
cross-encoder,PLAIN-2660,MED-4954,26.34
cross-encoder,PLAIN-2660,MED-4369,18.82
cross-encoder,PLAIN-2660,MED-2751,18.68
cross-encoder,PLAIN-2660,MED-4038,23.23
cross-encoder,PLAIN-2660,MED-4181,25.97
cross-encoder,PLAIN-2660,MED-4490,28.15
cross-encoder,PLAIN-2670,MED-2994,14.44
cross-encoder,PLAIN-2670,MED-4974,28.71
cross-encoder,PLAIN-2670,MED-3359,18.6
cross-encoder,PLAIN-2670,MED-1605,20.84
cross-encoder,PLAIN-2670,MED-4659,18.32
cross-encoder,PLAIN-2670,MED-4418,23.63
cross-encoder,PLAIN-2670,MED-4493,25.86
cross-encoder,PLAIN-2670,MED-2899,24.19
cross-encoder,PLAIN-2670,MED-4859,22.62
cross-encoder,PLAIN-2670,MED-3351,17.77
cross-encoder,PLAIN-2670,MED-3348,21.53
cross-encoder,PLAIN-2670,MED-4524,27.38
cross-encoder,PLAIN-2670,MED-2794,27.71
cross-encoder,PLAIN-2670,MED-4451,20.61
cross-encoder,PLAIN-2670,MED-2704,20.73
cross-encoder,PLAIN-2670,MED-2627,23.52
cross-encoder,PLAIN-2670,MED-2993,28.77
cross-encoder,PLAIN-2670,MED-3619,21.35
cross-encoder,PLAIN-2670,MED-2678,25.09
cross-encoder,PLAIN-2670,MED-4022,23.26
cross-encoder,PLAIN-2680,MED-1961,22.1
cross-encoder,PLAIN-2680,MED-3100,25.19
cross-encoder,PLAIN-2680,MED-2495,26.18
cross-encoder,PLAIN-2680,MED-3102,19.91
cross-encoder,PLAIN-2680,MED-2388,23.98
cross-encoder,PLAIN-2680,MED-2497,25.64
cross-encoder,PLAIN-2680,MED-1962,23.83
cross-encoder,PLAIN-2680,MED-5102,27.84
cross-encoder,PLAIN-2680,MED-4940,29.58
cross-encoder,PLAIN-2680,MED-3451,24.18
cross-encoder,PLAIN-2680,MED-4735,27.52
cross-encoder,PLAIN-2680,MED-5105,25.44
cross-encoder,PLAIN-2680,MED-4437,30.37
cross-encoder,PLAIN-2680,MED-3112,24.34
cross-encoder,PLAIN-2680,MED-5310,26.3
cross-encoder,PLAIN-2680,MED-1098,23.38
cross-encoder,PLAIN-2680,MED-1142,26.28
cross-encoder,PLAIN-2680,MED-1958,31.53
cross-encoder,PLAIN-2680,MED-3232,22.14
cross-encoder,PLAIN-2680,MED-4234,23.81
cross-encoder,PLAIN-2690,MED-3515,15.31
cross-encoder,PLAIN-2690,MED-3288,19.44
cross-encoder,PLAIN-2690,MED-2341,24.04
cross-encoder,PLAIN-2690,MED-4818,17.22
cross-encoder,PLAIN-2690,MED-1979,17.94
cross-encoder,PLAIN-2690,MED-1983,23.71
cross-encoder,PLAIN-2690,MED-2352,29.65
cross-encoder,PLAIN-2690,MED-1610,27.22
cross-encoder,PLAIN-2690,MED-4593,28.33
cross-encoder,PLAIN-2690,MED-3891,33.34
cross-encoder,PLAIN-2690,MED-2340,21.72
cross-encoder,PLAIN-2690,MED-4814,28.41
cross-encoder,PLAIN-2690,MED-4803,17.39
cross-encoder,PLAIN-2690,MED-2678,26.11
cross-encoder,PLAIN-2690,MED-4357,28.37
cross-encoder,PLAIN-2690,MED-4808,29.27
cross-encoder,PLAIN-2690,MED-1491,29.96
cross-encoder,PLAIN-2690,MED-866,21.28
cross-encoder,PLAIN-2690,MED-1977,19.02
cross-encoder,PLAIN-2690,MED-1624,26.88
cross-encoder,PLAIN-2700,MED-3954,24.95
cross-encoder,PLAIN-2700,MED-3253,25.97
cross-encoder,PLAIN-2700,MED-4315,17.39
cross-encoder,PLAIN-2700,MED-1932,17.56
cross-encoder,PLAIN-2700,MED-5141,21.07
cross-encoder,PLAIN-2700,MED-4783,23.45
cross-encoder,PLAIN-2700,MED-5194,17.93
cross-encoder,PLAIN-2700,MED-1722,24.53
cross-encoder,PLAIN-2700,MED-1991,18.74
cross-encoder,PLAIN-2700,MED-4496,19.68
cross-encoder,PLAIN-2700,MED-5293,26.26
cross-encoder,PLAIN-2700,MED-4578,20.87
cross-encoder,PLAIN-2700,MED-1366,15.8
cross-encoder,PLAIN-2700,MED-4680,20.75
cross-encoder,PLAIN-2700,MED-1834,19.57
cross-encoder,PLAIN-2700,MED-4919,24.51
cross-encoder,PLAIN-2700,MED-2301,17.24
cross-encoder,PLAIN-2700,MED-1129,22.0
cross-encoder,PLAIN-2700,MED-1120,18.38
cross-encoder,PLAIN-2700,MED-4255,18.43
cross-encoder,PLAIN-2710,MED-3382,21.79
cross-encoder,PLAIN-2710,MED-3380,20.78
cross-encoder,PLAIN-2710,MED-3383,20.14
cross-encoder,PLAIN-2710,MED-4655,28.91
cross-encoder,PLAIN-2710,MED-1153,25.71
cross-encoder,PLAIN-2710,MED-3381,24.26
cross-encoder,PLAIN-2710,MED-1625,20.82
cross-encoder,PLAIN-2710,MED-1407,18.31
cross-encoder,PLAIN-2710,MED-5054,19.92
cross-encoder,PLAIN-2710,MED-4120,19.84
cross-encoder,PLAIN-2710,MED-5062,28.73
cross-encoder,PLAIN-2710,MED-5053,32.25
cross-encoder,PLAIN-2710,MED-1630,25.22
cross-encoder,PLAIN-2710,MED-4126,14.89
cross-encoder,PLAIN-2710,MED-860,23.63
cross-encoder,PLAIN-2710,MED-1208,25.21
cross-encoder,PLAIN-2710,MED-1623,26.44
cross-encoder,PLAIN-2710,MED-4419,30.0
cross-encoder,PLAIN-2710,MED-1108,27.02
cross-encoder,PLAIN-2710,MED-3621,22.78
cross-encoder,PLAIN-2720,MED-4804,24.42
cross-encoder,PLAIN-2720,MED-4429,19.75
cross-encoder,PLAIN-2720,MED-4969,17.58
cross-encoder,PLAIN-2720,MED-1982,13.99
cross-encoder,PLAIN-2720,MED-3483,23.22
cross-encoder,PLAIN-2720,MED-4256,25.77
cross-encoder,PLAIN-2720,MED-2742,25.12
cross-encoder,PLAIN-2720,MED-3319,23.83
cross-encoder,PLAIN-2720,MED-4392,19.11
cross-encoder,PLAIN-2720,MED-3217,27.58
cross-encoder,PLAIN-2720,MED-3474,24.65
cross-encoder,PLAIN-2720,MED-911,24.83
cross-encoder,PLAIN-2720,MED-2451,23.4
cross-encoder,PLAIN-2720,MED-2759,22.19
cross-encoder,PLAIN-2720,MED-2265,29.75
cross-encoder,PLAIN-2720,MED-2083,25.41
cross-encoder,PLAIN-2720,MED-1853,24.24
cross-encoder,PLAIN-2720,MED-2292,25.63
cross-encoder,PLAIN-2720,MED-5142,28.6
cross-encoder,PLAIN-2720,MED-2618,25.71
cross-encoder,PLAIN-2730,MED-2573,25.63
cross-encoder,PLAIN-2730,MED-3840,23.2
cross-encoder,PLAIN-2730,MED-3554,22.09
cross-encoder,PLAIN-2730,MED-2513,24.04
cross-encoder,PLAIN-2730,MED-2357,23.05
cross-encoder,PLAIN-2730,MED-3553,21.38
cross-encoder,PLAIN-2730,MED-3548,28.57
cross-encoder,PLAIN-2730,MED-2366,22.36
cross-encoder,PLAIN-2730,MED-2427,21.66
cross-encoder,PLAIN-2730,MED-4089,21.15
cross-encoder,PLAIN-2730,MED-3277,23.85
cross-encoder,PLAIN-2730,MED-1317,30.09
cross-encoder,PLAIN-2730,MED-1315,30.33
cross-encoder,PLAIN-2730,MED-3551,19.82
cross-encoder,PLAIN-2730,MED-4532,32.62
cross-encoder,PLAIN-2730,MED-2134,35.55
cross-encoder,PLAIN-2730,MED-4777,23.32
cross-encoder,PLAIN-2730,MED-3649,19.84
cross-encoder,PLAIN-2730,MED-4462,31.64
cross-encoder,PLAIN-2730,MED-3745,33.68
cross-encoder,PLAIN-2740,MED-2940,22.58
cross-encoder,PLAIN-2740,MED-3627,18.23
cross-encoder,PLAIN-2740,MED-3624,20.05
cross-encoder,PLAIN-2740,MED-3623,17.56
cross-encoder,PLAIN-2740,MED-2947,31.46
cross-encoder,PLAIN-2740,MED-3562,25.26
cross-encoder,PLAIN-2740,MED-3193,29.02
cross-encoder,PLAIN-2740,MED-3787,30.71
cross-encoder,PLAIN-2740,MED-5317,22.68
cross-encoder,PLAIN-2740,MED-3620,24.65
cross-encoder,PLAIN-2740,MED-1733,25.07
cross-encoder,PLAIN-2740,MED-3590,24.11
cross-encoder,PLAIN-2740,MED-3606,24.18
cross-encoder,PLAIN-2740,MED-4309,26.21
cross-encoder,PLAIN-2740,MED-5313,31.76
cross-encoder,PLAIN-2740,MED-3636,18.84
cross-encoder,PLAIN-2740,MED-3615,22.89
cross-encoder,PLAIN-2740,MED-2513,19.44
cross-encoder,PLAIN-2740,MED-4925,23.77
cross-encoder,PLAIN-2740,MED-3604,22.02
cross-encoder,PLAIN-2750,MED-3683,21.35
cross-encoder,PLAIN-2750,MED-3680,18.51
cross-encoder,PLAIN-2750,MED-5031,18.04
cross-encoder,PLAIN-2750,MED-1300,27.23
cross-encoder,PLAIN-2750,MED-1568,15.36
cross-encoder,PLAIN-2750,MED-3692,25.16
cross-encoder,PLAIN-2750,MED-3695,26.56
cross-encoder,PLAIN-2750,MED-4762,32.87
cross-encoder,PLAIN-2750,MED-3673,20.09
cross-encoder,PLAIN-2750,MED-5321,22.39
cross-encoder,PLAIN-2750,MED-4564,28.25
cross-encoder,PLAIN-2750,MED-2461,25.13
cross-encoder,PLAIN-2750,MED-5318,23.18
cross-encoder,PLAIN-2750,MED-3677,24.56
cross-encoder,PLAIN-2750,MED-2203,27.66
cross-encoder,PLAIN-2750,MED-3690,29.91
cross-encoder,PLAIN-2750,MED-4136,20.87
cross-encoder,PLAIN-2750,MED-5122,22.41
cross-encoder,PLAIN-2750,MED-4264,23.97
cross-encoder,PLAIN-2750,MED-3095,30.68
cross-encoder,PLAIN-2760,MED-4600,17.43
cross-encoder,PLAIN-2760,MED-2220,20.92
cross-encoder,PLAIN-2760,MED-1377,19.1
cross-encoder,PLAIN-2760,MED-5220,25.5
cross-encoder,PLAIN-2760,MED-1058,14.9
cross-encoder,PLAIN-2760,MED-1210,25.03
cross-encoder,PLAIN-2760,MED-3038,23.37
cross-encoder,PLAIN-2760,MED-2524,25.32
cross-encoder,PLAIN-2760,MED-3238,20.11
cross-encoder,PLAIN-2760,MED-4961,22.47
cross-encoder,PLAIN-2760,MED-3954,24.91
cross-encoder,PLAIN-2760,MED-4744,24.35
cross-encoder,PLAIN-2760,MED-1302,19.04
cross-encoder,PLAIN-2760,MED-1551,21.0
cross-encoder,PLAIN-2760,MED-4699,26.7
cross-encoder,PLAIN-2760,MED-4198,20.65
cross-encoder,PLAIN-2760,MED-4313,23.02
cross-encoder,PLAIN-2760,MED-1650,8.84
cross-encoder,PLAIN-2760,MED-5340,15.37
cross-encoder,PLAIN-2760,MED-898,26.34
cross-encoder,PLAIN-2770,MED-3832,22.05
cross-encoder,PLAIN-2770,MED-2437,22.25
cross-encoder,PLAIN-2770,MED-3830,18.27
cross-encoder,PLAIN-2770,MED-3834,18.11
cross-encoder,PLAIN-2770,MED-14,21.86
cross-encoder,PLAIN-2770,MED-5052,25.86
cross-encoder,PLAIN-2770,MED-10,18.82
cross-encoder,PLAIN-2770,MED-3123,19.14
cross-encoder,PLAIN-2770,MED-4450,25.9
cross-encoder,PLAIN-2770,MED-5116,28.69
cross-encoder,PLAIN-2770,MED-3127,25.19
cross-encoder,PLAIN-2770,MED-4445,20.59
cross-encoder,PLAIN-2770,MED-3855,27.2
cross-encoder,PLAIN-2770,MED-3853,21.46
cross-encoder,PLAIN-2770,MED-2436,28.02
cross-encoder,PLAIN-2770,MED-3698,23.05
cross-encoder,PLAIN-2770,MED-3139,19.74
cross-encoder,PLAIN-2770,MED-3142,24.29
cross-encoder,PLAIN-2770,MED-5066,30.55
cross-encoder,PLAIN-2770,MED-2139,31.22
cross-encoder,PLAIN-2780,MED-3896,26.38
cross-encoder,PLAIN-2780,MED-4292,24.06
cross-encoder,PLAIN-2780,MED-4707,26.59
cross-encoder,PLAIN-2780,MED-4291,25.42
cross-encoder,PLAIN-2780,MED-2595,23.62
cross-encoder,PLAIN-2780,MED-4302,22.56
cross-encoder,PLAIN-2780,MED-1305,23.63
cross-encoder,PLAIN-2780,MED-2529,29.87
cross-encoder,PLAIN-2780,MED-4286,21.85
cross-encoder,PLAIN-2780,MED-1388,25.07
cross-encoder,PLAIN-2780,MED-1387,29.75
cross-encoder,PLAIN-2780,MED-1381,24.51
cross-encoder,PLAIN-2780,MED-2596,22.7
cross-encoder,PLAIN-2780,MED-4152,21.63
cross-encoder,PLAIN-2780,MED-2594,22.35
cross-encoder,PLAIN-2780,MED-4284,27.95
cross-encoder,PLAIN-2780,MED-2592,20.27
cross-encoder,PLAIN-2780,MED-5004,27.96
cross-encoder,PLAIN-2780,MED-2717,16.94
cross-encoder,PLAIN-2780,MED-2593,19.93
cross-encoder,PLAIN-2790,MED-3964,19.49
cross-encoder,PLAIN-2790,MED-3970,27.39
cross-encoder,PLAIN-2790,MED-3969,20.47
cross-encoder,PLAIN-2790,MED-3960,21.76
cross-encoder,PLAIN-2790,MED-1188,18.88
cross-encoder,PLAIN-2790,MED-3963,24.97
cross-encoder,PLAIN-2790,MED-5059,25.91
cross-encoder,PLAIN-2790,MED-895,21.78
cross-encoder,PLAIN-2790,MED-3106,21.42
cross-encoder,PLAIN-2790,MED-3496,28.67
cross-encoder,PLAIN-2790,MED-2359,25.55
cross-encoder,PLAIN-2790,MED-1576,25.14
cross-encoder,PLAIN-2790,MED-4342,22.98
cross-encoder,PLAIN-2790,MED-2810,22.1
cross-encoder,PLAIN-2790,MED-2788,26.46
cross-encoder,PLAIN-2790,MED-3967,29.44
cross-encoder,PLAIN-2790,MED-2809,29.25
cross-encoder,PLAIN-2790,MED-736,22.85
cross-encoder,PLAIN-2790,MED-2811,31.09
cross-encoder,PLAIN-2790,MED-2037,20.24
cross-encoder,PLAIN-2800,MED-2068,23.51
cross-encoder,PLAIN-2800,MED-5075,26.39
cross-encoder,PLAIN-2800,MED-2232,28.39
cross-encoder,PLAIN-2800,MED-5206,23.62
cross-encoder,PLAIN-2800,MED-912,28.22
cross-encoder,PLAIN-2800,MED-4454,30.09
cross-encoder,PLAIN-2800,MED-2235,24.25
cross-encoder,PLAIN-2800,MED-4456,27.12
cross-encoder,PLAIN-2800,MED-2071,29.19
cross-encoder,PLAIN-2800,MED-4040,29.33
cross-encoder,PLAIN-2800,MED-3164,20.92
cross-encoder,PLAIN-2800,MED-2074,25.34
cross-encoder,PLAIN-2800,MED-2453,24.29
cross-encoder,PLAIN-2800,MED-2793,26.57
cross-encoder,PLAIN-2800,MED-2070,24.75
cross-encoder,PLAIN-2800,MED-2667,29.74
cross-encoder,PLAIN-2800,MED-5162,28.28
cross-encoder,PLAIN-2800,MED-4817,24.62
cross-encoder,PLAIN-2800,MED-3199,23.73
cross-encoder,PLAIN-2800,MED-840,25.82
cross-encoder,PLAIN-2810,MED-2491,20.57
cross-encoder,PLAIN-2810,MED-4267,27.95
cross-encoder,PLAIN-2810,MED-4580,19.97
cross-encoder,PLAIN-2810,MED-1792,27.81
cross-encoder,PLAIN-2810,MED-5019,25.02
cross-encoder,PLAIN-2810,MED-4090,21.89
cross-encoder,PLAIN-2810,MED-1846,24.74
cross-encoder,PLAIN-2810,MED-4590,29.31
cross-encoder,PLAIN-2810,MED-3945,20.84
cross-encoder,PLAIN-2810,MED-3476,27.88
cross-encoder,PLAIN-2810,MED-3206,28.62
cross-encoder,PLAIN-2810,MED-2099,25.57
cross-encoder,PLAIN-2810,MED-1839,24.54
cross-encoder,PLAIN-2810,MED-4587,28.22
cross-encoder,PLAIN-2810,MED-2969,27.84
cross-encoder,PLAIN-2810,MED-1601,17.87
cross-encoder,PLAIN-2810,MED-1845,20.27
cross-encoder,PLAIN-2810,MED-3679,32.81
cross-encoder,PLAIN-2810,MED-4091,27.89
cross-encoder,PLAIN-2810,MED-3201,25.7
cross-encoder,PLAIN-2820,MED-2698,25.24
cross-encoder,PLAIN-2820,MED-1192,28.52
cross-encoder,PLAIN-2820,MED-1677,29.07
cross-encoder,PLAIN-2820,MED-2763,14.28
cross-encoder,PLAIN-2820,MED-3550,22.34
cross-encoder,PLAIN-2820,MED-4603,22.5
cross-encoder,PLAIN-2820,MED-5301,28.34
cross-encoder,PLAIN-2820,MED-4724,21.69
cross-encoder,PLAIN-2820,MED-4114,26.4
cross-encoder,PLAIN-2820,MED-4030,22.77
cross-encoder,PLAIN-2820,MED-2284,32.01
cross-encoder,PLAIN-2820,MED-1233,21.71
cross-encoder,PLAIN-2820,MED-1026,13.92
cross-encoder,PLAIN-2820,MED-3282,24.63
cross-encoder,PLAIN-2820,MED-3534,20.59
cross-encoder,PLAIN-2820,MED-1999,20.85
cross-encoder,PLAIN-2820,MED-2384,22.93
cross-encoder,PLAIN-2820,MED-2203,26.72
cross-encoder,PLAIN-2820,MED-1512,25.57
cross-encoder,PLAIN-2820,MED-1988,22.41
cross-encoder,PLAIN-2830,MED-5054,26.15
cross-encoder,PLAIN-2830,MED-1625,23.5
cross-encoder,PLAIN-2830,MED-4120,22.57
cross-encoder,PLAIN-2830,MED-5053,22.08
cross-encoder,PLAIN-2830,MED-5056,21.89
cross-encoder,PLAIN-2830,MED-1627,32.23
cross-encoder,PLAIN-2830,MED-5057,29.86
cross-encoder,PLAIN-2830,MED-3380,18.5
cross-encoder,PLAIN-2830,MED-4604,24.57
cross-encoder,PLAIN-2830,MED-3540,22.77
cross-encoder,PLAIN-2830,MED-5365,19.27
cross-encoder,PLAIN-2830,MED-1108,22.46
cross-encoder,PLAIN-2830,MED-4126,14.15
cross-encoder,PLAIN-2830,MED-4332,45.01
cross-encoder,PLAIN-2830,MED-3621,27.65
cross-encoder,PLAIN-2830,MED-5062,29.53
cross-encoder,PLAIN-2830,MED-1626,21.99
cross-encoder,PLAIN-2830,MED-1623,29.27
cross-encoder,PLAIN-2830,MED-4868,27.79
cross-encoder,PLAIN-2830,MED-3382,27.62
cross-encoder,PLAIN-2840,MED-4150,10.77
cross-encoder,PLAIN-2840,MED-2009,27.53
cross-encoder,PLAIN-2840,MED-4716,30.55
cross-encoder,PLAIN-2840,MED-4455,29.84
cross-encoder,PLAIN-2840,MED-948,29.91
cross-encoder,PLAIN-2840,MED-2071,36.49
cross-encoder,PLAIN-2840,MED-3145,22.65
cross-encoder,PLAIN-2840,MED-2010,20.88
cross-encoder,PLAIN-2840,MED-915,34.27
cross-encoder,PLAIN-2840,MED-4295,32.91
cross-encoder,PLAIN-2840,MED-2233,21.9
cross-encoder,PLAIN-2840,MED-3136,24.71
cross-encoder,PLAIN-2840,MED-4446,24.18
cross-encoder,PLAIN-2840,MED-902,29.52
cross-encoder,PLAIN-2840,MED-4163,19.88
cross-encoder,PLAIN-2840,MED-2579,22.67
cross-encoder,PLAIN-2840,MED-1284,22.85
cross-encoder,PLAIN-2840,MED-1282,22.79
cross-encoder,PLAIN-2840,MED-1285,14.17
cross-encoder,PLAIN-2840,MED-2438,30.21
cross-encoder,PLAIN-2850,MED-2584,26.29
cross-encoder,PLAIN-2850,MED-4482,23.88
cross-encoder,PLAIN-2850,MED-5105,27.84
cross-encoder,PLAIN-2850,MED-5148,22.49
cross-encoder,PLAIN-2850,MED-1541,19.73
cross-encoder,PLAIN-2850,MED-5034,23.64
cross-encoder,PLAIN-2850,MED-5326,25.82
cross-encoder,PLAIN-2850,MED-4983,23.99
cross-encoder,PLAIN-2850,MED-5026,24.96
cross-encoder,PLAIN-2850,MED-4758,26.34
cross-encoder,PLAIN-2850,MED-4747,25.52
cross-encoder,PLAIN-2850,MED-4878,26.58
cross-encoder,PLAIN-2850,MED-4426,21.85
cross-encoder,PLAIN-2850,MED-2170,28.78
cross-encoder,PLAIN-2850,MED-4977,27.51
cross-encoder,PLAIN-2850,MED-5028,43.22
cross-encoder,PLAIN-2850,MED-4358,19.62
cross-encoder,PLAIN-2850,MED-3000,18.55
cross-encoder,PLAIN-2850,MED-5207,12.32
cross-encoder,PLAIN-2850,MED-5229,17.99
cross-encoder,PLAIN-2860,MED-4186,31.91
cross-encoder,PLAIN-2860,MED-4185,19.5
cross-encoder,PLAIN-2860,MED-3429,13.21
cross-encoder,PLAIN-2860,MED-3421,18.85
cross-encoder,PLAIN-2860,MED-746,22.9
cross-encoder,PLAIN-2860,MED-828,27.37
cross-encoder,PLAIN-2860,MED-891,32.4
cross-encoder,PLAIN-2860,MED-4654,23.01
cross-encoder,PLAIN-2860,MED-3407,17.07
cross-encoder,PLAIN-2860,MED-1010,17.81
cross-encoder,PLAIN-2860,MED-3590,25.18
cross-encoder,PLAIN-2860,MED-3423,21.35
cross-encoder,PLAIN-2860,MED-4992,26.65
cross-encoder,PLAIN-2860,MED-3430,18.11
cross-encoder,PLAIN-2860,MED-3428,19.41
cross-encoder,PLAIN-2860,MED-3422,25.1
cross-encoder,PLAIN-2860,MED-4360,19.48
cross-encoder,PLAIN-2860,MED-4425,23.75
cross-encoder,PLAIN-2860,MED-2644,29.06
cross-encoder,PLAIN-2860,MED-3440,20.84
cross-encoder,PLAIN-2870,MED-2178,23.21
cross-encoder,PLAIN-2870,MED-4033,21.18
cross-encoder,PLAIN-2870,MED-872,23.4
cross-encoder,PLAIN-2870,MED-1773,18.83
cross-encoder,PLAIN-2870,MED-4678,27.93
cross-encoder,PLAIN-2870,MED-2253,22.53
cross-encoder,PLAIN-2870,MED-2428,19.42
cross-encoder,PLAIN-2870,MED-2491,16.72
cross-encoder,PLAIN-2870,MED-4531,17.5
cross-encoder,PLAIN-2870,MED-3378,21.97
cross-encoder,PLAIN-2870,MED-3153,27.41
cross-encoder,PLAIN-2870,MED-2571,25.82
cross-encoder,PLAIN-2870,MED-1488,15.86
cross-encoder,PLAIN-2870,MED-2260,21.26
cross-encoder,PLAIN-2870,MED-1003,26.65
cross-encoder,PLAIN-2870,MED-4324,19.25
cross-encoder,PLAIN-2870,MED-4529,21.03
cross-encoder,PLAIN-2870,MED-2603,18.73
cross-encoder,PLAIN-2870,MED-4533,24.68
cross-encoder,PLAIN-2870,MED-3379,25.57
cross-encoder,PLAIN-2880,MED-2522,17.61
cross-encoder,PLAIN-2880,MED-4914,17.9
cross-encoder,PLAIN-2880,MED-1914,23.8
cross-encoder,PLAIN-2880,MED-1437,18.22
cross-encoder,PLAIN-2880,MED-4890,26.52
cross-encoder,PLAIN-2880,MED-1780,24.05
cross-encoder,PLAIN-2880,MED-4493,19.82
cross-encoder,PLAIN-2880,MED-2116,18.11
cross-encoder,PLAIN-2880,MED-1171,24.99
cross-encoder,PLAIN-2880,MED-2323,25.67
cross-encoder,PLAIN-2880,MED-1773,22.77
cross-encoder,PLAIN-2880,MED-2736,25.2
cross-encoder,PLAIN-2880,MED-2721,18.27
cross-encoder,PLAIN-2880,MED-2309,25.04
cross-encoder,PLAIN-2880,MED-3381,27.08
cross-encoder,PLAIN-2880,MED-2725,22.16
cross-encoder,PLAIN-2880,MED-1983,25.12
cross-encoder,PLAIN-2880,MED-3105,18.74
cross-encoder,PLAIN-2880,MED-1055,23.44
cross-encoder,PLAIN-2880,MED-1754,26.37
cross-encoder,PLAIN-2890,MED-1538,28.31
cross-encoder,PLAIN-2890,MED-1533,28.26
cross-encoder,PLAIN-2890,MED-1535,27.39
cross-encoder,PLAIN-2890,MED-4250,25.33
cross-encoder,PLAIN-2890,MED-1534,18.55
cross-encoder,PLAIN-2890,MED-3896,23.91
cross-encoder,PLAIN-2890,MED-3370,21.73
cross-encoder,PLAIN-2890,MED-2418,29.79
cross-encoder,PLAIN-2890,MED-4765,17.19
cross-encoder,PLAIN-2890,MED-3351,12.39
cross-encoder,PLAIN-2890,MED-906,24.49
cross-encoder,PLAIN-2890,MED-4284,27.87
cross-encoder,PLAIN-2890,MED-3143,22.11
cross-encoder,PLAIN-2890,MED-3376,24.13
cross-encoder,PLAIN-2890,MED-4295,31.87
cross-encoder,PLAIN-2890,MED-3369,19.43
cross-encoder,PLAIN-2890,MED-2253,28.08
cross-encoder,PLAIN-2890,MED-4172,21.07
cross-encoder,PLAIN-2890,MED-2369,23.76
cross-encoder,PLAIN-2890,MED-2524,19.42
cross-encoder,PLAIN-2900,MED-2105,24.44
cross-encoder,PLAIN-2900,MED-3679,35.43
cross-encoder,PLAIN-2900,MED-3693,15.8
cross-encoder,PLAIN-2900,MED-1417,26.1
cross-encoder,PLAIN-2900,MED-3692,22.23
cross-encoder,PLAIN-2900,MED-3677,23.55
cross-encoder,PLAIN-2900,MED-1418,26.88
cross-encoder,PLAIN-2900,MED-4271,23.77
cross-encoder,PLAIN-2900,MED-4980,28.41
cross-encoder,PLAIN-2900,MED-1028,23.09
cross-encoder,PLAIN-2900,MED-1420,22.84
cross-encoder,PLAIN-2900,MED-3695,22.73
cross-encoder,PLAIN-2900,MED-1413,24.51
cross-encoder,PLAIN-2900,MED-3680,20.72
cross-encoder,PLAIN-2900,MED-1786,19.77
cross-encoder,PLAIN-2900,MED-5198,27.96
cross-encoder,PLAIN-2900,MED-4901,26.05
cross-encoder,PLAIN-2900,MED-2679,27.15
cross-encoder,PLAIN-2900,MED-1421,27.99
cross-encoder,PLAIN-2900,MED-718,22.21
cross-encoder,PLAIN-2910,MED-4296,21.25
cross-encoder,PLAIN-2910,MED-4295,30.47
cross-encoder,PLAIN-2910,MED-4573,27.28
cross-encoder,PLAIN-2910,MED-836,23.16
cross-encoder,PLAIN-2910,MED-2430,28.76
cross-encoder,PLAIN-2910,MED-1586,23.58
cross-encoder,PLAIN-2910,MED-1690,23.83
cross-encoder,PLAIN-2910,MED-1023,28.64
cross-encoder,PLAIN-2910,MED-1872,25.04
cross-encoder,PLAIN-2910,MED-862,28.02
cross-encoder,PLAIN-2910,MED-3197,32.13
cross-encoder,PLAIN-2910,MED-1428,21.91
cross-encoder,PLAIN-2910,MED-2157,20.08
cross-encoder,PLAIN-2910,MED-2051,14.67
cross-encoder,PLAIN-2910,MED-3492,26.96
cross-encoder,PLAIN-2910,MED-5148,25.35
cross-encoder,PLAIN-2910,MED-4739,25.83
cross-encoder,PLAIN-2910,MED-2383,19.23
cross-encoder,PLAIN-2910,MED-4471,19.08
cross-encoder,PLAIN-2910,MED-1544,17.83
cross-encoder,PLAIN-2920,MED-4309,28.15
cross-encoder,PLAIN-2920,MED-913,24.33
cross-encoder,PLAIN-2920,MED-3532,24.03
cross-encoder,PLAIN-2920,MED-915,19.97
cross-encoder,PLAIN-2920,MED-1397,22.46
cross-encoder,PLAIN-2920,MED-3522,26.57
cross-encoder,PLAIN-2920,MED-2078,18.57
cross-encoder,PLAIN-2920,MED-5083,23.91
cross-encoder,PLAIN-2920,MED-3607,23.94
cross-encoder,PLAIN-2920,MED-1623,22.82
cross-encoder,PLAIN-2920,MED-2333,22.65
cross-encoder,PLAIN-2920,MED-2332,16.82
cross-encoder,PLAIN-2920,MED-2951,19.79
cross-encoder,PLAIN-2920,MED-4689,24.83
cross-encoder,PLAIN-2920,MED-4203,21.35
cross-encoder,PLAIN-2920,MED-1293,21.29
cross-encoder,PLAIN-2920,MED-3518,20.19
cross-encoder,PLAIN-2920,MED-4995,22.44
cross-encoder,PLAIN-2920,MED-5365,25.33
cross-encoder,PLAIN-2920,MED-2066,24.17
cross-encoder,PLAIN-2930,MED-4325,29.22
cross-encoder,PLAIN-2930,MED-1007,22.1
cross-encoder,PLAIN-2930,MED-1016,9.31
cross-encoder,PLAIN-2930,MED-1008,23.45
cross-encoder,PLAIN-2930,MED-1005,25.95
cross-encoder,PLAIN-2930,MED-1014,26.98
cross-encoder,PLAIN-2930,MED-1035,16.34
cross-encoder,PLAIN-2930,MED-1009,24.99
cross-encoder,PLAIN-2930,MED-1013,23.69
cross-encoder,PLAIN-2930,MED-1017,18.15
cross-encoder,PLAIN-2930,MED-3514,24.57
cross-encoder,PLAIN-2930,MED-4875,28.83
cross-encoder,PLAIN-2930,MED-3508,27.68
cross-encoder,PLAIN-2930,MED-1006,26.51
cross-encoder,PLAIN-2930,MED-3506,26.85
cross-encoder,PLAIN-2930,MED-1012,23.65
cross-encoder,PLAIN-2930,MED-946,20.32
cross-encoder,PLAIN-2930,MED-1011,20.75
cross-encoder,PLAIN-2930,MED-3512,24.69
cross-encoder,PLAIN-2930,MED-2013,25.9
cross-encoder,PLAIN-2940,MED-3961,28.23
cross-encoder,PLAIN-2940,MED-1579,24.12
cross-encoder,PLAIN-2940,MED-3966,26.59
cross-encoder,PLAIN-2940,MED-1580,37.39
cross-encoder,PLAIN-2940,MED-1581,24.62
cross-encoder,PLAIN-2940,MED-1575,26.66
cross-encoder,PLAIN-2940,MED-3965,24.09
cross-encoder,PLAIN-2940,MED-1578,33.02
cross-encoder,PLAIN-2940,MED-3967,29.85
cross-encoder,PLAIN-2940,MED-1425,23.81
cross-encoder,PLAIN-2940,MED-1582,25.95
cross-encoder,PLAIN-2940,MED-2359,28.96
cross-encoder,PLAIN-2940,MED-1574,25.76
cross-encoder,PLAIN-2940,MED-2791,26.56
cross-encoder,PLAIN-2940,MED-2816,21.66
cross-encoder,PLAIN-2940,MED-3963,20.41
cross-encoder,PLAIN-2940,MED-3970,26.32
cross-encoder,PLAIN-2940,MED-2813,24.8
cross-encoder,PLAIN-2940,MED-3106,26.48
cross-encoder,PLAIN-2940,MED-1188,26.83
cross-encoder,PLAIN-2950,MED-1957,22.45
cross-encoder,PLAIN-2950,MED-1625,22.26
cross-encoder,PLAIN-2950,MED-2742,24.5
cross-encoder,PLAIN-2950,MED-1147,24.29
cross-encoder,PLAIN-2950,MED-4140,22.21
cross-encoder,PLAIN-2950,MED-4443,27.99
cross-encoder,PLAIN-2950,MED-1956,28.05
cross-encoder,PLAIN-2950,MED-4944,22.05
cross-encoder,PLAIN-2950,MED-5347,18.1
cross-encoder,PLAIN-2950,MED-1960,29.5
cross-encoder,PLAIN-2950,MED-1288,16.31
cross-encoder,PLAIN-2950,MED-1959,22.05
cross-encoder,PLAIN-2950,MED-3691,26.23
cross-encoder,PLAIN-2950,MED-2087,19.86
cross-encoder,PLAIN-2950,MED-4148,26.76
cross-encoder,PLAIN-2950,MED-1267,23.83
cross-encoder,PLAIN-2950,MED-4129,23.16
cross-encoder,PLAIN-2950,MED-5018,17.03
cross-encoder,PLAIN-2950,MED-2992,32.06
cross-encoder,PLAIN-2950,MED-5164,28.78
cross-encoder,PLAIN-2960,MED-4371,25.6
cross-encoder,PLAIN-2960,MED-4372,21.28
cross-encoder,PLAIN-2960,MED-4374,25.09
cross-encoder,PLAIN-2960,MED-4370,19.11
cross-encoder,PLAIN-2960,MED-2016,21.68
cross-encoder,PLAIN-2960,MED-4454,25.19
cross-encoder,PLAIN-2960,MED-2181,24.07
cross-encoder,PLAIN-2960,MED-2750,33.06
cross-encoder,PLAIN-2960,MED-4774,23.37
cross-encoder,PLAIN-2960,MED-1448,25.09
cross-encoder,PLAIN-2960,MED-2753,28.65
cross-encoder,PLAIN-2960,MED-1553,23.68
cross-encoder,PLAIN-2960,MED-5057,28.63
cross-encoder,PLAIN-2960,MED-4366,20.97
cross-encoder,PLAIN-2960,MED-1862,25.19
cross-encoder,PLAIN-2960,MED-1955,20.81
cross-encoder,PLAIN-2960,MED-4028,24.59
cross-encoder,PLAIN-2960,MED-1518,28.3
cross-encoder,PLAIN-2960,MED-2755,19.43
cross-encoder,PLAIN-2960,MED-5363,23.64
cross-encoder,PLAIN-2970,MED-3550,19.64
cross-encoder,PLAIN-2970,MED-4724,21.47
cross-encoder,PLAIN-2970,MED-4114,26.8
cross-encoder,PLAIN-2970,MED-4030,20.38
cross-encoder,PLAIN-2970,MED-1192,20.99
cross-encoder,PLAIN-2970,MED-1026,10.78
cross-encoder,PLAIN-2970,MED-3282,19.52
cross-encoder,PLAIN-2970,MED-3534,19.81
cross-encoder,PLAIN-2970,MED-1999,17.73
cross-encoder,PLAIN-2970,MED-2384,23.24
cross-encoder,PLAIN-2970,MED-2203,26.04
cross-encoder,PLAIN-2970,MED-1512,25.91
cross-encoder,PLAIN-2970,MED-1988,17.54
cross-encoder,PLAIN-2970,MED-4136,19.29
cross-encoder,PLAIN-2970,MED-3644,21.3
cross-encoder,PLAIN-2970,MED-5304,26.84
cross-encoder,PLAIN-2970,MED-4560,21.37
cross-encoder,PLAIN-2970,MED-5045,31.13
cross-encoder,PLAIN-2970,MED-1564,22.1
cross-encoder,PLAIN-2970,MED-1334,19.53
cross-encoder,PLAIN-2981,MED-4403,28.28
cross-encoder,PLAIN-2981,MED-3198,20.2
cross-encoder,PLAIN-2981,MED-2775,21.1
cross-encoder,PLAIN-2981,MED-5109,31.0
cross-encoder,PLAIN-2981,MED-3087,22.19
cross-encoder,PLAIN-2981,MED-4751,21.64
cross-encoder,PLAIN-2981,MED-4909,23.01
cross-encoder,PLAIN-2981,MED-335,19.02
cross-encoder,PLAIN-2981,MED-1778,20.57
cross-encoder,PLAIN-2981,MED-4398,27.97
cross-encoder,PLAIN-2981,MED-3583,23.06
cross-encoder,PLAIN-2981,MED-2371,25.32
cross-encoder,PLAIN-2981,MED-2338,27.46
cross-encoder,PLAIN-2981,MED-3542,24.94
cross-encoder,PLAIN-2981,MED-4834,29.14
cross-encoder,PLAIN-2981,MED-3038,20.2
cross-encoder,PLAIN-2981,MED-5208,21.28
cross-encoder,PLAIN-2981,MED-4232,25.81
cross-encoder,PLAIN-2981,MED-5185,20.53
cross-encoder,PLAIN-2981,MED-1148,22.99
cross-encoder,PLAIN-2991,MED-1663,26.69
cross-encoder,PLAIN-2991,MED-1667,17.33
cross-encoder,PLAIN-2991,MED-4424,26.61
cross-encoder,PLAIN-2991,MED-1657,26.01
cross-encoder,PLAIN-2991,MED-1664,13.11
cross-encoder,PLAIN-2991,MED-3231,11.25
cross-encoder,PLAIN-2991,MED-1656,24.51
cross-encoder,PLAIN-2991,MED-3793,28.62
cross-encoder,PLAIN-2991,MED-3513,27.35
cross-encoder,PLAIN-2991,MED-3658,27.73
cross-encoder,PLAIN-2991,MED-4103,22.87
cross-encoder,PLAIN-2991,MED-3944,19.13
cross-encoder,PLAIN-2991,MED-4085,30.9
cross-encoder,PLAIN-2991,MED-2945,27.74
cross-encoder,PLAIN-2991,MED-5016,25.81
cross-encoder,PLAIN-2991,MED-2099,21.47
cross-encoder,PLAIN-2991,MED-1006,25.88
cross-encoder,PLAIN-2991,MED-4827,25.3
cross-encoder,PLAIN-2991,MED-2813,28.7
cross-encoder,PLAIN-2991,MED-4830,23.68
cross-encoder,PLAIN-3001,MED-3314,26.18
cross-encoder,PLAIN-3001,MED-1114,31.0
cross-encoder,PLAIN-3001,MED-4484,24.23
cross-encoder,PLAIN-3001,MED-3699,22.37
cross-encoder,PLAIN-3001,MED-2304,22.71
cross-encoder,PLAIN-3001,MED-1103,22.05
cross-encoder,PLAIN-3001,MED-4436,24.54
cross-encoder,PLAIN-3001,MED-1817,21.24
cross-encoder,PLAIN-3001,MED-1151,22.83
cross-encoder,PLAIN-3001,MED-1156,24.95
cross-encoder,PLAIN-3001,MED-2693,33.69
cross-encoder,PLAIN-3001,MED-5175,20.93
cross-encoder,PLAIN-3001,MED-1725,21.09
cross-encoder,PLAIN-3001,MED-4261,20.25
cross-encoder,PLAIN-3001,MED-5236,25.55
cross-encoder,PLAIN-3001,MED-5145,30.87
cross-encoder,PLAIN-3001,MED-1380,24.88
cross-encoder,PLAIN-3001,MED-4278,26.87
cross-encoder,PLAIN-3001,MED-3854,25.05
cross-encoder,PLAIN-3001,MED-4483,29.64
cross-encoder,PLAIN-3014,MED-4871,25.68
cross-encoder,PLAIN-3014,MED-1378,20.95
cross-encoder,PLAIN-3014,MED-2028,21.15
cross-encoder,PLAIN-3014,MED-4650,19.46
cross-encoder,PLAIN-3014,MED-3757,21.85
cross-encoder,PLAIN-3014,MED-905,25.05
cross-encoder,PLAIN-3014,MED-3452,18.69
cross-encoder,PLAIN-3014,MED-1741,23.0
cross-encoder,PLAIN-3014,MED-4649,25.19
cross-encoder,PLAIN-3014,MED-4234,26.81
cross-encoder,PLAIN-3014,MED-2520,19.85
cross-encoder,PLAIN-3014,MED-2673,20.04
cross-encoder,PLAIN-3014,MED-4365,21.31
cross-encoder,PLAIN-3014,MED-5123,18.55
cross-encoder,PLAIN-3014,MED-1054,18.84
cross-encoder,PLAIN-3014,MED-2287,24.65
cross-encoder,PLAIN-3014,MED-745,21.37
cross-encoder,PLAIN-3014,MED-1780,24.32
cross-encoder,PLAIN-3014,MED-979,24.28
cross-encoder,PLAIN-3014,MED-1226,28.75
cross-encoder,PLAIN-3026,MED-4976,27.37
cross-encoder,PLAIN-3026,MED-1601,23.13
cross-encoder,PLAIN-3026,MED-5131,24.29
cross-encoder,PLAIN-3026,MED-5188,19.19
cross-encoder,PLAIN-3026,MED-4353,26.82
cross-encoder,PLAIN-3026,MED-3157,19.26
cross-encoder,PLAIN-3026,MED-936,26.84
cross-encoder,PLAIN-3026,MED-3453,27.24
cross-encoder,PLAIN-3026,MED-4470,27.01
cross-encoder,PLAIN-3026,MED-2384,26.19
cross-encoder,PLAIN-3026,MED-4929,26.08
cross-encoder,PLAIN-3026,MED-3024,31.62
cross-encoder,PLAIN-3026,MED-3617,24.91
cross-encoder,PLAIN-3026,MED-917,26.26
cross-encoder,PLAIN-3026,MED-4928,23.4
cross-encoder,PLAIN-3026,MED-4832,30.87
cross-encoder,PLAIN-3026,MED-4685,14.85
cross-encoder,PLAIN-3026,MED-5136,21.98
cross-encoder,PLAIN-3026,MED-3986,25.18
cross-encoder,PLAIN-3026,MED-5361,25.83
cross-encoder,PLAIN-3037,MED-5069,20.16
cross-encoder,PLAIN-3037,MED-5215,17.23
cross-encoder,PLAIN-3037,MED-863,10.79
cross-encoder,PLAIN-3037,MED-4663,25.25
cross-encoder,PLAIN-3037,MED-917,32.91
cross-encoder,PLAIN-3037,MED-1936,26.54
cross-encoder,PLAIN-3037,MED-1983,22.31
cross-encoder,PLAIN-3037,MED-1617,18.61
cross-encoder,PLAIN-3037,MED-2745,24.08
cross-encoder,PLAIN-3037,MED-1299,22.92
cross-encoder,PLAIN-3037,MED-5085,26.24
cross-encoder,PLAIN-3037,MED-5109,28.23
cross-encoder,PLAIN-3037,MED-2787,29.22
cross-encoder,PLAIN-3037,MED-2200,23.82
cross-encoder,PLAIN-3037,MED-2781,29.25
cross-encoder,PLAIN-3037,MED-2370,12.13
cross-encoder,PLAIN-3037,MED-934,11.5
cross-encoder,PLAIN-3037,MED-4882,24.98
cross-encoder,PLAIN-3037,MED-3378,19.31
cross-encoder,PLAIN-3037,MED-4019,25.12
cross-encoder,PLAIN-3053,MED-4525,19.86
cross-encoder,PLAIN-3053,MED-4526,28.3
cross-encoder,PLAIN-3053,MED-2523,25.81
cross-encoder,PLAIN-3053,MED-3811,22.0
cross-encoder,PLAIN-3053,MED-4416,25.05
cross-encoder,PLAIN-3053,MED-1848,26.39
cross-encoder,PLAIN-3053,MED-4575,21.99
cross-encoder,PLAIN-3053,MED-1542,26.74
cross-encoder,PLAIN-3053,MED-5275,28.16
cross-encoder,PLAIN-3053,MED-3021,27.73
cross-encoder,PLAIN-3053,MED-1666,24.86
cross-encoder,PLAIN-3053,MED-2894,29.16
cross-encoder,PLAIN-3053,MED-4790,25.32
cross-encoder,PLAIN-3053,MED-1429,24.08
cross-encoder,PLAIN-3053,MED-1840,27.36
cross-encoder,PLAIN-3053,MED-3151,25.85
cross-encoder,PLAIN-3053,MED-4350,24.28
cross-encoder,PLAIN-3053,MED-1497,20.28
cross-encoder,PLAIN-3053,MED-4302,21.29
cross-encoder,PLAIN-3053,MED-5283,21.72
cross-encoder,PLAIN-3063,MED-4712,24.89
cross-encoder,PLAIN-3063,MED-2886,28.88
cross-encoder,PLAIN-3063,MED-1676,27.19
cross-encoder,PLAIN-3063,MED-4366,23.0
cross-encoder,PLAIN-3063,MED-4900,18.4
cross-encoder,PLAIN-3063,MED-5084,29.87
cross-encoder,PLAIN-3063,MED-2924,23.3
cross-encoder,PLAIN-3063,MED-2076,21.8
cross-encoder,PLAIN-3063,MED-1671,25.9
cross-encoder,PLAIN-3063,MED-4576,23.27
cross-encoder,PLAIN-3063,MED-2665,21.38
cross-encoder,PLAIN-3063,MED-3929,24.53
cross-encoder,PLAIN-3063,MED-3738,23.18
cross-encoder,PLAIN-3063,MED-5083,24.07
cross-encoder,PLAIN-3063,MED-2966,28.25
cross-encoder,PLAIN-3063,MED-2922,19.43
cross-encoder,PLAIN-3063,MED-3748,18.16
cross-encoder,PLAIN-3063,MED-3728,23.88
cross-encoder,PLAIN-3063,MED-1942,18.21
cross-encoder,PLAIN-3063,MED-1846,26.77
cross-encoder,PLAIN-3074,MED-4555,24.48
cross-encoder,PLAIN-3074,MED-4423,26.7
cross-encoder,PLAIN-3074,MED-3180,20.29
cross-encoder,PLAIN-3074,MED-1705,24.53
cross-encoder,PLAIN-3074,MED-2718,21.87
cross-encoder,PLAIN-3074,MED-3427,20.37
cross-encoder,PLAIN-3074,MED-3253,24.23
cross-encoder,PLAIN-3074,MED-4421,24.65
cross-encoder,PLAIN-3074,MED-1467,23.03
cross-encoder,PLAIN-3074,MED-4424,22.63
cross-encoder,PLAIN-3074,MED-1309,21.18
cross-encoder,PLAIN-3074,MED-4922,12.96
cross-encoder,PLAIN-3074,MED-2044,22.16
cross-encoder,PLAIN-3074,MED-2303,12.3
cross-encoder,PLAIN-3074,MED-3171,17.16
cross-encoder,PLAIN-3074,MED-1512,23.98
cross-encoder,PLAIN-3074,MED-1948,27.69
cross-encoder,PLAIN-3074,MED-1040,24.43
cross-encoder,PLAIN-3074,MED-3254,32.83
cross-encoder,PLAIN-3074,MED-4902,20.33
cross-encoder,PLAIN-3085,MED-4872,20.15
cross-encoder,PLAIN-3085,MED-4570,24.4
cross-encoder,PLAIN-3085,MED-714,21.77
cross-encoder,PLAIN-3085,MED-716,26.23
cross-encoder,PLAIN-3085,MED-3987,21.06
cross-encoder,PLAIN-3085,MED-4566,26.02
cross-encoder,PLAIN-3085,MED-3988,35.22
cross-encoder,PLAIN-3085,MED-921,24.67
cross-encoder,PLAIN-3085,MED-4575,23.63
cross-encoder,PLAIN-3085,MED-919,23.52
cross-encoder,PLAIN-3085,MED-3986,35.6
cross-encoder,PLAIN-3085,MED-4574,27.58
cross-encoder,PLAIN-3085,MED-3985,14.98
cross-encoder,PLAIN-3085,MED-3990,25.41
cross-encoder,PLAIN-3085,MED-862,26.36
cross-encoder,PLAIN-3085,MED-922,28.77
cross-encoder,PLAIN-3085,MED-962,30.11
cross-encoder,PLAIN-3085,MED-4470,23.93
cross-encoder,PLAIN-3085,MED-1834,24.12
cross-encoder,PLAIN-3085,MED-961,32.43
cross-encoder,PLAIN-3097,MED-4590,25.22
cross-encoder,PLAIN-3097,MED-1792,23.69
cross-encoder,PLAIN-3097,MED-5019,23.79
cross-encoder,PLAIN-3097,MED-4580,25.24
cross-encoder,PLAIN-3097,MED-2491,23.08
cross-encoder,PLAIN-3097,MED-4267,25.03
cross-encoder,PLAIN-3097,MED-3206,27.48
cross-encoder,PLAIN-3097,MED-4587,32.05
cross-encoder,PLAIN-3097,MED-733,23.66
cross-encoder,PLAIN-3097,MED-5032,29.68
cross-encoder,PLAIN-3097,MED-3945,23.46
cross-encoder,PLAIN-3097,MED-4090,25.32
cross-encoder,PLAIN-3097,MED-1846,24.3
cross-encoder,PLAIN-3097,MED-4862,32.19
cross-encoder,PLAIN-3097,MED-942,18.32
cross-encoder,PLAIN-3097,MED-3908,26.26
cross-encoder,PLAIN-3097,MED-5082,30.77
cross-encoder,PLAIN-3097,MED-4091,34.74
cross-encoder,PLAIN-3097,MED-1670,34.18
cross-encoder,PLAIN-3097,MED-4414,30.12
cross-encoder,PLAIN-3116,MED-2924,25.41
cross-encoder,PLAIN-3116,MED-2665,21.06
cross-encoder,PLAIN-3116,MED-4900,25.82
cross-encoder,PLAIN-3116,MED-3718,24.2
cross-encoder,PLAIN-3116,MED-5083,24.69
cross-encoder,PLAIN-3116,MED-4328,27.09
cross-encoder,PLAIN-3116,MED-1553,24.65
cross-encoder,PLAIN-3116,MED-3738,26.5
cross-encoder,PLAIN-3116,MED-1676,28.11
cross-encoder,PLAIN-3116,MED-1559,30.03
cross-encoder,PLAIN-3116,MED-2525,26.28
cross-encoder,PLAIN-3116,MED-2922,28.13
cross-encoder,PLAIN-3116,MED-3748,24.5
cross-encoder,PLAIN-3116,MED-1558,18.43
cross-encoder,PLAIN-3116,MED-5266,25.13
cross-encoder,PLAIN-3116,MED-5123,23.37
cross-encoder,PLAIN-3116,MED-1671,24.77
cross-encoder,PLAIN-3116,MED-3929,28.08
cross-encoder,PLAIN-3116,MED-2951,21.68
cross-encoder,PLAIN-3116,MED-4689,23.46
cross-encoder,PLAIN-3131,MED-3109,12.83
cross-encoder,PLAIN-3131,MED-2291,21.99
cross-encoder,PLAIN-3131,MED-4695,19.8
cross-encoder,PLAIN-3131,MED-4236,21.34
cross-encoder,PLAIN-3131,MED-4619,31.22
cross-encoder,PLAIN-3131,MED-3359,18.92
cross-encoder,PLAIN-3131,MED-3386,23.15
cross-encoder,PLAIN-3131,MED-2762,21.86
cross-encoder,PLAIN-3131,MED-4600,21.66
cross-encoder,PLAIN-3131,MED-940,27.96
cross-encoder,PLAIN-3131,MED-1352,21.09
cross-encoder,PLAIN-3131,MED-4226,14.97
cross-encoder,PLAIN-3131,MED-5283,24.85
cross-encoder,PLAIN-3131,MED-3776,23.37
cross-encoder,PLAIN-3131,MED-1173,20.79
cross-encoder,PLAIN-3131,MED-4034,23.39
cross-encoder,PLAIN-3131,MED-1378,23.35
cross-encoder,PLAIN-3131,MED-4455,29.85
cross-encoder,PLAIN-3131,MED-2800,28.07
cross-encoder,PLAIN-3131,MED-4980,26.26
cross-encoder,PLAIN-3141,MED-4235,18.78
cross-encoder,PLAIN-3141,MED-4160,29.98
cross-encoder,PLAIN-3141,MED-2827,29.16
cross-encoder,PLAIN-3141,MED-831,31.69
cross-encoder,PLAIN-3141,MED-1592,30.76
cross-encoder,PLAIN-3141,MED-4159,29.02
cross-encoder,PLAIN-3141,MED-1732,29.2
cross-encoder,PLAIN-3141,MED-3307,25.3
cross-encoder,PLAIN-3141,MED-4644,26.49
cross-encoder,PLAIN-3141,MED-2647,30.88
cross-encoder,PLAIN-3141,MED-5184,15.03
cross-encoder,PLAIN-3141,MED-2979,32.77
cross-encoder,PLAIN-3141,MED-3462,28.19
cross-encoder,PLAIN-3141,MED-332,25.85
cross-encoder,PLAIN-3141,MED-4662,25.3
cross-encoder,PLAIN-3141,MED-3795,28.41
cross-encoder,PLAIN-3141,MED-2643,28.63
cross-encoder,PLAIN-3141,MED-4541,28.75
cross-encoder,PLAIN-3141,MED-3311,26.0
cross-encoder,PLAIN-3141,MED-3701,26.18
cross-encoder,PLAIN-3151,MED-4595,17.17
cross-encoder,PLAIN-3151,MED-4560,25.66
cross-encoder,PLAIN-3151,MED-2763,17.83
cross-encoder,PLAIN-3151,MED-1513,14.98
cross-encoder,PLAIN-3151,MED-1625,19.74
cross-encoder,PLAIN-3151,MED-4107,24.71
cross-encoder,PLAIN-3151,MED-3601,26.35
cross-encoder,PLAIN-3151,MED-4668,33.23
cross-encoder,PLAIN-3151,MED-1540,21.25
cross-encoder,PLAIN-3151,MED-4660,31.02
cross-encoder,PLAIN-3151,MED-2670,30.97
cross-encoder,PLAIN-3151,MED-3711,29.01
cross-encoder,PLAIN-3151,MED-5228,28.23
cross-encoder,PLAIN-3151,MED-3381,26.75
cross-encoder,PLAIN-3151,MED-4664,19.01
cross-encoder,PLAIN-3151,MED-3163,23.17
cross-encoder,PLAIN-3151,MED-3444,24.87
cross-encoder,PLAIN-3151,MED-1290,11.23
cross-encoder,PLAIN-3151,MED-4812,24.48
cross-encoder,PLAIN-3151,MED-3445,30.41
cross-encoder,PLAIN-3161,MED-4677,29.39
cross-encoder,PLAIN-3161,MED-1416,25.64
cross-encoder,PLAIN-3161,MED-2063,32.47
cross-encoder,PLAIN-3161,MED-4871,26.8
cross-encoder,PLAIN-3161,MED-1223,23.89
cross-encoder,PLAIN-3161,MED-1378,25.74
cross-encoder,PLAIN-3161,MED-1229,29.77
cross-encoder,PLAIN-3161,MED-2123,31.82
cross-encoder,PLAIN-3161,MED-4899,23.41
cross-encoder,PLAIN-3161,MED-2126,25.42
cross-encoder,PLAIN-3161,MED-899,32.75
cross-encoder,PLAIN-3161,MED-2653,33.09
cross-encoder,PLAIN-3161,MED-2772,25.41
cross-encoder,PLAIN-3161,MED-1338,27.92
cross-encoder,PLAIN-3161,MED-4664,17.28
cross-encoder,PLAIN-3161,MED-2771,27.19
cross-encoder,PLAIN-3161,MED-5134,24.66
cross-encoder,PLAIN-3161,MED-4396,32.14
cross-encoder,PLAIN-3161,MED-2136,33.1
cross-encoder,PLAIN-3161,MED-2056,28.22
cross-encoder,PLAIN-3171,MED-2333,25.25
cross-encoder,PLAIN-3171,MED-3247,22.5
cross-encoder,PLAIN-3171,MED-1504,18.13
cross-encoder,PLAIN-3171,MED-5018,22.76
cross-encoder,PLAIN-3171,MED-4170,31.4
cross-encoder,PLAIN-3171,MED-1021,25.4
cross-encoder,PLAIN-3171,MED-2117,25.22
cross-encoder,PLAIN-3171,MED-1501,24.75
cross-encoder,PLAIN-3171,MED-1502,21.92
cross-encoder,PLAIN-3171,MED-4840,23.82
cross-encoder,PLAIN-3171,MED-4292,27.39
cross-encoder,PLAIN-3171,MED-5123,25.28
cross-encoder,PLAIN-3171,MED-1498,21.03
cross-encoder,PLAIN-3171,MED-2716,24.02
cross-encoder,PLAIN-3171,MED-5238,23.25
cross-encoder,PLAIN-3171,MED-4452,23.19
cross-encoder,PLAIN-3171,MED-3690,28.21
cross-encoder,PLAIN-3171,MED-4825,26.03
cross-encoder,PLAIN-3171,MED-2429,24.92
cross-encoder,PLAIN-3171,MED-1014,25.58
cross-encoder,PLAIN-3181,MED-3109,16.26
cross-encoder,PLAIN-3181,MED-2291,22.64
cross-encoder,PLAIN-3181,MED-3359,21.78
cross-encoder,PLAIN-3181,MED-4525,25.46
cross-encoder,PLAIN-3181,MED-1366,21.41
cross-encoder,PLAIN-3181,MED-4695,24.02
cross-encoder,PLAIN-3181,MED-4366,28.34
cross-encoder,PLAIN-3181,MED-4236,20.42
cross-encoder,PLAIN-3181,MED-4560,27.35
cross-encoder,PLAIN-3181,MED-2451,26.15
cross-encoder,PLAIN-3181,MED-4526,32.07
cross-encoder,PLAIN-3181,MED-1790,17.18
cross-encoder,PLAIN-3181,MED-1500,21.33
cross-encoder,PLAIN-3181,MED-2453,25.62
cross-encoder,PLAIN-3181,MED-3386,21.35
cross-encoder,PLAIN-3181,MED-5022,10.67
cross-encoder,PLAIN-3181,MED-3348,17.26
cross-encoder,PLAIN-3181,MED-1792,22.44
cross-encoder,PLAIN-3181,MED-4600,16.22
cross-encoder,PLAIN-3181,MED-4113,25.13
cross-encoder,PLAIN-3191,MED-4961,23.99
cross-encoder,PLAIN-3191,MED-3662,30.14
cross-encoder,PLAIN-3191,MED-928,34.5
cross-encoder,PLAIN-3191,MED-1569,13.83
cross-encoder,PLAIN-3191,MED-2751,22.13
cross-encoder,PLAIN-3191,MED-839,28.27
cross-encoder,PLAIN-3191,MED-4114,29.97
cross-encoder,PLAIN-3191,MED-4525,28.9
cross-encoder,PLAIN-3191,MED-1831,25.98
cross-encoder,PLAIN-3191,MED-4959,26.07
cross-encoder,PLAIN-3191,MED-927,28.29
cross-encoder,PLAIN-3191,MED-1570,28.56
cross-encoder,PLAIN-3191,MED-4730,24.18
cross-encoder,PLAIN-3191,MED-4360,20.25
cross-encoder,PLAIN-3191,MED-4731,25.7
cross-encoder,PLAIN-3191,MED-3515,15.07
cross-encoder,PLAIN-3191,MED-1266,30.26
cross-encoder,PLAIN-3191,MED-2750,24.59
cross-encoder,PLAIN-3191,MED-2412,25.85
cross-encoder,PLAIN-3191,MED-4943,36.23
cross-encoder,PLAIN-3201,MED-2117,29.78
cross-encoder,PLAIN-3201,MED-2120,25.48
cross-encoder,PLAIN-3201,MED-4394,22.34
cross-encoder,PLAIN-3201,MED-4896,24.46
cross-encoder,PLAIN-3201,MED-4752,23.26
cross-encoder,PLAIN-3201,MED-2121,25.76
cross-encoder,PLAIN-3201,MED-4398,33.34
cross-encoder,PLAIN-3201,MED-5106,32.1
cross-encoder,PLAIN-3201,MED-4396,27.99
cross-encoder,PLAIN-3201,MED-2124,22.94
cross-encoder,PLAIN-3201,MED-2116,20.23
cross-encoder,PLAIN-3201,MED-5107,11.85
cross-encoder,PLAIN-3201,MED-2122,20.5
cross-encoder,PLAIN-3201,MED-2114,29.06
cross-encoder,PLAIN-3201,MED-3856,25.39
cross-encoder,PLAIN-3201,MED-4897,28.3
cross-encoder,PLAIN-3201,MED-2773,27.27
cross-encoder,PLAIN-3201,MED-4126,12.75
cross-encoder,PLAIN-3201,MED-2616,26.53
cross-encoder,PLAIN-3201,MED-2101,28.6
cross-encoder,PLAIN-3211,MED-2098,25.63
cross-encoder,PLAIN-3211,MED-2900,22.32
cross-encoder,PLAIN-3211,MED-5234,29.32
cross-encoder,PLAIN-3211,MED-4353,25.49
cross-encoder,PLAIN-3211,MED-2980,27.97
cross-encoder,PLAIN-3211,MED-1515,30.47
cross-encoder,PLAIN-3211,MED-3012,27.89
cross-encoder,PLAIN-3211,MED-2790,30.67
cross-encoder,PLAIN-3211,MED-898,21.86
cross-encoder,PLAIN-3211,MED-3774,19.76
cross-encoder,PLAIN-3211,MED-3058,20.2
cross-encoder,PLAIN-3211,MED-5347,25.83
cross-encoder,PLAIN-3211,MED-2712,20.65
cross-encoder,PLAIN-3211,MED-5093,27.66
cross-encoder,PLAIN-3211,MED-5207,14.08
cross-encoder,PLAIN-3211,MED-4137,31.53
cross-encoder,PLAIN-3211,MED-2921,24.08
cross-encoder,PLAIN-3211,MED-3019,21.92
cross-encoder,PLAIN-3211,MED-4139,32.75
cross-encoder,PLAIN-3211,MED-1645,28.35
cross-encoder,PLAIN-3221,MED-983,29.12
cross-encoder,PLAIN-3221,MED-2212,21.18
cross-encoder,PLAIN-3221,MED-2590,22.7
cross-encoder,PLAIN-3221,MED-987,25.14
cross-encoder,PLAIN-3221,MED-2699,25.41
cross-encoder,PLAIN-3221,MED-4669,27.73
cross-encoder,PLAIN-3221,MED-2211,22.63
cross-encoder,PLAIN-3221,MED-4791,14.94
cross-encoder,PLAIN-3221,MED-4580,26.5
cross-encoder,PLAIN-3221,MED-1499,23.43
cross-encoder,PLAIN-3221,MED-1349,29.55
cross-encoder,PLAIN-3221,MED-1497,24.06
cross-encoder,PLAIN-3221,MED-1705,25.05
cross-encoder,PLAIN-3221,MED-2216,22.58
cross-encoder,PLAIN-3221,MED-2292,29.45
cross-encoder,PLAIN-3221,MED-980,22.77
cross-encoder,PLAIN-3221,MED-1941,31.15
cross-encoder,PLAIN-3221,MED-1939,31.03
cross-encoder,PLAIN-3221,MED-1851,31.16
cross-encoder,PLAIN-3221,MED-985,24.1
cross-encoder,PLAIN-3231,MED-1105,23.11
cross-encoder,PLAIN-3231,MED-3314,28.11
cross-encoder,PLAIN-3231,MED-1115,27.97
cross-encoder,PLAIN-3231,MED-1107,25.03
cross-encoder,PLAIN-3231,MED-1104,14.18
cross-encoder,PLAIN-3231,MED-1113,28.06
cross-encoder,PLAIN-3231,MED-1108,32.77
cross-encoder,PLAIN-3231,MED-1114,30.56
cross-encoder,PLAIN-3231,MED-1103,27.06
cross-encoder,PLAIN-3231,MED-1106,28.64
cross-encoder,PLAIN-3231,MED-1111,29.61
cross-encoder,PLAIN-3231,MED-1112,28.61
cross-encoder,PLAIN-3231,MED-1109,29.24
cross-encoder,PLAIN-3231,MED-3193,37.96
cross-encoder,PLAIN-3231,MED-3787,32.75
cross-encoder,PLAIN-3231,MED-3550,28.47
cross-encoder,PLAIN-3231,MED-1718,27.7
cross-encoder,PLAIN-3231,MED-4819,23.26
cross-encoder,PLAIN-3231,MED-1110,28.95
cross-encoder,PLAIN-3231,MED-4485,22.41
cross-encoder,PLAIN-3241,MED-735,24.66
cross-encoder,PLAIN-3241,MED-2821,27.17
cross-encoder,PLAIN-3241,MED-5256,29.5
cross-encoder,PLAIN-3241,MED-2281,25.72
cross-encoder,PLAIN-3241,MED-3705,22.42
cross-encoder,PLAIN-3241,MED-2279,38.83
cross-encoder,PLAIN-3241,MED-1295,29.21
cross-encoder,PLAIN-3241,MED-721,26.58
cross-encoder,PLAIN-3241,MED-5008,25.07
cross-encoder,PLAIN-3241,MED-2809,32.98
cross-encoder,PLAIN-3241,MED-4227,24.31
cross-encoder,PLAIN-3241,MED-2788,26.68
cross-encoder,PLAIN-3241,MED-5216,26.03
cross-encoder,PLAIN-3241,MED-2843,21.51
cross-encoder,PLAIN-3241,MED-4544,34.66
cross-encoder,PLAIN-3241,MED-3510,27.63
cross-encoder,PLAIN-3241,MED-1812,24.78
cross-encoder,PLAIN-3241,MED-2270,26.96
cross-encoder,PLAIN-3241,MED-2287,24.83
cross-encoder,PLAIN-3241,MED-10,26.0
cross-encoder,PLAIN-3251,MED-5236,25.8
cross-encoder,PLAIN-3251,MED-5145,32.04
cross-encoder,PLAIN-3251,MED-4278,28.5
cross-encoder,PLAIN-3251,MED-3314,31.05
cross-encoder,PLAIN-3251,MED-3854,28.84
cross-encoder,PLAIN-3251,MED-1817,28.41
cross-encoder,PLAIN-3251,MED-3699,19.72
cross-encoder,PLAIN-3251,MED-1529,21.32
cross-encoder,PLAIN-3251,MED-5268,24.17
cross-encoder,PLAIN-3251,MED-5175,25.71
cross-encoder,PLAIN-3251,MED-4261,23.55
cross-encoder,PLAIN-3251,MED-1380,27.65
cross-encoder,PLAIN-3251,MED-4483,30.36
cross-encoder,PLAIN-3251,MED-970,24.4
cross-encoder,PLAIN-3251,MED-4861,24.46
cross-encoder,PLAIN-3251,MED-3205,25.35
cross-encoder,PLAIN-3251,MED-3123,20.66
cross-encoder,PLAIN-3251,MED-1137,23.14
cross-encoder,PLAIN-3251,MED-4382,25.55
cross-encoder,PLAIN-3251,MED-4683,25.97
cross-encoder,PLAIN-3261,MED-5158,24.57
cross-encoder,PLAIN-3261,MED-5157,22.86
cross-encoder,PLAIN-3261,MED-2349,27.02
cross-encoder,PLAIN-3261,MED-3766,23.13
cross-encoder,PLAIN-3261,MED-5138,26.08
cross-encoder,PLAIN-3261,MED-1126,25.11
cross-encoder,PLAIN-3261,MED-4873,27.88
cross-encoder,PLAIN-3261,MED-3102,23.58
cross-encoder,PLAIN-3261,MED-3618,19.63
cross-encoder,PLAIN-3261,MED-1240,28.18
cross-encoder,PLAIN-3261,MED-4452,27.55
cross-encoder,PLAIN-3261,MED-1291,23.86
cross-encoder,PLAIN-3261,MED-3434,21.44
cross-encoder,PLAIN-3261,MED-3619,23.99
cross-encoder,PLAIN-3261,MED-1245,30.5
cross-encoder,PLAIN-3261,MED-1400,18.92
cross-encoder,PLAIN-3261,MED-2164,30.82
cross-encoder,PLAIN-3261,MED-3663,28.18
cross-encoder,PLAIN-3261,MED-4369,24.24
cross-encoder,PLAIN-3261,MED-974,30.55
cross-encoder,PLAIN-3271,MED-4450,25.32
cross-encoder,PLAIN-3271,MED-1781,21.09
cross-encoder,PLAIN-3271,MED-1455,24.26
cross-encoder,PLAIN-3271,MED-4823,27.75
cross-encoder,PLAIN-3271,MED-1556,23.6
cross-encoder,PLAIN-3271,MED-5267,30.21
cross-encoder,PLAIN-3271,MED-1068,27.12
cross-encoder,PLAIN-3271,MED-1454,25.5
cross-encoder,PLAIN-3271,MED-5335,24.01
cross-encoder,PLAIN-3271,MED-4984,28.49
cross-encoder,PLAIN-3271,MED-3878,29.04
cross-encoder,PLAIN-3271,MED-4556,26.78
cross-encoder,PLAIN-3271,MED-4069,25.23
cross-encoder,PLAIN-3271,MED-1873,25.16
cross-encoder,PLAIN-3271,MED-3245,22.24
cross-encoder,PLAIN-3271,MED-3243,25.64
cross-encoder,PLAIN-3271,MED-3874,26.2
cross-encoder,PLAIN-3271,MED-4885,27.43
cross-encoder,PLAIN-3271,MED-4005,28.08
cross-encoder,PLAIN-3271,MED-1072,26.28
cross-encoder,PLAIN-3281,MED-4909,24.34
cross-encoder,PLAIN-3281,MED-1849,20.36
cross-encoder,PLAIN-3281,MED-1850,25.52
cross-encoder,PLAIN-3281,MED-1844,27.98
cross-encoder,PLAIN-3281,MED-5097,27.57
cross-encoder,PLAIN-3281,MED-2906,31.3
cross-encoder,PLAIN-3281,MED-2353,29.29
cross-encoder,PLAIN-3281,MED-1851,26.27
cross-encoder,PLAIN-3281,MED-3087,19.78
cross-encoder,PLAIN-3281,MED-3601,21.93
cross-encoder,PLAIN-3281,MED-1841,29.81
cross-encoder,PLAIN-3281,MED-3931,33.09
cross-encoder,PLAIN-3281,MED-5275,24.71
cross-encoder,PLAIN-3281,MED-1617,19.92
cross-encoder,PLAIN-3281,MED-1798,22.98
cross-encoder,PLAIN-3281,MED-2264,28.61
cross-encoder,PLAIN-3281,MED-3092,26.03
cross-encoder,PLAIN-3281,MED-2697,33.25
cross-encoder,PLAIN-3281,MED-4716,32.29
cross-encoder,PLAIN-3281,MED-4823,22.46
cross-encoder,PLAIN-3292,MED-2761,25.08
cross-encoder,PLAIN-3292,MED-3109,12.57
cross-encoder,PLAIN-3292,MED-2291,26.58
cross-encoder,PLAIN-3292,MED-4645,28.05
cross-encoder,PLAIN-3292,MED-2759,24.98
cross-encoder,PLAIN-3292,MED-4695,20.63
cross-encoder,PLAIN-3292,MED-4236,24.91
cross-encoder,PLAIN-3292,MED-4925,25.99
cross-encoder,PLAIN-3292,MED-4924,26.35
cross-encoder,PLAIN-3292,MED-3359,23.51
cross-encoder,PLAIN-3292,MED-5026,20.97
cross-encoder,PLAIN-3292,MED-3386,20.22
cross-encoder,PLAIN-3292,MED-2762,22.36
cross-encoder,PLAIN-3292,MED-2757,20.41
cross-encoder,PLAIN-3292,MED-4600,15.29
cross-encoder,PLAIN-3292,MED-940,29.94
cross-encoder,PLAIN-3292,MED-1352,28.77
cross-encoder,PLAIN-3292,MED-2758,27.93
cross-encoder,PLAIN-3292,MED-4226,15.89
cross-encoder,PLAIN-3292,MED-5283,19.23
cross-encoder,PLAIN-3302,MED-2907,21.01
cross-encoder,PLAIN-3302,MED-3029,18.57
cross-encoder,PLAIN-3302,MED-3592,25.95
cross-encoder,PLAIN-3302,MED-5099,21.87
cross-encoder,PLAIN-3302,MED-4944,23.41
cross-encoder,PLAIN-3302,MED-4736,23.13
cross-encoder,PLAIN-3302,MED-3545,22.14
cross-encoder,PLAIN-3302,MED-2410,18.78
cross-encoder,PLAIN-3302,MED-1831,23.68
cross-encoder,PLAIN-3302,MED-1573,23.7
cross-encoder,PLAIN-3302,MED-5100,27.04
cross-encoder,PLAIN-3302,MED-4735,24.06
cross-encoder,PLAIN-3302,MED-1572,21.74
cross-encoder,PLAIN-3302,MED-4959,26.37
cross-encoder,PLAIN-3302,MED-4731,24.83
cross-encoder,PLAIN-3302,MED-4934,37.36
cross-encoder,PLAIN-3302,MED-3012,24.18
cross-encoder,PLAIN-3302,MED-4961,27.33
cross-encoder,PLAIN-3302,MED-5097,24.53
cross-encoder,PLAIN-3302,MED-2751,26.01
cross-encoder,PLAIN-3312,MED-4360,22.57
cross-encoder,PLAIN-3312,MED-3561,26.76
cross-encoder,PLAIN-3312,MED-3717,11.9
cross-encoder,PLAIN-3312,MED-4328,25.52
cross-encoder,PLAIN-3312,MED-3655,28.05
cross-encoder,PLAIN-3312,MED-1569,11.57
cross-encoder,PLAIN-3312,MED-4961,20.74
cross-encoder,PLAIN-3312,MED-4966,23.29
cross-encoder,PLAIN-3312,MED-4959,21.31
cross-encoder,PLAIN-3312,MED-4136,21.4
cross-encoder,PLAIN-3312,MED-943,23.17
cross-encoder,PLAIN-3312,MED-3515,12.46
cross-encoder,PLAIN-3312,MED-1570,28.35
cross-encoder,PLAIN-3312,MED-1749,28.18
cross-encoder,PLAIN-3312,MED-1266,24.58
cross-encoder,PLAIN-3312,MED-1272,27.86
cross-encoder,PLAIN-3312,MED-4525,28.77
cross-encoder,PLAIN-3312,MED-3434,23.37
cross-encoder,PLAIN-3312,MED-3556,26.7
cross-encoder,PLAIN-3312,MED-4807,32.97
cross-encoder,PLAIN-3322,MED-2174,29.27
cross-encoder,PLAIN-3322,MED-4823,24.29
cross-encoder,PLAIN-3322,MED-2139,32.05
cross-encoder,PLAIN-3322,MED-861,29.91
cross-encoder,PLAIN-3322,MED-2584,32.6
cross-encoder,PLAIN-3322,MED-4486,25.45
cross-encoder,PLAIN-3322,MED-3862,25.53
cross-encoder,PLAIN-3322,MED-4714,28.47
cross-encoder,PLAIN-3322,MED-2696,31.52
cross-encoder,PLAIN-3322,MED-3700,31.49
cross-encoder,PLAIN-3322,MED-3751,25.75
cross-encoder,PLAIN-3322,MED-5198,31.3
cross-encoder,PLAIN-3322,MED-5066,26.27
cross-encoder,PLAIN-3322,MED-4482,23.69
cross-encoder,PLAIN-3322,MED-3782,23.78
cross-encoder,PLAIN-3322,MED-841,26.19
cross-encoder,PLAIN-3322,MED-5111,21.01
cross-encoder,PLAIN-3322,MED-2189,30.21
cross-encoder,PLAIN-3322,MED-2205,27.15
cross-encoder,PLAIN-3322,MED-4222,22.28
cross-encoder,PLAIN-3332,MED-3696,27.79
cross-encoder,PLAIN-3332,MED-1680,24.69
cross-encoder,PLAIN-3332,MED-1646,23.82
cross-encoder,PLAIN-3332,MED-4160,28.84
cross-encoder,PLAIN-3332,MED-4994,26.18
cross-encoder,PLAIN-3332,MED-5100,24.44
cross-encoder,PLAIN-3332,MED-1564,20.23
cross-encoder,PLAIN-3332,MED-4622,27.03
cross-encoder,PLAIN-3332,MED-1567,21.07
cross-encoder,PLAIN-3332,MED-3762,24.46
cross-encoder,PLAIN-3332,MED-2437,20.79
cross-encoder,PLAIN-3332,MED-4365,20.04
cross-encoder,PLAIN-3332,MED-2160,23.75
cross-encoder,PLAIN-3332,MED-3763,24.66
cross-encoder,PLAIN-3332,MED-3900,22.64
cross-encoder,PLAIN-3332,MED-907,25.33
cross-encoder,PLAIN-3332,MED-5293,23.35
cross-encoder,PLAIN-3332,MED-944,20.34
cross-encoder,PLAIN-3332,MED-3156,29.7
cross-encoder,PLAIN-3332,MED-852,23.87
cross-encoder,PLAIN-3342,MED-5012,24.75
cross-encoder,PLAIN-3342,MED-3109,16.64
cross-encoder,PLAIN-3342,MED-2291,23.29
cross-encoder,PLAIN-3342,MED-4000,27.44
cross-encoder,PLAIN-3342,MED-4001,28.83
cross-encoder,PLAIN-3342,MED-5014,24.0
cross-encoder,PLAIN-3342,MED-5015,16.14
cross-encoder,PLAIN-3342,MED-4695,24.97
cross-encoder,PLAIN-3342,MED-4236,25.58
cross-encoder,PLAIN-3342,MED-1229,24.0
cross-encoder,PLAIN-3342,MED-2123,25.97
cross-encoder,PLAIN-3342,MED-4782,31.4
cross-encoder,PLAIN-3342,MED-5016,32.91
cross-encoder,PLAIN-3342,MED-4396,33.64
cross-encoder,PLAIN-3342,MED-1770,31.68
cross-encoder,PLAIN-3342,MED-1768,25.12
cross-encoder,PLAIN-3342,MED-2126,27.18
cross-encoder,PLAIN-3342,MED-2056,23.87
cross-encoder,PLAIN-3342,MED-2772,21.0
cross-encoder,PLAIN-3342,MED-4751,22.0
cross-encoder,PLAIN-3352,MED-3504,29.03
cross-encoder,PLAIN-3352,MED-3316,25.08
cross-encoder,PLAIN-3352,MED-3317,24.14
cross-encoder,PLAIN-3352,MED-3515,12.75
cross-encoder,PLAIN-3352,MED-4430,21.95
cross-encoder,PLAIN-3352,MED-557,26.84
cross-encoder,PLAIN-3352,MED-4578,27.25
cross-encoder,PLAIN-3352,MED-1333,21.15
cross-encoder,PLAIN-3352,MED-4243,25.39
cross-encoder,PLAIN-3352,MED-2080,29.6
cross-encoder,PLAIN-3352,MED-4247,24.75
cross-encoder,PLAIN-3352,MED-4616,29.12
cross-encoder,PLAIN-3352,MED-2991,21.91
cross-encoder,PLAIN-3352,MED-5014,23.5
cross-encoder,PLAIN-3352,MED-2301,22.92
cross-encoder,PLAIN-3352,MED-3288,21.36
cross-encoder,PLAIN-3352,MED-1486,23.77
cross-encoder,PLAIN-3352,MED-1293,28.34
cross-encoder,PLAIN-3352,MED-2507,28.72
cross-encoder,PLAIN-3352,MED-4541,25.54
cross-encoder,PLAIN-3362,MED-5042,21.53
cross-encoder,PLAIN-3362,MED-2227,21.21
cross-encoder,PLAIN-3362,MED-5041,25.56
cross-encoder,PLAIN-3362,MED-2792,20.72
cross-encoder,PLAIN-3362,MED-4529,29.67
cross-encoder,PLAIN-3362,MED-2780,30.48
cross-encoder,PLAIN-3362,MED-1571,17.67
cross-encoder,PLAIN-3362,MED-4512,20.81
cross-encoder,PLAIN-3362,MED-4533,24.12
cross-encoder,PLAIN-3362,MED-2237,23.85
cross-encoder,PLAIN-3362,MED-4544,31.87
cross-encoder,PLAIN-3362,MED-3634,29.48
cross-encoder,PLAIN-3362,MED-2846,25.42
cross-encoder,PLAIN-3362,MED-4534,26.81
cross-encoder,PLAIN-3362,MED-3607,22.36
cross-encoder,PLAIN-3362,MED-1937,26.61
cross-encoder,PLAIN-3362,MED-4966,25.72
cross-encoder,PLAIN-3362,MED-2824,24.53
cross-encoder,PLAIN-3362,MED-2811,23.08
cross-encoder,PLAIN-3362,MED-2810,28.35
cross-encoder,PLAIN-3372,MED-4868,28.05
cross-encoder,PLAIN-3372,MED-4120,25.17
cross-encoder,PLAIN-3372,MED-1625,24.16
cross-encoder,PLAIN-3372,MED-4994,25.78
cross-encoder,PLAIN-3372,MED-1743,27.13
cross-encoder,PLAIN-3372,MED-4126,14.61
cross-encoder,PLAIN-3372,MED-1108,31.67
cross-encoder,PLAIN-3372,MED-5054,20.9
cross-encoder,PLAIN-3372,MED-1626,24.55
cross-encoder,PLAIN-3372,MED-1623,30.95
cross-encoder,PLAIN-3372,MED-5053,32.99
cross-encoder,PLAIN-3372,MED-1630,30.06
cross-encoder,PLAIN-3372,MED-1624,25.5
cross-encoder,PLAIN-3372,MED-4125,27.95
cross-encoder,PLAIN-3372,MED-1627,29.53
cross-encoder,PLAIN-3372,MED-2490,32.8
cross-encoder,PLAIN-3372,MED-4658,27.41
cross-encoder,PLAIN-3372,MED-3105,20.56
cross-encoder,PLAIN-3372,MED-4471,22.62
cross-encoder,PLAIN-3372,MED-3540,25.21
cross-encoder,PLAIN-3382,MED-3382,26.01
cross-encoder,PLAIN-3382,MED-3109,12.62
cross-encoder,PLAIN-3382,MED-2939,23.47
cross-encoder,PLAIN-3382,MED-5054,25.38
cross-encoder,PLAIN-3382,MED-1625,27.68
cross-encoder,PLAIN-3382,MED-3380,22.77
cross-encoder,PLAIN-3382,MED-1407,24.3
cross-encoder,PLAIN-3382,MED-5053,25.42
cross-encoder,PLAIN-3382,MED-3381,22.68
cross-encoder,PLAIN-3382,MED-2846,31.49
cross-encoder,PLAIN-3382,MED-4695,28.14
cross-encoder,PLAIN-3382,MED-1035,23.79
cross-encoder,PLAIN-3382,MED-4236,26.05
cross-encoder,PLAIN-3382,MED-2291,27.97
cross-encoder,PLAIN-3382,MED-4120,24.17
cross-encoder,PLAIN-3382,MED-5062,26.64
cross-encoder,PLAIN-3382,MED-1630,33.18
cross-encoder,PLAIN-3382,MED-1626,23.94
cross-encoder,PLAIN-3382,MED-1108,27.7
cross-encoder,PLAIN-3382,MED-3359,27.2
cross-encoder,PLAIN-3392,MED-1646,21.6
cross-encoder,PLAIN-3392,MED-1637,22.54
cross-encoder,PLAIN-3392,MED-713,25.67
cross-encoder,PLAIN-3392,MED-918,26.23
cross-encoder,PLAIN-3392,MED-3533,22.19
cross-encoder,PLAIN-3392,MED-1743,27.22
cross-encoder,PLAIN-3392,MED-4994,23.26
cross-encoder,PLAIN-3392,MED-3763,25.84
cross-encoder,PLAIN-3392,MED-2155,26.5
cross-encoder,PLAIN-3392,MED-5244,25.91
cross-encoder,PLAIN-3392,MED-3375,26.74
cross-encoder,PLAIN-3392,MED-2226,40.86
cross-encoder,PLAIN-3392,MED-5046,43.64
cross-encoder,PLAIN-3392,MED-1710,35.95
cross-encoder,PLAIN-3392,MED-2972,37.63
cross-encoder,PLAIN-3392,MED-4587,39.66
cross-encoder,PLAIN-3392,MED-5043,31.77
cross-encoder,PLAIN-3392,MED-4860,26.87
cross-encoder,PLAIN-3392,MED-4578,30.55
cross-encoder,PLAIN-3392,MED-1844,31.79
cross-encoder,PLAIN-3402,MED-2951,28.35
cross-encoder,PLAIN-3402,MED-4689,29.27
cross-encoder,PLAIN-3402,MED-5056,26.88
cross-encoder,PLAIN-3402,MED-4413,38.7
cross-encoder,PLAIN-3402,MED-887,33.39
cross-encoder,PLAIN-3402,MED-4165,35.12
cross-encoder,PLAIN-3402,MED-2223,34.71
cross-encoder,PLAIN-3402,MED-334,30.04
cross-encoder,PLAIN-3402,MED-2285,29.94
cross-encoder,PLAIN-3402,MED-3093,21.36
cross-encoder,PLAIN-3402,MED-2194,27.92
cross-encoder,PLAIN-3402,MED-4047,37.23
cross-encoder,PLAIN-3402,MED-4523,35.99
cross-encoder,PLAIN-3402,MED-3943,26.45
cross-encoder,PLAIN-3402,MED-3085,25.16
cross-encoder,PLAIN-3402,MED-2969,33.24
cross-encoder,PLAIN-3402,MED-2231,27.8
cross-encoder,PLAIN-3402,MED-2595,32.19
cross-encoder,PLAIN-3402,MED-4516,35.59
cross-encoder,PLAIN-3402,MED-2570,38.85
cross-encoder,PLAIN-3412,MED-4682,28.51
cross-encoder,PLAIN-3412,MED-2055,30.52
cross-encoder,PLAIN-3412,MED-936,29.22
cross-encoder,PLAIN-3412,MED-4469,21.38
cross-encoder,PLAIN-3412,MED-901,29.22
cross-encoder,PLAIN-3412,MED-3227,31.69
cross-encoder,PLAIN-3412,MED-4894,27.34
cross-encoder,PLAIN-3412,MED-3931,32.42
cross-encoder,PLAIN-3412,MED-3233,27.81
cross-encoder,PLAIN-3412,MED-962,29.55
cross-encoder,PLAIN-3412,MED-900,27.15
cross-encoder,PLAIN-3412,MED-2057,27.86
cross-encoder,PLAIN-3412,MED-4882,27.02
cross-encoder,PLAIN-3412,MED-4753,27.6
cross-encoder,PLAIN-3412,MED-2136,29.98
cross-encoder,PLAIN-3412,MED-2053,29.1
cross-encoder,PLAIN-3412,MED-3226,38.0
cross-encoder,PLAIN-3412,MED-2056,28.05
cross-encoder,PLAIN-3412,MED-2060,32.15
cross-encoder,PLAIN-3412,MED-1341,24.64
cross-encoder,PLAIN-3422,MED-4373,17.15
cross-encoder,PLAIN-3422,MED-2762,20.49
cross-encoder,PLAIN-3422,MED-5136,26.66
cross-encoder,PLAIN-3422,MED-2761,27.22
cross-encoder,PLAIN-3422,MED-4930,16.17
cross-encoder,PLAIN-3422,MED-4156,27.69
cross-encoder,PLAIN-3422,MED-4873,25.53
cross-encoder,PLAIN-3422,MED-2452,29.32
cross-encoder,PLAIN-3422,MED-4566,31.44
cross-encoder,PLAIN-3422,MED-3467,28.11
cross-encoder,PLAIN-3422,MED-3157,22.06
cross-encoder,PLAIN-3422,MED-4366,26.56
cross-encoder,PLAIN-3422,MED-4645,25.89
cross-encoder,PLAIN-3422,MED-2942,29.67
cross-encoder,PLAIN-3422,MED-1830,24.62
cross-encoder,PLAIN-3422,MED-3617,28.44
cross-encoder,PLAIN-3422,MED-5131,31.55
cross-encoder,PLAIN-3422,MED-4511,33.14
cross-encoder,PLAIN-3422,MED-4929,26.99
cross-encoder,PLAIN-3422,MED-4872,20.94
cross-encoder,PLAIN-3432,MED-4336,25.11
cross-encoder,PLAIN-3432,MED-5040,30.07
cross-encoder,PLAIN-3432,MED-2227,24.63
cross-encoder,PLAIN-3432,MED-2225,31.42
cross-encoder,PLAIN-3432,MED-5148,23.3
cross-encoder,PLAIN-3432,MED-2224,27.88
cross-encoder,PLAIN-3432,MED-5283,20.98
cross-encoder,PLAIN-3432,MED-5284,21.68
cross-encoder,PLAIN-3432,MED-4782,29.96
cross-encoder,PLAIN-3432,MED-5038,17.98
cross-encoder,PLAIN-3432,MED-5151,14.84
cross-encoder,PLAIN-3432,MED-5289,22.93
cross-encoder,PLAIN-3432,MED-2223,25.24
cross-encoder,PLAIN-3432,MED-3166,35.98
cross-encoder,PLAIN-3432,MED-2222,33.08
cross-encoder,PLAIN-3432,MED-2228,31.09
cross-encoder,PLAIN-3432,MED-5248,29.8
cross-encoder,PLAIN-3432,MED-5286,23.3
cross-encoder,PLAIN-3432,MED-5287,26.85
cross-encoder,PLAIN-3432,MED-1534,24.5
cross-encoder,PLAIN-3442,MED-4994,28.63
cross-encoder,PLAIN-3442,MED-1743,31.79
cross-encoder,PLAIN-3442,MED-3523,29.44
cross-encoder,PLAIN-3442,MED-2066,31.2
cross-encoder,PLAIN-3442,MED-5076,34.5
cross-encoder,PLAIN-3442,MED-2085,29.59
cross-encoder,PLAIN-3442,MED-3620,21.33
cross-encoder,PLAIN-3442,MED-3371,24.4
cross-encoder,PLAIN-3442,MED-3369,32.15
cross-encoder,PLAIN-3442,MED-2201,27.27
cross-encoder,PLAIN-3442,MED-4714,26.97
cross-encoder,PLAIN-3442,MED-4738,26.33
cross-encoder,PLAIN-3442,MED-1604,26.5
cross-encoder,PLAIN-3442,MED-1500,24.55
cross-encoder,PLAIN-3442,MED-4496,25.48
cross-encoder,PLAIN-3442,MED-4861,20.96
cross-encoder,PLAIN-3442,MED-3485,24.2
cross-encoder,PLAIN-3442,MED-4393,26.61
cross-encoder,PLAIN-3442,MED-2459,25.43
cross-encoder,PLAIN-3442,MED-4583,24.31
cross-encoder,PLAIN-3452,MED-5175,23.12
cross-encoder,PLAIN-3452,MED-2100,25.7
cross-encoder,PLAIN-3452,MED-4641,24.56
cross-encoder,PLAIN-3452,MED-1049,14.8
cross-encoder,PLAIN-3452,MED-1031,27.61
cross-encoder,PLAIN-3452,MED-4638,33.21
cross-encoder,PLAIN-3452,MED-1035,22.09
cross-encoder,PLAIN-3452,MED-2055,30.19
cross-encoder,PLAIN-3452,MED-1034,32.37
cross-encoder,PLAIN-3452,MED-4810,25.03
cross-encoder,PLAIN-3452,MED-4325,31.31
cross-encoder,PLAIN-3452,MED-1008,31.55
cross-encoder,PLAIN-3452,MED-1188,25.65
cross-encoder,PLAIN-3452,MED-1040,24.48
cross-encoder,PLAIN-3452,MED-1048,24.41
cross-encoder,PLAIN-3452,MED-1007,26.33
cross-encoder,PLAIN-3452,MED-2164,25.81
cross-encoder,PLAIN-3452,MED-2578,26.08
cross-encoder,PLAIN-3452,MED-1016,9.7
cross-encoder,PLAIN-3452,MED-3964,22.31
cross-encoder,PLAIN-3462,MED-5271,29.2
cross-encoder,PLAIN-3462,MED-5153,23.68
cross-encoder,PLAIN-3462,MED-5274,29.33
cross-encoder,PLAIN-3462,MED-5260,27.34
cross-encoder,PLAIN-3462,MED-1390,24.93
cross-encoder,PLAIN-3462,MED-1373,26.93
cross-encoder,PLAIN-3462,MED-5268,28.65
cross-encoder,PLAIN-3462,MED-5269,22.29
cross-encoder,PLAIN-3462,MED-5263,29.82
cross-encoder,PLAIN-3462,MED-5273,32.9
cross-encoder,PLAIN-3462,MED-3432,27.97
cross-encoder,PLAIN-3462,MED-4709,33.02
cross-encoder,PLAIN-3462,MED-1363,25.16
cross-encoder,PLAIN-3462,MED-1394,20.72
cross-encoder,PLAIN-3462,MED-5261,29.6
cross-encoder,PLAIN-3462,MED-5085,30.21
cross-encoder,PLAIN-3462,MED-4303,30.76
cross-encoder,PLAIN-3462,MED-5262,28.85
cross-encoder,PLAIN-3462,MED-3422,22.41
cross-encoder,PLAIN-3462,MED-4006,40.41
cross-encoder,PLAIN-3472,MED-3760,28.75
cross-encoder,PLAIN-3472,MED-2928,25.97
cross-encoder,PLAIN-3472,MED-2527,34.11
cross-encoder,PLAIN-3472,MED-3374,30.59
cross-encoder,PLAIN-3472,MED-1350,25.72
cross-encoder,PLAIN-3472,MED-3382,32.66
cross-encoder,PLAIN-3472,MED-2925,47.23
cross-encoder,PLAIN-3472,MED-3757,30.17
cross-encoder,PLAIN-3472,MED-2923,32.81
cross-encoder,PLAIN-3472,MED-3759,24.44
cross-encoder,PLAIN-3472,MED-3106,28.6
cross-encoder,PLAIN-3472,MED-3755,13.35
cross-encoder,PLAIN-3472,MED-2525,23.33
cross-encoder,PLAIN-3472,MED-2924,26.15
cross-encoder,PLAIN-3472,MED-2050,31.94
cross-encoder,PLAIN-3472,MED-1374,20.27
cross-encoder,PLAIN-3472,MED-1818,36.95
cross-encoder,PLAIN-3472,MED-4795,17.98
cross-encoder,PLAIN-3472,MED-4442,24.26
cross-encoder,PLAIN-3472,MED-4451,30.9
