method,score,calls
cross-encoder,-11.442096710205078,1
cross-encoder,-11.40127182006836,1
cross-encoder,-11.393413543701172,1
cross-encoder,-11.375495910644531,1
cross-encoder,-11.370138168334961,1
cross-encoder,-11.364288330078125,1
cross-encoder,-11.360038757324219,1
cross-encoder,-11.357973098754883,1
cross-encoder,-11.357244491577148,1
cross-encoder,-11.355140686035156,1
cross-encoder,-11.354768753051758,1
cross-encoder,-11.352924346923828,1
cross-encoder,-11.349069595336914,1
cross-encoder,-11.345497131347656,1
cross-encoder,-11.3453369140625,1
cross-encoder,-11.336613655090332,1
cross-encoder,-11.336024284362793,1
cross-encoder,-11.335829734802246,1
cross-encoder,-11.335382461547852,1
cross-encoder,-11.333311080932617,1
cross-encoder,-11.329174041748047,1
cross-encoder,-11.328822135925293,1
cross-encoder,-11.32429313659668,1
cross-encoder,-11.324272155761719,1
cross-encoder,-11.323719024658203,1
cross-encoder,-11.322338104248047,1
cross-encoder,-11.319700241088867,1
cross-encoder,-11.319681167602539,1
cross-encoder,-11.316280364990234,1
cross-encoder,-11.312824249267578,1
cross-encoder,-11.312806129455566,1
cross-encoder,-11.312432289123535,1
cross-encoder,-11.309286117553711,1
cross-encoder,-11.306098937988281,1
cross-encoder,-11.306001663208008,1
cross-encoder,-11.304601669311523,1
cross-encoder,-11.303596496582031,1
cross-encoder,-11.302508354187012,1
cross-encoder,-11.30239486694336,1
cross-encoder,-11.30095100402832,1
cross-encoder,-11.299833297729492,1
cross-encoder,-11.297176361083984,1
cross-encoder,-11.295791625976562,1
cross-encoder,-11.29499626159668,1
cross-encoder,-11.294316291809082,1
cross-encoder,-11.294127464294434,1
cross-encoder,-11.293784141540527,1
cross-encoder,-11.293313980102539,1
cross-encoder,-11.29257583618164,1
cross-encoder,-11.292413711547852,1
cross-encoder,-11.291854858398438,1
cross-encoder,-11.29102897644043,1
cross-encoder,-11.289131164550781,1
cross-encoder,-11.287897109985352,1
cross-encoder,-11.287680625915527,1
cross-encoder,-11.287402153015137,1
cross-encoder,-11.286130905151367,1
cross-encoder,-11.286108016967773,1
cross-encoder,-11.284111976623535,1
cross-encoder,-11.282869338989258,1
cross-encoder,-11.281845092773438,1
cross-encoder,-11.281475067138672,2
cross-encoder,-11.278338432312012,1
cross-encoder,-11.276686668395996,1
cross-encoder,-11.274086952209473,1
cross-encoder,-11.270925521850586,1
cross-encoder,-11.270864486694336,1
cross-encoder,-11.2700777053833,1
cross-encoder,-11.268905639648438,1
cross-encoder,-11.264917373657227,1
cross-encoder,-11.264842987060547,1
cross-encoder,-11.264334678649902,1
cross-encoder,-11.263863563537598,1
cross-encoder,-11.263436317443848,1
cross-encoder,-11.26194953918457,1
cross-encoder,-11.261686325073242,1
cross-encoder,-11.261580467224121,1
cross-encoder,-11.260393142700195,1
cross-encoder,-11.260187149047852,1
cross-encoder,-11.259740829467773,1
cross-encoder,-11.258749961853027,1
cross-encoder,-11.258475303649902,1
cross-encoder,-11.257192611694336,1
cross-encoder,-11.257182121276855,1
cross-encoder,-11.256647109985352,1
cross-encoder,-11.256422996520996,1
cross-encoder,-11.255851745605469,1
cross-encoder,-11.253047943115234,1
cross-encoder,-11.252372741699219,1
cross-encoder,-11.251969337463379,1
cross-encoder,-11.25153923034668,1
cross-encoder,-11.251187324523926,1
cross-encoder,-11.25091552734375,1
cross-encoder,-11.25049114227295,1
cross-encoder,-11.250017166137695,1
cross-encoder,-11.249595642089844,1
cross-encoder,-11.247525215148926,1
cross-encoder,-11.247062683105469,1
cross-encoder,-11.246789932250977,1
cross-encoder,-11.246419906616211,1
cross-encoder,-11.246350288391113,1
cross-encoder,-11.246014595031738,1
cross-encoder,-11.245234489440918,1
cross-encoder,-11.243175506591797,1
cross-encoder,-11.243097305297852,1
cross-encoder,-11.242684364318848,1
cross-encoder,-11.242643356323242,1
cross-encoder,-11.240958213806152,1
cross-encoder,-11.240389823913574,1
cross-encoder,-11.239519119262695,1
cross-encoder,-11.23836898803711,1
cross-encoder,-11.237630844116211,1
cross-encoder,-11.237369537353516,1
cross-encoder,-11.237346649169922,1
cross-encoder,-11.237293243408203,1
cross-encoder,-11.236821174621582,1
cross-encoder,-11.236404418945312,1
cross-encoder,-11.236367225646973,1
cross-encoder,-11.235637664794922,1
cross-encoder,-11.235357284545898,1
cross-encoder,-11.234630584716797,1
cross-encoder,-11.233173370361328,1
cross-encoder,-11.232973098754883,1
cross-encoder,-11.232950210571289,1
cross-encoder,-11.231921195983887,1
cross-encoder,-11.231734275817871,1
cross-encoder,-11.231363296508789,1
cross-encoder,-11.230764389038086,1
cross-encoder,-11.229647636413574,1
cross-encoder,-11.229105949401855,1
cross-encoder,-11.22696590423584,1
cross-encoder,-11.226720809936523,1
cross-encoder,-11.226020812988281,1
cross-encoder,-11.225798606872559,1
cross-encoder,-11.225480079650879,1
cross-encoder,-11.225309371948242,1
cross-encoder,-11.225215911865234,1
cross-encoder,-11.225188255310059,1
cross-encoder,-11.22497272491455,1
cross-encoder,-11.224361419677734,1
cross-encoder,-11.224217414855957,1
cross-encoder,-11.224003791809082,1
cross-encoder,-11.223796844482422,1
cross-encoder,-11.222537994384766,1
cross-encoder,-11.221244812011719,1
cross-encoder,-11.22050952911377,1
cross-encoder,-11.219877243041992,1
cross-encoder,-11.219091415405273,1
cross-encoder,-11.2179594039917,1
cross-encoder,-11.217485427856445,1
cross-encoder,-11.217435836791992,1
cross-encoder,-11.217338562011719,1
cross-encoder,-11.215764999389648,1
cross-encoder,-11.215315818786621,1
cross-encoder,-11.215312957763672,1
cross-encoder,-11.21511459350586,1
cross-encoder,-11.214753150939941,1
cross-encoder,-11.214591026306152,1
cross-encoder,-11.214237213134766,1
cross-encoder,-11.21357536315918,1
cross-encoder,-11.213199615478516,1
cross-encoder,-11.212923049926758,1
cross-encoder,-11.212152481079102,1
cross-encoder,-11.212095260620117,1
cross-encoder,-11.211864471435547,1
cross-encoder,-11.211240768432617,1
cross-encoder,-11.211138725280762,1
cross-encoder,-11.210124969482422,1
cross-encoder,-11.210121154785156,1
cross-encoder,-11.209638595581055,1
cross-encoder,-11.20920181274414,1
cross-encoder,-11.208949089050293,1
cross-encoder,-11.208885192871094,1
cross-encoder,-11.208745002746582,1
cross-encoder,-11.208566665649414,1
cross-encoder,-11.207656860351562,1
cross-encoder,-11.20749282836914,1
cross-encoder,-11.20645523071289,1
cross-encoder,-11.206323623657227,1
cross-encoder,-11.206219673156738,1
cross-encoder,-11.2056303024292,1
cross-encoder,-11.205437660217285,1
cross-encoder,-11.20518970489502,1
cross-encoder,-11.204415321350098,1
cross-encoder,-11.204313278198242,1
cross-encoder,-11.20394229888916,1
cross-encoder,-11.203083992004395,1
cross-encoder,-11.202085494995117,1
cross-encoder,-11.201776504516602,1
cross-encoder,-11.201765060424805,1
cross-encoder,-11.201665878295898,1
cross-encoder,-11.201202392578125,1
cross-encoder,-11.200874328613281,1
cross-encoder,-11.200602531433105,1
cross-encoder,-11.199407577514648,2
cross-encoder,-11.19919204711914,1
cross-encoder,-11.1991548538208,1
cross-encoder,-11.198620796203613,1
cross-encoder,-11.198396682739258,1
cross-encoder,-11.198285102844238,1
cross-encoder,-11.198221206665039,1
cross-encoder,-11.198028564453125,1
cross-encoder,-11.197349548339844,2
cross-encoder,-11.197120666503906,1
cross-encoder,-11.196548461914062,1
cross-encoder,-11.196256637573242,1
cross-encoder,-11.195541381835938,1
cross-encoder,-11.195302963256836,1
cross-encoder,-11.195161819458008,1
cross-encoder,-11.195018768310547,1
cross-encoder,-11.194894790649414,1
cross-encoder,-11.194559097290039,1
cross-encoder,-11.193683624267578,1
cross-encoder,-11.19346809387207,1
cross-encoder,-11.192986488342285,1
cross-encoder,-11.192706108093262,1
cross-encoder,-11.19205379486084,1
cross-encoder,-11.19157600402832,1
cross-encoder,-11.191251754760742,1
cross-encoder,-11.19118881225586,1
cross-encoder,-11.190543174743652,1
cross-encoder,-11.190084457397461,1
cross-encoder,-11.189903259277344,1
cross-encoder,-11.189685821533203,1
cross-encoder,-11.18929672241211,1
cross-encoder,-11.189010620117188,1
cross-encoder,-11.188701629638672,1
cross-encoder,-11.188318252563477,1
cross-encoder,-11.188215255737305,1
cross-encoder,-11.187742233276367,1
cross-encoder,-11.187589645385742,1
cross-encoder,-11.187002182006836,1
cross-encoder,-11.18646240234375,1
cross-encoder,-11.185972213745117,1
cross-encoder,-11.185111999511719,1
cross-encoder,-11.183372497558594,1
cross-encoder,-11.183287620544434,1
cross-encoder,-11.183019638061523,1
cross-encoder,-11.181812286376953,1
cross-encoder,-11.181164741516113,1
cross-encoder,-11.18088436126709,1
cross-encoder,-11.180493354797363,1
cross-encoder,-11.180234909057617,1
cross-encoder,-11.179669380187988,1
cross-encoder,-11.179133415222168,1
cross-encoder,-11.179058074951172,1
cross-encoder,-11.177363395690918,1
cross-encoder,-11.17719841003418,1
cross-encoder,-11.176636695861816,2
cross-encoder,-11.17529582977295,1
cross-encoder,-11.174154281616211,1
cross-encoder,-11.173847198486328,1
cross-encoder,-11.173585891723633,1
cross-encoder,-11.173421859741211,1
cross-encoder,-11.17272663116455,1
cross-encoder,-11.172281265258789,1
cross-encoder,-11.171714782714844,1
cross-encoder,-11.171628952026367,1
cross-encoder,-11.171463012695312,1
cross-encoder,-11.171045303344727,1
cross-encoder,-11.17017650604248,1
cross-encoder,-11.169692039489746,1
cross-encoder,-11.169454574584961,1
cross-encoder,-11.168118476867676,1
cross-encoder,-11.167534828186035,1
cross-encoder,-11.166906356811523,1
cross-encoder,-11.166748046875,1
cross-encoder,-11.166698455810547,1
cross-encoder,-11.166635513305664,1
cross-encoder,-11.166526794433594,1
cross-encoder,-11.166440963745117,1
cross-encoder,-11.166338920593262,1
cross-encoder,-11.16612720489502,1
cross-encoder,-11.166120529174805,1
cross-encoder,-11.165836334228516,1
cross-encoder,-11.16583251953125,1
cross-encoder,-11.165000915527344,1
cross-encoder,-11.16493034362793,1
cross-encoder,-11.164048194885254,1
cross-encoder,-11.163715362548828,1
cross-encoder,-11.16352653503418,1
cross-encoder,-11.163469314575195,1
cross-encoder,-11.162294387817383,1
cross-encoder,-11.16102409362793,1
cross-encoder,-11.160947799682617,1
cross-encoder,-11.160285949707031,1
cross-encoder,-11.159403800964355,1
cross-encoder,-11.159357070922852,1
cross-encoder,-11.159250259399414,1
cross-encoder,-11.159185409545898,1
cross-encoder,-11.159183502197266,1
cross-encoder,-11.158134460449219,1
cross-encoder,-11.156760215759277,1
cross-encoder,-11.156325340270996,1
cross-encoder,-11.155532836914062,1
cross-encoder,-11.155378341674805,1
cross-encoder,-11.155289649963379,1
cross-encoder,-11.155258178710938,1
cross-encoder,-11.155250549316406,1
cross-encoder,-11.15472412109375,1
cross-encoder,-11.153831481933594,1
cross-encoder,-11.153122901916504,1
cross-encoder,-11.152841567993164,1
cross-encoder,-11.151447296142578,1
cross-encoder,-11.151366233825684,1
cross-encoder,-11.151302337646484,1
cross-encoder,-11.151277542114258,1
cross-encoder,-11.150907516479492,1
cross-encoder,-11.150678634643555,1
cross-encoder,-11.150376319885254,1
cross-encoder,-11.149673461914062,1
cross-encoder,-11.14773941040039,1
cross-encoder,-11.146829605102539,1
cross-encoder,-11.146660804748535,1
cross-encoder,-11.146642684936523,1
cross-encoder,-11.1463623046875,1
cross-encoder,-11.146247863769531,1
cross-encoder,-11.145191192626953,1
cross-encoder,-11.144693374633789,1
cross-encoder,-11.144224166870117,1
cross-encoder,-11.14362907409668,1
cross-encoder,-11.14332389831543,1
cross-encoder,-11.14306926727295,1
cross-encoder,-11.14283561706543,1
cross-encoder,-11.142578125,1
cross-encoder,-11.142334938049316,1
cross-encoder,-11.142257690429688,1
cross-encoder,-11.142213821411133,1
cross-encoder,-11.140815734863281,1
cross-encoder,-11.140765190124512,1
cross-encoder,-11.140727996826172,1
cross-encoder,-11.139713287353516,1
cross-encoder,-11.139387130737305,1
cross-encoder,-11.138786315917969,1
cross-encoder,-11.138427734375,1
cross-encoder,-11.138104438781738,1
cross-encoder,-11.13762092590332,1
cross-encoder,-11.13714599609375,1
cross-encoder,-11.137128829956055,1
cross-encoder,-11.136661529541016,1
cross-encoder,-11.13664436340332,1
cross-encoder,-11.136054992675781,1
cross-encoder,-11.135747909545898,1
cross-encoder,-11.135435104370117,1
cross-encoder,-11.134410858154297,1
cross-encoder,-11.133808135986328,1
cross-encoder,-11.133390426635742,1
cross-encoder,-11.133352279663086,1
cross-encoder,-11.133077621459961,1
cross-encoder,-11.132572174072266,1
cross-encoder,-11.132424354553223,1
cross-encoder,-11.131868362426758,1
cross-encoder,-11.130687713623047,1
cross-encoder,-11.130666732788086,1
cross-encoder,-11.12955379486084,1
cross-encoder,-11.128593444824219,1
cross-encoder,-11.127899169921875,1
cross-encoder,-11.12769889831543,1
cross-encoder,-11.127281188964844,1
cross-encoder,-11.126945495605469,1
cross-encoder,-11.126930236816406,1
cross-encoder,-11.12608814239502,1
cross-encoder,-11.126052856445312,1
cross-encoder,-11.125799179077148,1
cross-encoder,-11.125025749206543,1
cross-encoder,-11.124998092651367,1
cross-encoder,-11.12458610534668,1
cross-encoder,-11.123361587524414,1
cross-encoder,-11.122620582580566,1
cross-encoder,-11.122015953063965,1
cross-encoder,-11.12185287475586,1
cross-encoder,-11.121672630310059,1
cross-encoder,-11.120950698852539,1
cross-encoder,-11.120887756347656,1
cross-encoder,-11.120620727539062,1
cross-encoder,-11.119970321655273,1
cross-encoder,-11.119590759277344,1
cross-encoder,-11.118952751159668,1
cross-encoder,-11.118843078613281,1
cross-encoder,-11.118413925170898,1
cross-encoder,-11.118308067321777,1
cross-encoder,-11.117828369140625,1
cross-encoder,-11.116859436035156,1
cross-encoder,-11.116413116455078,1
cross-encoder,-11.114812850952148,1
cross-encoder,-11.114169120788574,1
cross-encoder,-11.114027976989746,1
cross-encoder,-11.113924980163574,1
cross-encoder,-11.113897323608398,1
cross-encoder,-11.113845825195312,1
cross-encoder,-11.113588333129883,1
cross-encoder,-11.11320686340332,1
cross-encoder,-11.113112449645996,1
cross-encoder,-11.112892150878906,1
cross-encoder,-11.112525939941406,1
cross-encoder,-11.112492561340332,1
cross-encoder,-11.112174987792969,1
cross-encoder,-11.11205768585205,1
cross-encoder,-11.111462593078613,1
cross-encoder,-11.111129760742188,1
cross-encoder,-11.110584259033203,1
cross-encoder,-11.110185623168945,1
cross-encoder,-11.109930038452148,1
cross-encoder,-11.109837532043457,1
cross-encoder,-11.109703063964844,1
cross-encoder,-11.109689712524414,1
cross-encoder,-11.109041213989258,1
cross-encoder,-11.10800838470459,1
cross-encoder,-11.107892990112305,2
cross-encoder,-11.107706069946289,1
cross-encoder,-11.107513427734375,1
cross-encoder,-11.10734748840332,1
cross-encoder,-11.107284545898438,1
cross-encoder,-11.106639862060547,1
cross-encoder,-11.106433868408203,1
cross-encoder,-11.106426239013672,1
cross-encoder,-11.10639762878418,1
cross-encoder,-11.105839729309082,1
cross-encoder,-11.105461120605469,1
cross-encoder,-11.105159759521484,1
cross-encoder,-11.104887008666992,1
cross-encoder,-11.104403495788574,1
cross-encoder,-11.10352897644043,1
cross-encoder,-11.102819442749023,1
cross-encoder,-11.102575302124023,1
cross-encoder,-11.10244369506836,1
cross-encoder,-11.102211952209473,1
cross-encoder,-11.101902961730957,1
cross-encoder,-11.101749420166016,1
cross-encoder,-11.10162353515625,1
cross-encoder,-11.101031303405762,1
cross-encoder,-11.099297523498535,1
cross-encoder,-11.099023818969727,1
cross-encoder,-11.098711013793945,1
cross-encoder,-11.098329544067383,1
cross-encoder,-11.09769058227539,1
cross-encoder,-11.097518920898438,1
cross-encoder,-11.097160339355469,1
cross-encoder,-11.096771240234375,1
cross-encoder,-11.096569061279297,1
cross-encoder,-11.096026420593262,1
cross-encoder,-11.094383239746094,1
cross-encoder,-11.094138145446777,1
cross-encoder,-11.093986511230469,1
cross-encoder,-11.093710899353027,1
cross-encoder,-11.093496322631836,1
cross-encoder,-11.092683792114258,1
cross-encoder,-11.092594146728516,1
cross-encoder,-11.092506408691406,1
cross-encoder,-11.091804504394531,1
cross-encoder,-11.091743469238281,1
cross-encoder,-11.091689109802246,1
cross-encoder,-11.091547012329102,1
cross-encoder,-11.091083526611328,1
cross-encoder,-11.090730667114258,1
cross-encoder,-11.090620994567871,1
cross-encoder,-11.090520858764648,1
cross-encoder,-11.090421676635742,1
cross-encoder,-11.090085983276367,1
cross-encoder,-11.08957290649414,1
cross-encoder,-11.088949203491211,1
cross-encoder,-11.088759422302246,1
cross-encoder,-11.088615417480469,1
cross-encoder,-11.088460922241211,1
cross-encoder,-11.088075637817383,1
cross-encoder,-11.08755111694336,1
cross-encoder,-11.087052345275879,1
cross-encoder,-11.086827278137207,1
cross-encoder,-11.085382461547852,1
cross-encoder,-11.08456802368164,1
cross-encoder,-11.084396362304688,1
cross-encoder,-11.084095001220703,1
cross-encoder,-11.083508491516113,1
cross-encoder,-11.083370208740234,1
cross-encoder,-11.083277702331543,1
cross-encoder,-11.083150863647461,1
cross-encoder,-11.08299446105957,1
cross-encoder,-11.082901954650879,1
cross-encoder,-11.082793235778809,1
cross-encoder,-11.082691192626953,1
cross-encoder,-11.082265853881836,1
cross-encoder,-11.081583976745605,1
cross-encoder,-11.0809907913208,1
cross-encoder,-11.080819129943848,1
cross-encoder,-11.080156326293945,1
cross-encoder,-11.079917907714844,1
cross-encoder,-11.079833984375,1
cross-encoder,-11.078645706176758,1
cross-encoder,-11.078385353088379,1
cross-encoder,-11.076370239257812,1
cross-encoder,-11.075769424438477,1
cross-encoder,-11.075008392333984,1
cross-encoder,-11.074847221374512,1
cross-encoder,-11.074686050415039,1
cross-encoder,-11.074644088745117,1
cross-encoder,-11.074409484863281,1
cross-encoder,-11.073298454284668,1
cross-encoder,-11.07305908203125,1
cross-encoder,-11.072964668273926,1
cross-encoder,-11.072673797607422,1
cross-encoder,-11.072393417358398,1
cross-encoder,-11.072368621826172,1
cross-encoder,-11.072211265563965,1
cross-encoder,-11.072093963623047,1
cross-encoder,-11.072019577026367,1
cross-encoder,-11.071881294250488,1
cross-encoder,-11.071873664855957,1
cross-encoder,-11.071810722351074,1
cross-encoder,-11.071808815002441,1
cross-encoder,-11.071271896362305,1
cross-encoder,-11.071270942687988,1
cross-encoder,-11.07050609588623,1
cross-encoder,-11.070158004760742,1
cross-encoder,-11.0701265335083,1
cross-encoder,-11.069319725036621,1
cross-encoder,-11.068587303161621,1
cross-encoder,-11.068093299865723,1
cross-encoder,-11.067676544189453,1
cross-encoder,-11.067268371582031,1
cross-encoder,-11.066656112670898,1
cross-encoder,-11.065778732299805,1
cross-encoder,-11.064488410949707,1
cross-encoder,-11.063949584960938,1
cross-encoder,-11.063800811767578,1
cross-encoder,-11.0635404586792,1
cross-encoder,-11.062646865844727,1
cross-encoder,-11.062544822692871,1
cross-encoder,-11.062503814697266,1
cross-encoder,-11.06201457977295,1
cross-encoder,-11.061864852905273,1
cross-encoder,-11.061776161193848,1
cross-encoder,-11.061735153198242,1
cross-encoder,-11.061136245727539,1
cross-encoder,-11.060189247131348,1
cross-encoder,-11.059924125671387,1
cross-encoder,-11.059464454650879,1
cross-encoder,-11.05906867980957,1
cross-encoder,-11.058490753173828,1
cross-encoder,-11.057844161987305,1
cross-encoder,-11.057727813720703,1
cross-encoder,-11.05769157409668,1
cross-encoder,-11.05764389038086,1
cross-encoder,-11.057575225830078,1
cross-encoder,-11.056833267211914,1
cross-encoder,-11.055242538452148,1
cross-encoder,-11.054389953613281,1
cross-encoder,-11.054362297058105,1
cross-encoder,-11.054019927978516,1
cross-encoder,-11.053973197937012,1
cross-encoder,-11.05335807800293,2
cross-encoder,-11.053133010864258,1
cross-encoder,-11.053075790405273,1
cross-encoder,-11.052877426147461,1
cross-encoder,-11.052874565124512,1
cross-encoder,-11.052867889404297,1
cross-encoder,-11.052587509155273,1
cross-encoder,-11.052194595336914,1
cross-encoder,-11.051778793334961,1
cross-encoder,-11.051298141479492,1
cross-encoder,-11.051131248474121,1
cross-encoder,-11.048977851867676,1
cross-encoder,-11.048337936401367,1
cross-encoder,-11.048331260681152,1
cross-encoder,-11.04819107055664,1
cross-encoder,-11.04791259765625,1
cross-encoder,-11.047760009765625,1
cross-encoder,-11.047183990478516,1
cross-encoder,-11.046958923339844,1
cross-encoder,-11.046554565429688,1
cross-encoder,-11.045736312866211,1
cross-encoder,-11.045570373535156,1
cross-encoder,-11.045308113098145,1
cross-encoder,-11.04451847076416,1
cross-encoder,-11.044394493103027,1
cross-encoder,-11.043499946594238,1
cross-encoder,-11.043294906616211,1
cross-encoder,-11.042407989501953,1
cross-encoder,-11.041757583618164,1
cross-encoder,-11.041296005249023,1
cross-encoder,-11.040964126586914,1
cross-encoder,-11.040887832641602,1
cross-encoder,-11.040481567382812,1
cross-encoder,-11.040300369262695,1
cross-encoder,-11.040240287780762,1
cross-encoder,-11.039534568786621,1
cross-encoder,-11.039165496826172,1
cross-encoder,-11.038596153259277,1
cross-encoder,-11.038187026977539,1
cross-encoder,-11.037782669067383,1
cross-encoder,-11.037615776062012,1
cross-encoder,-11.037561416625977,1
cross-encoder,-11.037557601928711,1
cross-encoder,-11.037446975708008,1
cross-encoder,-11.037239074707031,1
cross-encoder,-11.035426139831543,1
cross-encoder,-11.035325050354004,1
cross-encoder,-11.034265518188477,1
cross-encoder,-11.034069061279297,1
cross-encoder,-11.034049987792969,1
cross-encoder,-11.03338623046875,1
cross-encoder,-11.032696723937988,1
cross-encoder,-11.032395362854004,1
cross-encoder,-11.032133102416992,1
cross-encoder,-11.031889915466309,1
cross-encoder,-11.031257629394531,1
cross-encoder,-11.030285835266113,1
cross-encoder,-11.02969741821289,1
cross-encoder,-11.029230117797852,1
cross-encoder,-11.028589248657227,1
cross-encoder,-11.028301239013672,1
cross-encoder,-11.027856826782227,1
cross-encoder,-11.027472496032715,1
cross-encoder,-11.02714729309082,1
cross-encoder,-11.02653694152832,1
cross-encoder,-11.026491165161133,1
cross-encoder,-11.026416778564453,1
cross-encoder,-11.026366233825684,1
cross-encoder,-11.026144981384277,1
cross-encoder,-11.025781631469727,1
cross-encoder,-11.025700569152832,1
cross-encoder,-11.025276184082031,1
cross-encoder,-11.02468204498291,1
cross-encoder,-11.02424430847168,1
cross-encoder,-11.023809432983398,1
cross-encoder,-11.023290634155273,1
cross-encoder,-11.023186683654785,1
cross-encoder,-11.023055076599121,1
cross-encoder,-11.022253036499023,1
cross-encoder,-11.021968841552734,1
cross-encoder,-11.021942138671875,1
cross-encoder,-11.021461486816406,1
cross-encoder,-11.021330833435059,1
cross-encoder,-11.021318435668945,1
cross-encoder,-11.02109146118164,1
cross-encoder,-11.020883560180664,1
cross-encoder,-11.020313262939453,1
cross-encoder,-11.020244598388672,1
cross-encoder,-11.019729614257812,1
cross-encoder,-11.019462585449219,1
cross-encoder,-11.01856803894043,1
cross-encoder,-11.018037796020508,1
cross-encoder,-11.01766300201416,1
cross-encoder,-11.017478942871094,1
cross-encoder,-11.017248153686523,1
cross-encoder,-11.016788482666016,1
cross-encoder,-11.016685485839844,1
cross-encoder,-11.01661491394043,1
cross-encoder,-11.016401290893555,1
cross-encoder,-11.015386581420898,1
cross-encoder,-11.015288352966309,1
cross-encoder,-11.015279769897461,1
cross-encoder,-11.014934539794922,1
cross-encoder,-11.014883041381836,1
cross-encoder,-11.014840126037598,1
cross-encoder,-11.014253616333008,1
cross-encoder,-11.013029098510742,1
cross-encoder,-11.013018608093262,1
cross-encoder,-11.011598587036133,1
cross-encoder,-11.0108642578125,1
cross-encoder,-11.010506629943848,1
cross-encoder,-11.00914192199707,1
cross-encoder,-11.008420944213867,1
cross-encoder,-11.007655143737793,1
cross-encoder,-11.007034301757812,1
cross-encoder,-11.006908416748047,1
cross-encoder,-11.00687026977539,1
cross-encoder,-11.006498336791992,1
cross-encoder,-11.004791259765625,1
cross-encoder,-11.004485130310059,1
cross-encoder,-11.004364013671875,2
cross-encoder,-11.003785133361816,1
cross-encoder,-11.003278732299805,1
cross-encoder,-11.002351760864258,1
cross-encoder,-11.002335548400879,1
cross-encoder,-11.002116203308105,1
cross-encoder,-11.001598358154297,1
cross-encoder,-11.001533508300781,1
cross-encoder,-11.00123405456543,1
cross-encoder,-11.000651359558105,1
cross-encoder,-11.000553131103516,1
cross-encoder,-11.000509262084961,1
cross-encoder,-11.000139236450195,1
cross-encoder,-10.998394012451172,1
cross-encoder,-10.998241424560547,1
cross-encoder,-10.997110366821289,1
cross-encoder,-10.996665000915527,1
cross-encoder,-10.995862007141113,1
cross-encoder,-10.995710372924805,1
cross-encoder,-10.99561882019043,1
cross-encoder,-10.993597984313965,1
cross-encoder,-10.992555618286133,1
cross-encoder,-10.99209213256836,1
cross-encoder,-10.992043495178223,1
cross-encoder,-10.991491317749023,1
cross-encoder,-10.991151809692383,1
cross-encoder,-10.990707397460938,1
cross-encoder,-10.990394592285156,1
cross-encoder,-10.98997688293457,1
cross-encoder,-10.989823341369629,1
cross-encoder,-10.989765167236328,1
cross-encoder,-10.989686965942383,1
cross-encoder,-10.98966121673584,1
cross-encoder,-10.989501953125,1
cross-encoder,-10.988166809082031,1
cross-encoder,-10.988081932067871,1
cross-encoder,-10.987940788269043,1
cross-encoder,-10.987594604492188,1
cross-encoder,-10.98672866821289,1
cross-encoder,-10.986427307128906,1
cross-encoder,-10.985272407531738,1
cross-encoder,-10.985090255737305,1
cross-encoder,-10.98508071899414,1
cross-encoder,-10.984480857849121,1
cross-encoder,-10.983964920043945,1
cross-encoder,-10.983301162719727,1
cross-encoder,-10.98310661315918,1
cross-encoder,-10.982823371887207,1
cross-encoder,-10.982584953308105,1
cross-encoder,-10.982110977172852,1
cross-encoder,-10.981204986572266,1
cross-encoder,-10.980369567871094,1
cross-encoder,-10.97958755493164,1
cross-encoder,-10.978856086730957,1
cross-encoder,-10.978421211242676,1
cross-encoder,-10.978415489196777,1
cross-encoder,-10.97832202911377,1
cross-encoder,-10.97713565826416,1
cross-encoder,-10.977062225341797,1
cross-encoder,-10.97662353515625,1
cross-encoder,-10.97602653503418,1
cross-encoder,-10.975845336914062,1
cross-encoder,-10.97545051574707,1
cross-encoder,-10.973931312561035,1
cross-encoder,-10.973869323730469,1
cross-encoder,-10.973600387573242,1
cross-encoder,-10.973353385925293,1
cross-encoder,-10.972806930541992,1
cross-encoder,-10.972434997558594,1
cross-encoder,-10.972195625305176,1
cross-encoder,-10.971296310424805,1
cross-encoder,-10.970827102661133,1
cross-encoder,-10.97076416015625,1
cross-encoder,-10.969300270080566,1
cross-encoder,-10.969234466552734,1
cross-encoder,-10.96863079071045,1
cross-encoder,-10.968318939208984,1
cross-encoder,-10.966852188110352,1
cross-encoder,-10.966815948486328,1
cross-encoder,-10.966592788696289,1
cross-encoder,-10.966099739074707,1
cross-encoder,-10.96604061126709,1
cross-encoder,-10.965980529785156,1
cross-encoder,-10.965898513793945,1
cross-encoder,-10.965449333190918,1
cross-encoder,-10.965385437011719,1
cross-encoder,-10.964714050292969,1
cross-encoder,-10.963356018066406,1
cross-encoder,-10.963237762451172,1
cross-encoder,-10.961775779724121,1
cross-encoder,-10.961677551269531,1
cross-encoder,-10.960719108581543,1
cross-encoder,-10.95897102355957,1
cross-encoder,-10.958322525024414,1
cross-encoder,-10.958073616027832,1
cross-encoder,-10.95785903930664,1
cross-encoder,-10.957250595092773,1
cross-encoder,-10.95692253112793,1
cross-encoder,-10.956338882446289,1
cross-encoder,-10.955875396728516,1
cross-encoder,-10.955559730529785,1
cross-encoder,-10.955276489257812,1
cross-encoder,-10.955072402954102,1
cross-encoder,-10.954721450805664,1
cross-encoder,-10.95417308807373,1
cross-encoder,-10.953611373901367,1
cross-encoder,-10.953350067138672,1
cross-encoder,-10.95301342010498,1
cross-encoder,-10.9525785446167,1
cross-encoder,-10.951156616210938,1
cross-encoder,-10.951128005981445,1
cross-encoder,-10.950933456420898,1
cross-encoder,-10.950748443603516,1
cross-encoder,-10.950668334960938,1
cross-encoder,-10.95058822631836,1
cross-encoder,-10.950511932373047,2
cross-encoder,-10.950390815734863,1
cross-encoder,-10.950276374816895,1
cross-encoder,-10.949440002441406,1
cross-encoder,-10.948607444763184,1
cross-encoder,-10.948434829711914,1
cross-encoder,-10.948055267333984,1
cross-encoder,-10.947635650634766,1
cross-encoder,-10.946992874145508,1
cross-encoder,-10.94677448272705,1
cross-encoder,-10.946039199829102,1
cross-encoder,-10.945940017700195,1
cross-encoder,-10.945625305175781,1
cross-encoder,-10.943899154663086,1
cross-encoder,-10.943775177001953,1
cross-encoder,-10.941593170166016,1
cross-encoder,-10.940902709960938,1
cross-encoder,-10.940694808959961,1
cross-encoder,-10.940208435058594,1
cross-encoder,-10.939370155334473,1
cross-encoder,-10.939245223999023,1
cross-encoder,-10.939083099365234,1
cross-encoder,-10.938076972961426,1
cross-encoder,-10.937381744384766,1
cross-encoder,-10.936759948730469,1
cross-encoder,-10.936529159545898,1
cross-encoder,-10.935874938964844,1
cross-encoder,-10.935344696044922,1
cross-encoder,-10.935251235961914,1
cross-encoder,-10.933849334716797,1
cross-encoder,-10.933783531188965,1
cross-encoder,-10.932958602905273,1
cross-encoder,-10.93284797668457,1
cross-encoder,-10.932682037353516,1
cross-encoder,-10.93159008026123,1
cross-encoder,-10.931474685668945,1
cross-encoder,-10.931303024291992,1
cross-encoder,-10.930645942687988,1
cross-encoder,-10.930214881896973,1
cross-encoder,-10.929981231689453,1
cross-encoder,-10.929964065551758,1
cross-encoder,-10.92937183380127,1
cross-encoder,-10.928682327270508,1
cross-encoder,-10.928045272827148,1
cross-encoder,-10.927105903625488,1
cross-encoder,-10.926965713500977,1
cross-encoder,-10.925393104553223,1
cross-encoder,-10.925374984741211,1
cross-encoder,-10.925366401672363,1
cross-encoder,-10.925024032592773,1
cross-encoder,-10.92498779296875,1
cross-encoder,-10.924833297729492,1
cross-encoder,-10.924747467041016,1
cross-encoder,-10.924671173095703,1
cross-encoder,-10.92440128326416,1
cross-encoder,-10.924213409423828,1
cross-encoder,-10.92387580871582,1
cross-encoder,-10.923784255981445,1
cross-encoder,-10.923782348632812,1
cross-encoder,-10.923686981201172,1
cross-encoder,-10.922340393066406,1
cross-encoder,-10.922330856323242,1
cross-encoder,-10.921651840209961,1
cross-encoder,-10.921445846557617,1
cross-encoder,-10.921351432800293,1
cross-encoder,-10.921130180358887,1
cross-encoder,-10.919452667236328,1
cross-encoder,-10.919008255004883,1
cross-encoder,-10.91882610321045,1
cross-encoder,-10.918548583984375,1
cross-encoder,-10.91788101196289,1
cross-encoder,-10.916680335998535,1
cross-encoder,-10.916146278381348,1
cross-encoder,-10.915726661682129,1
cross-encoder,-10.91552734375,1
cross-encoder,-10.915277481079102,1
cross-encoder,-10.91517448425293,1
cross-encoder,-10.914907455444336,1
cross-encoder,-10.914556503295898,1
cross-encoder,-10.914012908935547,1
cross-encoder,-10.913505554199219,1
cross-encoder,-10.913369178771973,1
cross-encoder,-10.911931037902832,1
cross-encoder,-10.91186237335205,1
cross-encoder,-10.91171932220459,1
cross-encoder,-10.910491943359375,1
cross-encoder,-10.90965461730957,1
cross-encoder,-10.909095764160156,1
cross-encoder,-10.908378601074219,1
cross-encoder,-10.908188819885254,1
cross-encoder,-10.908170700073242,1
cross-encoder,-10.907711029052734,1
cross-encoder,-10.906787872314453,1
cross-encoder,-10.906558990478516,1
cross-encoder,-10.906234741210938,1
cross-encoder,-10.90622329711914,1
cross-encoder,-10.905914306640625,1
cross-encoder,-10.905281066894531,1
cross-encoder,-10.905036926269531,1
cross-encoder,-10.904814720153809,1
cross-encoder,-10.90474796295166,1
cross-encoder,-10.904646873474121,1
cross-encoder,-10.903934478759766,1
cross-encoder,-10.903873443603516,1
cross-encoder,-10.903412818908691,1
cross-encoder,-10.903203964233398,1
cross-encoder,-10.903074264526367,1
cross-encoder,-10.901212692260742,1
cross-encoder,-10.899980545043945,1
cross-encoder,-10.899909973144531,1
cross-encoder,-10.899795532226562,1
cross-encoder,-10.89919376373291,1
cross-encoder,-10.89918041229248,1
cross-encoder,-10.898412704467773,1
cross-encoder,-10.897705078125,1
cross-encoder,-10.897509574890137,1
cross-encoder,-10.897466659545898,1
cross-encoder,-10.8973388671875,1
cross-encoder,-10.897102355957031,1
cross-encoder,-10.896276473999023,1
cross-encoder,-10.895572662353516,1
cross-encoder,-10.895309448242188,1
cross-encoder,-10.89430046081543,1
cross-encoder,-10.892974853515625,1
cross-encoder,-10.892902374267578,1
cross-encoder,-10.891223907470703,1
cross-encoder,-10.890835762023926,1
cross-encoder,-10.89031982421875,1
cross-encoder,-10.890316009521484,1
cross-encoder,-10.890035629272461,1
cross-encoder,-10.889474868774414,1
cross-encoder,-10.889463424682617,1
cross-encoder,-10.889387130737305,1
cross-encoder,-10.888562202453613,1
cross-encoder,-10.88723373413086,1
cross-encoder,-10.886652946472168,1
cross-encoder,-10.885950088500977,1
cross-encoder,-10.885795593261719,1
cross-encoder,-10.88569450378418,1
cross-encoder,-10.885560989379883,1
cross-encoder,-10.884443283081055,1
cross-encoder,-10.884012222290039,1
cross-encoder,-10.883817672729492,1
cross-encoder,-10.883805274963379,1
cross-encoder,-10.883688926696777,1
cross-encoder,-10.88331127166748,1
cross-encoder,-10.883281707763672,1
cross-encoder,-10.883204460144043,1
cross-encoder,-10.880576133728027,1
cross-encoder,-10.879701614379883,1
cross-encoder,-10.878483772277832,1
cross-encoder,-10.87790298461914,1
cross-encoder,-10.877731323242188,1
cross-encoder,-10.877617835998535,1
cross-encoder,-10.876565933227539,1
cross-encoder,-10.875850677490234,1
cross-encoder,-10.875701904296875,1
cross-encoder,-10.875481605529785,1
cross-encoder,-10.875310897827148,1
cross-encoder,-10.875215530395508,1
cross-encoder,-10.874889373779297,1
cross-encoder,-10.87322998046875,1
cross-encoder,-10.87277889251709,1
cross-encoder,-10.872386932373047,1
cross-encoder,-10.872175216674805,1
cross-encoder,-10.871603012084961,1
cross-encoder,-10.870914459228516,1
cross-encoder,-10.870534896850586,1
cross-encoder,-10.870397567749023,1
cross-encoder,-10.868907928466797,1
cross-encoder,-10.868858337402344,1
cross-encoder,-10.868666648864746,1
cross-encoder,-10.868443489074707,1
cross-encoder,-10.868021011352539,1
cross-encoder,-10.867782592773438,1
cross-encoder,-10.867405891418457,1
cross-encoder,-10.866975784301758,1
cross-encoder,-10.866909980773926,1
cross-encoder,-10.866289138793945,1
cross-encoder,-10.866000175476074,1
cross-encoder,-10.865562438964844,1
cross-encoder,-10.865364074707031,1
cross-encoder,-10.864089012145996,1
cross-encoder,-10.863714218139648,1
cross-encoder,-10.863675117492676,1
cross-encoder,-10.86290454864502,1
cross-encoder,-10.862458229064941,1
cross-encoder,-10.861774444580078,1
cross-encoder,-10.861235618591309,1
cross-encoder,-10.860445022583008,1
cross-encoder,-10.857858657836914,1
cross-encoder,-10.857415199279785,1
cross-encoder,-10.857243537902832,1
cross-encoder,-10.857010841369629,1
cross-encoder,-10.856147766113281,1
cross-encoder,-10.855926513671875,1
cross-encoder,-10.85578727722168,1
cross-encoder,-10.855225563049316,1
cross-encoder,-10.855152130126953,1
cross-encoder,-10.854476928710938,1
cross-encoder,-10.854342460632324,1
cross-encoder,-10.852900505065918,1
cross-encoder,-10.852831840515137,1
cross-encoder,-10.852825164794922,1
cross-encoder,-10.852254867553711,1
cross-encoder,-10.852161407470703,1
cross-encoder,-10.852010726928711,1
cross-encoder,-10.85193157196045,1
cross-encoder,-10.851446151733398,1
cross-encoder,-10.850712776184082,1
cross-encoder,-10.850707054138184,1
cross-encoder,-10.850085258483887,1
cross-encoder,-10.850028991699219,1
cross-encoder,-10.849809646606445,1
cross-encoder,-10.849691390991211,1
cross-encoder,-10.849346160888672,1
cross-encoder,-10.848919868469238,1
cross-encoder,-10.847936630249023,1
cross-encoder,-10.847599983215332,1
cross-encoder,-10.847436904907227,1
cross-encoder,-10.847269058227539,1
cross-encoder,-10.84710693359375,1
cross-encoder,-10.846343994140625,1
cross-encoder,-10.845865249633789,1
cross-encoder,-10.845426559448242,1
cross-encoder,-10.844910621643066,1
cross-encoder,-10.844890594482422,1
cross-encoder,-10.844167709350586,1
cross-encoder,-10.843568801879883,1
cross-encoder,-10.843257904052734,1
cross-encoder,-10.842855453491211,1
cross-encoder,-10.842779159545898,1
cross-encoder,-10.842329025268555,1
cross-encoder,-10.841728210449219,1
cross-encoder,-10.841236114501953,1
cross-encoder,-10.840738296508789,1
cross-encoder,-10.840635299682617,1
cross-encoder,-10.84029483795166,1
cross-encoder,-10.840258598327637,1
cross-encoder,-10.840044021606445,1
cross-encoder,-10.8394193649292,1
cross-encoder,-10.839285850524902,1
cross-encoder,-10.838432312011719,1
cross-encoder,-10.838067054748535,1
cross-encoder,-10.837472915649414,1
cross-encoder,-10.83726978302002,1
cross-encoder,-10.83644962310791,1
cross-encoder,-10.835807800292969,1
cross-encoder,-10.834962844848633,1
cross-encoder,-10.834641456604004,1
cross-encoder,-10.834027290344238,1
cross-encoder,-10.833903312683105,1
cross-encoder,-10.833198547363281,1
cross-encoder,-10.833179473876953,1
cross-encoder,-10.833017349243164,1
cross-encoder,-10.832728385925293,1
cross-encoder,-10.832576751708984,1
cross-encoder,-10.832206726074219,1
cross-encoder,-10.831514358520508,1
cross-encoder,-10.831398010253906,1
cross-encoder,-10.830638885498047,1
cross-encoder,-10.830134391784668,1
cross-encoder,-10.829830169677734,1
cross-encoder,-10.829139709472656,1
cross-encoder,-10.829071044921875,1
cross-encoder,-10.828214645385742,1
cross-encoder,-10.827675819396973,1
cross-encoder,-10.826963424682617,1
cross-encoder,-10.826448440551758,1
cross-encoder,-10.825200080871582,1
cross-encoder,-10.824331283569336,1
cross-encoder,-10.824207305908203,1
cross-encoder,-10.823834419250488,1
cross-encoder,-10.822868347167969,1
cross-encoder,-10.82270622253418,1
cross-encoder,-10.822444915771484,1
cross-encoder,-10.822029113769531,1
cross-encoder,-10.821685791015625,1
cross-encoder,-10.821374893188477,1
cross-encoder,-10.82093620300293,1
cross-encoder,-10.820531845092773,1
cross-encoder,-10.819478988647461,1
cross-encoder,-10.819135665893555,1
cross-encoder,-10.819063186645508,1
cross-encoder,-10.818964004516602,1
cross-encoder,-10.818320274353027,1
cross-encoder,-10.817794799804688,1
cross-encoder,-10.817763328552246,1
cross-encoder,-10.817703247070312,1
cross-encoder,-10.817575454711914,1
cross-encoder,-10.817549705505371,1
cross-encoder,-10.817451477050781,1
cross-encoder,-10.817371368408203,1
cross-encoder,-10.816722869873047,1
cross-encoder,-10.816377639770508,1
cross-encoder,-10.816367149353027,1
cross-encoder,-10.815996170043945,1
cross-encoder,-10.81570816040039,1
cross-encoder,-10.814472198486328,1
cross-encoder,-10.814386367797852,1
cross-encoder,-10.814094543457031,1
cross-encoder,-10.81381607055664,1
cross-encoder,-10.813362121582031,1
cross-encoder,-10.812875747680664,1
cross-encoder,-10.81274127960205,1
cross-encoder,-10.812553405761719,1
cross-encoder,-10.811995506286621,1
cross-encoder,-10.811890602111816,1
cross-encoder,-10.811403274536133,1
cross-encoder,-10.810552597045898,1
cross-encoder,-10.810035705566406,1
cross-encoder,-10.809869766235352,1
cross-encoder,-10.808908462524414,1
cross-encoder,-10.80777645111084,1
cross-encoder,-10.8076171875,1
cross-encoder,-10.806924819946289,1
cross-encoder,-10.80666732788086,1
cross-encoder,-10.806158065795898,1
cross-encoder,-10.80606746673584,1
cross-encoder,-10.805648803710938,1
cross-encoder,-10.805545806884766,1
cross-encoder,-10.803922653198242,1
cross-encoder,-10.803892135620117,1
cross-encoder,-10.802824020385742,1
cross-encoder,-10.802189826965332,1
cross-encoder,-10.801925659179688,1
cross-encoder,-10.801196098327637,1
cross-encoder,-10.800065040588379,1
cross-encoder,-10.799869537353516,1
cross-encoder,-10.799196243286133,1
cross-encoder,-10.797680854797363,1
cross-encoder,-10.797150611877441,1
cross-encoder,-10.797104835510254,1
cross-encoder,-10.796730995178223,1
cross-encoder,-10.79629898071289,1
cross-encoder,-10.795116424560547,1
cross-encoder,-10.79296875,1
cross-encoder,-10.792865753173828,1
cross-encoder,-10.792720794677734,1
cross-encoder,-10.791794776916504,1
cross-encoder,-10.791705131530762,1
cross-encoder,-10.791566848754883,1
cross-encoder,-10.790494918823242,1
cross-encoder,-10.790328025817871,1
cross-encoder,-10.790205955505371,1
cross-encoder,-10.789993286132812,1
cross-encoder,-10.789907455444336,1
cross-encoder,-10.78974723815918,1
cross-encoder,-10.789588928222656,1
cross-encoder,-10.788617134094238,1
cross-encoder,-10.787763595581055,1
cross-encoder,-10.786881446838379,1
cross-encoder,-10.786592483520508,1
cross-encoder,-10.78641414642334,1
cross-encoder,-10.786355972290039,1
cross-encoder,-10.786109924316406,1
cross-encoder,-10.78557300567627,1
cross-encoder,-10.784662246704102,1
cross-encoder,-10.784622192382812,1
cross-encoder,-10.78446102142334,1
cross-encoder,-10.784356117248535,1
cross-encoder,-10.783267974853516,1
cross-encoder,-10.783096313476562,1
cross-encoder,-10.782423973083496,1
cross-encoder,-10.782119750976562,1
cross-encoder,-10.781091690063477,1
cross-encoder,-10.779897689819336,1
cross-encoder,-10.779291152954102,1
cross-encoder,-10.778661727905273,1
cross-encoder,-10.778627395629883,1
cross-encoder,-10.778310775756836,1
cross-encoder,-10.777359008789062,1
cross-encoder,-10.775897979736328,1
cross-encoder,-10.775568962097168,1
cross-encoder,-10.775323867797852,1
cross-encoder,-10.774622917175293,1
cross-encoder,-10.774415969848633,1
cross-encoder,-10.774362564086914,1
cross-encoder,-10.774354934692383,1
cross-encoder,-10.773988723754883,1
cross-encoder,-10.773109436035156,1
cross-encoder,-10.772703170776367,1
cross-encoder,-10.772006034851074,1
cross-encoder,-10.771900177001953,1
cross-encoder,-10.771280288696289,1
cross-encoder,-10.771098136901855,1
cross-encoder,-10.770711898803711,1
cross-encoder,-10.7704439163208,1
cross-encoder,-10.769796371459961,1
cross-encoder,-10.769559860229492,1
cross-encoder,-10.76928997039795,1
cross-encoder,-10.769238471984863,1
cross-encoder,-10.767602920532227,1
cross-encoder,-10.767441749572754,1
cross-encoder,-10.76657485961914,1
cross-encoder,-10.766481399536133,2
cross-encoder,-10.766036987304688,1
cross-encoder,-10.765777587890625,1
cross-encoder,-10.764636993408203,1
cross-encoder,-10.764323234558105,1
cross-encoder,-10.763090133666992,1
cross-encoder,-10.762710571289062,1
cross-encoder,-10.761940002441406,1
cross-encoder,-10.761856079101562,1
cross-encoder,-10.761362075805664,1
cross-encoder,-10.759657859802246,1
cross-encoder,-10.75933837890625,1
cross-encoder,-10.759305953979492,1
cross-encoder,-10.759214401245117,1
cross-encoder,-10.758899688720703,1
cross-encoder,-10.758506774902344,1
cross-encoder,-10.758161544799805,1
cross-encoder,-10.757902145385742,1
cross-encoder,-10.757791519165039,1
cross-encoder,-10.757730484008789,1
cross-encoder,-10.755393981933594,1
cross-encoder,-10.755193710327148,1
cross-encoder,-10.754985809326172,1
cross-encoder,-10.754034042358398,1
cross-encoder,-10.753946304321289,1
cross-encoder,-10.753864288330078,1
cross-encoder,-10.753816604614258,1
cross-encoder,-10.752788543701172,1
cross-encoder,-10.752239227294922,1
cross-encoder,-10.751126289367676,1
cross-encoder,-10.750885009765625,1
cross-encoder,-10.750051498413086,1
cross-encoder,-10.749176025390625,1
cross-encoder,-10.748973846435547,1
cross-encoder,-10.748414039611816,1
cross-encoder,-10.747298240661621,1
cross-encoder,-10.747201919555664,1
cross-encoder,-10.74623966217041,1
cross-encoder,-10.745771408081055,1
cross-encoder,-10.745260238647461,1
cross-encoder,-10.744749069213867,1
cross-encoder,-10.744413375854492,1
cross-encoder,-10.743725776672363,1
cross-encoder,-10.743634223937988,1
cross-encoder,-10.743483543395996,1
cross-encoder,-10.743256568908691,1
cross-encoder,-10.74228286743164,1
cross-encoder,-10.741959571838379,1
cross-encoder,-10.741435050964355,1
cross-encoder,-10.741250038146973,1
cross-encoder,-10.740694046020508,1
cross-encoder,-10.740425109863281,1
cross-encoder,-10.74032211303711,1
cross-encoder,-10.739559173583984,1
cross-encoder,-10.739532470703125,1
cross-encoder,-10.739100456237793,1
cross-encoder,-10.738874435424805,1
cross-encoder,-10.738141059875488,1
cross-encoder,-10.737421989440918,1
cross-encoder,-10.737313270568848,1
cross-encoder,-10.737242698669434,1
cross-encoder,-10.736265182495117,1
cross-encoder,-10.735990524291992,2
cross-encoder,-10.735292434692383,1
cross-encoder,-10.734790802001953,1
cross-encoder,-10.734646797180176,1
cross-encoder,-10.734533309936523,1
cross-encoder,-10.732995986938477,1
cross-encoder,-10.732412338256836,1
cross-encoder,-10.73145866394043,1
cross-encoder,-10.731208801269531,1
cross-encoder,-10.731046676635742,1
cross-encoder,-10.72976303100586,1
cross-encoder,-10.728154182434082,1
cross-encoder,-10.728147506713867,1
cross-encoder,-10.727466583251953,1
cross-encoder,-10.726914405822754,1
cross-encoder,-10.726081848144531,1
cross-encoder,-10.725356101989746,1
cross-encoder,-10.725075721740723,1
cross-encoder,-10.725069046020508,1
cross-encoder,-10.724649429321289,1
cross-encoder,-10.724345207214355,1
cross-encoder,-10.723503112792969,1
cross-encoder,-10.722925186157227,2
cross-encoder,-10.721590042114258,1
cross-encoder,-10.721116065979004,1
cross-encoder,-10.721097946166992,1
cross-encoder,-10.720192909240723,1
cross-encoder,-10.719581604003906,1
cross-encoder,-10.719452857971191,1
cross-encoder,-10.718711853027344,1
cross-encoder,-10.7180814743042,1
cross-encoder,-10.717903137207031,1
cross-encoder,-10.717812538146973,1
cross-encoder,-10.7166748046875,1
cross-encoder,-10.715652465820312,1
cross-encoder,-10.71553897857666,1
cross-encoder,-10.715490341186523,1
cross-encoder,-10.715314865112305,1
cross-encoder,-10.714544296264648,1
cross-encoder,-10.714071273803711,1
cross-encoder,-10.713850021362305,1
cross-encoder,-10.713705062866211,1
cross-encoder,-10.712434768676758,1
cross-encoder,-10.711909294128418,1
cross-encoder,-10.711766242980957,1
cross-encoder,-10.711389541625977,1
cross-encoder,-10.709916114807129,1
cross-encoder,-10.708895683288574,1
cross-encoder,-10.706806182861328,1
cross-encoder,-10.70654010772705,1
cross-encoder,-10.705066680908203,1
cross-encoder,-10.704943656921387,1
cross-encoder,-10.703754425048828,1
cross-encoder,-10.703246116638184,1
cross-encoder,-10.702075958251953,1
cross-encoder,-10.702052116394043,1
cross-encoder,-10.701126098632812,1
cross-encoder,-10.701008796691895,1
cross-encoder,-10.700218200683594,1
cross-encoder,-10.697855949401855,1
cross-encoder,-10.697464942932129,1
cross-encoder,-10.69601821899414,1
cross-encoder,-10.695728302001953,1
cross-encoder,-10.692774772644043,1
cross-encoder,-10.69276237487793,1
cross-encoder,-10.692585945129395,1
cross-encoder,-10.692089080810547,1
cross-encoder,-10.691810607910156,1
cross-encoder,-10.690374374389648,1
cross-encoder,-10.687610626220703,1
cross-encoder,-10.687217712402344,1
cross-encoder,-10.686914443969727,1
cross-encoder,-10.686891555786133,1
cross-encoder,-10.68630599975586,1
cross-encoder,-10.685657501220703,1
cross-encoder,-10.685188293457031,1
cross-encoder,-10.684783935546875,1
cross-encoder,-10.684730529785156,1
cross-encoder,-10.684175491333008,1
cross-encoder,-10.683841705322266,1
cross-encoder,-10.68360424041748,1
cross-encoder,-10.683206558227539,1
cross-encoder,-10.682212829589844,1
cross-encoder,-10.682117462158203,1
cross-encoder,-10.681196212768555,1
cross-encoder,-10.679146766662598,1
cross-encoder,-10.678678512573242,1
cross-encoder,-10.678304672241211,1
cross-encoder,-10.677324295043945,1
cross-encoder,-10.67725944519043,1
cross-encoder,-10.677061080932617,1
cross-encoder,-10.676916122436523,1
cross-encoder,-10.67670726776123,1
cross-encoder,-10.675764083862305,1
cross-encoder,-10.674277305603027,1
cross-encoder,-10.674043655395508,1
cross-encoder,-10.672943115234375,1
cross-encoder,-10.672555923461914,1
cross-encoder,-10.672378540039062,1
cross-encoder,-10.672004699707031,1
cross-encoder,-10.671688079833984,1
cross-encoder,-10.67155647277832,1
cross-encoder,-10.671279907226562,1
cross-encoder,-10.671170234680176,1
cross-encoder,-10.670619010925293,1
cross-encoder,-10.67003059387207,1
cross-encoder,-10.669775009155273,1
cross-encoder,-10.669770240783691,1
cross-encoder,-10.668962478637695,1
cross-encoder,-10.668760299682617,1
cross-encoder,-10.668462753295898,1
cross-encoder,-10.668004989624023,1
cross-encoder,-10.667957305908203,1
cross-encoder,-10.667702674865723,1
cross-encoder,-10.666847229003906,1
cross-encoder,-10.666841506958008,1
cross-encoder,-10.666831970214844,1
cross-encoder,-10.665922164916992,1
cross-encoder,-10.665726661682129,1
cross-encoder,-10.665607452392578,1
cross-encoder,-10.66518497467041,1
cross-encoder,-10.6644287109375,1
cross-encoder,-10.6642484664917,1
cross-encoder,-10.663785934448242,1
cross-encoder,-10.66370677947998,1
cross-encoder,-10.663043975830078,1
cross-encoder,-10.661575317382812,1
cross-encoder,-10.661236763000488,1
cross-encoder,-10.661072731018066,1
cross-encoder,-10.66107177734375,1
cross-encoder,-10.661006927490234,1
cross-encoder,-10.659893989562988,1
cross-encoder,-10.659102439880371,1
cross-encoder,-10.658292770385742,1
cross-encoder,-10.658174514770508,1
cross-encoder,-10.658113479614258,1
cross-encoder,-10.6580228805542,1
cross-encoder,-10.656861305236816,1
cross-encoder,-10.655986785888672,1
cross-encoder,-10.655895233154297,1
cross-encoder,-10.655876159667969,1
cross-encoder,-10.655506134033203,1
cross-encoder,-10.655035018920898,1
cross-encoder,-10.654922485351562,1
cross-encoder,-10.654775619506836,1
cross-encoder,-10.654056549072266,1
cross-encoder,-10.65268325805664,1
cross-encoder,-10.652130126953125,1
cross-encoder,-10.651775360107422,1
cross-encoder,-10.650880813598633,1
cross-encoder,-10.6505126953125,1
cross-encoder,-10.65024471282959,1
cross-encoder,-10.650053024291992,1
cross-encoder,-10.649433135986328,1
cross-encoder,-10.649250030517578,1
cross-encoder,-10.648937225341797,1
cross-encoder,-10.648536682128906,1
cross-encoder,-10.647947311401367,1
cross-encoder,-10.64675521850586,1
cross-encoder,-10.64632797241211,1
cross-encoder,-10.645930290222168,1
cross-encoder,-10.644853591918945,1
cross-encoder,-10.642263412475586,1
cross-encoder,-10.642118453979492,1
cross-encoder,-10.641779899597168,1
cross-encoder,-10.641311645507812,1
cross-encoder,-10.638787269592285,1
cross-encoder,-10.638731002807617,1
cross-encoder,-10.638492584228516,1
cross-encoder,-10.637977600097656,1
cross-encoder,-10.63797664642334,1
cross-encoder,-10.637919425964355,1
cross-encoder,-10.637088775634766,1
cross-encoder,-10.63707447052002,1
cross-encoder,-10.636938095092773,1
cross-encoder,-10.636029243469238,1
cross-encoder,-10.635698318481445,1
cross-encoder,-10.635427474975586,1
cross-encoder,-10.635185241699219,1
cross-encoder,-10.635156631469727,1
cross-encoder,-10.635124206542969,1
cross-encoder,-10.63486099243164,1
cross-encoder,-10.634331703186035,1
cross-encoder,-10.63426399230957,1
cross-encoder,-10.634008407592773,1
cross-encoder,-10.632493019104004,1
cross-encoder,-10.631538391113281,1
cross-encoder,-10.631126403808594,1
cross-encoder,-10.631101608276367,1
cross-encoder,-10.630739212036133,1
cross-encoder,-10.630648612976074,1
cross-encoder,-10.629298210144043,1
cross-encoder,-10.62761116027832,1
cross-encoder,-10.626306533813477,1
cross-encoder,-10.625919342041016,1
cross-encoder,-10.625696182250977,1
cross-encoder,-10.625370979309082,1
cross-encoder,-10.625161170959473,1
cross-encoder,-10.625106811523438,1
cross-encoder,-10.624988555908203,1
cross-encoder,-10.624406814575195,1
cross-encoder,-10.623162269592285,1
cross-encoder,-10.623090744018555,1
cross-encoder,-10.62308120727539,1
cross-encoder,-10.622153282165527,1
cross-encoder,-10.621984481811523,1
cross-encoder,-10.621696472167969,1
cross-encoder,-10.621175765991211,1
cross-encoder,-10.62106704711914,1
cross-encoder,-10.620800018310547,1
cross-encoder,-10.620798110961914,1
cross-encoder,-10.620716094970703,1
cross-encoder,-10.62054443359375,1
cross-encoder,-10.620535850524902,1
cross-encoder,-10.620129585266113,1
cross-encoder,-10.618800163269043,1
cross-encoder,-10.618327140808105,1
cross-encoder,-10.617568016052246,1
cross-encoder,-10.616539001464844,1
cross-encoder,-10.6160888671875,1
cross-encoder,-10.615917205810547,1
cross-encoder,-10.615524291992188,1
cross-encoder,-10.613433837890625,1
cross-encoder,-10.613348007202148,2
cross-encoder,-10.612242698669434,1
cross-encoder,-10.611654281616211,1
cross-encoder,-10.610530853271484,1
cross-encoder,-10.610138893127441,1
cross-encoder,-10.610023498535156,1
cross-encoder,-10.609773635864258,1
cross-encoder,-10.608843803405762,1
cross-encoder,-10.608550071716309,1
cross-encoder,-10.607586860656738,1
cross-encoder,-10.606806755065918,1
cross-encoder,-10.606730461120605,1
cross-encoder,-10.606054306030273,1
cross-encoder,-10.605733871459961,1
cross-encoder,-10.605697631835938,1
cross-encoder,-10.60519790649414,1
cross-encoder,-10.604637145996094,1
cross-encoder,-10.60420036315918,1
cross-encoder,-10.604188919067383,1
cross-encoder,-10.603347778320312,1
cross-encoder,-10.602212905883789,1
cross-encoder,-10.601696014404297,1
cross-encoder,-10.597987174987793,1
cross-encoder,-10.597355842590332,1
cross-encoder,-10.59697151184082,1
cross-encoder,-10.596623420715332,1
cross-encoder,-10.595664978027344,1
cross-encoder,-10.594954490661621,1
cross-encoder,-10.594581604003906,1
cross-encoder,-10.59443187713623,1
cross-encoder,-10.594419479370117,1
cross-encoder,-10.593820571899414,1
cross-encoder,-10.593695640563965,1
cross-encoder,-10.591992378234863,1
cross-encoder,-10.590816497802734,1
cross-encoder,-10.58973503112793,1
cross-encoder,-10.589666366577148,1
cross-encoder,-10.58834171295166,1
cross-encoder,-10.588334083557129,1
cross-encoder,-10.588109970092773,1
cross-encoder,-10.587020874023438,1
cross-encoder,-10.586877822875977,1
cross-encoder,-10.586734771728516,1
cross-encoder,-10.586305618286133,1
cross-encoder,-10.585393905639648,1
cross-encoder,-10.58509635925293,1
cross-encoder,-10.584561347961426,1
cross-encoder,-10.584484100341797,1
cross-encoder,-10.584394454956055,1
cross-encoder,-10.584165573120117,1
cross-encoder,-10.583145141601562,1
cross-encoder,-10.580184936523438,1
cross-encoder,-10.579275131225586,1
cross-encoder,-10.579240798950195,1
cross-encoder,-10.579038619995117,1
cross-encoder,-10.578704833984375,1
cross-encoder,-10.578094482421875,1
cross-encoder,-10.577861785888672,1
cross-encoder,-10.576861381530762,1
cross-encoder,-10.576376914978027,1
cross-encoder,-10.575552940368652,1
cross-encoder,-10.575010299682617,1
cross-encoder,-10.574108123779297,1
cross-encoder,-10.574070930480957,1
cross-encoder,-10.57237434387207,1
cross-encoder,-10.571532249450684,1
cross-encoder,-10.571524620056152,1
cross-encoder,-10.57120132446289,1
cross-encoder,-10.57078742980957,1
cross-encoder,-10.56855297088623,1
cross-encoder,-10.566967010498047,1
cross-encoder,-10.566322326660156,1
cross-encoder,-10.566183090209961,1
cross-encoder,-10.566015243530273,1
cross-encoder,-10.565921783447266,1
cross-encoder,-10.56559944152832,1
cross-encoder,-10.564008712768555,1
cross-encoder,-10.563759803771973,1
cross-encoder,-10.561768531799316,1
cross-encoder,-10.561576843261719,1
cross-encoder,-10.561544418334961,1
cross-encoder,-10.560020446777344,1
cross-encoder,-10.558303833007812,1
cross-encoder,-10.55807876586914,1
cross-encoder,-10.556892395019531,1
cross-encoder,-10.555667877197266,1
cross-encoder,-10.55502700805664,1
cross-encoder,-10.55398178100586,1
cross-encoder,-10.551708221435547,1
cross-encoder,-10.551165580749512,1
cross-encoder,-10.550800323486328,1
cross-encoder,-10.550458908081055,1
cross-encoder,-10.550044059753418,1
cross-encoder,-10.549562454223633,1
cross-encoder,-10.5494384765625,1
cross-encoder,-10.54941177368164,1
cross-encoder,-10.54877758026123,1
cross-encoder,-10.548332214355469,1
cross-encoder,-10.543899536132812,1
cross-encoder,-10.543153762817383,1
cross-encoder,-10.54277229309082,1
cross-encoder,-10.541986465454102,1
cross-encoder,-10.541093826293945,1
cross-encoder,-10.540600776672363,1
cross-encoder,-10.540484428405762,1
cross-encoder,-10.538765907287598,1
cross-encoder,-10.53792953491211,1
cross-encoder,-10.537393569946289,1
cross-encoder,-10.536566734313965,1
cross-encoder,-10.536391258239746,1
cross-encoder,-10.534782409667969,1
cross-encoder,-10.534614562988281,1
cross-encoder,-10.533862113952637,1
cross-encoder,-10.533732414245605,1
cross-encoder,-10.532438278198242,1
cross-encoder,-10.532386779785156,1
cross-encoder,-10.532369613647461,1
cross-encoder,-10.53207778930664,1
cross-encoder,-10.531344413757324,1
cross-encoder,-10.529833793640137,1
cross-encoder,-10.528495788574219,1
cross-encoder,-10.527935028076172,1
cross-encoder,-10.527931213378906,1
cross-encoder,-10.52713394165039,1
cross-encoder,-10.525930404663086,1
cross-encoder,-10.524045944213867,1
cross-encoder,-10.523834228515625,1
cross-encoder,-10.52277946472168,1
cross-encoder,-10.522245407104492,1
cross-encoder,-10.521361351013184,1
cross-encoder,-10.521322250366211,1
cross-encoder,-10.521258354187012,1
cross-encoder,-10.521127700805664,1
cross-encoder,-10.520602226257324,1
cross-encoder,-10.520499229431152,1
cross-encoder,-10.5201416015625,1
cross-encoder,-10.519922256469727,1
cross-encoder,-10.518951416015625,1
cross-encoder,-10.518680572509766,1
cross-encoder,-10.518562316894531,1
cross-encoder,-10.51681900024414,1
cross-encoder,-10.516594886779785,1
cross-encoder,-10.513725280761719,1
cross-encoder,-10.513684272766113,1
cross-encoder,-10.51345157623291,1
cross-encoder,-10.51216983795166,1
cross-encoder,-10.512067794799805,1
cross-encoder,-10.51069450378418,1
cross-encoder,-10.51060676574707,1
cross-encoder,-10.509268760681152,1
cross-encoder,-10.508298873901367,1
cross-encoder,-10.507702827453613,1
cross-encoder,-10.507329940795898,1
cross-encoder,-10.506473541259766,1
cross-encoder,-10.505716323852539,1
cross-encoder,-10.505643844604492,1
cross-encoder,-10.504112243652344,1
cross-encoder,-10.503921508789062,1
cross-encoder,-10.503677368164062,1
cross-encoder,-10.503018379211426,1
cross-encoder,-10.502328872680664,1
cross-encoder,-10.500885963439941,1
cross-encoder,-10.500845909118652,1
cross-encoder,-10.49995231628418,1
cross-encoder,-10.499658584594727,1
cross-encoder,-10.498665809631348,1
cross-encoder,-10.498289108276367,1
cross-encoder,-10.49781322479248,1
cross-encoder,-10.49768352508545,1
cross-encoder,-10.496694564819336,1
cross-encoder,-10.496612548828125,1
cross-encoder,-10.495098114013672,1
cross-encoder,-10.494813919067383,1
cross-encoder,-10.494747161865234,1
cross-encoder,-10.494718551635742,1
cross-encoder,-10.494673728942871,1
cross-encoder,-10.493108749389648,1
cross-encoder,-10.491473197937012,1
cross-encoder,-10.491429328918457,1
cross-encoder,-10.491264343261719,1
cross-encoder,-10.491215705871582,1
cross-encoder,-10.491064071655273,1
cross-encoder,-10.490671157836914,1
cross-encoder,-10.487932205200195,1
cross-encoder,-10.48772144317627,1
cross-encoder,-10.487625122070312,1
cross-encoder,-10.48592472076416,1
cross-encoder,-10.484678268432617,1
cross-encoder,-10.483633041381836,1
cross-encoder,-10.48293685913086,1
cross-encoder,-10.481709480285645,1
cross-encoder,-10.481106758117676,1
cross-encoder,-10.480690002441406,1
cross-encoder,-10.479365348815918,1
cross-encoder,-10.478408813476562,1
cross-encoder,-10.477640151977539,1
cross-encoder,-10.477571487426758,1
cross-encoder,-10.475391387939453,1
cross-encoder,-10.475263595581055,1
cross-encoder,-10.473152160644531,1
cross-encoder,-10.471786499023438,1
cross-encoder,-10.471296310424805,1
cross-encoder,-10.46910285949707,1
cross-encoder,-10.468101501464844,1
cross-encoder,-10.467737197875977,1
cross-encoder,-10.467609405517578,1
cross-encoder,-10.46699047088623,1
cross-encoder,-10.466313362121582,1
cross-encoder,-10.466191291809082,1
cross-encoder,-10.465959548950195,1
cross-encoder,-10.465858459472656,1
cross-encoder,-10.465719223022461,1
cross-encoder,-10.465093612670898,1
cross-encoder,-10.464167594909668,1
cross-encoder,-10.4627685546875,1
cross-encoder,-10.462007522583008,1
cross-encoder,-10.46193790435791,1
cross-encoder,-10.461170196533203,1
cross-encoder,-10.461009979248047,1
cross-encoder,-10.4605073928833,1
cross-encoder,-10.460098266601562,1
cross-encoder,-10.460046768188477,1
cross-encoder,-10.459239959716797,1
cross-encoder,-10.4591064453125,1
cross-encoder,-10.458783149719238,1
cross-encoder,-10.458612442016602,1
cross-encoder,-10.458335876464844,1
cross-encoder,-10.45718765258789,1
cross-encoder,-10.456008911132812,1
cross-encoder,-10.455964088439941,1
cross-encoder,-10.455839157104492,1
cross-encoder,-10.45534896850586,1
cross-encoder,-10.455093383789062,1
cross-encoder,-10.454891204833984,1
cross-encoder,-10.454073905944824,1
cross-encoder,-10.453840255737305,1
cross-encoder,-10.451887130737305,1
cross-encoder,-10.451717376708984,1
cross-encoder,-10.451001167297363,1
cross-encoder,-10.450862884521484,1
cross-encoder,-10.449487686157227,1
cross-encoder,-10.449073791503906,1
cross-encoder,-10.448846817016602,1
cross-encoder,-10.443902969360352,1
cross-encoder,-10.443609237670898,1
cross-encoder,-10.442523956298828,1
cross-encoder,-10.441703796386719,1
cross-encoder,-10.441146850585938,1
cross-encoder,-10.440500259399414,1
cross-encoder,-10.439610481262207,1
cross-encoder,-10.437861442565918,1
cross-encoder,-10.437849998474121,1
cross-encoder,-10.43741226196289,1
cross-encoder,-10.437273025512695,1
cross-encoder,-10.436830520629883,1
cross-encoder,-10.436689376831055,1
cross-encoder,-10.436027526855469,1
cross-encoder,-10.435507774353027,1
cross-encoder,-10.435495376586914,1
cross-encoder,-10.435125350952148,1
cross-encoder,-10.434778213500977,1
cross-encoder,-10.43452262878418,1
cross-encoder,-10.433610916137695,1
cross-encoder,-10.433454513549805,1
cross-encoder,-10.433008193969727,1
cross-encoder,-10.43269157409668,1
cross-encoder,-10.429370880126953,1
cross-encoder,-10.427945137023926,1
cross-encoder,-10.4276123046875,1
cross-encoder,-10.426496505737305,1
cross-encoder,-10.425604820251465,1
cross-encoder,-10.42529296875,1
cross-encoder,-10.425107955932617,1
cross-encoder,-10.424381256103516,1
cross-encoder,-10.424344062805176,1
cross-encoder,-10.42141056060791,1
cross-encoder,-10.42064094543457,1
cross-encoder,-10.41995620727539,1
cross-encoder,-10.419538497924805,1
cross-encoder,-10.419204711914062,1
cross-encoder,-10.419041633605957,1
cross-encoder,-10.418964385986328,1
cross-encoder,-10.418947219848633,1
cross-encoder,-10.418825149536133,1
cross-encoder,-10.418623924255371,1
cross-encoder,-10.41824722290039,1
cross-encoder,-10.418045997619629,1
cross-encoder,-10.417400360107422,1
cross-encoder,-10.417158126831055,1
cross-encoder,-10.416897773742676,1
cross-encoder,-10.415939331054688,1
cross-encoder,-10.414545059204102,1
cross-encoder,-10.414278030395508,1
cross-encoder,-10.413766860961914,1
cross-encoder,-10.413739204406738,1
cross-encoder,-10.413572311401367,1
cross-encoder,-10.411409378051758,1
cross-encoder,-10.410962104797363,1
cross-encoder,-10.409515380859375,1
cross-encoder,-10.409281730651855,1
cross-encoder,-10.408896446228027,1
cross-encoder,-10.40783977508545,1
cross-encoder,-10.407750129699707,1
cross-encoder,-10.40727710723877,1
cross-encoder,-10.406875610351562,1
cross-encoder,-10.404533386230469,1
cross-encoder,-10.403218269348145,1
cross-encoder,-10.402742385864258,1
cross-encoder,-10.40062141418457,1
cross-encoder,-10.40031623840332,1
cross-encoder,-10.400200843811035,1
cross-encoder,-10.399429321289062,1
cross-encoder,-10.396974563598633,1
cross-encoder,-10.396852493286133,1
cross-encoder,-10.396836280822754,1
cross-encoder,-10.396430969238281,1
cross-encoder,-10.396102905273438,1
cross-encoder,-10.395502090454102,1
cross-encoder,-10.395354270935059,1
cross-encoder,-10.394561767578125,1
cross-encoder,-10.394350051879883,1
cross-encoder,-10.394237518310547,1
cross-encoder,-10.393717765808105,1
cross-encoder,-10.392305374145508,1
cross-encoder,-10.392072677612305,1
cross-encoder,-10.391744613647461,1
cross-encoder,-10.388364791870117,1
cross-encoder,-10.387609481811523,1
cross-encoder,-10.384621620178223,1
cross-encoder,-10.384261131286621,1
cross-encoder,-10.383649826049805,1
cross-encoder,-10.38311767578125,1
cross-encoder,-10.382913589477539,1
cross-encoder,-10.382904052734375,1
cross-encoder,-10.382887840270996,1
cross-encoder,-10.38254165649414,1
cross-encoder,-10.38209056854248,1
cross-encoder,-10.38036823272705,1
cross-encoder,-10.379129409790039,1
cross-encoder,-10.37889289855957,1
cross-encoder,-10.377836227416992,1
cross-encoder,-10.377504348754883,1
cross-encoder,-10.377437591552734,1
cross-encoder,-10.376056671142578,1
cross-encoder,-10.375965118408203,1
cross-encoder,-10.375329971313477,1
cross-encoder,-10.375313758850098,1
cross-encoder,-10.375253677368164,1
cross-encoder,-10.374098777770996,1
cross-encoder,-10.373855590820312,1
cross-encoder,-10.372594833374023,1
cross-encoder,-10.37023639678955,1
cross-encoder,-10.369680404663086,1
cross-encoder,-10.369646072387695,1
cross-encoder,-10.369049072265625,1
cross-encoder,-10.369039535522461,1
cross-encoder,-10.368414878845215,1
cross-encoder,-10.36823844909668,1
cross-encoder,-10.367900848388672,1
cross-encoder,-10.367584228515625,1
cross-encoder,-10.367483139038086,1
cross-encoder,-10.366874694824219,1
cross-encoder,-10.36564826965332,1
cross-encoder,-10.365530014038086,1
cross-encoder,-10.365096092224121,1
cross-encoder,-10.363221168518066,1
cross-encoder,-10.362433433532715,1
cross-encoder,-10.360947608947754,1
cross-encoder,-10.360923767089844,1
cross-encoder,-10.360551834106445,1
cross-encoder,-10.36030387878418,1
cross-encoder,-10.359539031982422,1
cross-encoder,-10.359251022338867,1
cross-encoder,-10.358779907226562,1
cross-encoder,-10.358327865600586,1
cross-encoder,-10.357707977294922,1
cross-encoder,-10.356613159179688,1
cross-encoder,-10.356304168701172,1
cross-encoder,-10.355846405029297,1
cross-encoder,-10.354969024658203,1
cross-encoder,-10.353453636169434,1
cross-encoder,-10.353275299072266,1
cross-encoder,-10.352792739868164,1
cross-encoder,-10.352508544921875,1
cross-encoder,-10.351101875305176,1
cross-encoder,-10.349113464355469,1
cross-encoder,-10.348566055297852,1
cross-encoder,-10.34852409362793,1
cross-encoder,-10.348176956176758,1
cross-encoder,-10.347695350646973,1
cross-encoder,-10.345746994018555,1
cross-encoder,-10.344989776611328,1
cross-encoder,-10.344367980957031,1
cross-encoder,-10.344091415405273,1
cross-encoder,-10.344036102294922,1
cross-encoder,-10.343995094299316,1
cross-encoder,-10.341588020324707,1
cross-encoder,-10.340654373168945,1
cross-encoder,-10.340166091918945,1
cross-encoder,-10.339552879333496,1
cross-encoder,-10.338300704956055,1
cross-encoder,-10.338153839111328,1
cross-encoder,-10.337888717651367,1
cross-encoder,-10.337750434875488,1
cross-encoder,-10.337514877319336,1
cross-encoder,-10.337103843688965,1
cross-encoder,-10.33694839477539,1
cross-encoder,-10.33533763885498,1
cross-encoder,-10.333869934082031,1
cross-encoder,-10.333673477172852,1
cross-encoder,-10.332869529724121,1
cross-encoder,-10.332284927368164,1
cross-encoder,-10.331432342529297,1
cross-encoder,-10.331334114074707,1
cross-encoder,-10.330594062805176,1
cross-encoder,-10.330184936523438,1
cross-encoder,-10.33015251159668,1
cross-encoder,-10.327664375305176,1
cross-encoder,-10.327531814575195,1
cross-encoder,-10.32751750946045,1
cross-encoder,-10.32723331451416,1
cross-encoder,-10.325472831726074,1
cross-encoder,-10.325176239013672,1
cross-encoder,-10.324934959411621,1
cross-encoder,-10.324041366577148,1
cross-encoder,-10.323721885681152,1
cross-encoder,-10.323602676391602,1
cross-encoder,-10.323188781738281,1
cross-encoder,-10.32205867767334,1
cross-encoder,-10.32155990600586,1
cross-encoder,-10.321521759033203,1
cross-encoder,-10.320199966430664,1
cross-encoder,-10.319626808166504,1
cross-encoder,-10.318953514099121,1
cross-encoder,-10.317098617553711,1
cross-encoder,-10.315905570983887,1
cross-encoder,-10.315828323364258,1
cross-encoder,-10.315046310424805,1
cross-encoder,-10.314916610717773,1
cross-encoder,-10.314162254333496,1
cross-encoder,-10.314048767089844,2
cross-encoder,-10.313638687133789,1
cross-encoder,-10.310090065002441,1
cross-encoder,-10.309457778930664,1
cross-encoder,-10.309207916259766,1
cross-encoder,-10.30868148803711,1
cross-encoder,-10.308601379394531,1
cross-encoder,-10.308449745178223,1
cross-encoder,-10.308378219604492,1
cross-encoder,-10.307628631591797,1
cross-encoder,-10.307231903076172,1
cross-encoder,-10.307008743286133,1
cross-encoder,-10.306999206542969,1
cross-encoder,-10.306950569152832,1
cross-encoder,-10.306883811950684,1
cross-encoder,-10.304224014282227,1
cross-encoder,-10.303948402404785,1
cross-encoder,-10.303926467895508,1
cross-encoder,-10.303686141967773,1
cross-encoder,-10.303431510925293,1
cross-encoder,-10.302306175231934,1
cross-encoder,-10.300928115844727,1
cross-encoder,-10.30091667175293,1
cross-encoder,-10.299684524536133,1
cross-encoder,-10.299351692199707,1
cross-encoder,-10.298118591308594,1
cross-encoder,-10.29748821258545,1
cross-encoder,-10.297342300415039,1
cross-encoder,-10.296978950500488,1
cross-encoder,-10.296628952026367,1
cross-encoder,-10.296411514282227,1
cross-encoder,-10.296374320983887,1
cross-encoder,-10.296152114868164,1
cross-encoder,-10.295080184936523,1
cross-encoder,-10.292692184448242,1
cross-encoder,-10.292424201965332,1
cross-encoder,-10.291276931762695,1
cross-encoder,-10.290494918823242,1
cross-encoder,-10.290300369262695,1
cross-encoder,-10.28797721862793,1
cross-encoder,-10.287903785705566,1
cross-encoder,-10.287710189819336,1
cross-encoder,-10.287497520446777,1
cross-encoder,-10.287381172180176,1
cross-encoder,-10.286362648010254,1
cross-encoder,-10.284927368164062,1
cross-encoder,-10.283732414245605,1
cross-encoder,-10.283349990844727,1
cross-encoder,-10.283239364624023,1
cross-encoder,-10.281469345092773,1
cross-encoder,-10.280616760253906,1
cross-encoder,-10.279090881347656,1
cross-encoder,-10.278321266174316,1
cross-encoder,-10.278118133544922,1
cross-encoder,-10.275718688964844,1
cross-encoder,-10.275053024291992,1
cross-encoder,-10.274429321289062,1
cross-encoder,-10.274223327636719,1
cross-encoder,-10.273990631103516,1
cross-encoder,-10.272747993469238,1
cross-encoder,-10.272665023803711,1
cross-encoder,-10.272300720214844,1
cross-encoder,-10.272188186645508,1
cross-encoder,-10.271016120910645,1
cross-encoder,-10.270988464355469,1
cross-encoder,-10.269399642944336,1
cross-encoder,-10.26887035369873,1
cross-encoder,-10.268182754516602,1
cross-encoder,-10.26784610748291,1
cross-encoder,-10.266979217529297,1
cross-encoder,-10.26448917388916,1
cross-encoder,-10.263395309448242,1
cross-encoder,-10.261491775512695,1
cross-encoder,-10.260358810424805,1
cross-encoder,-10.259922981262207,1
cross-encoder,-10.25979232788086,1
cross-encoder,-10.259746551513672,1
cross-encoder,-10.258930206298828,1
cross-encoder,-10.258602142333984,1
cross-encoder,-10.258586883544922,1
cross-encoder,-10.256668090820312,1
cross-encoder,-10.256546020507812,1
cross-encoder,-10.256021499633789,1
cross-encoder,-10.255767822265625,1
cross-encoder,-10.254701614379883,1
cross-encoder,-10.253732681274414,1
cross-encoder,-10.253353118896484,1
cross-encoder,-10.25334358215332,1
cross-encoder,-10.253158569335938,1
cross-encoder,-10.252585411071777,1
cross-encoder,-10.251723289489746,1
cross-encoder,-10.25147819519043,1
cross-encoder,-10.25096321105957,1
cross-encoder,-10.250094413757324,1
cross-encoder,-10.24991512298584,1
cross-encoder,-10.24969482421875,1
cross-encoder,-10.249357223510742,1
cross-encoder,-10.249115943908691,1
cross-encoder,-10.247922897338867,1
cross-encoder,-10.247200965881348,1
cross-encoder,-10.243720054626465,1
cross-encoder,-10.24315357208252,1
cross-encoder,-10.240581512451172,1
cross-encoder,-10.240190505981445,1
cross-encoder,-10.239692687988281,1
cross-encoder,-10.239614486694336,1
cross-encoder,-10.239274978637695,1
cross-encoder,-10.238241195678711,1
cross-encoder,-10.237104415893555,1
cross-encoder,-10.236833572387695,1
cross-encoder,-10.23641586303711,1
cross-encoder,-10.236198425292969,1
cross-encoder,-10.23551082611084,1
cross-encoder,-10.235395431518555,1
cross-encoder,-10.235393524169922,1
cross-encoder,-10.234790802001953,1
cross-encoder,-10.233634948730469,1
cross-encoder,-10.232450485229492,1
cross-encoder,-10.231842041015625,1
cross-encoder,-10.229696273803711,1
cross-encoder,-10.22712516784668,1
cross-encoder,-10.226541519165039,1
cross-encoder,-10.226337432861328,1
cross-encoder,-10.22561264038086,1
cross-encoder,-10.225360870361328,1
cross-encoder,-10.225017547607422,1
cross-encoder,-10.224838256835938,1
cross-encoder,-10.224696159362793,1
cross-encoder,-10.22445297241211,1
cross-encoder,-10.222537994384766,1
cross-encoder,-10.222480773925781,1
cross-encoder,-10.220320701599121,1
cross-encoder,-10.219618797302246,1
cross-encoder,-10.218812942504883,1
cross-encoder,-10.21800708770752,1
cross-encoder,-10.217934608459473,1
cross-encoder,-10.217246055603027,1
cross-encoder,-10.217181205749512,1
cross-encoder,-10.21583080291748,1
cross-encoder,-10.214705467224121,1
cross-encoder,-10.214266777038574,1
cross-encoder,-10.214131355285645,1
cross-encoder,-10.211878776550293,1
cross-encoder,-10.21150016784668,1
cross-encoder,-10.211287498474121,1
cross-encoder,-10.210084915161133,1
cross-encoder,-10.209148406982422,1
cross-encoder,-10.209134101867676,1
cross-encoder,-10.208247184753418,1
cross-encoder,-10.207748413085938,1
cross-encoder,-10.20626449584961,1
cross-encoder,-10.203646659851074,1
cross-encoder,-10.202971458435059,1
cross-encoder,-10.202351570129395,1
cross-encoder,-10.202184677124023,1
cross-encoder,-10.201568603515625,1
cross-encoder,-10.20087718963623,1
cross-encoder,-10.200538635253906,1
cross-encoder,-10.200085639953613,1
cross-encoder,-10.199930191040039,1
cross-encoder,-10.19790267944336,1
cross-encoder,-10.19665813446045,1
cross-encoder,-10.196196556091309,1
cross-encoder,-10.195903778076172,1
cross-encoder,-10.19363784790039,1
cross-encoder,-10.193564414978027,1
cross-encoder,-10.192354202270508,1
cross-encoder,-10.190444946289062,1
cross-encoder,-10.190417289733887,1
cross-encoder,-10.190155029296875,1
cross-encoder,-10.18980598449707,1
cross-encoder,-10.18925666809082,1
cross-encoder,-10.188589096069336,1
cross-encoder,-10.188481330871582,1
cross-encoder,-10.187880516052246,1
cross-encoder,-10.1878662109375,1
cross-encoder,-10.187448501586914,1
cross-encoder,-10.185131072998047,1
cross-encoder,-10.184345245361328,1
cross-encoder,-10.181859970092773,1
cross-encoder,-10.177733421325684,1
cross-encoder,-10.177295684814453,1
cross-encoder,-10.177018165588379,1
cross-encoder,-10.176961898803711,1
cross-encoder,-10.176738739013672,1
cross-encoder,-10.176542282104492,1
cross-encoder,-10.176464080810547,1
cross-encoder,-10.175995826721191,1
cross-encoder,-10.17597770690918,1
cross-encoder,-10.175603866577148,1
cross-encoder,-10.175222396850586,1
cross-encoder,-10.174938201904297,1
cross-encoder,-10.173713684082031,1
cross-encoder,-10.173680305480957,1
cross-encoder,-10.173421859741211,1
cross-encoder,-10.17259693145752,1
cross-encoder,-10.169174194335938,1
cross-encoder,-10.168984413146973,1
cross-encoder,-10.168476104736328,1
cross-encoder,-10.166814804077148,1
cross-encoder,-10.16551399230957,1
cross-encoder,-10.165267944335938,1
cross-encoder,-10.164342880249023,1
cross-encoder,-10.164146423339844,1
cross-encoder,-10.162311553955078,1
cross-encoder,-10.162293434143066,1
cross-encoder,-10.16072940826416,1
cross-encoder,-10.159509658813477,1
cross-encoder,-10.159136772155762,1
cross-encoder,-10.15837287902832,1
cross-encoder,-10.157713890075684,1
cross-encoder,-10.157241821289062,1
cross-encoder,-10.15595817565918,1
cross-encoder,-10.155595779418945,1
cross-encoder,-10.154854774475098,1
cross-encoder,-10.154308319091797,1
cross-encoder,-10.154290199279785,1
cross-encoder,-10.153205871582031,1
cross-encoder,-10.152997970581055,1
cross-encoder,-10.152433395385742,1
cross-encoder,-10.151317596435547,1
cross-encoder,-10.151227951049805,1
cross-encoder,-10.149591445922852,1
cross-encoder,-10.149299621582031,1
cross-encoder,-10.148641586303711,1
cross-encoder,-10.148139953613281,1
cross-encoder,-10.147520065307617,1
cross-encoder,-10.147010803222656,1
cross-encoder,-10.146465301513672,1
cross-encoder,-10.146336555480957,1
cross-encoder,-10.145698547363281,1
cross-encoder,-10.145622253417969,1
cross-encoder,-10.14505386352539,1
cross-encoder,-10.144991874694824,1
cross-encoder,-10.144643783569336,1
cross-encoder,-10.144086837768555,1
cross-encoder,-10.141448974609375,1
cross-encoder,-10.139504432678223,1
cross-encoder,-10.138284683227539,1
cross-encoder,-10.136829376220703,1
cross-encoder,-10.136713027954102,1
cross-encoder,-10.136392593383789,1
cross-encoder,-10.13603401184082,1
cross-encoder,-10.134979248046875,1
cross-encoder,-10.13344955444336,1
cross-encoder,-10.132606506347656,1
cross-encoder,-10.132549285888672,1
cross-encoder,-10.132516860961914,1
cross-encoder,-10.132257461547852,1
cross-encoder,-10.131847381591797,1
cross-encoder,-10.13161849975586,1
cross-encoder,-10.131458282470703,1
cross-encoder,-10.13068675994873,1
cross-encoder,-10.130546569824219,1
cross-encoder,-10.126087188720703,1
cross-encoder,-10.123960494995117,1
cross-encoder,-10.123842239379883,1
cross-encoder,-10.123451232910156,1
cross-encoder,-10.122882843017578,1
cross-encoder,-10.122293472290039,1
cross-encoder,-10.121020317077637,1
cross-encoder,-10.12034797668457,1
cross-encoder,-10.120206832885742,1
cross-encoder,-10.119462013244629,1
cross-encoder,-10.119123458862305,1
cross-encoder,-10.117918014526367,1
cross-encoder,-10.11691665649414,1
cross-encoder,-10.116142272949219,1
cross-encoder,-10.116086959838867,1
cross-encoder,-10.115335464477539,1
cross-encoder,-10.11445426940918,1
cross-encoder,-10.114055633544922,1
cross-encoder,-10.11305046081543,1
cross-encoder,-10.113004684448242,1
cross-encoder,-10.111947059631348,1
cross-encoder,-10.111600875854492,1
cross-encoder,-10.111454010009766,1
cross-encoder,-10.111263275146484,1
cross-encoder,-10.11042594909668,1
cross-encoder,-10.109840393066406,1
cross-encoder,-10.108975410461426,1
cross-encoder,-10.108452796936035,1
cross-encoder,-10.108118057250977,1
cross-encoder,-10.107305526733398,1
cross-encoder,-10.10684585571289,1
cross-encoder,-10.106112480163574,1
cross-encoder,-10.105585098266602,1
cross-encoder,-10.105536460876465,1
cross-encoder,-10.10548210144043,1
cross-encoder,-10.104630470275879,1
cross-encoder,-10.103765487670898,1
cross-encoder,-10.102628707885742,1
cross-encoder,-10.100004196166992,1
cross-encoder,-10.099503517150879,1
cross-encoder,-10.099346160888672,1
cross-encoder,-10.098674774169922,1
cross-encoder,-10.098018646240234,1
cross-encoder,-10.097588539123535,1
cross-encoder,-10.097118377685547,1
cross-encoder,-10.096492767333984,1
cross-encoder,-10.096306800842285,1
cross-encoder,-10.096139907836914,1
cross-encoder,-10.095338821411133,1
cross-encoder,-10.09494400024414,1
cross-encoder,-10.094564437866211,1
cross-encoder,-10.093862533569336,1
cross-encoder,-10.093648910522461,1
cross-encoder,-10.092069625854492,1
cross-encoder,-10.090028762817383,1
cross-encoder,-10.088295936584473,1
cross-encoder,-10.087432861328125,1
cross-encoder,-10.084854125976562,1
cross-encoder,-10.08458137512207,1
cross-encoder,-10.084407806396484,1
cross-encoder,-10.083913803100586,1
cross-encoder,-10.083003044128418,1
cross-encoder,-10.08165454864502,1
cross-encoder,-10.08154010772705,1
cross-encoder,-10.080089569091797,1
cross-encoder,-10.079339981079102,1
cross-encoder,-10.077031135559082,1
cross-encoder,-10.076653480529785,1
cross-encoder,-10.076362609863281,1
cross-encoder,-10.075393676757812,1
cross-encoder,-10.074234008789062,1
cross-encoder,-10.07413101196289,1
cross-encoder,-10.073549270629883,1
cross-encoder,-10.073432922363281,1
cross-encoder,-10.072931289672852,1
cross-encoder,-10.072861671447754,1
cross-encoder,-10.072290420532227,1
cross-encoder,-10.07099723815918,1
cross-encoder,-10.070898056030273,1
cross-encoder,-10.070051193237305,1
cross-encoder,-10.068740844726562,1
cross-encoder,-10.068678855895996,1
cross-encoder,-10.06796646118164,1
cross-encoder,-10.066082000732422,1
cross-encoder,-10.065519332885742,1
cross-encoder,-10.06522274017334,1
cross-encoder,-10.063546180725098,1
cross-encoder,-10.062312126159668,1
cross-encoder,-10.061579704284668,1
cross-encoder,-10.060461044311523,1
cross-encoder,-10.06011962890625,1
cross-encoder,-10.059925079345703,1
cross-encoder,-10.058638572692871,1
cross-encoder,-10.05848503112793,1
cross-encoder,-10.05756950378418,1
cross-encoder,-10.057548522949219,1
cross-encoder,-10.05626392364502,1
cross-encoder,-10.051593780517578,1
cross-encoder,-10.05116081237793,1
cross-encoder,-10.050374984741211,1
cross-encoder,-10.04990005493164,1
cross-encoder,-10.049307823181152,1
cross-encoder,-10.049015045166016,1
cross-encoder,-10.048311233520508,1
cross-encoder,-10.047239303588867,1
cross-encoder,-10.04670524597168,1
cross-encoder,-10.045662879943848,1
cross-encoder,-10.044853210449219,1
cross-encoder,-10.044342994689941,1
cross-encoder,-10.04351806640625,1
cross-encoder,-10.041582107543945,1
cross-encoder,-10.039426803588867,1
cross-encoder,-10.037137031555176,1
cross-encoder,-10.037134170532227,1
cross-encoder,-10.035411834716797,1
cross-encoder,-10.034468650817871,1
cross-encoder,-10.033783912658691,1
cross-encoder,-10.028362274169922,1
cross-encoder,-10.027931213378906,1
cross-encoder,-10.027811050415039,1
cross-encoder,-10.02646255493164,1
cross-encoder,-10.02512264251709,1
cross-encoder,-10.024444580078125,1
cross-encoder,-10.02226734161377,1
cross-encoder,-10.02087688446045,1
cross-encoder,-10.020442008972168,1
cross-encoder,-10.020216941833496,1
cross-encoder,-10.01974105834961,1
cross-encoder,-10.019197463989258,1
cross-encoder,-10.017939567565918,1
cross-encoder,-10.014762878417969,1
cross-encoder,-10.013832092285156,1
cross-encoder,-10.013543128967285,1
cross-encoder,-10.013457298278809,1
cross-encoder,-10.012456893920898,1
cross-encoder,-10.011685371398926,1
cross-encoder,-10.01162338256836,1
cross-encoder,-10.009588241577148,1
cross-encoder,-10.009485244750977,1
cross-encoder,-10.009150505065918,1
cross-encoder,-10.007369995117188,1
cross-encoder,-10.004220008850098,1
cross-encoder,-10.004158020019531,1
cross-encoder,-10.002873420715332,1
cross-encoder,-10.001983642578125,1
cross-encoder,-10.001604080200195,1
cross-encoder,-9.999818801879883,1
cross-encoder,-9.999357223510742,1
cross-encoder,-9.99905014038086,1
cross-encoder,-9.998832702636719,1
cross-encoder,-9.99871826171875,1
cross-encoder,-9.996247291564941,1
cross-encoder,-9.996227264404297,1
cross-encoder,-9.995115280151367,1
cross-encoder,-9.99502944946289,1
cross-encoder,-9.993268966674805,1
cross-encoder,-9.991731643676758,1
cross-encoder,-9.989960670471191,1
cross-encoder,-9.98867416381836,1
cross-encoder,-9.988349914550781,1
cross-encoder,-9.98796558380127,1
cross-encoder,-9.987955093383789,1
cross-encoder,-9.987771987915039,1
cross-encoder,-9.985706329345703,1
cross-encoder,-9.98472785949707,1
cross-encoder,-9.984420776367188,1
cross-encoder,-9.984314918518066,1
cross-encoder,-9.98367691040039,1
cross-encoder,-9.9833984375,1
cross-encoder,-9.98127555847168,1
cross-encoder,-9.98110294342041,1
cross-encoder,-9.978781700134277,1
cross-encoder,-9.978569984436035,1
cross-encoder,-9.978189468383789,1
cross-encoder,-9.976612091064453,1
cross-encoder,-9.976380348205566,1
cross-encoder,-9.975252151489258,1
cross-encoder,-9.975217819213867,1
cross-encoder,-9.973867416381836,1
cross-encoder,-9.97298812866211,1
cross-encoder,-9.972277641296387,1
cross-encoder,-9.97141170501709,1
cross-encoder,-9.97110652923584,1
cross-encoder,-9.970820426940918,1
cross-encoder,-9.968832969665527,1
cross-encoder,-9.968074798583984,1
cross-encoder,-9.96731948852539,1
cross-encoder,-9.967071533203125,1
cross-encoder,-9.966925621032715,1
cross-encoder,-9.965658187866211,1
cross-encoder,-9.965070724487305,1
cross-encoder,-9.964162826538086,1
cross-encoder,-9.963475227355957,1
cross-encoder,-9.960943222045898,1
cross-encoder,-9.960762023925781,1
cross-encoder,-9.960545539855957,1
cross-encoder,-9.959756851196289,1
cross-encoder,-9.959678649902344,1
cross-encoder,-9.959513664245605,1
cross-encoder,-9.958663940429688,1
cross-encoder,-9.958385467529297,1
cross-encoder,-9.957586288452148,1
cross-encoder,-9.95541000366211,1
cross-encoder,-9.95506477355957,1
cross-encoder,-9.954872131347656,1
cross-encoder,-9.954696655273438,1
cross-encoder,-9.9537992477417,1
cross-encoder,-9.952198028564453,1
cross-encoder,-9.952186584472656,1
cross-encoder,-9.95189380645752,1
cross-encoder,-9.951778411865234,1
cross-encoder,-9.950239181518555,1
cross-encoder,-9.950052261352539,1
cross-encoder,-9.949928283691406,1
cross-encoder,-9.948957443237305,1
cross-encoder,-9.948049545288086,1
cross-encoder,-9.947959899902344,1
cross-encoder,-9.946737289428711,1
cross-encoder,-9.946672439575195,1
cross-encoder,-9.946131706237793,1
cross-encoder,-9.945804595947266,1
cross-encoder,-9.943958282470703,1
cross-encoder,-9.942371368408203,1
cross-encoder,-9.937592506408691,1
cross-encoder,-9.935807228088379,1
cross-encoder,-9.934955596923828,1
cross-encoder,-9.93486213684082,1
cross-encoder,-9.934759140014648,1
cross-encoder,-9.933975219726562,1
cross-encoder,-9.93253231048584,1
cross-encoder,-9.931581497192383,1
cross-encoder,-9.929922103881836,1
cross-encoder,-9.929718017578125,1
cross-encoder,-9.929486274719238,1
cross-encoder,-9.928974151611328,1
cross-encoder,-9.928905487060547,1
cross-encoder,-9.928390502929688,1
cross-encoder,-9.928313255310059,1
cross-encoder,-9.928156852722168,1
cross-encoder,-9.926363945007324,1
cross-encoder,-9.925880432128906,1
cross-encoder,-9.925737380981445,1
cross-encoder,-9.925271987915039,1
cross-encoder,-9.925230026245117,1
cross-encoder,-9.92491340637207,1
cross-encoder,-9.924530982971191,1
cross-encoder,-9.92204475402832,1
cross-encoder,-9.92181396484375,1
cross-encoder,-9.921577453613281,1
cross-encoder,-9.920999526977539,1
cross-encoder,-9.91729736328125,1
cross-encoder,-9.916770935058594,1
cross-encoder,-9.916078567504883,1
cross-encoder,-9.913022994995117,1
cross-encoder,-9.912662506103516,1
cross-encoder,-9.912607192993164,1
cross-encoder,-9.91197395324707,1
cross-encoder,-9.911624908447266,1
cross-encoder,-9.911127090454102,1
cross-encoder,-9.910581588745117,1
cross-encoder,-9.910383224487305,1
cross-encoder,-9.910036087036133,1
cross-encoder,-9.909908294677734,1
cross-encoder,-9.905542373657227,1
cross-encoder,-9.90534782409668,1
cross-encoder,-9.904661178588867,1
cross-encoder,-9.904314994812012,1
cross-encoder,-9.899360656738281,1
cross-encoder,-9.898529052734375,1
cross-encoder,-9.898513793945312,1
cross-encoder,-9.89676570892334,1
cross-encoder,-9.89468765258789,1
cross-encoder,-9.88923454284668,1
cross-encoder,-9.889094352722168,1
cross-encoder,-9.88701343536377,1
cross-encoder,-9.886438369750977,1
cross-encoder,-9.885408401489258,1
cross-encoder,-9.884771347045898,1
cross-encoder,-9.884270668029785,1
cross-encoder,-9.883549690246582,1
cross-encoder,-9.88270378112793,1
cross-encoder,-9.8818359375,1
cross-encoder,-9.879995346069336,1
cross-encoder,-9.879236221313477,1
cross-encoder,-9.876906394958496,1
cross-encoder,-9.87567138671875,1
cross-encoder,-9.87453556060791,1
cross-encoder,-9.874467849731445,1
cross-encoder,-9.871954917907715,1
cross-encoder,-9.86844253540039,1
cross-encoder,-9.867713928222656,1
cross-encoder,-9.86763858795166,1
cross-encoder,-9.865285873413086,1
cross-encoder,-9.863805770874023,1
cross-encoder,-9.862958908081055,1
cross-encoder,-9.860862731933594,1
cross-encoder,-9.860740661621094,1
cross-encoder,-9.860517501831055,1
cross-encoder,-9.859859466552734,1
cross-encoder,-9.858343124389648,1
cross-encoder,-9.858095169067383,1
cross-encoder,-9.856035232543945,1
cross-encoder,-9.855668067932129,1
cross-encoder,-9.854561805725098,1
cross-encoder,-9.854408264160156,1
cross-encoder,-9.8539457321167,1
cross-encoder,-9.853755950927734,1
cross-encoder,-9.8532075881958,1
cross-encoder,-9.85165023803711,1
cross-encoder,-9.851569175720215,1
cross-encoder,-9.851505279541016,1
cross-encoder,-9.851438522338867,1
cross-encoder,-9.851404190063477,1
cross-encoder,-9.850746154785156,1
cross-encoder,-9.850561141967773,1
cross-encoder,-9.850536346435547,1
cross-encoder,-9.848731994628906,1
cross-encoder,-9.848681449890137,1
cross-encoder,-9.847646713256836,1
cross-encoder,-9.845102310180664,1
cross-encoder,-9.844598770141602,1
cross-encoder,-9.842292785644531,1
cross-encoder,-9.841463088989258,1
cross-encoder,-9.84133529663086,1
cross-encoder,-9.841064453125,1
cross-encoder,-9.840456008911133,1
cross-encoder,-9.838701248168945,1
cross-encoder,-9.83773422241211,1
cross-encoder,-9.836790084838867,1
cross-encoder,-9.835176467895508,1
cross-encoder,-9.832540512084961,1
cross-encoder,-9.832493782043457,1
cross-encoder,-9.832094192504883,1
cross-encoder,-9.831949234008789,1
cross-encoder,-9.830848693847656,1
cross-encoder,-9.83067512512207,1
cross-encoder,-9.830531120300293,1
cross-encoder,-9.82828140258789,1
cross-encoder,-9.828239440917969,1
cross-encoder,-9.827314376831055,1
cross-encoder,-9.82475471496582,1
cross-encoder,-9.823179244995117,1
cross-encoder,-9.821541786193848,1
cross-encoder,-9.821104049682617,1
cross-encoder,-9.82046890258789,1
cross-encoder,-9.819477081298828,1
cross-encoder,-9.817852020263672,1
cross-encoder,-9.815750122070312,1
cross-encoder,-9.815409660339355,1
cross-encoder,-9.814090728759766,1
cross-encoder,-9.81257438659668,1
cross-encoder,-9.811208724975586,1
cross-encoder,-9.810884475708008,1
cross-encoder,-9.810588836669922,1
cross-encoder,-9.808701515197754,1
cross-encoder,-9.80803108215332,1
cross-encoder,-9.805192947387695,1
cross-encoder,-9.805121421813965,1
cross-encoder,-9.804511070251465,1
cross-encoder,-9.803877830505371,1
cross-encoder,-9.80331039428711,1
cross-encoder,-9.803245544433594,1
cross-encoder,-9.803199768066406,1
cross-encoder,-9.801717758178711,1
cross-encoder,-9.800698280334473,1
cross-encoder,-9.800697326660156,1
cross-encoder,-9.800609588623047,1
cross-encoder,-9.799514770507812,1
cross-encoder,-9.797470092773438,1
cross-encoder,-9.79515552520752,1
cross-encoder,-9.794225692749023,1
cross-encoder,-9.792670249938965,1
cross-encoder,-9.791592597961426,1
cross-encoder,-9.790325164794922,1
cross-encoder,-9.788622856140137,1
cross-encoder,-9.78855037689209,1
cross-encoder,-9.788519859313965,1
cross-encoder,-9.788046836853027,1
cross-encoder,-9.787668228149414,1
cross-encoder,-9.787626266479492,1
cross-encoder,-9.784629821777344,1
cross-encoder,-9.780908584594727,1
cross-encoder,-9.780227661132812,1
cross-encoder,-9.779760360717773,1
cross-encoder,-9.779335021972656,1
cross-encoder,-9.779329299926758,1
cross-encoder,-9.774950981140137,1
cross-encoder,-9.774911880493164,1
cross-encoder,-9.772012710571289,1
cross-encoder,-9.77069091796875,1
cross-encoder,-9.769575119018555,1
cross-encoder,-9.769516944885254,1
cross-encoder,-9.769408226013184,1
cross-encoder,-9.769264221191406,1
cross-encoder,-9.769183158874512,1
cross-encoder,-9.768348693847656,1
cross-encoder,-9.767838478088379,1
cross-encoder,-9.766557693481445,1
cross-encoder,-9.76556396484375,1
cross-encoder,-9.760932922363281,1
cross-encoder,-9.760566711425781,1
cross-encoder,-9.76045036315918,1
cross-encoder,-9.76043701171875,1
cross-encoder,-9.759867668151855,1
cross-encoder,-9.759550094604492,1
cross-encoder,-9.755796432495117,1
cross-encoder,-9.754634857177734,1
cross-encoder,-9.751056671142578,1
cross-encoder,-9.749130249023438,1
cross-encoder,-9.748371124267578,1
cross-encoder,-9.74806022644043,1
cross-encoder,-9.742534637451172,1
cross-encoder,-9.74116039276123,1
cross-encoder,-9.741029739379883,1
cross-encoder,-9.740657806396484,1
cross-encoder,-9.739253997802734,1
cross-encoder,-9.739057540893555,1
cross-encoder,-9.7384033203125,1
cross-encoder,-9.737972259521484,1
cross-encoder,-9.737309455871582,1
cross-encoder,-9.737010955810547,1
cross-encoder,-9.734643936157227,1
cross-encoder,-9.733976364135742,1
cross-encoder,-9.733057975769043,1
cross-encoder,-9.732786178588867,1
cross-encoder,-9.731630325317383,1
cross-encoder,-9.730173110961914,1
cross-encoder,-9.729013442993164,1
cross-encoder,-9.728962898254395,1
cross-encoder,-9.727341651916504,2
cross-encoder,-9.726404190063477,1
cross-encoder,-9.72189712524414,1
cross-encoder,-9.721824645996094,1
cross-encoder,-9.719869613647461,1
cross-encoder,-9.714920997619629,1
cross-encoder,-9.714395523071289,1
cross-encoder,-9.71259593963623,1
cross-encoder,-9.711064338684082,1
cross-encoder,-9.709782600402832,1
cross-encoder,-9.709757804870605,1
cross-encoder,-9.70754623413086,1
cross-encoder,-9.705629348754883,1
cross-encoder,-9.705591201782227,1
cross-encoder,-9.70543098449707,1
cross-encoder,-9.704005241394043,1
cross-encoder,-9.70065689086914,1
cross-encoder,-9.699590682983398,1
cross-encoder,-9.699077606201172,1
cross-encoder,-9.698928833007812,1
cross-encoder,-9.69817066192627,1
cross-encoder,-9.696687698364258,1
cross-encoder,-9.695591926574707,1
cross-encoder,-9.693387985229492,1
cross-encoder,-9.690712928771973,1
cross-encoder,-9.690689086914062,1
cross-encoder,-9.689727783203125,1
cross-encoder,-9.689284324645996,1
cross-encoder,-9.68770980834961,1
cross-encoder,-9.687173843383789,1
cross-encoder,-9.683768272399902,1
cross-encoder,-9.682489395141602,1
cross-encoder,-9.682214736938477,1
cross-encoder,-9.681340217590332,1
cross-encoder,-9.677530288696289,1
cross-encoder,-9.676985740661621,1
cross-encoder,-9.676648139953613,1
cross-encoder,-9.676261901855469,2
cross-encoder,-9.675969123840332,1
cross-encoder,-9.675809860229492,2
cross-encoder,-9.675315856933594,1
cross-encoder,-9.672638893127441,1
cross-encoder,-9.67131233215332,1
cross-encoder,-9.669681549072266,1
cross-encoder,-9.66938304901123,1
cross-encoder,-9.667896270751953,1
cross-encoder,-9.666627883911133,1
cross-encoder,-9.665790557861328,1
cross-encoder,-9.663459777832031,2
cross-encoder,-9.661413192749023,1
cross-encoder,-9.661195755004883,1
cross-encoder,-9.65974235534668,1
cross-encoder,-9.659330368041992,1
cross-encoder,-9.657980918884277,1
cross-encoder,-9.657827377319336,1
cross-encoder,-9.656732559204102,1
cross-encoder,-9.656438827514648,1
cross-encoder,-9.655394554138184,1
cross-encoder,-9.654020309448242,1
cross-encoder,-9.653656005859375,1
cross-encoder,-9.653499603271484,1
cross-encoder,-9.651747703552246,1
cross-encoder,-9.651461601257324,1
cross-encoder,-9.649927139282227,1
cross-encoder,-9.646390914916992,1
cross-encoder,-9.644761085510254,1
cross-encoder,-9.644341468811035,1
cross-encoder,-9.644089698791504,1
cross-encoder,-9.641383171081543,1
cross-encoder,-9.641166687011719,1
cross-encoder,-9.640824317932129,2
cross-encoder,-9.640050888061523,1
cross-encoder,-9.638179779052734,1
cross-encoder,-9.637121200561523,1
cross-encoder,-9.63667106628418,1
cross-encoder,-9.632600784301758,1
cross-encoder,-9.631360054016113,1
cross-encoder,-9.629676818847656,1
cross-encoder,-9.628560066223145,1
cross-encoder,-9.62849235534668,1
cross-encoder,-9.628134727478027,1
cross-encoder,-9.624961853027344,1
cross-encoder,-9.624526977539062,1
cross-encoder,-9.62409782409668,1
cross-encoder,-9.624069213867188,1
cross-encoder,-9.621943473815918,1
cross-encoder,-9.621782302856445,1
cross-encoder,-9.620576858520508,1
cross-encoder,-9.619720458984375,1
cross-encoder,-9.619669914245605,1
cross-encoder,-9.619647026062012,1
cross-encoder,-9.619463920593262,1
cross-encoder,-9.615793228149414,1
cross-encoder,-9.614787101745605,1
cross-encoder,-9.610267639160156,1
cross-encoder,-9.608654022216797,1
cross-encoder,-9.607999801635742,1
cross-encoder,-9.606407165527344,1
cross-encoder,-9.60572624206543,1
cross-encoder,-9.605368614196777,1
cross-encoder,-9.604781150817871,1
cross-encoder,-9.60385513305664,1
cross-encoder,-9.601889610290527,1
cross-encoder,-9.601150512695312,1
cross-encoder,-9.5999755859375,1
cross-encoder,-9.599651336669922,1
cross-encoder,-9.599260330200195,1
cross-encoder,-9.598153114318848,1
cross-encoder,-9.598067283630371,1
cross-encoder,-9.596572875976562,1
cross-encoder,-9.594032287597656,1
cross-encoder,-9.59395980834961,1
cross-encoder,-9.593652725219727,1
cross-encoder,-9.591472625732422,1
cross-encoder,-9.590900421142578,1
cross-encoder,-9.590084075927734,1
cross-encoder,-9.588888168334961,1
cross-encoder,-9.58487319946289,1
cross-encoder,-9.583791732788086,1
cross-encoder,-9.581265449523926,1
cross-encoder,-9.580857276916504,1
cross-encoder,-9.580824851989746,1
cross-encoder,-9.58002758026123,1
cross-encoder,-9.579351425170898,1
cross-encoder,-9.57845687866211,1
cross-encoder,-9.578080177307129,1
cross-encoder,-9.578018188476562,2
cross-encoder,-9.577516555786133,1
cross-encoder,-9.576959609985352,1
cross-encoder,-9.575119018554688,1
cross-encoder,-9.571426391601562,1
cross-encoder,-9.570619583129883,1
cross-encoder,-9.57014274597168,1
cross-encoder,-9.57003116607666,1
cross-encoder,-9.568702697753906,1
cross-encoder,-9.568531036376953,1
cross-encoder,-9.568169593811035,1
cross-encoder,-9.56740951538086,1
cross-encoder,-9.56690502166748,1
cross-encoder,-9.564789772033691,1
cross-encoder,-9.563079833984375,1
cross-encoder,-9.560892105102539,1
cross-encoder,-9.560872077941895,1
cross-encoder,-9.559185028076172,1
cross-encoder,-9.558479309082031,1
cross-encoder,-9.557036399841309,1
cross-encoder,-9.553657531738281,1
cross-encoder,-9.55301284790039,1
cross-encoder,-9.550046920776367,1
cross-encoder,-9.549997329711914,1
cross-encoder,-9.548266410827637,1
cross-encoder,-9.547995567321777,1
cross-encoder,-9.547264099121094,1
cross-encoder,-9.545976638793945,1
cross-encoder,-9.540654182434082,1
cross-encoder,-9.5401029586792,1
cross-encoder,-9.538692474365234,1
cross-encoder,-9.537439346313477,1
cross-encoder,-9.536942481994629,1
cross-encoder,-9.53318977355957,1
cross-encoder,-9.532478332519531,1
cross-encoder,-9.529631614685059,1
cross-encoder,-9.525934219360352,1
cross-encoder,-9.525823593139648,1
cross-encoder,-9.52385425567627,1
cross-encoder,-9.523747444152832,1
cross-encoder,-9.521671295166016,1
cross-encoder,-9.519169807434082,1
cross-encoder,-9.518808364868164,1
cross-encoder,-9.518305778503418,1
cross-encoder,-9.514957427978516,1
cross-encoder,-9.513937950134277,1
cross-encoder,-9.51369857788086,1
cross-encoder,-9.513626098632812,1
cross-encoder,-9.513318061828613,1
cross-encoder,-9.507946014404297,1
cross-encoder,-9.507582664489746,1
cross-encoder,-9.507345199584961,1
cross-encoder,-9.50702953338623,1
cross-encoder,-9.506852149963379,1
cross-encoder,-9.506610870361328,1
cross-encoder,-9.498208045959473,1
cross-encoder,-9.497867584228516,1
cross-encoder,-9.493505477905273,1
cross-encoder,-9.490636825561523,1
cross-encoder,-9.489919662475586,1
cross-encoder,-9.488967895507812,1
cross-encoder,-9.488351821899414,1
cross-encoder,-9.486711502075195,1
cross-encoder,-9.486271858215332,1
cross-encoder,-9.483333587646484,1
cross-encoder,-9.483129501342773,1
cross-encoder,-9.48300838470459,2
cross-encoder,-9.48224925994873,1
cross-encoder,-9.475646018981934,1
cross-encoder,-9.473758697509766,1
cross-encoder,-9.473474502563477,1
cross-encoder,-9.47254467010498,1
cross-encoder,-9.471939086914062,1
cross-encoder,-9.467686653137207,1
cross-encoder,-9.466798782348633,1
cross-encoder,-9.463808059692383,1
cross-encoder,-9.463152885437012,1
cross-encoder,-9.462019920349121,1
cross-encoder,-9.460638999938965,1
cross-encoder,-9.460494995117188,1
cross-encoder,-9.458822250366211,1
cross-encoder,-9.455842971801758,1
cross-encoder,-9.455466270446777,1
cross-encoder,-9.454614639282227,1
cross-encoder,-9.452146530151367,1
cross-encoder,-9.450577735900879,1
cross-encoder,-9.448722839355469,1
cross-encoder,-9.448041915893555,1
cross-encoder,-9.447279930114746,1
cross-encoder,-9.447237014770508,1
cross-encoder,-9.447100639343262,1
cross-encoder,-9.446866035461426,1
cross-encoder,-9.446573257446289,1
cross-encoder,-9.442691802978516,1
cross-encoder,-9.442258834838867,1
cross-encoder,-9.441946029663086,1
cross-encoder,-9.440662384033203,1
cross-encoder,-9.438448905944824,1
cross-encoder,-9.43696403503418,1
cross-encoder,-9.436441421508789,1
cross-encoder,-9.430870056152344,1
cross-encoder,-9.430157661437988,1
cross-encoder,-9.429901123046875,1
cross-encoder,-9.429607391357422,1
cross-encoder,-9.428400039672852,1
cross-encoder,-9.428153038024902,1
cross-encoder,-9.427312850952148,1
cross-encoder,-9.425676345825195,1
cross-encoder,-9.425529479980469,1
cross-encoder,-9.42538070678711,1
cross-encoder,-9.425251007080078,1
cross-encoder,-9.424633026123047,1
cross-encoder,-9.423580169677734,1
cross-encoder,-9.421876907348633,1
cross-encoder,-9.418493270874023,1
cross-encoder,-9.417673110961914,1
cross-encoder,-9.41752815246582,1
cross-encoder,-9.417046546936035,1
cross-encoder,-9.416919708251953,1
cross-encoder,-9.416274070739746,1
cross-encoder,-9.414087295532227,1
cross-encoder,-9.41391658782959,1
cross-encoder,-9.413488388061523,1
cross-encoder,-9.412679672241211,1
cross-encoder,-9.41159439086914,1
cross-encoder,-9.410316467285156,1
cross-encoder,-9.408958435058594,1
cross-encoder,-9.408468246459961,1
cross-encoder,-9.408209800720215,1
cross-encoder,-9.406692504882812,1
cross-encoder,-9.405996322631836,1
cross-encoder,-9.399674415588379,1
cross-encoder,-9.39867877960205,1
cross-encoder,-9.397258758544922,1
cross-encoder,-9.395709991455078,1
cross-encoder,-9.39437484741211,1
cross-encoder,-9.394221305847168,1
cross-encoder,-9.390534400939941,1
cross-encoder,-9.388227462768555,1
cross-encoder,-9.387369155883789,1
cross-encoder,-9.382585525512695,1
cross-encoder,-9.382413864135742,1
cross-encoder,-9.380321502685547,1
cross-encoder,-9.379687309265137,1
cross-encoder,-9.379683494567871,1
cross-encoder,-9.377557754516602,1
cross-encoder,-9.377140998840332,1
cross-encoder,-9.375909805297852,1
cross-encoder,-9.371925354003906,1
cross-encoder,-9.37152099609375,1
cross-encoder,-9.370759963989258,1
cross-encoder,-9.365286827087402,1
cross-encoder,-9.365285873413086,1
cross-encoder,-9.365171432495117,1
cross-encoder,-9.364835739135742,1
cross-encoder,-9.36427116394043,1
cross-encoder,-9.363861083984375,1
cross-encoder,-9.362422943115234,1
cross-encoder,-9.360590934753418,1
cross-encoder,-9.359697341918945,1
cross-encoder,-9.35708999633789,1
cross-encoder,-9.357063293457031,1
cross-encoder,-9.355918884277344,1
cross-encoder,-9.35367488861084,1
cross-encoder,-9.352802276611328,1
cross-encoder,-9.351122856140137,1
cross-encoder,-9.350778579711914,1
cross-encoder,-9.350540161132812,1
cross-encoder,-9.34913158416748,1
cross-encoder,-9.348409652709961,1
cross-encoder,-9.344884872436523,1
cross-encoder,-9.344045639038086,1
cross-encoder,-9.343660354614258,1
cross-encoder,-9.342448234558105,1
cross-encoder,-9.33896255493164,1
cross-encoder,-9.338358879089355,1
cross-encoder,-9.336962699890137,1
cross-encoder,-9.33692741394043,1
cross-encoder,-9.335735321044922,1
cross-encoder,-9.335603713989258,1
cross-encoder,-9.335531234741211,1
cross-encoder,-9.333712577819824,1
cross-encoder,-9.330232620239258,1
cross-encoder,-9.329864501953125,1
cross-encoder,-9.328496932983398,1
cross-encoder,-9.32791519165039,1
cross-encoder,-9.326152801513672,1
cross-encoder,-9.320100784301758,1
cross-encoder,-9.319453239440918,1
cross-encoder,-9.318328857421875,1
cross-encoder,-9.318026542663574,1
cross-encoder,-9.317524909973145,1
cross-encoder,-9.315034866333008,1
cross-encoder,-9.312860488891602,1
cross-encoder,-9.312838554382324,1
cross-encoder,-9.311023712158203,1
cross-encoder,-9.309791564941406,1
cross-encoder,-9.306386947631836,1
cross-encoder,-9.305984497070312,1
cross-encoder,-9.304524421691895,1
cross-encoder,-9.302928924560547,1
cross-encoder,-9.299471855163574,1
cross-encoder,-9.297843933105469,1
cross-encoder,-9.29710578918457,1
cross-encoder,-9.29641056060791,1
cross-encoder,-9.296215057373047,1
cross-encoder,-9.295965194702148,1
cross-encoder,-9.294449806213379,1
cross-encoder,-9.294008255004883,1
cross-encoder,-9.293351173400879,1
cross-encoder,-9.292197227478027,1
cross-encoder,-9.291950225830078,1
cross-encoder,-9.291658401489258,1
cross-encoder,-9.289453506469727,1
cross-encoder,-9.289033889770508,1
cross-encoder,-9.286776542663574,1
cross-encoder,-9.282590866088867,1
cross-encoder,-9.281379699707031,1
cross-encoder,-9.280366897583008,1
cross-encoder,-9.280067443847656,1
cross-encoder,-9.27904987335205,1
cross-encoder,-9.278217315673828,1
cross-encoder,-9.27568531036377,1
cross-encoder,-9.274438858032227,1
cross-encoder,-9.273998260498047,1
cross-encoder,-9.27383041381836,1
cross-encoder,-9.273078918457031,1
cross-encoder,-9.27265739440918,1
cross-encoder,-9.271110534667969,1
cross-encoder,-9.266988754272461,1
cross-encoder,-9.265569686889648,1
cross-encoder,-9.264480590820312,1
cross-encoder,-9.263002395629883,1
cross-encoder,-9.261950492858887,1
cross-encoder,-9.258468627929688,1
cross-encoder,-9.25830078125,1
cross-encoder,-9.257059097290039,1
cross-encoder,-9.256723403930664,1
cross-encoder,-9.25367259979248,1
cross-encoder,-9.252958297729492,1
cross-encoder,-9.252833366394043,1
cross-encoder,-9.251399993896484,1
cross-encoder,-9.248621940612793,1
cross-encoder,-9.246264457702637,1
cross-encoder,-9.245696067810059,1
cross-encoder,-9.244831085205078,1
cross-encoder,-9.239752769470215,1
cross-encoder,-9.239559173583984,1
cross-encoder,-9.239004135131836,1
cross-encoder,-9.238265991210938,1
cross-encoder,-9.238096237182617,1
cross-encoder,-9.234331130981445,1
cross-encoder,-9.233327865600586,1
cross-encoder,-9.233282089233398,1
cross-encoder,-9.233015060424805,1
cross-encoder,-9.231483459472656,1
cross-encoder,-9.22896671295166,1
cross-encoder,-9.228498458862305,1
cross-encoder,-9.226160049438477,1
cross-encoder,-9.224004745483398,1
cross-encoder,-9.223441123962402,1
cross-encoder,-9.220809936523438,1
cross-encoder,-9.219928741455078,1
cross-encoder,-9.219253540039062,1
cross-encoder,-9.218208312988281,1
cross-encoder,-9.218185424804688,1
cross-encoder,-9.209990501403809,1
cross-encoder,-9.209802627563477,1
cross-encoder,-9.208559036254883,1
cross-encoder,-9.203788757324219,1
cross-encoder,-9.202808380126953,1
cross-encoder,-9.202733039855957,1
cross-encoder,-9.202726364135742,1
cross-encoder,-9.202613830566406,1
cross-encoder,-9.200220108032227,1
cross-encoder,-9.197881698608398,1
cross-encoder,-9.195898056030273,1
cross-encoder,-9.195043563842773,1
cross-encoder,-9.192975997924805,1
cross-encoder,-9.19276237487793,1
cross-encoder,-9.1882963180542,1
cross-encoder,-9.18647575378418,1
cross-encoder,-9.184694290161133,1
cross-encoder,-9.183774948120117,1
cross-encoder,-9.183439254760742,1
cross-encoder,-9.181478500366211,1
cross-encoder,-9.181424140930176,1
cross-encoder,-9.17994213104248,1
cross-encoder,-9.176593780517578,1
cross-encoder,-9.175695419311523,1
cross-encoder,-9.175630569458008,1
cross-encoder,-9.175113677978516,1
cross-encoder,-9.168774604797363,1
cross-encoder,-9.16799259185791,1
cross-encoder,-9.166414260864258,1
cross-encoder,-9.165863037109375,1
cross-encoder,-9.16499137878418,1
cross-encoder,-9.162154197692871,1
cross-encoder,-9.161531448364258,1
cross-encoder,-9.161380767822266,1
cross-encoder,-9.160490989685059,1
cross-encoder,-9.159543991088867,1
cross-encoder,-9.159454345703125,1
cross-encoder,-9.159292221069336,1
cross-encoder,-9.157241821289062,1
cross-encoder,-9.156065940856934,1
cross-encoder,-9.15488052368164,1
cross-encoder,-9.15009880065918,1
cross-encoder,-9.149511337280273,1
cross-encoder,-9.147783279418945,1
cross-encoder,-9.142351150512695,1
cross-encoder,-9.141443252563477,1
cross-encoder,-9.140525817871094,1
cross-encoder,-9.140456199645996,1
cross-encoder,-9.139331817626953,1
cross-encoder,-9.13906192779541,1
cross-encoder,-9.138957977294922,1
cross-encoder,-9.13719654083252,1
cross-encoder,-9.136931419372559,2
cross-encoder,-9.136483192443848,1
cross-encoder,-9.136043548583984,1
cross-encoder,-9.135674476623535,1
cross-encoder,-9.133781433105469,1
cross-encoder,-9.133779525756836,1
cross-encoder,-9.132471084594727,1
cross-encoder,-9.132379531860352,1
cross-encoder,-9.130911827087402,1
cross-encoder,-9.1299409866333,1
cross-encoder,-9.128446578979492,1
cross-encoder,-9.127447128295898,1
cross-encoder,-9.126913070678711,1
cross-encoder,-9.126108169555664,1
cross-encoder,-9.125438690185547,1
cross-encoder,-9.123279571533203,1
cross-encoder,-9.122400283813477,1
cross-encoder,-9.120244979858398,1
cross-encoder,-9.119937896728516,1
cross-encoder,-9.116393089294434,1
cross-encoder,-9.116037368774414,1
cross-encoder,-9.11301040649414,1
cross-encoder,-9.1104736328125,1
cross-encoder,-9.1090669631958,1
cross-encoder,-9.106193542480469,1
cross-encoder,-9.103879928588867,1
cross-encoder,-9.100324630737305,1
cross-encoder,-9.100192070007324,1
cross-encoder,-9.10017204284668,1
cross-encoder,-9.097798347473145,1
cross-encoder,-9.096721649169922,1
cross-encoder,-9.095325469970703,1
cross-encoder,-9.091817855834961,1
cross-encoder,-9.090635299682617,1
cross-encoder,-9.089862823486328,1
cross-encoder,-9.089422225952148,1
cross-encoder,-9.089407920837402,1
cross-encoder,-9.088774681091309,1
cross-encoder,-9.088074684143066,1
cross-encoder,-9.087450981140137,1
cross-encoder,-9.087410926818848,1
cross-encoder,-9.08448600769043,1
cross-encoder,-9.082733154296875,1
cross-encoder,-9.081504821777344,1
cross-encoder,-9.08082389831543,1
cross-encoder,-9.08042049407959,1
cross-encoder,-9.079240798950195,1
cross-encoder,-9.078387260437012,1
cross-encoder,-9.0748291015625,1
cross-encoder,-9.072385787963867,1
cross-encoder,-9.071609497070312,1
cross-encoder,-9.070064544677734,1
cross-encoder,-9.06820297241211,1
cross-encoder,-9.067901611328125,1
cross-encoder,-9.067039489746094,1
cross-encoder,-9.066507339477539,1
cross-encoder,-9.065195083618164,1
cross-encoder,-9.062403678894043,1
cross-encoder,-9.062314987182617,1
cross-encoder,-9.06171989440918,1
cross-encoder,-9.058280944824219,1
cross-encoder,-9.056896209716797,1
cross-encoder,-9.052886962890625,1
cross-encoder,-9.050621032714844,1
cross-encoder,-9.049708366394043,1
cross-encoder,-9.04864501953125,1
cross-encoder,-9.047065734863281,1
cross-encoder,-9.04382038116455,1
cross-encoder,-9.040716171264648,1
cross-encoder,-9.04041862487793,1
cross-encoder,-9.03955078125,1
cross-encoder,-9.039267539978027,2
cross-encoder,-9.039104461669922,1
cross-encoder,-9.038976669311523,1
cross-encoder,-9.03802490234375,1
cross-encoder,-9.03252124786377,1
cross-encoder,-9.027322769165039,1
cross-encoder,-9.027132987976074,1
cross-encoder,-9.027130126953125,2
cross-encoder,-9.02673625946045,1
cross-encoder,-9.026586532592773,1
cross-encoder,-9.02528190612793,1
cross-encoder,-9.025025367736816,1
cross-encoder,-9.02470874786377,1
cross-encoder,-9.024212837219238,1
cross-encoder,-9.023842811584473,1
cross-encoder,-9.0205659866333,1
cross-encoder,-9.019704818725586,1
cross-encoder,-9.017661094665527,1
cross-encoder,-9.01600456237793,1
cross-encoder,-9.014917373657227,1
cross-encoder,-9.012495040893555,1
cross-encoder,-9.007011413574219,1
cross-encoder,-9.004064559936523,1
cross-encoder,-9.001873016357422,1
cross-encoder,-9.001641273498535,1
cross-encoder,-8.999932289123535,1
cross-encoder,-8.999799728393555,1
cross-encoder,-8.995266914367676,1
cross-encoder,-8.995111465454102,1
cross-encoder,-8.994525909423828,1
cross-encoder,-8.994229316711426,1
cross-encoder,-8.993978500366211,1
cross-encoder,-8.99267864227295,1
cross-encoder,-8.992136001586914,1
cross-encoder,-8.987486839294434,1
cross-encoder,-8.986898422241211,1
cross-encoder,-8.982444763183594,1
cross-encoder,-8.9812593460083,1
cross-encoder,-8.980058670043945,1
cross-encoder,-8.979253768920898,1
cross-encoder,-8.97825813293457,1
cross-encoder,-8.976932525634766,1
cross-encoder,-8.975637435913086,1
cross-encoder,-8.973921775817871,1
cross-encoder,-8.971735954284668,1
cross-encoder,-8.970893859863281,1
cross-encoder,-8.970636367797852,1
cross-encoder,-8.968650817871094,1
cross-encoder,-8.96794605255127,1
cross-encoder,-8.967939376831055,1
cross-encoder,-8.967666625976562,1
cross-encoder,-8.967533111572266,1
cross-encoder,-8.966651916503906,1
cross-encoder,-8.966020584106445,1
cross-encoder,-8.961082458496094,1
cross-encoder,-8.959217071533203,1
cross-encoder,-8.95888614654541,1
cross-encoder,-8.958559036254883,1
cross-encoder,-8.956321716308594,1
cross-encoder,-8.954795837402344,1
cross-encoder,-8.953235626220703,1
cross-encoder,-8.95223331451416,1
cross-encoder,-8.951822280883789,1
cross-encoder,-8.951469421386719,1
cross-encoder,-8.948158264160156,1
cross-encoder,-8.944205284118652,1
cross-encoder,-8.941173553466797,1
cross-encoder,-8.938253402709961,1
cross-encoder,-8.936256408691406,1
cross-encoder,-8.935211181640625,1
cross-encoder,-8.9342622756958,1
cross-encoder,-8.932607650756836,1
cross-encoder,-8.931323051452637,1
cross-encoder,-8.929462432861328,1
cross-encoder,-8.92302131652832,1
cross-encoder,-8.922842025756836,1
cross-encoder,-8.917778015136719,1
cross-encoder,-8.917291641235352,1
cross-encoder,-8.91687297821045,1
cross-encoder,-8.916622161865234,1
cross-encoder,-8.916457176208496,1
cross-encoder,-8.913246154785156,1
cross-encoder,-8.912664413452148,1
cross-encoder,-8.909764289855957,1
cross-encoder,-8.908773422241211,1
cross-encoder,-8.90843391418457,1
cross-encoder,-8.907573699951172,1
cross-encoder,-8.904533386230469,1
cross-encoder,-8.893562316894531,1
cross-encoder,-8.891143798828125,1
cross-encoder,-8.890825271606445,1
cross-encoder,-8.887529373168945,1
cross-encoder,-8.886641502380371,1
cross-encoder,-8.884234428405762,1
cross-encoder,-8.881011009216309,1
cross-encoder,-8.87929916381836,2
cross-encoder,-8.87761116027832,1
cross-encoder,-8.877320289611816,1
cross-encoder,-8.877219200134277,1
cross-encoder,-8.876139640808105,1
cross-encoder,-8.87460994720459,1
cross-encoder,-8.874565124511719,1
cross-encoder,-8.873577117919922,1
cross-encoder,-8.872562408447266,1
cross-encoder,-8.872201919555664,1
cross-encoder,-8.872188568115234,1
cross-encoder,-8.871833801269531,1
cross-encoder,-8.870068550109863,1
cross-encoder,-8.869548797607422,1
cross-encoder,-8.868988037109375,1
cross-encoder,-8.866135597229004,1
cross-encoder,-8.863443374633789,1
cross-encoder,-8.861334800720215,1
cross-encoder,-8.861265182495117,1
cross-encoder,-8.859663009643555,1
cross-encoder,-8.859201431274414,1
cross-encoder,-8.858609199523926,1
cross-encoder,-8.858156204223633,1
cross-encoder,-8.854778289794922,1
cross-encoder,-8.852176666259766,1
cross-encoder,-8.850492477416992,1
cross-encoder,-8.849344253540039,1
cross-encoder,-8.848747253417969,1
cross-encoder,-8.8486328125,1
cross-encoder,-8.848066329956055,1
cross-encoder,-8.843417167663574,1
cross-encoder,-8.841104507446289,1
cross-encoder,-8.83979606628418,1
cross-encoder,-8.839794158935547,1
cross-encoder,-8.837907791137695,1
cross-encoder,-8.837320327758789,1
cross-encoder,-8.834589004516602,1
cross-encoder,-8.834418296813965,1
cross-encoder,-8.831527709960938,1
cross-encoder,-8.83041000366211,1
cross-encoder,-8.830192565917969,1
cross-encoder,-8.827661514282227,1
cross-encoder,-8.826337814331055,1
cross-encoder,-8.82122802734375,1
cross-encoder,-8.818952560424805,1
cross-encoder,-8.813863754272461,1
cross-encoder,-8.8131685256958,1
cross-encoder,-8.81303882598877,1
cross-encoder,-8.810201644897461,1
cross-encoder,-8.80927848815918,1
cross-encoder,-8.808876037597656,1
cross-encoder,-8.808606147766113,1
cross-encoder,-8.804885864257812,1
cross-encoder,-8.801657676696777,1
cross-encoder,-8.795815467834473,1
cross-encoder,-8.79494857788086,1
cross-encoder,-8.791739463806152,1
cross-encoder,-8.783767700195312,2
cross-encoder,-8.779176712036133,1
cross-encoder,-8.778308868408203,1
cross-encoder,-8.770814895629883,1
cross-encoder,-8.766529083251953,1
cross-encoder,-8.76588249206543,1
cross-encoder,-8.765738487243652,1
cross-encoder,-8.759798049926758,1
cross-encoder,-8.75822925567627,1
cross-encoder,-8.75541877746582,1
cross-encoder,-8.75394344329834,1
cross-encoder,-8.753360748291016,1
cross-encoder,-8.75238037109375,1
cross-encoder,-8.751628875732422,1
cross-encoder,-8.750324249267578,1
cross-encoder,-8.748262405395508,1
cross-encoder,-8.74791431427002,1
cross-encoder,-8.743873596191406,1
cross-encoder,-8.742422103881836,1
cross-encoder,-8.740205764770508,1
cross-encoder,-8.738844871520996,1
cross-encoder,-8.738439559936523,1
cross-encoder,-8.733383178710938,1
cross-encoder,-8.731815338134766,1
cross-encoder,-8.730783462524414,1
cross-encoder,-8.729765892028809,1
cross-encoder,-8.728572845458984,1
cross-encoder,-8.724809646606445,1
cross-encoder,-8.722448348999023,1
cross-encoder,-8.722404479980469,1
cross-encoder,-8.717156410217285,1
cross-encoder,-8.715763092041016,1
cross-encoder,-8.714384078979492,1
cross-encoder,-8.713991165161133,1
cross-encoder,-8.71308708190918,1
cross-encoder,-8.710783004760742,1
cross-encoder,-8.708301544189453,1
cross-encoder,-8.707612991333008,1
cross-encoder,-8.706988334655762,1
cross-encoder,-8.705954551696777,1
cross-encoder,-8.704854965209961,1
cross-encoder,-8.702795028686523,1
cross-encoder,-8.70065975189209,1
cross-encoder,-8.700069427490234,1
cross-encoder,-8.699972152709961,1
cross-encoder,-8.697816848754883,1
cross-encoder,-8.695911407470703,1
cross-encoder,-8.695638656616211,1
cross-encoder,-8.6946382522583,1
cross-encoder,-8.693442344665527,1
cross-encoder,-8.693169593811035,1
cross-encoder,-8.692422866821289,1
cross-encoder,-8.689608573913574,1
cross-encoder,-8.686458587646484,1
cross-encoder,-8.68431568145752,1
cross-encoder,-8.682607650756836,1
cross-encoder,-8.681346893310547,1
cross-encoder,-8.678291320800781,1
cross-encoder,-8.67396354675293,1
cross-encoder,-8.670831680297852,1
cross-encoder,-8.670522689819336,1
cross-encoder,-8.662315368652344,1
cross-encoder,-8.66025161743164,1
cross-encoder,-8.656829833984375,1
cross-encoder,-8.65256404876709,1
cross-encoder,-8.651947021484375,1
cross-encoder,-8.64185905456543,1
cross-encoder,-8.638662338256836,1
cross-encoder,-8.63857364654541,1
cross-encoder,-8.63606071472168,1
cross-encoder,-8.631999015808105,1
cross-encoder,-8.626507759094238,1
cross-encoder,-8.624998092651367,1
cross-encoder,-8.623592376708984,1
cross-encoder,-8.622682571411133,1
cross-encoder,-8.621036529541016,1
cross-encoder,-8.619508743286133,1
cross-encoder,-8.6185302734375,1
cross-encoder,-8.61754035949707,1
cross-encoder,-8.61530876159668,1
cross-encoder,-8.613936424255371,1
cross-encoder,-8.613085746765137,1
cross-encoder,-8.6057710647583,1
cross-encoder,-8.605051040649414,1
cross-encoder,-8.60383415222168,1
cross-encoder,-8.59803581237793,1
cross-encoder,-8.597145080566406,1
cross-encoder,-8.59184455871582,1
cross-encoder,-8.589714050292969,1
cross-encoder,-8.588768005371094,1
cross-encoder,-8.586587905883789,1
cross-encoder,-8.585719108581543,1
cross-encoder,-8.58255672454834,1
cross-encoder,-8.579526901245117,1
cross-encoder,-8.577640533447266,1
cross-encoder,-8.577106475830078,1
cross-encoder,-8.573270797729492,1
cross-encoder,-8.572845458984375,1
cross-encoder,-8.571738243103027,1
cross-encoder,-8.570858001708984,1
cross-encoder,-8.56949520111084,1
cross-encoder,-8.565088272094727,1
cross-encoder,-8.564258575439453,1
cross-encoder,-8.563092231750488,1
cross-encoder,-8.562718391418457,1
cross-encoder,-8.561097145080566,1
cross-encoder,-8.559528350830078,1
cross-encoder,-8.552095413208008,1
cross-encoder,-8.549849510192871,1
cross-encoder,-8.54800033569336,1
cross-encoder,-8.54576301574707,1
cross-encoder,-8.545417785644531,1
cross-encoder,-8.542473793029785,1
cross-encoder,-8.541945457458496,1
cross-encoder,-8.539329528808594,1
cross-encoder,-8.534122467041016,1
cross-encoder,-8.533618927001953,1
cross-encoder,-8.532313346862793,1
cross-encoder,-8.53085708618164,1
cross-encoder,-8.528345108032227,1
cross-encoder,-8.527790069580078,1
cross-encoder,-8.526119232177734,1
cross-encoder,-8.523497581481934,1
cross-encoder,-8.521903991699219,1
cross-encoder,-8.519060134887695,1
cross-encoder,-8.517326354980469,1
cross-encoder,-8.513740539550781,1
cross-encoder,-8.513568878173828,1
cross-encoder,-8.513492584228516,2
cross-encoder,-8.512310028076172,1
cross-encoder,-8.512296676635742,1
cross-encoder,-8.512149810791016,1
cross-encoder,-8.511665344238281,1
cross-encoder,-8.507774353027344,1
cross-encoder,-8.507000923156738,1
cross-encoder,-8.504900932312012,1
cross-encoder,-8.50480842590332,1
cross-encoder,-8.500497817993164,1
cross-encoder,-8.499387741088867,1
cross-encoder,-8.496746063232422,1
cross-encoder,-8.494720458984375,1
cross-encoder,-8.494680404663086,1
cross-encoder,-8.494613647460938,1
cross-encoder,-8.493718147277832,1
cross-encoder,-8.492518424987793,1
cross-encoder,-8.491955757141113,1
cross-encoder,-8.4871826171875,1
cross-encoder,-8.482532501220703,1
cross-encoder,-8.482457160949707,1
cross-encoder,-8.481953620910645,1
cross-encoder,-8.48192024230957,1
cross-encoder,-8.478474617004395,1
cross-encoder,-8.477420806884766,1
cross-encoder,-8.472396850585938,1
cross-encoder,-8.471997261047363,1
cross-encoder,-8.471986770629883,1
cross-encoder,-8.470453262329102,1
cross-encoder,-8.464694023132324,1
cross-encoder,-8.464665412902832,1
cross-encoder,-8.46416187286377,1
cross-encoder,-8.462249755859375,1
cross-encoder,-8.461956024169922,1
cross-encoder,-8.460241317749023,1
cross-encoder,-8.45802116394043,1
cross-encoder,-8.457634925842285,1
cross-encoder,-8.45712661743164,1
cross-encoder,-8.45590877532959,1
cross-encoder,-8.454957008361816,1
cross-encoder,-8.45173454284668,1
cross-encoder,-8.450042724609375,1
cross-encoder,-8.450002670288086,1
cross-encoder,-8.437509536743164,1
cross-encoder,-8.431068420410156,1
cross-encoder,-8.43069839477539,1
cross-encoder,-8.427871704101562,1
cross-encoder,-8.424249649047852,1
cross-encoder,-8.424233436584473,1
cross-encoder,-8.421783447265625,1
cross-encoder,-8.419397354125977,1
cross-encoder,-8.415717124938965,1
cross-encoder,-8.415278434753418,1
cross-encoder,-8.410966873168945,1
cross-encoder,-8.41011905670166,1
cross-encoder,-8.408812522888184,1
cross-encoder,-8.407197952270508,1
cross-encoder,-8.403611183166504,1
cross-encoder,-8.398042678833008,1
cross-encoder,-8.397415161132812,1
cross-encoder,-8.391281127929688,1
cross-encoder,-8.390926361083984,1
cross-encoder,-8.390277862548828,1
cross-encoder,-8.388782501220703,1
cross-encoder,-8.387277603149414,1
cross-encoder,-8.385379791259766,2
cross-encoder,-8.384690284729004,1
cross-encoder,-8.383718490600586,1
cross-encoder,-8.383516311645508,1
cross-encoder,-8.379194259643555,1
cross-encoder,-8.37626838684082,1
cross-encoder,-8.37584114074707,1
cross-encoder,-8.374601364135742,1
cross-encoder,-8.373686790466309,1
cross-encoder,-8.3704252243042,1
cross-encoder,-8.369668960571289,1
cross-encoder,-8.368485450744629,1
cross-encoder,-8.365754127502441,1
cross-encoder,-8.365726470947266,1
cross-encoder,-8.365483283996582,1
cross-encoder,-8.363569259643555,1
cross-encoder,-8.35888671875,1
cross-encoder,-8.352862358093262,1
cross-encoder,-8.350930213928223,1
cross-encoder,-8.349802017211914,1
cross-encoder,-8.349678039550781,1
cross-encoder,-8.344704627990723,1
cross-encoder,-8.344315528869629,1
cross-encoder,-8.33832836151123,1
cross-encoder,-8.334177017211914,1
cross-encoder,-8.333756446838379,1
cross-encoder,-8.333015441894531,1
cross-encoder,-8.330799102783203,1
cross-encoder,-8.328922271728516,1
cross-encoder,-8.32681941986084,1
cross-encoder,-8.323894500732422,1
cross-encoder,-8.323036193847656,1
cross-encoder,-8.321455955505371,1
cross-encoder,-8.321249008178711,1
cross-encoder,-8.320802688598633,1
cross-encoder,-8.312280654907227,1
cross-encoder,-8.307596206665039,1
cross-encoder,-8.30526065826416,1
cross-encoder,-8.304052352905273,1
cross-encoder,-8.29940414428711,1
cross-encoder,-8.294941902160645,1
cross-encoder,-8.29466438293457,1
cross-encoder,-8.29458999633789,2
cross-encoder,-8.294458389282227,1
cross-encoder,-8.28822135925293,1
cross-encoder,-8.283893585205078,1
cross-encoder,-8.281326293945312,1
cross-encoder,-8.280012130737305,1
cross-encoder,-8.279766082763672,1
cross-encoder,-8.279386520385742,1
cross-encoder,-8.276206970214844,1
cross-encoder,-8.266678810119629,1
cross-encoder,-8.26412296295166,1
cross-encoder,-8.261737823486328,1
cross-encoder,-8.25948429107666,1
cross-encoder,-8.256027221679688,1
cross-encoder,-8.251667976379395,1
cross-encoder,-8.24484634399414,1
cross-encoder,-8.240410804748535,1
cross-encoder,-8.240007400512695,1
cross-encoder,-8.239425659179688,1
cross-encoder,-8.238801956176758,1
cross-encoder,-8.237409591674805,1
cross-encoder,-8.236804962158203,1
cross-encoder,-8.236104011535645,1
cross-encoder,-8.232759475708008,1
cross-encoder,-8.23039436340332,1
cross-encoder,-8.226153373718262,1
cross-encoder,-8.221633911132812,1
cross-encoder,-8.219486236572266,1
cross-encoder,-8.219182968139648,1
cross-encoder,-8.218132019042969,1
cross-encoder,-8.21572494506836,1
cross-encoder,-8.211238861083984,1
cross-encoder,-8.204251289367676,1
cross-encoder,-8.203873634338379,1
cross-encoder,-8.203851699829102,1
cross-encoder,-8.20269775390625,1
cross-encoder,-8.198123931884766,1
cross-encoder,-8.195338249206543,1
cross-encoder,-8.194648742675781,1
cross-encoder,-8.194372177124023,1
cross-encoder,-8.194168090820312,1
cross-encoder,-8.192238807678223,1
cross-encoder,-8.190736770629883,1
cross-encoder,-8.188852310180664,1
cross-encoder,-8.188594818115234,1
cross-encoder,-8.186548233032227,1
cross-encoder,-8.183570861816406,1
cross-encoder,-8.171207427978516,1
cross-encoder,-8.170716285705566,1
cross-encoder,-8.169939994812012,1
cross-encoder,-8.169357299804688,1
cross-encoder,-8.168787002563477,1
cross-encoder,-8.16450309753418,1
cross-encoder,-8.163127899169922,1
cross-encoder,-8.162862777709961,1
cross-encoder,-8.160848617553711,1
cross-encoder,-8.158512115478516,1
cross-encoder,-8.158475875854492,1
cross-encoder,-8.157434463500977,1
cross-encoder,-8.156936645507812,1
cross-encoder,-8.154947280883789,1
cross-encoder,-8.147850036621094,1
cross-encoder,-8.144943237304688,1
cross-encoder,-8.142509460449219,1
cross-encoder,-8.141990661621094,1
cross-encoder,-8.141561508178711,1
cross-encoder,-8.141532897949219,1
cross-encoder,-8.141439437866211,1
cross-encoder,-8.139938354492188,1
cross-encoder,-8.138998031616211,1
cross-encoder,-8.13510799407959,1
cross-encoder,-8.130349159240723,1
cross-encoder,-8.124637603759766,1
cross-encoder,-8.123403549194336,1
cross-encoder,-8.122361183166504,1
cross-encoder,-8.117352485656738,1
cross-encoder,-8.114572525024414,1
cross-encoder,-8.113678932189941,1
cross-encoder,-8.113258361816406,1
cross-encoder,-8.111886978149414,1
cross-encoder,-8.109251022338867,1
cross-encoder,-8.106094360351562,1
cross-encoder,-8.099172592163086,1
cross-encoder,-8.09573745727539,1
cross-encoder,-8.092546463012695,1
cross-encoder,-8.088945388793945,1
cross-encoder,-8.088479995727539,1
cross-encoder,-8.085715293884277,1
cross-encoder,-8.082630157470703,1
cross-encoder,-8.082275390625,1
cross-encoder,-8.082019805908203,1
cross-encoder,-8.081573486328125,1
cross-encoder,-8.079170227050781,1
cross-encoder,-8.077383041381836,1
cross-encoder,-8.076866149902344,1
cross-encoder,-8.07341480255127,1
cross-encoder,-8.072456359863281,1
cross-encoder,-8.068971633911133,1
cross-encoder,-8.067144393920898,1
cross-encoder,-8.059910774230957,1
cross-encoder,-8.05689811706543,1
cross-encoder,-8.056784629821777,1
cross-encoder,-8.052526473999023,1
cross-encoder,-8.050716400146484,1
cross-encoder,-8.047422409057617,1
cross-encoder,-8.044342041015625,1
cross-encoder,-8.043303489685059,1
cross-encoder,-8.040159225463867,1
cross-encoder,-8.037394523620605,1
cross-encoder,-8.037013053894043,1
cross-encoder,-8.036727905273438,1
cross-encoder,-8.035711288452148,1
cross-encoder,-8.034809112548828,1
cross-encoder,-8.032306671142578,1
cross-encoder,-8.028802871704102,1
cross-encoder,-8.025354385375977,1
cross-encoder,-8.023088455200195,1
cross-encoder,-8.021543502807617,1
cross-encoder,-8.021377563476562,1
cross-encoder,-8.020185470581055,1
cross-encoder,-8.019872665405273,1
cross-encoder,-8.019498825073242,1
cross-encoder,-8.012137413024902,1
cross-encoder,-8.001514434814453,1
cross-encoder,-8.000982284545898,1
cross-encoder,-7.998917102813721,1
cross-encoder,-7.995797157287598,1
cross-encoder,-7.990208148956299,1
cross-encoder,-7.987187385559082,1
cross-encoder,-7.986347198486328,1
cross-encoder,-7.985861778259277,1
cross-encoder,-7.985729217529297,1
cross-encoder,-7.9811601638793945,1
cross-encoder,-7.9785919189453125,1
cross-encoder,-7.977076530456543,1
cross-encoder,-7.976510047912598,1
cross-encoder,-7.9686279296875,1
cross-encoder,-7.967831611633301,1
cross-encoder,-7.963010787963867,1
cross-encoder,-7.96108865737915,1
cross-encoder,-7.956874847412109,1
cross-encoder,-7.947018623352051,1
cross-encoder,-7.946247100830078,1
cross-encoder,-7.943558692932129,1
cross-encoder,-7.9336700439453125,1
cross-encoder,-7.9336652755737305,1
cross-encoder,-7.929971694946289,1
cross-encoder,-7.92982292175293,1
cross-encoder,-7.929155349731445,1
cross-encoder,-7.927556037902832,1
cross-encoder,-7.9249725341796875,1
cross-encoder,-7.9207916259765625,1
cross-encoder,-7.916934013366699,1
cross-encoder,-7.9166579246521,1
cross-encoder,-7.915277481079102,1
cross-encoder,-7.9094719886779785,1
cross-encoder,-7.909251689910889,1
cross-encoder,-7.903356075286865,1
cross-encoder,-7.902870178222656,1
cross-encoder,-7.893230438232422,1
cross-encoder,-7.891409873962402,1
cross-encoder,-7.890556335449219,1
cross-encoder,-7.883224964141846,1
cross-encoder,-7.880823612213135,1
cross-encoder,-7.880490779876709,1
cross-encoder,-7.8796186447143555,1
cross-encoder,-7.87754487991333,1
cross-encoder,-7.876509666442871,1
cross-encoder,-7.876185417175293,1
cross-encoder,-7.87591552734375,1
cross-encoder,-7.870872497558594,1
cross-encoder,-7.867314338684082,1
cross-encoder,-7.865797519683838,1
cross-encoder,-7.865588665008545,1
cross-encoder,-7.862672805786133,1
cross-encoder,-7.858351707458496,1
cross-encoder,-7.85823917388916,1
cross-encoder,-7.85438871383667,1
cross-encoder,-7.852873802185059,1
cross-encoder,-7.845203399658203,1
cross-encoder,-7.844913005828857,1
cross-encoder,-7.843931198120117,1
cross-encoder,-7.843583106994629,1
cross-encoder,-7.840953826904297,1
cross-encoder,-7.837835311889648,1
cross-encoder,-7.832085609436035,1
cross-encoder,-7.829845905303955,1
cross-encoder,-7.829415321350098,1
cross-encoder,-7.828856468200684,1
cross-encoder,-7.820240020751953,1
cross-encoder,-7.817255020141602,1
cross-encoder,-7.813714981079102,1
cross-encoder,-7.810541152954102,1
cross-encoder,-7.809558391571045,1
cross-encoder,-7.796483039855957,1
cross-encoder,-7.793044567108154,1
cross-encoder,-7.792942047119141,1
cross-encoder,-7.792778968811035,1
cross-encoder,-7.79207706451416,1
cross-encoder,-7.792046546936035,1
cross-encoder,-7.790016174316406,1
cross-encoder,-7.789134979248047,1
cross-encoder,-7.787022590637207,1
cross-encoder,-7.785125255584717,1
cross-encoder,-7.782219886779785,1
cross-encoder,-7.781699180603027,1
cross-encoder,-7.780365943908691,1
cross-encoder,-7.7776031494140625,1
cross-encoder,-7.774487018585205,1
cross-encoder,-7.771780967712402,1
cross-encoder,-7.76996374130249,1
cross-encoder,-7.7696757316589355,1
cross-encoder,-7.768885612487793,1
cross-encoder,-7.765047073364258,1
cross-encoder,-7.761958122253418,1
cross-encoder,-7.760543346405029,1
cross-encoder,-7.753307819366455,1
cross-encoder,-7.751561641693115,1
cross-encoder,-7.751344680786133,1
cross-encoder,-7.749431610107422,1
cross-encoder,-7.7457075119018555,1
cross-encoder,-7.74500846862793,1
cross-encoder,-7.743259906768799,1
cross-encoder,-7.731639862060547,1
cross-encoder,-7.729729652404785,1
cross-encoder,-7.728739261627197,1
cross-encoder,-7.726589679718018,1
cross-encoder,-7.723309516906738,1
cross-encoder,-7.720729351043701,1
cross-encoder,-7.719480514526367,1
cross-encoder,-7.71861457824707,1
cross-encoder,-7.717311382293701,1
cross-encoder,-7.712740898132324,1
cross-encoder,-7.711268424987793,1
cross-encoder,-7.706649303436279,1
cross-encoder,-7.706161975860596,1
cross-encoder,-7.695838928222656,1
cross-encoder,-7.694389343261719,1
cross-encoder,-7.694140911102295,1
cross-encoder,-7.691286087036133,1
cross-encoder,-7.6911091804504395,1
cross-encoder,-7.689962387084961,1
cross-encoder,-7.688185691833496,1
cross-encoder,-7.687983512878418,1
cross-encoder,-7.687116622924805,2
cross-encoder,-7.6861371994018555,1
cross-encoder,-7.6841325759887695,1
cross-encoder,-7.682746887207031,1
cross-encoder,-7.682302951812744,1
cross-encoder,-7.675514221191406,1
cross-encoder,-7.67486047744751,2
cross-encoder,-7.668400764465332,1
cross-encoder,-7.666362762451172,1
cross-encoder,-7.665750503540039,1
cross-encoder,-7.664492130279541,1
cross-encoder,-7.662368297576904,1
cross-encoder,-7.66104793548584,1
cross-encoder,-7.660684585571289,1
cross-encoder,-7.65749979019165,1
cross-encoder,-7.654294967651367,1
cross-encoder,-7.652425289154053,1
cross-encoder,-7.652226448059082,1
cross-encoder,-7.6440558433532715,1
cross-encoder,-7.642731666564941,1
cross-encoder,-7.642070293426514,1
cross-encoder,-7.640298366546631,1
cross-encoder,-7.639175891876221,1
cross-encoder,-7.629511833190918,1
cross-encoder,-7.629134178161621,1
cross-encoder,-7.627871513366699,1
cross-encoder,-7.621776580810547,1
cross-encoder,-7.619650840759277,1
cross-encoder,-7.616689205169678,1
cross-encoder,-7.613430023193359,1
cross-encoder,-7.6125617027282715,1
cross-encoder,-7.6061811447143555,1
cross-encoder,-7.60331392288208,1
cross-encoder,-7.601593971252441,1
cross-encoder,-7.597781181335449,1
cross-encoder,-7.590027332305908,1
cross-encoder,-7.58858585357666,1
cross-encoder,-7.587254524230957,1
cross-encoder,-7.585362434387207,1
cross-encoder,-7.583282470703125,1
cross-encoder,-7.5826568603515625,1
cross-encoder,-7.581701278686523,1
cross-encoder,-7.580698013305664,1
cross-encoder,-7.5805487632751465,1
cross-encoder,-7.57642126083374,1
cross-encoder,-7.574535369873047,1
cross-encoder,-7.570051670074463,1
cross-encoder,-7.569423675537109,1
cross-encoder,-7.569267272949219,1
cross-encoder,-7.564754486083984,1
cross-encoder,-7.562977313995361,1
cross-encoder,-7.5616912841796875,1
cross-encoder,-7.559325218200684,1
cross-encoder,-7.5570783615112305,1
cross-encoder,-7.556512832641602,1
cross-encoder,-7.553582668304443,1
cross-encoder,-7.552852153778076,1
cross-encoder,-7.543457508087158,1
cross-encoder,-7.54244327545166,1
cross-encoder,-7.539276123046875,1
cross-encoder,-7.538492679595947,1
cross-encoder,-7.53468132019043,1
cross-encoder,-7.531927108764648,1
cross-encoder,-7.526310920715332,1
cross-encoder,-7.523623466491699,1
cross-encoder,-7.52230167388916,1
cross-encoder,-7.516337871551514,1
cross-encoder,-7.514653205871582,1
cross-encoder,-7.51381254196167,1
cross-encoder,-7.509678363800049,1
cross-encoder,-7.5093302726745605,1
cross-encoder,-7.508489608764648,1
cross-encoder,-7.506688117980957,1
cross-encoder,-7.5057783126831055,1
cross-encoder,-7.505175590515137,1
cross-encoder,-7.503605365753174,1
cross-encoder,-7.502483367919922,1
cross-encoder,-7.5018768310546875,1
cross-encoder,-7.501616954803467,1
cross-encoder,-7.498287200927734,1
cross-encoder,-7.493753433227539,1
cross-encoder,-7.492314338684082,1
cross-encoder,-7.490353107452393,1
cross-encoder,-7.485398292541504,1
cross-encoder,-7.484692573547363,1
cross-encoder,-7.484489440917969,1
cross-encoder,-7.483068466186523,1
cross-encoder,-7.480940818786621,1
cross-encoder,-7.476629257202148,1
cross-encoder,-7.47501277923584,1
cross-encoder,-7.466617584228516,1
cross-encoder,-7.464048385620117,1
cross-encoder,-7.4586334228515625,1
cross-encoder,-7.454352378845215,1
cross-encoder,-7.452690124511719,1
cross-encoder,-7.448052406311035,1
cross-encoder,-7.446761608123779,1
cross-encoder,-7.438205718994141,1
cross-encoder,-7.437958240509033,1
cross-encoder,-7.437609672546387,1
cross-encoder,-7.436656951904297,1
cross-encoder,-7.435403347015381,1
cross-encoder,-7.428720474243164,1
cross-encoder,-7.42592716217041,1
cross-encoder,-7.421992778778076,1
cross-encoder,-7.420510292053223,1
cross-encoder,-7.419931888580322,1
cross-encoder,-7.417336940765381,1
cross-encoder,-7.409280776977539,1
cross-encoder,-7.408603191375732,1
cross-encoder,-7.403088569641113,1
cross-encoder,-7.399839878082275,1
cross-encoder,-7.391077995300293,1
cross-encoder,-7.3907365798950195,1
cross-encoder,-7.3896589279174805,1
cross-encoder,-7.389235496520996,1
cross-encoder,-7.385224342346191,1
cross-encoder,-7.381417274475098,1
cross-encoder,-7.3794474601745605,1
cross-encoder,-7.377751350402832,2
cross-encoder,-7.375389099121094,1
cross-encoder,-7.375133991241455,1
cross-encoder,-7.373715400695801,1
cross-encoder,-7.373231887817383,1
cross-encoder,-7.373199462890625,1
cross-encoder,-7.372565269470215,1
cross-encoder,-7.372071743011475,1
cross-encoder,-7.371217727661133,1
cross-encoder,-7.367771148681641,1
cross-encoder,-7.364079475402832,1
cross-encoder,-7.363561630249023,1
cross-encoder,-7.363528251647949,1
cross-encoder,-7.362636566162109,1
cross-encoder,-7.360361576080322,1
cross-encoder,-7.360151290893555,1
cross-encoder,-7.355035305023193,1
cross-encoder,-7.354509353637695,1
cross-encoder,-7.347375869750977,1
cross-encoder,-7.345902442932129,1
cross-encoder,-7.3424224853515625,1
cross-encoder,-7.341770172119141,1
cross-encoder,-7.338982582092285,1
cross-encoder,-7.337058067321777,1
cross-encoder,-7.336750030517578,1
cross-encoder,-7.3346710205078125,1
cross-encoder,-7.33096981048584,1
cross-encoder,-7.319178104400635,1
cross-encoder,-7.318431854248047,1
cross-encoder,-7.317038536071777,1
cross-encoder,-7.316615104675293,1
cross-encoder,-7.309871673583984,1
cross-encoder,-7.304101467132568,1
cross-encoder,-7.301224708557129,1
cross-encoder,-7.301120281219482,1
cross-encoder,-7.298364639282227,1
cross-encoder,-7.29179573059082,1
cross-encoder,-7.290885925292969,1
cross-encoder,-7.285130977630615,1
cross-encoder,-7.284722328186035,1
cross-encoder,-7.2801032066345215,1
cross-encoder,-7.27559232711792,1
cross-encoder,-7.273585319519043,1
cross-encoder,-7.270872592926025,1
cross-encoder,-7.26801872253418,1
cross-encoder,-7.264786243438721,1
cross-encoder,-7.264706611633301,1
cross-encoder,-7.263940811157227,1
cross-encoder,-7.260076999664307,1
cross-encoder,-7.258270263671875,1
cross-encoder,-7.255764484405518,2
cross-encoder,-7.251949787139893,1
cross-encoder,-7.249869346618652,1
cross-encoder,-7.247889518737793,1
cross-encoder,-7.247130870819092,1
cross-encoder,-7.244811058044434,1
cross-encoder,-7.243903636932373,1
cross-encoder,-7.242867469787598,1
cross-encoder,-7.241279602050781,1
cross-encoder,-7.232799530029297,1
cross-encoder,-7.232752799987793,2
cross-encoder,-7.228679656982422,1
cross-encoder,-7.222951889038086,1
cross-encoder,-7.2223405838012695,1
cross-encoder,-7.2201385498046875,1
cross-encoder,-7.21328067779541,1
cross-encoder,-7.202240943908691,1
cross-encoder,-7.195862770080566,1
cross-encoder,-7.193574905395508,1
cross-encoder,-7.181601524353027,1
cross-encoder,-7.181443214416504,1
cross-encoder,-7.175118446350098,1
cross-encoder,-7.174922466278076,1
cross-encoder,-7.173574447631836,1
cross-encoder,-7.16986608505249,1
cross-encoder,-7.165154933929443,1
cross-encoder,-7.153572082519531,1
cross-encoder,-7.148008346557617,1
cross-encoder,-7.143102645874023,2
cross-encoder,-7.141758918762207,1
cross-encoder,-7.134794235229492,1
cross-encoder,-7.134576797485352,1
cross-encoder,-7.120044708251953,1
cross-encoder,-7.117376327514648,1
cross-encoder,-7.11485481262207,1
cross-encoder,-7.114826679229736,1
cross-encoder,-7.113101005554199,1
cross-encoder,-7.111271858215332,1
cross-encoder,-7.108930587768555,1
cross-encoder,-7.106083869934082,1
cross-encoder,-7.105781078338623,1
cross-encoder,-7.101383209228516,1
cross-encoder,-7.100041389465332,1
cross-encoder,-7.097806930541992,1
cross-encoder,-7.093317031860352,1
cross-encoder,-7.0920209884643555,1
cross-encoder,-7.0887956619262695,1
cross-encoder,-7.077511787414551,1
cross-encoder,-7.075719833374023,2
cross-encoder,-7.074607849121094,1
cross-encoder,-7.0737175941467285,1
cross-encoder,-7.073683738708496,1
cross-encoder,-7.0729169845581055,1
cross-encoder,-7.071651458740234,1
cross-encoder,-7.070444107055664,1
cross-encoder,-7.0689496994018555,1
cross-encoder,-7.062194347381592,1
cross-encoder,-7.058693885803223,1
cross-encoder,-7.053876876831055,1
cross-encoder,-7.053058624267578,1
cross-encoder,-7.052535533905029,1
cross-encoder,-7.050408363342285,1
cross-encoder,-7.049067974090576,1
cross-encoder,-7.048289775848389,1
cross-encoder,-7.039434432983398,1
cross-encoder,-7.035881042480469,1
cross-encoder,-7.034229755401611,1
cross-encoder,-7.033716201782227,1
cross-encoder,-7.03352165222168,1
cross-encoder,-7.02976655960083,1
cross-encoder,-7.0267534255981445,1
cross-encoder,-7.02646541595459,1
cross-encoder,-7.021103858947754,1
cross-encoder,-7.0172858238220215,1
cross-encoder,-7.002198219299316,1
cross-encoder,-7.001119613647461,1
cross-encoder,-6.995067119598389,1
cross-encoder,-6.993495464324951,1
cross-encoder,-6.993383884429932,1
cross-encoder,-6.991683006286621,1
cross-encoder,-6.988530158996582,1
cross-encoder,-6.988138198852539,1
cross-encoder,-6.986553192138672,1
cross-encoder,-6.9816060066223145,1
cross-encoder,-6.981452465057373,2
cross-encoder,-6.981156349182129,1
cross-encoder,-6.968152046203613,1
cross-encoder,-6.966405868530273,1
cross-encoder,-6.959349632263184,1
cross-encoder,-6.958309173583984,1
cross-encoder,-6.955222129821777,1
cross-encoder,-6.955109596252441,1
cross-encoder,-6.952278137207031,1
cross-encoder,-6.9514007568359375,1
cross-encoder,-6.950032711029053,1
cross-encoder,-6.949618339538574,1
cross-encoder,-6.9474382400512695,1
cross-encoder,-6.943352699279785,1
cross-encoder,-6.942595958709717,1
cross-encoder,-6.941625595092773,1
cross-encoder,-6.939465522766113,1
cross-encoder,-6.937631607055664,1
cross-encoder,-6.9338202476501465,1
cross-encoder,-6.933359146118164,1
cross-encoder,-6.927302360534668,1
cross-encoder,-6.923818111419678,1
cross-encoder,-6.923638343811035,1
cross-encoder,-6.9236040115356445,1
cross-encoder,-6.922425270080566,1
cross-encoder,-6.919519901275635,1
cross-encoder,-6.917238712310791,1
cross-encoder,-6.91572904586792,1
cross-encoder,-6.914869785308838,1
cross-encoder,-6.91254997253418,1
cross-encoder,-6.912034511566162,1
cross-encoder,-6.906275749206543,1
cross-encoder,-6.905293941497803,1
cross-encoder,-6.901022911071777,1
cross-encoder,-6.896909713745117,1
cross-encoder,-6.893489837646484,1
cross-encoder,-6.893375396728516,1
cross-encoder,-6.893230438232422,1
cross-encoder,-6.890700340270996,1
cross-encoder,-6.89058780670166,1
cross-encoder,-6.889709949493408,1
cross-encoder,-6.887907981872559,1
cross-encoder,-6.8857316970825195,1
cross-encoder,-6.882495403289795,1
cross-encoder,-6.880720138549805,1
cross-encoder,-6.8780198097229,1
cross-encoder,-6.874957084655762,1
cross-encoder,-6.872517108917236,1
cross-encoder,-6.870523452758789,1
cross-encoder,-6.864304065704346,1
cross-encoder,-6.858864784240723,1
cross-encoder,-6.856059551239014,1
cross-encoder,-6.854292392730713,1
cross-encoder,-6.85198450088501,1
cross-encoder,-6.850211143493652,1
cross-encoder,-6.845147132873535,1
cross-encoder,-6.8445725440979,1
cross-encoder,-6.837845802307129,1
cross-encoder,-6.836484909057617,1
cross-encoder,-6.83243465423584,1
cross-encoder,-6.82895040512085,1
cross-encoder,-6.828697681427002,1
cross-encoder,-6.82542610168457,1
cross-encoder,-6.81495475769043,1
cross-encoder,-6.810550212860107,1
cross-encoder,-6.809901237487793,1
cross-encoder,-6.8083271980285645,1
cross-encoder,-6.800309181213379,1
cross-encoder,-6.798130512237549,1
cross-encoder,-6.797959327697754,1
cross-encoder,-6.788397789001465,1
cross-encoder,-6.781895637512207,1
cross-encoder,-6.781139373779297,1
cross-encoder,-6.780525207519531,1
cross-encoder,-6.780362129211426,1
cross-encoder,-6.7802581787109375,1
cross-encoder,-6.779403209686279,1
cross-encoder,-6.776176452636719,1
cross-encoder,-6.775277614593506,1
cross-encoder,-6.773571014404297,1
cross-encoder,-6.772562503814697,1
cross-encoder,-6.767003059387207,1
cross-encoder,-6.761943340301514,1
cross-encoder,-6.75533390045166,1
cross-encoder,-6.754464626312256,1
cross-encoder,-6.752937316894531,1
cross-encoder,-6.748201370239258,1
cross-encoder,-6.746914863586426,1
cross-encoder,-6.746419906616211,1
cross-encoder,-6.745735168457031,1
cross-encoder,-6.744660377502441,1
cross-encoder,-6.7408342361450195,1
cross-encoder,-6.7381391525268555,1
cross-encoder,-6.732353687286377,1
cross-encoder,-6.7317399978637695,1
cross-encoder,-6.726871490478516,1
cross-encoder,-6.7251667976379395,1
cross-encoder,-6.724259376525879,1
cross-encoder,-6.724175453186035,1
cross-encoder,-6.721606254577637,1
cross-encoder,-6.720606803894043,1
cross-encoder,-6.715328216552734,1
cross-encoder,-6.711296081542969,1
cross-encoder,-6.710272789001465,1
cross-encoder,-6.707604885101318,1
cross-encoder,-6.705769062042236,2
cross-encoder,-6.704795837402344,1
cross-encoder,-6.701486587524414,1
cross-encoder,-6.6948347091674805,1
cross-encoder,-6.694768905639648,1
cross-encoder,-6.693741321563721,1
cross-encoder,-6.693717002868652,1
cross-encoder,-6.6933274269104,1
cross-encoder,-6.6879472732543945,1
cross-encoder,-6.675971984863281,1
cross-encoder,-6.672247886657715,1
cross-encoder,-6.668525695800781,1
cross-encoder,-6.667113304138184,1
cross-encoder,-6.654937744140625,1
cross-encoder,-6.643801689147949,1
cross-encoder,-6.640634536743164,1
cross-encoder,-6.639952659606934,1
cross-encoder,-6.638419151306152,1
cross-encoder,-6.636701583862305,1
cross-encoder,-6.6354875564575195,1
cross-encoder,-6.6273932456970215,1
cross-encoder,-6.625082969665527,1
cross-encoder,-6.616275787353516,1
cross-encoder,-6.616013526916504,1
cross-encoder,-6.6121745109558105,1
cross-encoder,-6.610090732574463,1
cross-encoder,-6.607209205627441,1
cross-encoder,-6.604753494262695,1
cross-encoder,-6.602204322814941,1
cross-encoder,-6.600909233093262,1
cross-encoder,-6.593608856201172,2
cross-encoder,-6.592167377471924,1
cross-encoder,-6.591802597045898,1
cross-encoder,-6.590668201446533,1
cross-encoder,-6.589725971221924,1
cross-encoder,-6.588935852050781,1
cross-encoder,-6.586104393005371,1
cross-encoder,-6.5724639892578125,1
cross-encoder,-6.571420192718506,1
cross-encoder,-6.567888259887695,1
cross-encoder,-6.564155101776123,1
cross-encoder,-6.561330795288086,1
cross-encoder,-6.558465003967285,1
cross-encoder,-6.556675434112549,1
cross-encoder,-6.555396556854248,1
cross-encoder,-6.554636001586914,1
cross-encoder,-6.553021430969238,1
cross-encoder,-6.552976608276367,1
cross-encoder,-6.549761772155762,1
cross-encoder,-6.542932987213135,1
cross-encoder,-6.539310455322266,1
cross-encoder,-6.532979488372803,1
cross-encoder,-6.528753280639648,1
cross-encoder,-6.527374744415283,1
cross-encoder,-6.526310920715332,1
cross-encoder,-6.519259452819824,1
cross-encoder,-6.51757287979126,1
cross-encoder,-6.515580177307129,1
cross-encoder,-6.515495777130127,1
cross-encoder,-6.513939380645752,1
cross-encoder,-6.512658596038818,1
cross-encoder,-6.511715888977051,1
cross-encoder,-6.504201889038086,1
cross-encoder,-6.502522945404053,1
cross-encoder,-6.493310451507568,1
cross-encoder,-6.4923601150512695,1
cross-encoder,-6.49196720123291,1
cross-encoder,-6.491278648376465,1
cross-encoder,-6.489824295043945,1
cross-encoder,-6.489748477935791,1
cross-encoder,-6.487125396728516,1
cross-encoder,-6.486411094665527,1
cross-encoder,-6.485840797424316,1
cross-encoder,-6.48253059387207,1
cross-encoder,-6.471034049987793,1
cross-encoder,-6.46878719329834,1
cross-encoder,-6.468771934509277,1
cross-encoder,-6.462652683258057,1
cross-encoder,-6.455293655395508,1
cross-encoder,-6.454831123352051,1
cross-encoder,-6.454463005065918,1
cross-encoder,-6.451629638671875,1
cross-encoder,-6.449924468994141,1
cross-encoder,-6.4418768882751465,1
cross-encoder,-6.438379287719727,1
cross-encoder,-6.438242435455322,1
cross-encoder,-6.4377899169921875,1
cross-encoder,-6.432467460632324,1
cross-encoder,-6.4314446449279785,1
cross-encoder,-6.4309844970703125,1
cross-encoder,-6.430911064147949,1
cross-encoder,-6.428414344787598,1
cross-encoder,-6.421719551086426,1
cross-encoder,-6.416507720947266,1
cross-encoder,-6.414963722229004,1
cross-encoder,-6.414659023284912,1
cross-encoder,-6.414179801940918,1
cross-encoder,-6.408677101135254,1
cross-encoder,-6.406566143035889,2
cross-encoder,-6.400030612945557,1
cross-encoder,-6.399224281311035,1
cross-encoder,-6.3955535888671875,1
cross-encoder,-6.394861698150635,1
cross-encoder,-6.394261360168457,1
cross-encoder,-6.390631198883057,1
cross-encoder,-6.387224197387695,1
cross-encoder,-6.381531715393066,1
cross-encoder,-6.3808441162109375,1
cross-encoder,-6.378791809082031,1
cross-encoder,-6.375410556793213,1
cross-encoder,-6.375369071960449,1
cross-encoder,-6.371729850769043,1
cross-encoder,-6.361795425415039,1
cross-encoder,-6.359625816345215,1
cross-encoder,-6.355668067932129,1
cross-encoder,-6.353619575500488,1
cross-encoder,-6.347318649291992,1
cross-encoder,-6.342222213745117,1
cross-encoder,-6.339386940002441,1
cross-encoder,-6.337621688842773,1
cross-encoder,-6.326094627380371,1
cross-encoder,-6.323346138000488,1
cross-encoder,-6.316106796264648,1
cross-encoder,-6.315454483032227,1
cross-encoder,-6.313255310058594,1
cross-encoder,-6.312499523162842,1
cross-encoder,-6.310431480407715,1
cross-encoder,-6.306095123291016,1
cross-encoder,-6.299938201904297,1
cross-encoder,-6.297895431518555,1
cross-encoder,-6.296326160430908,1
cross-encoder,-6.294613361358643,1
cross-encoder,-6.292998790740967,1
cross-encoder,-6.289899826049805,1
cross-encoder,-6.286568641662598,1
cross-encoder,-6.285318374633789,1
cross-encoder,-6.283750057220459,1
cross-encoder,-6.282219886779785,1
cross-encoder,-6.281138896942139,1
cross-encoder,-6.2790398597717285,1
cross-encoder,-6.277767181396484,1
cross-encoder,-6.276777267456055,1
cross-encoder,-6.275679588317871,1
cross-encoder,-6.274128437042236,1
cross-encoder,-6.2699127197265625,1
cross-encoder,-6.265072822570801,1
cross-encoder,-6.260584354400635,1
cross-encoder,-6.257565975189209,1
cross-encoder,-6.25432014465332,1
cross-encoder,-6.2523698806762695,1
cross-encoder,-6.251490592956543,1
cross-encoder,-6.246926307678223,1
cross-encoder,-6.2418084144592285,1
cross-encoder,-6.237908363342285,1
cross-encoder,-6.234415054321289,1
cross-encoder,-6.23349666595459,1
cross-encoder,-6.232945919036865,1
cross-encoder,-6.230529308319092,1
cross-encoder,-6.230356216430664,1
cross-encoder,-6.225212097167969,1
cross-encoder,-6.22285270690918,1
cross-encoder,-6.222179412841797,1
cross-encoder,-6.218745231628418,1
cross-encoder,-6.2176008224487305,1
cross-encoder,-6.216275215148926,1
cross-encoder,-6.214745044708252,1
cross-encoder,-6.2119035720825195,1
cross-encoder,-6.207693099975586,1
cross-encoder,-6.199624061584473,1
cross-encoder,-6.197599411010742,2
cross-encoder,-6.189352989196777,1
cross-encoder,-6.186757564544678,1
cross-encoder,-6.186655521392822,1
cross-encoder,-6.186452865600586,1
cross-encoder,-6.184715270996094,1
cross-encoder,-6.1759185791015625,1
cross-encoder,-6.167502403259277,1
cross-encoder,-6.166886806488037,1
cross-encoder,-6.164360523223877,1
cross-encoder,-6.163581848144531,1
cross-encoder,-6.161539077758789,1
cross-encoder,-6.1612749099731445,1
cross-encoder,-6.159461975097656,1
cross-encoder,-6.156405448913574,1
cross-encoder,-6.1551513671875,1
cross-encoder,-6.151010513305664,1
cross-encoder,-6.147665977478027,1
cross-encoder,-6.145049095153809,1
cross-encoder,-6.138537406921387,1
cross-encoder,-6.135245323181152,1
cross-encoder,-6.119257926940918,1
cross-encoder,-6.118882656097412,1
cross-encoder,-6.108659744262695,1
cross-encoder,-6.105413913726807,1
cross-encoder,-6.1050214767456055,1
cross-encoder,-6.104716777801514,1
cross-encoder,-6.100806713104248,1
cross-encoder,-6.1001434326171875,1
cross-encoder,-6.093843460083008,1
cross-encoder,-6.092335224151611,1
cross-encoder,-6.092179298400879,1
cross-encoder,-6.081939697265625,1
cross-encoder,-6.07693338394165,1
cross-encoder,-6.071592330932617,1
cross-encoder,-6.071127891540527,1
cross-encoder,-6.0711212158203125,1
cross-encoder,-6.064866065979004,1
cross-encoder,-6.058796405792236,1
cross-encoder,-6.058540344238281,1
cross-encoder,-6.055726528167725,1
cross-encoder,-6.049806118011475,1
cross-encoder,-6.048354625701904,1
cross-encoder,-6.0475754737854,1
cross-encoder,-6.046000003814697,1
cross-encoder,-6.0420942306518555,1
cross-encoder,-6.040473461151123,1
cross-encoder,-6.038681983947754,1
cross-encoder,-6.038661479949951,1
cross-encoder,-6.038318634033203,1
cross-encoder,-6.037173271179199,1
cross-encoder,-6.031623840332031,1
cross-encoder,-6.029847145080566,1
cross-encoder,-6.028376579284668,1
cross-encoder,-6.021491050720215,1
cross-encoder,-6.021456718444824,1
cross-encoder,-6.02056360244751,1
cross-encoder,-6.015584945678711,1
cross-encoder,-6.008543968200684,1
cross-encoder,-6.005450248718262,1
cross-encoder,-5.9972734451293945,1
cross-encoder,-5.9940643310546875,1
cross-encoder,-5.993053913116455,1
cross-encoder,-5.98424768447876,1
cross-encoder,-5.978817939758301,1
cross-encoder,-5.977119445800781,1
cross-encoder,-5.976674556732178,1
cross-encoder,-5.976639747619629,1
cross-encoder,-5.9730329513549805,1
cross-encoder,-5.967791557312012,1
cross-encoder,-5.957747459411621,1
cross-encoder,-5.951777935028076,1
cross-encoder,-5.949979305267334,1
cross-encoder,-5.945711135864258,1
cross-encoder,-5.9417901039123535,1
cross-encoder,-5.941147804260254,1
cross-encoder,-5.935336112976074,1
cross-encoder,-5.932798862457275,1
cross-encoder,-5.931503772735596,1
cross-encoder,-5.924598693847656,1
cross-encoder,-5.92389440536499,1
cross-encoder,-5.912977695465088,1
cross-encoder,-5.912038326263428,1
cross-encoder,-5.908419132232666,1
cross-encoder,-5.904613494873047,1
cross-encoder,-5.902366638183594,1
cross-encoder,-5.893909454345703,1
cross-encoder,-5.889521598815918,1
cross-encoder,-5.88720703125,1
cross-encoder,-5.88670539855957,1
cross-encoder,-5.879602432250977,1
cross-encoder,-5.876580715179443,1
cross-encoder,-5.8700175285339355,1
cross-encoder,-5.862204551696777,1
cross-encoder,-5.855304718017578,1
cross-encoder,-5.854531764984131,1
cross-encoder,-5.8510661125183105,1
cross-encoder,-5.846049785614014,1
cross-encoder,-5.841732025146484,1
cross-encoder,-5.841348648071289,2
cross-encoder,-5.841020584106445,1
cross-encoder,-5.839252948760986,1
cross-encoder,-5.836820602416992,1
cross-encoder,-5.834506988525391,1
cross-encoder,-5.83363676071167,1
cross-encoder,-5.833061218261719,1
cross-encoder,-5.828568458557129,1
cross-encoder,-5.817635536193848,1
cross-encoder,-5.813547134399414,1
cross-encoder,-5.808061122894287,1
cross-encoder,-5.8036041259765625,2
cross-encoder,-5.801156520843506,1
cross-encoder,-5.7969818115234375,1
cross-encoder,-5.796219825744629,1
cross-encoder,-5.7942657470703125,1
cross-encoder,-5.792605400085449,1
cross-encoder,-5.7924652099609375,1
cross-encoder,-5.792201042175293,1
cross-encoder,-5.790974140167236,1
cross-encoder,-5.786540985107422,1
cross-encoder,-5.785737991333008,1
cross-encoder,-5.784651756286621,1
cross-encoder,-5.776910305023193,1
cross-encoder,-5.7627058029174805,1
cross-encoder,-5.759706974029541,1
cross-encoder,-5.759023189544678,1
cross-encoder,-5.757734298706055,1
cross-encoder,-5.752233505249023,1
cross-encoder,-5.751984596252441,1
cross-encoder,-5.7517313957214355,1
cross-encoder,-5.726722717285156,1
cross-encoder,-5.717367172241211,1
cross-encoder,-5.712916374206543,1
cross-encoder,-5.711117744445801,1
cross-encoder,-5.709001064300537,1
cross-encoder,-5.707868576049805,1
cross-encoder,-5.703890800476074,1
cross-encoder,-5.703603744506836,1
cross-encoder,-5.701970100402832,1
cross-encoder,-5.6986470222473145,1
cross-encoder,-5.694527626037598,1
cross-encoder,-5.6923441886901855,1
cross-encoder,-5.689836502075195,1
cross-encoder,-5.680044174194336,1
cross-encoder,-5.677664756774902,1
cross-encoder,-5.677389621734619,1
cross-encoder,-5.670323371887207,1
cross-encoder,-5.668586730957031,1
cross-encoder,-5.655086517333984,1
cross-encoder,-5.6512250900268555,1
cross-encoder,-5.650435924530029,1
cross-encoder,-5.650400161743164,1
cross-encoder,-5.648286819458008,1
cross-encoder,-5.64768123626709,1
cross-encoder,-5.647494316101074,1
cross-encoder,-5.646232604980469,1
cross-encoder,-5.643177032470703,1
cross-encoder,-5.642195701599121,1
cross-encoder,-5.642187595367432,1
cross-encoder,-5.632877826690674,1
cross-encoder,-5.625016212463379,1
cross-encoder,-5.621097564697266,1
cross-encoder,-5.617175579071045,1
cross-encoder,-5.598743438720703,1
cross-encoder,-5.598102569580078,1
cross-encoder,-5.595574378967285,1
cross-encoder,-5.590290546417236,1
cross-encoder,-5.585302829742432,1
cross-encoder,-5.583493232727051,1
cross-encoder,-5.582949638366699,1
cross-encoder,-5.582729339599609,1
cross-encoder,-5.582340240478516,1
cross-encoder,-5.581705093383789,1
cross-encoder,-5.579675674438477,1
cross-encoder,-5.565991401672363,1
cross-encoder,-5.563875675201416,1
cross-encoder,-5.562155723571777,1
cross-encoder,-5.559167861938477,1
cross-encoder,-5.55112361907959,1
cross-encoder,-5.549147129058838,1
cross-encoder,-5.545961380004883,1
cross-encoder,-5.535100936889648,1
cross-encoder,-5.534491539001465,1
cross-encoder,-5.5275678634643555,1
cross-encoder,-5.5263237953186035,1
cross-encoder,-5.524274826049805,1
cross-encoder,-5.522504806518555,1
cross-encoder,-5.510946273803711,1
cross-encoder,-5.510540962219238,1
cross-encoder,-5.507713794708252,1
cross-encoder,-5.503450393676758,1
cross-encoder,-5.500308036804199,1
cross-encoder,-5.498958587646484,1
cross-encoder,-5.49407958984375,1
cross-encoder,-5.491204261779785,1
cross-encoder,-5.491003036499023,1
cross-encoder,-5.4897661209106445,1
cross-encoder,-5.488173961639404,1
cross-encoder,-5.487630844116211,1
cross-encoder,-5.483181476593018,1
cross-encoder,-5.4803290367126465,1
cross-encoder,-5.4728546142578125,1
cross-encoder,-5.4717912673950195,1
cross-encoder,-5.466274261474609,1
cross-encoder,-5.46517276763916,1
cross-encoder,-5.463061809539795,1
cross-encoder,-5.457098960876465,1
cross-encoder,-5.45654821395874,1
cross-encoder,-5.448174476623535,2
cross-encoder,-5.446398735046387,1
cross-encoder,-5.444327354431152,2
cross-encoder,-5.443114280700684,1
cross-encoder,-5.436972618103027,1
cross-encoder,-5.4368486404418945,1
cross-encoder,-5.436814785003662,1
cross-encoder,-5.4341278076171875,1
cross-encoder,-5.432590961456299,1
cross-encoder,-5.42933464050293,1
cross-encoder,-5.412616729736328,1
cross-encoder,-5.410286903381348,1
cross-encoder,-5.409847259521484,1
cross-encoder,-5.403785228729248,1
cross-encoder,-5.4015092849731445,1
cross-encoder,-5.4001007080078125,1
cross-encoder,-5.3834428787231445,1
cross-encoder,-5.3788042068481445,1
cross-encoder,-5.374115467071533,1
cross-encoder,-5.37406587600708,1
cross-encoder,-5.373843193054199,1
cross-encoder,-5.362712860107422,1
cross-encoder,-5.362687110900879,1
cross-encoder,-5.362560749053955,1
cross-encoder,-5.360472679138184,1
cross-encoder,-5.356110095977783,1
cross-encoder,-5.354280948638916,1
cross-encoder,-5.353838920593262,1
cross-encoder,-5.353324890136719,1
cross-encoder,-5.348618030548096,1
cross-encoder,-5.3392486572265625,1
cross-encoder,-5.33784294128418,1
cross-encoder,-5.3336992263793945,1
cross-encoder,-5.332584381103516,1
cross-encoder,-5.329671859741211,1
cross-encoder,-5.329331398010254,1
cross-encoder,-5.322381019592285,1
cross-encoder,-5.321063995361328,1
cross-encoder,-5.31700325012207,1
cross-encoder,-5.309077262878418,1
cross-encoder,-5.307826519012451,1
cross-encoder,-5.307453155517578,1
cross-encoder,-5.305528163909912,1
cross-encoder,-5.304715633392334,1
cross-encoder,-5.303418159484863,1
cross-encoder,-5.301323890686035,1
cross-encoder,-5.299880027770996,1
cross-encoder,-5.299139976501465,1
cross-encoder,-5.295930862426758,1
cross-encoder,-5.2949371337890625,1
cross-encoder,-5.293346405029297,1
cross-encoder,-5.2900614738464355,1
cross-encoder,-5.289587497711182,1
cross-encoder,-5.283360958099365,1
cross-encoder,-5.2801833152771,1
cross-encoder,-5.275094032287598,1
cross-encoder,-5.271468162536621,1
cross-encoder,-5.268238067626953,1
cross-encoder,-5.258374214172363,1
cross-encoder,-5.257850170135498,1
cross-encoder,-5.255434989929199,1
cross-encoder,-5.251935958862305,1
cross-encoder,-5.248135566711426,1
cross-encoder,-5.2441935539245605,2
cross-encoder,-5.24346923828125,1
cross-encoder,-5.242007255554199,1
cross-encoder,-5.239523887634277,1
cross-encoder,-5.231389999389648,1
cross-encoder,-5.221817970275879,1
cross-encoder,-5.221521377563477,1
cross-encoder,-5.219235420227051,1
cross-encoder,-5.217752456665039,1
cross-encoder,-5.217206954956055,1
cross-encoder,-5.212757110595703,1
cross-encoder,-5.211904525756836,1
cross-encoder,-5.210474967956543,1
cross-encoder,-5.199065208435059,1
cross-encoder,-5.198351860046387,1
cross-encoder,-5.1905012130737305,1
cross-encoder,-5.189964771270752,1
cross-encoder,-5.189190864562988,1
cross-encoder,-5.18875789642334,1
cross-encoder,-5.188654899597168,1
cross-encoder,-5.182389736175537,1
cross-encoder,-5.181403160095215,1
cross-encoder,-5.181198596954346,1
cross-encoder,-5.1739349365234375,1
cross-encoder,-5.170490741729736,1
cross-encoder,-5.157016754150391,1
cross-encoder,-5.143547058105469,1
cross-encoder,-5.137735366821289,1
cross-encoder,-5.136170864105225,1
cross-encoder,-5.136063575744629,1
cross-encoder,-5.12943172454834,1
cross-encoder,-5.123432636260986,1
cross-encoder,-5.122421741485596,1
cross-encoder,-5.120884895324707,1
cross-encoder,-5.120011806488037,1
cross-encoder,-5.119475364685059,1
cross-encoder,-5.11754035949707,1
cross-encoder,-5.114965438842773,1
cross-encoder,-5.111783981323242,1
cross-encoder,-5.106381416320801,1
cross-encoder,-5.104632377624512,1
cross-encoder,-5.100160121917725,1
cross-encoder,-5.0991973876953125,1
cross-encoder,-5.099053382873535,1
cross-encoder,-5.092142581939697,1
cross-encoder,-5.091696739196777,1
cross-encoder,-5.088924407958984,1
cross-encoder,-5.085061073303223,1
cross-encoder,-5.0804266929626465,1
cross-encoder,-5.079328536987305,1
cross-encoder,-5.077950954437256,1
cross-encoder,-5.0730485916137695,1
cross-encoder,-5.072674751281738,1
cross-encoder,-5.069358825683594,1
cross-encoder,-5.06467342376709,1
cross-encoder,-5.064618110656738,1
cross-encoder,-5.055058479309082,1
cross-encoder,-5.054651260375977,1
cross-encoder,-5.051423072814941,1
cross-encoder,-5.041548252105713,1
cross-encoder,-5.037557601928711,1
cross-encoder,-5.021973609924316,1
cross-encoder,-5.021736145019531,1
cross-encoder,-5.019644260406494,1
cross-encoder,-5.01414680480957,1
cross-encoder,-5.011665344238281,1
cross-encoder,-5.010500907897949,1
cross-encoder,-5.009262561798096,1
cross-encoder,-5.00343656539917,1
cross-encoder,-5.000609397888184,1
cross-encoder,-4.996728897094727,1
cross-encoder,-4.996387481689453,1
cross-encoder,-4.979761123657227,1
cross-encoder,-4.978427886962891,1
cross-encoder,-4.973659038543701,1
cross-encoder,-4.971536159515381,1
cross-encoder,-4.970961570739746,1
cross-encoder,-4.969202995300293,1
cross-encoder,-4.968026161193848,1
cross-encoder,-4.966012954711914,1
cross-encoder,-4.962886810302734,1
cross-encoder,-4.958395957946777,1
cross-encoder,-4.937333106994629,1
cross-encoder,-4.936985969543457,2
cross-encoder,-4.936399459838867,1
cross-encoder,-4.934897422790527,1
cross-encoder,-4.920653343200684,1
cross-encoder,-4.918868064880371,1
cross-encoder,-4.911169052124023,1
cross-encoder,-4.909977912902832,1
cross-encoder,-4.906125068664551,1
cross-encoder,-4.905638694763184,1
cross-encoder,-4.905575752258301,1
cross-encoder,-4.896877288818359,1
cross-encoder,-4.895636081695557,1
cross-encoder,-4.891079902648926,1
cross-encoder,-4.883545398712158,1
cross-encoder,-4.877891540527344,1
cross-encoder,-4.877262115478516,1
cross-encoder,-4.876794815063477,1
cross-encoder,-4.872513771057129,1
cross-encoder,-4.86878776550293,1
cross-encoder,-4.866608142852783,1
cross-encoder,-4.865006923675537,1
cross-encoder,-4.863575458526611,1
cross-encoder,-4.859311103820801,1
cross-encoder,-4.854336738586426,1
cross-encoder,-4.841489315032959,1
cross-encoder,-4.83709192276001,1
cross-encoder,-4.830292701721191,1
cross-encoder,-4.828341007232666,1
cross-encoder,-4.825779914855957,1
cross-encoder,-4.824724197387695,1
cross-encoder,-4.8219404220581055,1
cross-encoder,-4.8193769454956055,1
cross-encoder,-4.816883087158203,1
cross-encoder,-4.811564922332764,1
cross-encoder,-4.811000823974609,1
cross-encoder,-4.808229446411133,1
cross-encoder,-4.80565071105957,1
cross-encoder,-4.796369552612305,1
cross-encoder,-4.794633865356445,1
cross-encoder,-4.793724060058594,1
cross-encoder,-4.792446613311768,1
cross-encoder,-4.792148113250732,1
cross-encoder,-4.787384033203125,1
cross-encoder,-4.786947250366211,1
cross-encoder,-4.777073860168457,1
cross-encoder,-4.776723861694336,1
cross-encoder,-4.766029357910156,1
cross-encoder,-4.763150215148926,1
cross-encoder,-4.7585129737854,1
cross-encoder,-4.753430366516113,1
cross-encoder,-4.750066757202148,1
cross-encoder,-4.748186111450195,1
cross-encoder,-4.745591163635254,1
cross-encoder,-4.74495792388916,1
cross-encoder,-4.742197036743164,1
cross-encoder,-4.735522270202637,1
cross-encoder,-4.731422424316406,1
cross-encoder,-4.72258186340332,1
cross-encoder,-4.714168071746826,1
cross-encoder,-4.712904930114746,1
cross-encoder,-4.710960388183594,1
cross-encoder,-4.710659027099609,1
cross-encoder,-4.708483695983887,1
cross-encoder,-4.70186710357666,1
cross-encoder,-4.6989898681640625,1
cross-encoder,-4.6963934898376465,1
cross-encoder,-4.674595355987549,1
cross-encoder,-4.662761688232422,1
cross-encoder,-4.659367084503174,1
cross-encoder,-4.6480817794799805,1
cross-encoder,-4.646087646484375,1
cross-encoder,-4.638667106628418,1
cross-encoder,-4.634714126586914,1
cross-encoder,-4.633430480957031,1
cross-encoder,-4.632153511047363,1
cross-encoder,-4.630849838256836,1
cross-encoder,-4.625760078430176,1
cross-encoder,-4.623990058898926,1
cross-encoder,-4.623416900634766,1
cross-encoder,-4.600417613983154,1
cross-encoder,-4.592952728271484,1
cross-encoder,-4.589936256408691,1
cross-encoder,-4.583864212036133,1
cross-encoder,-4.578810691833496,1
cross-encoder,-4.5773024559021,1
cross-encoder,-4.5732526779174805,1
cross-encoder,-4.572731971740723,1
cross-encoder,-4.57119083404541,1
cross-encoder,-4.567378044128418,1
cross-encoder,-4.566561698913574,1
cross-encoder,-4.564487457275391,1
cross-encoder,-4.564453125,1
cross-encoder,-4.56411075592041,1
cross-encoder,-4.56217098236084,1
cross-encoder,-4.553430557250977,1
cross-encoder,-4.547926425933838,1
cross-encoder,-4.542767524719238,1
cross-encoder,-4.533581733703613,1
cross-encoder,-4.531885147094727,1
cross-encoder,-4.52940034866333,1
cross-encoder,-4.521374702453613,1
cross-encoder,-4.520609378814697,1
cross-encoder,-4.517498016357422,1
cross-encoder,-4.508496284484863,1
cross-encoder,-4.495547771453857,1
cross-encoder,-4.489429950714111,1
cross-encoder,-4.457990646362305,1
cross-encoder,-4.449558258056641,2
cross-encoder,-4.448958873748779,1
cross-encoder,-4.448530197143555,1
cross-encoder,-4.4454193115234375,1
cross-encoder,-4.437889575958252,1
cross-encoder,-4.435009002685547,1
cross-encoder,-4.431293487548828,1
cross-encoder,-4.430859088897705,1
cross-encoder,-4.39986515045166,1
cross-encoder,-4.399153709411621,1
cross-encoder,-4.391851425170898,1
cross-encoder,-4.386867523193359,1
cross-encoder,-4.384486198425293,1
cross-encoder,-4.372539520263672,1
cross-encoder,-4.371644496917725,1
cross-encoder,-4.3658857345581055,1
cross-encoder,-4.365442276000977,1
cross-encoder,-4.354772567749023,1
cross-encoder,-4.354361534118652,1
cross-encoder,-4.35202693939209,1
cross-encoder,-4.351919174194336,1
cross-encoder,-4.351356506347656,1
cross-encoder,-4.346731662750244,1
cross-encoder,-4.329313278198242,1
cross-encoder,-4.326239109039307,1
cross-encoder,-4.318266868591309,1
cross-encoder,-4.317629814147949,1
cross-encoder,-4.314345359802246,1
cross-encoder,-4.3126115798950195,1
cross-encoder,-4.310729026794434,1
cross-encoder,-4.301039695739746,1
cross-encoder,-4.28428840637207,1
cross-encoder,-4.270774841308594,1
cross-encoder,-4.270030975341797,1
cross-encoder,-4.258902072906494,1
cross-encoder,-4.242534160614014,1
cross-encoder,-4.242456436157227,1
cross-encoder,-4.241854667663574,1
cross-encoder,-4.240303993225098,1
cross-encoder,-4.23690128326416,1
cross-encoder,-4.235988616943359,1
cross-encoder,-4.234809875488281,1
cross-encoder,-4.224111557006836,1
cross-encoder,-4.217147350311279,1
cross-encoder,-4.207818031311035,1
cross-encoder,-4.207237243652344,1
cross-encoder,-4.206348419189453,1
cross-encoder,-4.19381046295166,1
cross-encoder,-4.184467315673828,1
cross-encoder,-4.182012557983398,1
cross-encoder,-4.179318904876709,1
cross-encoder,-4.178889274597168,1
cross-encoder,-4.176733493804932,1
cross-encoder,-4.175274848937988,1
cross-encoder,-4.174598217010498,1
cross-encoder,-4.174311637878418,1
cross-encoder,-4.158797264099121,1
cross-encoder,-4.15862512588501,1
cross-encoder,-4.157048225402832,1
cross-encoder,-4.149912357330322,1
cross-encoder,-4.144576072692871,1
cross-encoder,-4.139432430267334,1
cross-encoder,-4.135343551635742,1
cross-encoder,-4.1353254318237305,1
cross-encoder,-4.128632545471191,1
cross-encoder,-4.126432418823242,2
cross-encoder,-4.106261253356934,1
cross-encoder,-4.103274345397949,1
cross-encoder,-4.098088264465332,1
cross-encoder,-4.096519470214844,1
cross-encoder,-4.095489025115967,1
cross-encoder,-4.088945388793945,1
cross-encoder,-4.081607818603516,1
cross-encoder,-4.080693244934082,1
cross-encoder,-4.056018829345703,1
cross-encoder,-4.053266525268555,1
cross-encoder,-4.051231384277344,1
cross-encoder,-4.044461727142334,1
cross-encoder,-4.043703079223633,1
cross-encoder,-4.04110860824585,1
cross-encoder,-4.03828239440918,1
cross-encoder,-4.0332932472229,1
cross-encoder,-4.033084869384766,1
cross-encoder,-4.032471656799316,1
cross-encoder,-4.031330108642578,1
cross-encoder,-4.024518013000488,1
cross-encoder,-4.013058185577393,1
cross-encoder,-4.012299537658691,1
cross-encoder,-4.009133815765381,1
cross-encoder,-3.9954912662506104,1
cross-encoder,-3.992900848388672,1
cross-encoder,-3.9926300048828125,1
cross-encoder,-3.9693126678466797,1
cross-encoder,-3.9671008586883545,1
cross-encoder,-3.960529327392578,1
cross-encoder,-3.958298444747925,1
cross-encoder,-3.9531641006469727,1
cross-encoder,-3.941685676574707,1
cross-encoder,-3.925215482711792,1
cross-encoder,-3.9189305305480957,1
cross-encoder,-3.9040913581848145,1
cross-encoder,-3.9023594856262207,1
cross-encoder,-3.8978452682495117,1
cross-encoder,-3.8962018489837646,1
cross-encoder,-3.895432949066162,1
cross-encoder,-3.8950815200805664,1
cross-encoder,-3.8949522972106934,1
cross-encoder,-3.891483783721924,1
cross-encoder,-3.888188362121582,1
cross-encoder,-3.883335590362549,1
cross-encoder,-3.882814645767212,1
cross-encoder,-3.87884783744812,1
cross-encoder,-3.875260353088379,1
cross-encoder,-3.871018409729004,1
cross-encoder,-3.870725393295288,1
cross-encoder,-3.866696357727051,1
cross-encoder,-3.8641517162323,1
cross-encoder,-3.8640716075897217,1
cross-encoder,-3.8614096641540527,1
cross-encoder,-3.84822416305542,1
cross-encoder,-3.8392796516418457,1
cross-encoder,-3.839268445968628,1
cross-encoder,-3.8386244773864746,1
cross-encoder,-3.8362984657287598,1
cross-encoder,-3.830080270767212,1
cross-encoder,-3.826129913330078,1
cross-encoder,-3.8251945972442627,1
cross-encoder,-3.823444366455078,1
cross-encoder,-3.8228797912597656,1
cross-encoder,-3.8228251934051514,1
cross-encoder,-3.821070432662964,1
cross-encoder,-3.8197646141052246,1
cross-encoder,-3.8173699378967285,1
cross-encoder,-3.8035178184509277,1
cross-encoder,-3.7987618446350098,1
cross-encoder,-3.7930796146392822,1
cross-encoder,-3.7916557788848877,1
cross-encoder,-3.7894630432128906,1
cross-encoder,-3.7827157974243164,1
cross-encoder,-3.780118465423584,1
cross-encoder,-3.7758781909942627,1
cross-encoder,-3.7714385986328125,1
cross-encoder,-3.766160726547241,1
cross-encoder,-3.7621097564697266,1
cross-encoder,-3.748537540435791,1
cross-encoder,-3.7479453086853027,1
cross-encoder,-3.7412781715393066,1
cross-encoder,-3.7396326065063477,1
cross-encoder,-3.739318370819092,1
cross-encoder,-3.728093147277832,1
cross-encoder,-3.7168636322021484,1
cross-encoder,-3.716541290283203,1
cross-encoder,-3.715085983276367,1
cross-encoder,-3.7141168117523193,1
cross-encoder,-3.7135143280029297,1
cross-encoder,-3.7081336975097656,1
cross-encoder,-3.692607879638672,1
cross-encoder,-3.6911416053771973,1
cross-encoder,-3.6866517066955566,1
cross-encoder,-3.6819937229156494,1
cross-encoder,-3.681039810180664,1
cross-encoder,-3.679276466369629,1
cross-encoder,-3.6425669193267822,1
cross-encoder,-3.6412582397460938,1
cross-encoder,-3.639207601547241,1
cross-encoder,-3.6361446380615234,1
cross-encoder,-3.6321163177490234,1
cross-encoder,-3.630723714828491,1
cross-encoder,-3.626044750213623,2
cross-encoder,-3.6241886615753174,1
cross-encoder,-3.621156692504883,1
cross-encoder,-3.6108012199401855,1
cross-encoder,-3.596467971801758,1
cross-encoder,-3.593080759048462,1
cross-encoder,-3.586181402206421,1
cross-encoder,-3.5819358825683594,1
cross-encoder,-3.5801262855529785,1
cross-encoder,-3.578897476196289,1
cross-encoder,-3.577665090560913,1
cross-encoder,-3.572749614715576,1
cross-encoder,-3.5707287788391113,1
cross-encoder,-3.5683724880218506,1
cross-encoder,-3.565659761428833,1
cross-encoder,-3.5600624084472656,1
cross-encoder,-3.5593929290771484,2
cross-encoder,-3.5565524101257324,1
cross-encoder,-3.552920341491699,1
cross-encoder,-3.5502052307128906,1
cross-encoder,-3.5497384071350098,1
cross-encoder,-3.538440227508545,1
cross-encoder,-3.535684823989868,1
cross-encoder,-3.521635055541992,1
cross-encoder,-3.5212581157684326,1
cross-encoder,-3.517521619796753,1
cross-encoder,-3.5113697052001953,1
cross-encoder,-3.509904384613037,1
cross-encoder,-3.507666826248169,1
cross-encoder,-3.5057153701782227,1
cross-encoder,-3.5052905082702637,1
cross-encoder,-3.5007505416870117,1
cross-encoder,-3.500638484954834,1
cross-encoder,-3.4969594478607178,1
cross-encoder,-3.4947071075439453,1
cross-encoder,-3.4945857524871826,1
cross-encoder,-3.4906201362609863,2
cross-encoder,-3.4901909828186035,1
cross-encoder,-3.4800000190734863,1
cross-encoder,-3.479090690612793,1
cross-encoder,-3.4788262844085693,1
cross-encoder,-3.4753551483154297,1
cross-encoder,-3.470834732055664,1
cross-encoder,-3.470097780227661,1
cross-encoder,-3.4660086631774902,1
cross-encoder,-3.4632339477539062,1
cross-encoder,-3.4620702266693115,1
cross-encoder,-3.460838794708252,1
cross-encoder,-3.459933280944824,1
cross-encoder,-3.4466419219970703,1
cross-encoder,-3.4405579566955566,1
cross-encoder,-3.440206527709961,1
cross-encoder,-3.4285523891448975,1
cross-encoder,-3.42706298828125,1
cross-encoder,-3.4105091094970703,1
cross-encoder,-3.4078316688537598,1
cross-encoder,-3.4019856452941895,1
cross-encoder,-3.3949544429779053,1
cross-encoder,-3.394787311553955,1
cross-encoder,-3.387603759765625,1
cross-encoder,-3.3860220909118652,1
cross-encoder,-3.381202459335327,1
cross-encoder,-3.375462055206299,1
cross-encoder,-3.372849464416504,1
cross-encoder,-3.372333526611328,1
cross-encoder,-3.3717737197875977,1
cross-encoder,-3.357297897338867,1
cross-encoder,-3.3565287590026855,1
cross-encoder,-3.3539233207702637,1
cross-encoder,-3.349703788757324,1
cross-encoder,-3.347148895263672,1
cross-encoder,-3.3445465564727783,1
cross-encoder,-3.342325210571289,1
cross-encoder,-3.3300271034240723,1
cross-encoder,-3.3241796493530273,1
cross-encoder,-3.3237433433532715,1
cross-encoder,-3.3188235759735107,1
cross-encoder,-3.3140978813171387,1
cross-encoder,-3.307488441467285,1
cross-encoder,-3.303478956222534,1
cross-encoder,-3.299459457397461,1
cross-encoder,-3.299112558364868,1
cross-encoder,-3.297877073287964,1
cross-encoder,-3.2969207763671875,1
cross-encoder,-3.2927770614624023,1
cross-encoder,-3.2891931533813477,1
cross-encoder,-3.2853448390960693,1
cross-encoder,-3.2806148529052734,1
cross-encoder,-3.2797627449035645,1
cross-encoder,-3.276252031326294,1
cross-encoder,-3.2737903594970703,1
cross-encoder,-3.2681021690368652,1
cross-encoder,-3.257205009460449,1
cross-encoder,-3.256859302520752,1
cross-encoder,-3.245279312133789,1
cross-encoder,-3.2427358627319336,1
cross-encoder,-3.2418363094329834,1
cross-encoder,-3.2416977882385254,1
cross-encoder,-3.234095335006714,1
cross-encoder,-3.229896068572998,1
cross-encoder,-3.223623275756836,1
cross-encoder,-3.222926139831543,1
cross-encoder,-3.2105164527893066,1
cross-encoder,-3.2089591026306152,1
cross-encoder,-3.1825568675994873,1
cross-encoder,-3.1786789894104004,1
cross-encoder,-3.1773157119750977,1
cross-encoder,-3.175020217895508,1
cross-encoder,-3.16738224029541,1
cross-encoder,-3.1541433334350586,1
cross-encoder,-3.1503243446350098,1
cross-encoder,-3.1495821475982666,1
cross-encoder,-3.140775203704834,1
cross-encoder,-3.140761375427246,1
cross-encoder,-3.127272367477417,1
cross-encoder,-3.125614643096924,1
cross-encoder,-3.1254019737243652,1
cross-encoder,-3.1164984703063965,2
cross-encoder,-3.105682849884033,1
cross-encoder,-3.0990467071533203,1
cross-encoder,-3.0932488441467285,1
cross-encoder,-3.0836639404296875,1
cross-encoder,-3.06699538230896,1
cross-encoder,-3.051487684249878,1
cross-encoder,-3.0458459854125977,1
cross-encoder,-3.045830249786377,1
cross-encoder,-3.0412888526916504,1
cross-encoder,-3.033785343170166,1
cross-encoder,-3.027475357055664,1
cross-encoder,-3.0170512199401855,1
cross-encoder,-3.007589340209961,1
cross-encoder,-3.0057172775268555,1
cross-encoder,-3.0035150051116943,1
cross-encoder,-2.993551254272461,1
cross-encoder,-2.988593101501465,1
cross-encoder,-2.9804725646972656,1
cross-encoder,-2.973097801208496,1
cross-encoder,-2.9691596031188965,1
cross-encoder,-2.9675753116607666,1
cross-encoder,-2.9642794132232666,1
cross-encoder,-2.9603638648986816,1
cross-encoder,-2.9560861587524414,1
cross-encoder,-2.955288887023926,1
cross-encoder,-2.951286792755127,1
cross-encoder,-2.949753761291504,1
cross-encoder,-2.936263084411621,1
cross-encoder,-2.934793472290039,1
cross-encoder,-2.917954444885254,1
cross-encoder,-2.916867733001709,1
cross-encoder,-2.914112091064453,1
cross-encoder,-2.913661003112793,1
cross-encoder,-2.884615182876587,1
cross-encoder,-2.876786231994629,1
cross-encoder,-2.8752543926239014,1
cross-encoder,-2.8643617630004883,1
cross-encoder,-2.8573641777038574,1
cross-encoder,-2.852304458618164,1
cross-encoder,-2.8286571502685547,1
cross-encoder,-2.8273487091064453,1
cross-encoder,-2.8272266387939453,1
cross-encoder,-2.8133628368377686,1
cross-encoder,-2.799717426300049,1
cross-encoder,-2.796311378479004,1
cross-encoder,-2.795729875564575,1
cross-encoder,-2.789170742034912,1
cross-encoder,-2.788684368133545,1
cross-encoder,-2.7876291275024414,1
cross-encoder,-2.785796642303467,1
cross-encoder,-2.7812414169311523,1
cross-encoder,-2.775506019592285,1
cross-encoder,-2.7721900939941406,1
cross-encoder,-2.7663002014160156,1
cross-encoder,-2.7542777061462402,1
cross-encoder,-2.749572277069092,1
cross-encoder,-2.7444963455200195,1
cross-encoder,-2.7311971187591553,1
cross-encoder,-2.704638719558716,1
cross-encoder,-2.7018399238586426,1
cross-encoder,-2.7004194259643555,1
cross-encoder,-2.6959266662597656,1
cross-encoder,-2.6937570571899414,1
cross-encoder,-2.686985492706299,1
cross-encoder,-2.6863198280334473,1
cross-encoder,-2.678896188735962,1
cross-encoder,-2.669248342514038,1
cross-encoder,-2.6662681102752686,1
cross-encoder,-2.6614558696746826,1
cross-encoder,-2.6583974361419678,1
cross-encoder,-2.642179012298584,1
cross-encoder,-2.6369242668151855,1
cross-encoder,-2.6324386596679688,1
cross-encoder,-2.629955291748047,1
cross-encoder,-2.620025873184204,1
cross-encoder,-2.617906093597412,1
cross-encoder,-2.614229917526245,1
cross-encoder,-2.6120095252990723,1
cross-encoder,-2.611205577850342,1
cross-encoder,-2.6104812622070312,1
cross-encoder,-2.6080470085144043,1
cross-encoder,-2.601339340209961,1
cross-encoder,-2.5978286266326904,1
cross-encoder,-2.593472480773926,1
cross-encoder,-2.58160662651062,1
cross-encoder,-2.581547975540161,1
cross-encoder,-2.5802342891693115,1
cross-encoder,-2.5740489959716797,1
cross-encoder,-2.571269989013672,1
cross-encoder,-2.56697940826416,1
cross-encoder,-2.5655465126037598,1
cross-encoder,-2.5605688095092773,1
cross-encoder,-2.556699275970459,1
cross-encoder,-2.5442349910736084,1
cross-encoder,-2.5417137145996094,1
cross-encoder,-2.534480094909668,1
cross-encoder,-2.532562255859375,1
cross-encoder,-2.518989324569702,1
cross-encoder,-2.5189707279205322,1
cross-encoder,-2.518402099609375,1
cross-encoder,-2.509561538696289,1
cross-encoder,-2.503371238708496,1
cross-encoder,-2.501730442047119,1
cross-encoder,-2.5016684532165527,1
cross-encoder,-2.4984397888183594,1
cross-encoder,-2.4983954429626465,1
cross-encoder,-2.492448568344116,1
cross-encoder,-2.4887819290161133,1
cross-encoder,-2.4802844524383545,1
cross-encoder,-2.469099521636963,1
cross-encoder,-2.467092275619507,1
cross-encoder,-2.4651806354522705,1
cross-encoder,-2.461779832839966,1
cross-encoder,-2.459590435028076,1
cross-encoder,-2.4568605422973633,1
cross-encoder,-2.4506702423095703,1
cross-encoder,-2.4493536949157715,1
cross-encoder,-2.4490652084350586,1
cross-encoder,-2.444930076599121,1
cross-encoder,-2.442622184753418,1
cross-encoder,-2.4332010746002197,1
cross-encoder,-2.424285888671875,1
cross-encoder,-2.42427921295166,1
cross-encoder,-2.4192397594451904,1
cross-encoder,-2.4103496074676514,1
cross-encoder,-2.402810573577881,1
cross-encoder,-2.4004361629486084,1
cross-encoder,-2.399503707885742,1
cross-encoder,-2.391557455062866,1
cross-encoder,-2.389096736907959,1
cross-encoder,-2.381455659866333,1
cross-encoder,-2.3730521202087402,1
cross-encoder,-2.3678507804870605,1
cross-encoder,-2.3665072917938232,1
cross-encoder,-2.3644585609436035,1
cross-encoder,-2.353853940963745,1
cross-encoder,-2.3533029556274414,1
cross-encoder,-2.353154182434082,1
cross-encoder,-2.3485302925109863,1
cross-encoder,-2.3427977561950684,1
cross-encoder,-2.333890199661255,1
cross-encoder,-2.3202433586120605,1
cross-encoder,-2.3197145462036133,1
cross-encoder,-2.3157098293304443,1
cross-encoder,-2.2940139770507812,1
cross-encoder,-2.2890708446502686,1
cross-encoder,-2.2877578735351562,1
cross-encoder,-2.283574104309082,1
cross-encoder,-2.2825262546539307,1
cross-encoder,-2.276348114013672,1
cross-encoder,-2.2525806427001953,1
cross-encoder,-2.251335620880127,1
cross-encoder,-2.2483205795288086,1
cross-encoder,-2.2470905780792236,1
cross-encoder,-2.2429866790771484,1
cross-encoder,-2.2385313510894775,1
cross-encoder,-2.2382397651672363,1
cross-encoder,-2.2381932735443115,1
cross-encoder,-2.232485771179199,1
cross-encoder,-2.2287490367889404,1
cross-encoder,-2.223149061203003,1
cross-encoder,-2.222944498062134,1
cross-encoder,-2.2125608921051025,1
cross-encoder,-2.207780361175537,1
cross-encoder,-2.2048532962799072,1
cross-encoder,-2.1975624561309814,1
cross-encoder,-2.191558361053467,1
cross-encoder,-2.1894545555114746,1
cross-encoder,-2.177659034729004,1
cross-encoder,-2.1585617065429688,1
cross-encoder,-2.1578636169433594,1
cross-encoder,-2.1575801372528076,1
cross-encoder,-2.1464595794677734,1
cross-encoder,-2.1380443572998047,1
cross-encoder,-2.134826898574829,1
cross-encoder,-2.131603956222534,1
cross-encoder,-2.126551628112793,1
cross-encoder,-2.1161255836486816,1
cross-encoder,-2.110074996948242,1
cross-encoder,-2.106862783432007,1
cross-encoder,-2.094294786453247,1
cross-encoder,-2.0926246643066406,1
cross-encoder,-2.086630344390869,1
cross-encoder,-2.0833377838134766,1
cross-encoder,-2.0821540355682373,1
cross-encoder,-2.0796709060668945,1
cross-encoder,-2.0733134746551514,1
cross-encoder,-2.072190284729004,1
cross-encoder,-2.0597522258758545,1
cross-encoder,-2.0593924522399902,1
cross-encoder,-2.036129951477051,1
cross-encoder,-2.034757137298584,1
cross-encoder,-2.0254383087158203,1
cross-encoder,-2.017522096633911,1
cross-encoder,-2.0127758979797363,1
cross-encoder,-2.009382963180542,1
cross-encoder,-1.991507649421692,1
cross-encoder,-1.9894630908966064,1
cross-encoder,-1.9881411790847778,1
cross-encoder,-1.9862381219863892,1
cross-encoder,-1.9820780754089355,1
cross-encoder,-1.97462797164917,1
cross-encoder,-1.9719783067703247,1
cross-encoder,-1.968418836593628,1
cross-encoder,-1.9626117944717407,1
cross-encoder,-1.9548416137695312,1
cross-encoder,-1.9508190155029297,1
cross-encoder,-1.9506971836090088,2
cross-encoder,-1.9460039138793945,1
cross-encoder,-1.9446972608566284,1
cross-encoder,-1.9429905414581299,1
cross-encoder,-1.9428322315216064,1
cross-encoder,-1.940852165222168,1
cross-encoder,-1.9247963428497314,1
cross-encoder,-1.9228830337524414,1
cross-encoder,-1.922795057296753,1
cross-encoder,-1.9196614027023315,1
cross-encoder,-1.9131200313568115,1
cross-encoder,-1.9091428518295288,1
cross-encoder,-1.9076817035675049,1
cross-encoder,-1.902909517288208,1
cross-encoder,-1.9024696350097656,1
cross-encoder,-1.8868271112442017,1
cross-encoder,-1.8846968412399292,1
cross-encoder,-1.8735421895980835,1
cross-encoder,-1.8715856075286865,1
cross-encoder,-1.8712983131408691,1
cross-encoder,-1.8702476024627686,1
cross-encoder,-1.8668675422668457,1
cross-encoder,-1.8623100519180298,1
cross-encoder,-1.8610560894012451,1
cross-encoder,-1.8514734506607056,1
cross-encoder,-1.8474347591400146,1
cross-encoder,-1.8467448949813843,1
cross-encoder,-1.8397692441940308,1
cross-encoder,-1.8373134136199951,1
cross-encoder,-1.8363059759140015,1
cross-encoder,-1.8348000049591064,1
cross-encoder,-1.829012155532837,1
cross-encoder,-1.8169420957565308,1
cross-encoder,-1.8115642070770264,1
cross-encoder,-1.8115465641021729,1
cross-encoder,-1.8084592819213867,1
cross-encoder,-1.805230736732483,1
cross-encoder,-1.8026319742202759,1
cross-encoder,-1.7855243682861328,1
cross-encoder,-1.7734988927841187,1
cross-encoder,-1.768040418624878,1
cross-encoder,-1.7672953605651855,1
cross-encoder,-1.7672256231307983,1
cross-encoder,-1.7647136449813843,1
cross-encoder,-1.7583205699920654,1
cross-encoder,-1.7569717168807983,1
cross-encoder,-1.7356224060058594,1
cross-encoder,-1.7311840057373047,1
cross-encoder,-1.72537100315094,1
cross-encoder,-1.7134382724761963,1
cross-encoder,-1.7116246223449707,1
cross-encoder,-1.7054903507232666,1
cross-encoder,-1.7043282985687256,1
cross-encoder,-1.698899507522583,1
cross-encoder,-1.6974601745605469,1
cross-encoder,-1.692394495010376,1
cross-encoder,-1.6887885332107544,1
cross-encoder,-1.6874502897262573,1
cross-encoder,-1.6820452213287354,1
cross-encoder,-1.6796832084655762,1
cross-encoder,-1.676706314086914,1
cross-encoder,-1.67041015625,2
cross-encoder,-1.6659536361694336,2
cross-encoder,-1.6536880731582642,1
cross-encoder,-1.6529450416564941,1
cross-encoder,-1.6508926153182983,1
cross-encoder,-1.6423304080963135,1
cross-encoder,-1.634765863418579,1
cross-encoder,-1.6314150094985962,1
cross-encoder,-1.6254851818084717,1
cross-encoder,-1.6185461282730103,1
cross-encoder,-1.6125487089157104,1
cross-encoder,-1.6055893898010254,1
cross-encoder,-1.6017162799835205,1
cross-encoder,-1.5932135581970215,1
cross-encoder,-1.5898597240447998,1
cross-encoder,-1.5882396697998047,1
cross-encoder,-1.5873147249221802,1
cross-encoder,-1.5796937942504883,1
cross-encoder,-1.578454613685608,1
cross-encoder,-1.5705503225326538,1
cross-encoder,-1.5427401065826416,1
cross-encoder,-1.5359312295913696,1
cross-encoder,-1.5340940952301025,1
cross-encoder,-1.5327520370483398,1
cross-encoder,-1.5238711833953857,1
cross-encoder,-1.5144474506378174,1
cross-encoder,-1.5109655857086182,1
cross-encoder,-1.4998283386230469,1
cross-encoder,-1.489679217338562,1
cross-encoder,-1.4868135452270508,1
cross-encoder,-1.4828743934631348,1
cross-encoder,-1.4820364713668823,1
cross-encoder,-1.4814085960388184,1
cross-encoder,-1.4812062978744507,1
cross-encoder,-1.4786818027496338,1
cross-encoder,-1.473365306854248,1
cross-encoder,-1.460914134979248,1
cross-encoder,-1.4582692384719849,1
cross-encoder,-1.4458125829696655,1
cross-encoder,-1.4353212118148804,1
cross-encoder,-1.4348697662353516,1
cross-encoder,-1.4338839054107666,1
cross-encoder,-1.4315345287322998,1
cross-encoder,-1.4214730262756348,1
cross-encoder,-1.4108961820602417,1
cross-encoder,-1.4094531536102295,1
cross-encoder,-1.4041335582733154,1
cross-encoder,-1.3999741077423096,1
cross-encoder,-1.3960028886795044,1
cross-encoder,-1.393513560295105,1
cross-encoder,-1.387605905532837,1
cross-encoder,-1.385111927986145,1
cross-encoder,-1.34882390499115,1
cross-encoder,-1.3479926586151123,1
cross-encoder,-1.334977626800537,1
cross-encoder,-1.3340961933135986,1
cross-encoder,-1.3313021659851074,1
cross-encoder,-1.309389591217041,1
cross-encoder,-1.3002707958221436,1
cross-encoder,-1.273791790008545,1
cross-encoder,-1.2737493515014648,1
cross-encoder,-1.260316014289856,1
cross-encoder,-1.2595216035842896,1
cross-encoder,-1.2512867450714111,1
cross-encoder,-1.2503798007965088,1
cross-encoder,-1.2476587295532227,1
cross-encoder,-1.2444663047790527,1
cross-encoder,-1.2421364784240723,1
cross-encoder,-1.2334380149841309,1
cross-encoder,-1.2278013229370117,1
cross-encoder,-1.2253025770187378,1
cross-encoder,-1.225031852722168,1
cross-encoder,-1.2103465795516968,1
cross-encoder,-1.2100528478622437,1
cross-encoder,-1.2084139585494995,1
cross-encoder,-1.2060256004333496,1
cross-encoder,-1.1869843006134033,1
cross-encoder,-1.1867252588272095,1
cross-encoder,-1.1832690238952637,1
cross-encoder,-1.181016206741333,1
cross-encoder,-1.178818702697754,1
cross-encoder,-1.1778342723846436,1
cross-encoder,-1.1660758256912231,1
cross-encoder,-1.1655662059783936,1
cross-encoder,-1.1560354232788086,1
cross-encoder,-1.1544455289840698,1
cross-encoder,-1.1418368816375732,1
cross-encoder,-1.1222107410430908,1
cross-encoder,-1.118441104888916,1
cross-encoder,-1.1088993549346924,1
cross-encoder,-1.105764389038086,1
cross-encoder,-1.1044201850891113,1
cross-encoder,-1.1018320322036743,1
cross-encoder,-1.0962259769439697,1
cross-encoder,-1.0949220657348633,1
cross-encoder,-1.083180546760559,1
cross-encoder,-1.0828994512557983,1
cross-encoder,-1.0765128135681152,1
cross-encoder,-1.0728962421417236,1
cross-encoder,-1.071266770362854,1
cross-encoder,-1.068187952041626,1
cross-encoder,-1.0436246395111084,1
cross-encoder,-1.0421414375305176,1
cross-encoder,-1.0269389152526855,1
cross-encoder,-1.0202090740203857,1
cross-encoder,-1.0080716609954834,1
cross-encoder,-1.0077539682388306,1
cross-encoder,-1.0068798065185547,1
cross-encoder,-0.9901736974716187,1
cross-encoder,-0.982695996761322,1
cross-encoder,-0.9814749956130981,1
cross-encoder,-0.9787267446517944,1
cross-encoder,-0.976425290107727,1
cross-encoder,-0.9729148149490356,1
cross-encoder,-0.9513258934020996,1
cross-encoder,-0.9510089159011841,1
cross-encoder,-0.9376344680786133,1
cross-encoder,-0.93031907081604,1
cross-encoder,-0.924241840839386,1
cross-encoder,-0.9206902384757996,1
cross-encoder,-0.917540431022644,1
cross-encoder,-0.9109221696853638,1
cross-encoder,-0.9090414643287659,1
cross-encoder,-0.9066140651702881,1
cross-encoder,-0.8969093561172485,1
cross-encoder,-0.8900355100631714,1
cross-encoder,-0.8892011642456055,1
cross-encoder,-0.8834447860717773,1
cross-encoder,-0.8809565305709839,1
cross-encoder,-0.8800588846206665,1
cross-encoder,-0.8774933218955994,1
cross-encoder,-0.8727749586105347,1
cross-encoder,-0.8623170852661133,1
cross-encoder,-0.8588178157806396,1
cross-encoder,-0.854009211063385,1
cross-encoder,-0.8490446209907532,1
cross-encoder,-0.846982479095459,1
cross-encoder,-0.8440842032432556,1
cross-encoder,-0.8344224691390991,1
cross-encoder,-0.8156933784484863,1
cross-encoder,-0.8081541061401367,1
cross-encoder,-0.8066161870956421,1
cross-encoder,-0.7897753119468689,1
cross-encoder,-0.7892438173294067,1
cross-encoder,-0.7819749116897583,1
cross-encoder,-0.7797422409057617,1
cross-encoder,-0.7672654390335083,1
cross-encoder,-0.7652451992034912,1
cross-encoder,-0.7646652460098267,1
cross-encoder,-0.7573425769805908,1
cross-encoder,-0.7558332681655884,1
cross-encoder,-0.753733217716217,1
cross-encoder,-0.7523254752159119,1
cross-encoder,-0.7521059513092041,1
cross-encoder,-0.7484219074249268,1
cross-encoder,-0.7476195096969604,2
cross-encoder,-0.7343932390213013,1
cross-encoder,-0.7319784164428711,1
cross-encoder,-0.7222989201545715,1
cross-encoder,-0.7006558179855347,1
cross-encoder,-0.6954498291015625,1
cross-encoder,-0.6855316758155823,1
cross-encoder,-0.6773295402526855,1
cross-encoder,-0.672622799873352,1
cross-encoder,-0.6701472997665405,1
cross-encoder,-0.6693702936172485,1
cross-encoder,-0.6644026637077332,1
cross-encoder,-0.6567923426628113,1
cross-encoder,-0.6524600982666016,1
cross-encoder,-0.6500619053840637,1
cross-encoder,-0.6311076879501343,1
cross-encoder,-0.6304587125778198,1
cross-encoder,-0.6254769563674927,1
cross-encoder,-0.6187714338302612,1
cross-encoder,-0.6141902208328247,1
cross-encoder,-0.6098831295967102,1
cross-encoder,-0.5846827030181885,1
cross-encoder,-0.58360356092453,1
cross-encoder,-0.582825779914856,1
cross-encoder,-0.5776557922363281,1
cross-encoder,-0.5726987719535828,1
cross-encoder,-0.5667810440063477,1
cross-encoder,-0.5633385181427002,1
cross-encoder,-0.5565328001976013,1
cross-encoder,-0.5474196672439575,1
cross-encoder,-0.5451935529708862,1
cross-encoder,-0.5426926612854004,1
cross-encoder,-0.5283437371253967,1
cross-encoder,-0.5269604921340942,1
cross-encoder,-0.5258281230926514,1
cross-encoder,-0.5245659947395325,1
cross-encoder,-0.5187143683433533,1
cross-encoder,-0.5067230463027954,1
cross-encoder,-0.5031729340553284,1
cross-encoder,-0.5010227560997009,1
cross-encoder,-0.4998219609260559,1
cross-encoder,-0.4991607069969177,1
cross-encoder,-0.4876534938812256,2
cross-encoder,-0.47259825468063354,1
cross-encoder,-0.4685746729373932,1
cross-encoder,-0.45626628398895264,1
cross-encoder,-0.4562653601169586,1
cross-encoder,-0.4536726176738739,1
cross-encoder,-0.4468960165977478,1
cross-encoder,-0.44187480211257935,1
cross-encoder,-0.4388817250728607,1
cross-encoder,-0.43287402391433716,1
cross-encoder,-0.43217939138412476,1
cross-encoder,-0.4275490641593933,1
cross-encoder,-0.4268985986709595,1
cross-encoder,-0.4248371720314026,1
cross-encoder,-0.4243263602256775,1
cross-encoder,-0.4032741189002991,1
cross-encoder,-0.4024067223072052,1
cross-encoder,-0.39907562732696533,1
cross-encoder,-0.39430302381515503,1
cross-encoder,-0.3885669410228729,1
cross-encoder,-0.378515362739563,1
cross-encoder,-0.37637758255004883,1
cross-encoder,-0.3738526701927185,1
cross-encoder,-0.3721187114715576,1
cross-encoder,-0.36816152930259705,1
cross-encoder,-0.36720216274261475,1
cross-encoder,-0.35486871004104614,1
cross-encoder,-0.34908366203308105,1
cross-encoder,-0.34755992889404297,1
cross-encoder,-0.34369900822639465,1
cross-encoder,-0.3343281149864197,1
cross-encoder,-0.3210947811603546,2
cross-encoder,-0.3206196129322052,2
cross-encoder,-0.3205348253250122,1
cross-encoder,-0.3164757490158081,1
cross-encoder,-0.31608325242996216,1
cross-encoder,-0.3131289482116699,1
cross-encoder,-0.3088967800140381,1
cross-encoder,-0.30721402168273926,1
cross-encoder,-0.30608537793159485,1
cross-encoder,-0.29616090655326843,1
cross-encoder,-0.29389482736587524,1
cross-encoder,-0.28883302211761475,1
cross-encoder,-0.28527891635894775,1
cross-encoder,-0.2810821533203125,1
cross-encoder,-0.27651357650756836,1
cross-encoder,-0.26804202795028687,1
cross-encoder,-0.2667270302772522,1
cross-encoder,-0.2571062743663788,1
cross-encoder,-0.25368374586105347,1
cross-encoder,-0.25200554728507996,1
cross-encoder,-0.25053977966308594,1
cross-encoder,-0.242931067943573,1
cross-encoder,-0.2420722246170044,1
cross-encoder,-0.2375737428665161,1
cross-encoder,-0.2301996797323227,1
cross-encoder,-0.23002828657627106,1
cross-encoder,-0.22286173701286316,1
cross-encoder,-0.2079169750213623,1
cross-encoder,-0.195313960313797,1
cross-encoder,-0.18534691631793976,1
cross-encoder,-0.17712357640266418,1
cross-encoder,-0.16657961905002594,1
cross-encoder,-0.1566762924194336,1
cross-encoder,-0.13185986876487732,1
cross-encoder,-0.1264239102602005,1
cross-encoder,-0.10976890474557877,1
cross-encoder,-0.10644320398569107,1
cross-encoder,-0.10331948101520538,1
cross-encoder,-0.10218538343906403,1
cross-encoder,-0.09282571077346802,1
cross-encoder,-0.08465263247489929,1
cross-encoder,-0.08160535246133804,1
cross-encoder,-0.07815603166818619,1
cross-encoder,-0.07480894029140472,1
cross-encoder,-0.07128055393695831,1
cross-encoder,-0.06511293351650238,1
cross-encoder,-0.058631978929042816,1
cross-encoder,-0.0575157031416893,1
cross-encoder,-0.030077336356043816,1
cross-encoder,-0.02644565887749195,1
cross-encoder,-0.021820180118083954,1
cross-encoder,-0.021692510694265366,1
cross-encoder,-0.02073737233877182,1
cross-encoder,-0.008221335709095001,1
cross-encoder,-0.005615878850221634,1
cross-encoder,0.00197727233171463,1
cross-encoder,0.007291615009307861,1
cross-encoder,0.014736026525497437,1
cross-encoder,0.019490238279104233,1
cross-encoder,0.031513117253780365,1
cross-encoder,0.05394091084599495,1
cross-encoder,0.05643875524401665,1
cross-encoder,0.05771856755018234,1
cross-encoder,0.06477788835763931,1
cross-encoder,0.0717335045337677,1
cross-encoder,0.08238781243562698,1
cross-encoder,0.08409421145915985,1
cross-encoder,0.092072032392025,1
cross-encoder,0.0934051051735878,1
cross-encoder,0.10032355785369873,1
cross-encoder,0.10233083367347717,1
cross-encoder,0.1265144646167755,1
cross-encoder,0.13153347373008728,1
cross-encoder,0.13236477971076965,1
cross-encoder,0.13558492064476013,1
cross-encoder,0.13835421204566956,1
cross-encoder,0.1455451250076294,1
cross-encoder,0.15637770295143127,1
cross-encoder,0.16118478775024414,1
cross-encoder,0.16479037702083588,1
cross-encoder,0.1674865484237671,1
cross-encoder,0.16781018674373627,1
cross-encoder,0.17097562551498413,1
cross-encoder,0.17160987854003906,1
cross-encoder,0.17808836698532104,1
cross-encoder,0.18797031044960022,1
cross-encoder,0.19168806076049805,1
cross-encoder,0.22111943364143372,1
cross-encoder,0.22343818843364716,1
cross-encoder,0.22695466876029968,1
cross-encoder,0.22919383645057678,1
cross-encoder,0.23458105325698853,1
cross-encoder,0.23532798886299133,1
cross-encoder,0.2434222251176834,1
cross-encoder,0.24526464939117432,1
cross-encoder,0.2468094527721405,1
cross-encoder,0.250533789396286,1
cross-encoder,0.2546389400959015,1
cross-encoder,0.25490909814834595,1
cross-encoder,0.2652553915977478,1
cross-encoder,0.2659825086593628,1
cross-encoder,0.26983585953712463,1
cross-encoder,0.27235957980155945,1
cross-encoder,0.30652710795402527,1
cross-encoder,0.31838250160217285,1
cross-encoder,0.3187287449836731,1
cross-encoder,0.3322700560092926,1
cross-encoder,0.33286169171333313,1
cross-encoder,0.3334329128265381,1
cross-encoder,0.33757656812667847,1
cross-encoder,0.33827126026153564,1
cross-encoder,0.34467536211013794,1
cross-encoder,0.3521716594696045,1
cross-encoder,0.3593582510948181,1
cross-encoder,0.36010828614234924,1
cross-encoder,0.39053475856781006,1
cross-encoder,0.39842766523361206,1
cross-encoder,0.39891430735588074,1
cross-encoder,0.3996296525001526,1
cross-encoder,0.40645337104797363,1
cross-encoder,0.40892961621284485,1
cross-encoder,0.4126679301261902,2
cross-encoder,0.4148271679878235,1
cross-encoder,0.418818861246109,1
cross-encoder,0.42169666290283203,1
cross-encoder,0.42219293117523193,1
cross-encoder,0.4229796826839447,1
cross-encoder,0.4310712218284607,1
cross-encoder,0.44054287672042847,1
cross-encoder,0.4435804486274719,1
cross-encoder,0.4533606171607971,1
cross-encoder,0.4610527753829956,1
cross-encoder,0.47003060579299927,1
cross-encoder,0.47304248809814453,1
cross-encoder,0.47492480278015137,1
cross-encoder,0.483989953994751,1
cross-encoder,0.4862459897994995,1
cross-encoder,0.4915570020675659,1
cross-encoder,0.5020043849945068,1
cross-encoder,0.50534588098526,1
cross-encoder,0.5082219839096069,1
cross-encoder,0.5115975141525269,1
cross-encoder,0.5185273885726929,1
cross-encoder,0.5248724222183228,1
cross-encoder,0.5370504856109619,2
cross-encoder,0.5430935621261597,1
cross-encoder,0.5456899404525757,1
cross-encoder,0.5479974746704102,1
cross-encoder,0.5482951998710632,1
cross-encoder,0.5568244457244873,1
cross-encoder,0.560312032699585,1
cross-encoder,0.5791308879852295,1
cross-encoder,0.5832327008247375,1
cross-encoder,0.5927326083183289,1
cross-encoder,0.5957976579666138,1
cross-encoder,0.6077558398246765,1
cross-encoder,0.6108475923538208,1
cross-encoder,0.6230612397193909,1
cross-encoder,0.6240848898887634,1
cross-encoder,0.6245683431625366,1
cross-encoder,0.6364136338233948,1
cross-encoder,0.637416660785675,1
cross-encoder,0.6432881951332092,1
cross-encoder,0.6489795446395874,1
cross-encoder,0.6601409912109375,1
cross-encoder,0.6649097204208374,1
cross-encoder,0.6723591089248657,1
cross-encoder,0.6742163896560669,1
cross-encoder,0.6766928434371948,1
cross-encoder,0.6898987293243408,1
cross-encoder,0.696152925491333,1
cross-encoder,0.700495183467865,1
cross-encoder,0.7014410495758057,1
cross-encoder,0.7069780826568604,1
cross-encoder,0.7100450992584229,1
cross-encoder,0.717162013053894,1
cross-encoder,0.7216155529022217,1
cross-encoder,0.7303111553192139,1
cross-encoder,0.7386708855628967,1
cross-encoder,0.7411950826644897,1
cross-encoder,0.74931800365448,1
cross-encoder,0.7503927946090698,1
cross-encoder,0.7518632411956787,1
cross-encoder,0.76450115442276,1
cross-encoder,0.7674066424369812,1
cross-encoder,0.7843040227890015,1
cross-encoder,0.801571249961853,1
cross-encoder,0.8029584884643555,1
cross-encoder,0.8064873218536377,1
cross-encoder,0.8119136691093445,1
cross-encoder,0.812975287437439,1
cross-encoder,0.8195204734802246,2
cross-encoder,0.8276627659797668,1
cross-encoder,0.831081211566925,1
cross-encoder,0.8345812559127808,1
cross-encoder,0.8360594511032104,1
cross-encoder,0.8368774652481079,1
cross-encoder,0.8508782982826233,1
cross-encoder,0.8662801384925842,1
cross-encoder,0.8726765513420105,1
cross-encoder,0.8741163015365601,1
cross-encoder,0.8747971057891846,1
cross-encoder,0.8762462139129639,1
cross-encoder,0.8848044276237488,1
cross-encoder,0.8866112232208252,1
cross-encoder,0.8972606658935547,1
cross-encoder,0.8989882469177246,1
cross-encoder,0.9011173248291016,1
cross-encoder,0.9174662232398987,1
cross-encoder,0.9210460186004639,1
cross-encoder,0.9440443515777588,1
cross-encoder,0.9563146829605103,1
cross-encoder,0.9617356061935425,1
cross-encoder,0.9621798992156982,1
cross-encoder,0.9640986323356628,1
cross-encoder,0.9776624441146851,1
cross-encoder,0.9797624349594116,1
cross-encoder,0.9830201268196106,1
cross-encoder,0.9834260940551758,1
cross-encoder,0.9862626194953918,1
cross-encoder,0.9916690587997437,1
cross-encoder,1.0011155605316162,1
cross-encoder,1.003745675086975,1
cross-encoder,1.0081486701965332,1
cross-encoder,1.0082663297653198,1
cross-encoder,1.012811303138733,1
cross-encoder,1.0187307596206665,1
cross-encoder,1.0191071033477783,1
cross-encoder,1.0274837017059326,1
cross-encoder,1.0282574892044067,1
cross-encoder,1.0309441089630127,1
cross-encoder,1.0309442281723022,1
cross-encoder,1.0350338220596313,1
cross-encoder,1.0357751846313477,1
cross-encoder,1.0386505126953125,1
cross-encoder,1.0411124229431152,1
cross-encoder,1.043230414390564,1
cross-encoder,1.050809621810913,1
cross-encoder,1.0512584447860718,1
cross-encoder,1.0565786361694336,1
cross-encoder,1.058110237121582,1
cross-encoder,1.0665597915649414,1
cross-encoder,1.067757487297058,1
cross-encoder,1.070346713066101,1
cross-encoder,1.0981686115264893,1
cross-encoder,1.1008471250534058,1
cross-encoder,1.1130443811416626,1
cross-encoder,1.1158030033111572,1
cross-encoder,1.1175429821014404,1
cross-encoder,1.1191167831420898,1
cross-encoder,1.1209369897842407,1
cross-encoder,1.1298860311508179,1
cross-encoder,1.1385555267333984,1
cross-encoder,1.1449153423309326,1
cross-encoder,1.1463539600372314,1
cross-encoder,1.153267741203308,1
cross-encoder,1.1580579280853271,1
cross-encoder,1.1620903015136719,1
cross-encoder,1.1699087619781494,1
cross-encoder,1.1718335151672363,1
cross-encoder,1.1861975193023682,1
cross-encoder,1.1961182355880737,1
cross-encoder,1.205014705657959,1
cross-encoder,1.20798921585083,1
cross-encoder,1.211397409439087,1
cross-encoder,1.2171399593353271,1
cross-encoder,1.2381538152694702,1
cross-encoder,1.2444546222686768,1
cross-encoder,1.244674563407898,1
cross-encoder,1.252884864807129,1
cross-encoder,1.2531578540802002,1
cross-encoder,1.2596447467803955,1
cross-encoder,1.2603962421417236,1
cross-encoder,1.2652108669281006,1
cross-encoder,1.2654836177825928,1
cross-encoder,1.2701897621154785,1
cross-encoder,1.284883737564087,1
cross-encoder,1.307382345199585,1
cross-encoder,1.3154945373535156,1
cross-encoder,1.3204755783081055,1
cross-encoder,1.35270094871521,1
cross-encoder,1.3566665649414062,1
cross-encoder,1.3610007762908936,1
cross-encoder,1.3672596216201782,1
cross-encoder,1.3684992790222168,1
cross-encoder,1.3883371353149414,1
cross-encoder,1.3916852474212646,1
cross-encoder,1.3933309316635132,1
cross-encoder,1.4003283977508545,1
cross-encoder,1.4067773818969727,1
cross-encoder,1.4068529605865479,1
cross-encoder,1.4146504402160645,1
cross-encoder,1.415500283241272,1
cross-encoder,1.4215123653411865,1
cross-encoder,1.4287141561508179,1
cross-encoder,1.4346215724945068,1
cross-encoder,1.4355639219284058,1
cross-encoder,1.4361755847930908,1
cross-encoder,1.4468467235565186,1
cross-encoder,1.448116660118103,1
cross-encoder,1.4552794694900513,1
cross-encoder,1.4575481414794922,1
cross-encoder,1.4612584114074707,1
cross-encoder,1.461573839187622,1
cross-encoder,1.4795259237289429,1
cross-encoder,1.4868505001068115,1
cross-encoder,1.4940496683120728,1
cross-encoder,1.5068129301071167,1
cross-encoder,1.5077077150344849,1
cross-encoder,1.5203661918640137,1
cross-encoder,1.5285823345184326,1
cross-encoder,1.5298244953155518,1
cross-encoder,1.529973030090332,1
cross-encoder,1.5415382385253906,1
cross-encoder,1.5544674396514893,1
cross-encoder,1.5563383102416992,1
cross-encoder,1.5665448904037476,1
cross-encoder,1.56955087184906,1
cross-encoder,1.5755407810211182,1
cross-encoder,1.5774261951446533,1
cross-encoder,1.5885857343673706,1
cross-encoder,1.5944881439208984,1
cross-encoder,1.596656322479248,1
cross-encoder,1.5995014905929565,1
cross-encoder,1.620629072189331,1
cross-encoder,1.6222771406173706,1
cross-encoder,1.6246988773345947,1
cross-encoder,1.6259546279907227,1
cross-encoder,1.629319429397583,1
cross-encoder,1.6341031789779663,1
cross-encoder,1.6451139450073242,1
cross-encoder,1.6507694721221924,1
cross-encoder,1.6527185440063477,1
cross-encoder,1.6682677268981934,1
cross-encoder,1.6700985431671143,1
cross-encoder,1.6798696517944336,1
cross-encoder,1.6889874935150146,1
cross-encoder,1.6916245222091675,1
cross-encoder,1.7048282623291016,1
cross-encoder,1.706636905670166,1
cross-encoder,1.7110440731048584,1
cross-encoder,1.718343734741211,1
cross-encoder,1.723029613494873,1
cross-encoder,1.7239041328430176,1
cross-encoder,1.728072166442871,1
cross-encoder,1.739774227142334,1
cross-encoder,1.7526617050170898,1
cross-encoder,1.7621748447418213,1
cross-encoder,1.764533281326294,1
cross-encoder,1.774623155593872,1
cross-encoder,1.7900309562683105,1
cross-encoder,1.797685146331787,1
cross-encoder,1.8063323497772217,1
cross-encoder,1.832040786743164,1
cross-encoder,1.8330583572387695,1
cross-encoder,1.8350493907928467,1
cross-encoder,1.8375661373138428,1
cross-encoder,1.849092960357666,1
cross-encoder,1.8619654178619385,1
cross-encoder,1.8689734935760498,1
cross-encoder,1.8805806636810303,1
cross-encoder,1.8835015296936035,1
cross-encoder,1.8843019008636475,1
cross-encoder,1.8876557350158691,1
cross-encoder,1.8930442333221436,1
cross-encoder,1.8950591087341309,1
cross-encoder,1.9027454853057861,1
cross-encoder,1.9141372442245483,1
cross-encoder,1.9156869649887085,1
cross-encoder,1.922001838684082,1
cross-encoder,1.922815203666687,1
cross-encoder,1.9332879781723022,1
cross-encoder,1.9482579231262207,1
cross-encoder,1.953993558883667,1
cross-encoder,1.9554978609085083,1
cross-encoder,1.9648557901382446,1
cross-encoder,1.9649569988250732,1
cross-encoder,1.972200632095337,1
cross-encoder,1.9958653450012207,1
cross-encoder,2.002741575241089,1
cross-encoder,2.003164768218994,1
cross-encoder,2.0219733715057373,1
cross-encoder,2.0260732173919678,1
cross-encoder,2.0331716537475586,1
cross-encoder,2.0474724769592285,1
cross-encoder,2.048213481903076,1
cross-encoder,2.051431655883789,1
cross-encoder,2.0552656650543213,1
cross-encoder,2.063598394393921,1
cross-encoder,2.068765640258789,1
cross-encoder,2.078963041305542,1
cross-encoder,2.0941402912139893,1
cross-encoder,2.106980800628662,1
cross-encoder,2.1156516075134277,1
cross-encoder,2.1220316886901855,1
cross-encoder,2.126919746398926,1
cross-encoder,2.135960817337036,1
cross-encoder,2.137298345565796,1
cross-encoder,2.141467571258545,1
cross-encoder,2.1415581703186035,1
cross-encoder,2.141810417175293,1
cross-encoder,2.1480605602264404,1
cross-encoder,2.1556341648101807,1
cross-encoder,2.16726016998291,1
cross-encoder,2.16861891746521,1
cross-encoder,2.174586296081543,1
cross-encoder,2.176917552947998,1
cross-encoder,2.1801226139068604,1
cross-encoder,2.186542272567749,1
cross-encoder,2.187943458557129,1
cross-encoder,2.190556049346924,1
cross-encoder,2.1926398277282715,1
cross-encoder,2.211655616760254,1
cross-encoder,2.2165489196777344,1
cross-encoder,2.2485077381134033,1
cross-encoder,2.2499475479125977,2
cross-encoder,2.2553646564483643,1
cross-encoder,2.261786937713623,1
cross-encoder,2.2632899284362793,1
cross-encoder,2.266819953918457,1
cross-encoder,2.2753806114196777,1
cross-encoder,2.2760696411132812,1
cross-encoder,2.2833566665649414,1
cross-encoder,2.2924561500549316,1
cross-encoder,2.297511577606201,1
cross-encoder,2.300027847290039,1
cross-encoder,2.307321071624756,1
cross-encoder,2.3193955421447754,1
cross-encoder,2.380095958709717,1
cross-encoder,2.384023666381836,1
cross-encoder,2.39475154876709,1
cross-encoder,2.4073269367218018,1
cross-encoder,2.4125595092773438,1
cross-encoder,2.413511276245117,1
cross-encoder,2.4182581901550293,1
cross-encoder,2.4198360443115234,1
cross-encoder,2.4524667263031006,1
cross-encoder,2.457834482192993,1
cross-encoder,2.4624462127685547,1
cross-encoder,2.4636788368225098,1
cross-encoder,2.4690418243408203,1
cross-encoder,2.472238063812256,1
cross-encoder,2.4827027320861816,2
cross-encoder,2.4843478202819824,1
cross-encoder,2.49172043800354,1
cross-encoder,2.5033206939697266,1
cross-encoder,2.512392044067383,1
cross-encoder,2.519256591796875,1
cross-encoder,2.5217385292053223,1
cross-encoder,2.521923542022705,1
cross-encoder,2.536695957183838,1
cross-encoder,2.5407967567443848,1
cross-encoder,2.543285608291626,1
cross-encoder,2.5678505897521973,1
cross-encoder,2.5792038440704346,1
cross-encoder,2.5833046436309814,1
cross-encoder,2.590770721435547,1
cross-encoder,2.5974273681640625,1
cross-encoder,2.6060566902160645,1
cross-encoder,2.608924627304077,1
cross-encoder,2.623173952102661,1
cross-encoder,2.6268115043640137,1
cross-encoder,2.6379942893981934,1
cross-encoder,2.6428892612457275,1
cross-encoder,2.6481289863586426,1
cross-encoder,2.651212215423584,1
cross-encoder,2.6591973304748535,1
cross-encoder,2.6650702953338623,1
cross-encoder,2.687134265899658,1
cross-encoder,2.6872787475585938,1
cross-encoder,2.708610773086548,1
cross-encoder,2.7109808921813965,1
cross-encoder,2.7151756286621094,1
cross-encoder,2.7234561443328857,1
cross-encoder,2.7308621406555176,1
cross-encoder,2.744847059249878,1
cross-encoder,2.759042263031006,1
cross-encoder,2.7598211765289307,1
cross-encoder,2.777737855911255,1
cross-encoder,2.8013663291931152,1
cross-encoder,2.8073463439941406,1
cross-encoder,2.810067892074585,1
cross-encoder,2.8184080123901367,1
cross-encoder,2.832420587539673,1
cross-encoder,2.8344717025756836,1
cross-encoder,2.8372621536254883,1
cross-encoder,2.86021089553833,1
cross-encoder,2.8650853633880615,1
cross-encoder,2.868654727935791,1
cross-encoder,2.877624034881592,1
cross-encoder,2.8794684410095215,1
cross-encoder,2.8886561393737793,1
cross-encoder,2.9074602127075195,1
cross-encoder,2.9075045585632324,1
cross-encoder,2.9084181785583496,1
cross-encoder,2.9121577739715576,1
cross-encoder,2.9155285358428955,1
cross-encoder,2.9209203720092773,1
cross-encoder,2.9225845336914062,1
cross-encoder,2.948399543762207,1
cross-encoder,2.950157642364502,1
cross-encoder,2.9552648067474365,1
cross-encoder,2.9560554027557373,1
cross-encoder,2.9689712524414062,1
cross-encoder,2.9694881439208984,1
cross-encoder,2.9713313579559326,1
cross-encoder,2.9723029136657715,1
cross-encoder,2.9764490127563477,1
cross-encoder,2.9805965423583984,1
cross-encoder,2.9819929599761963,1
cross-encoder,2.9916436672210693,1
cross-encoder,2.995319366455078,1
cross-encoder,3.0016071796417236,1
cross-encoder,3.0143654346466064,1
cross-encoder,3.022383689880371,1
cross-encoder,3.0329689979553223,1
cross-encoder,3.034170389175415,1
cross-encoder,3.038054943084717,1
cross-encoder,3.0384488105773926,1
cross-encoder,3.0457606315612793,1
cross-encoder,3.069929361343384,1
cross-encoder,3.078795909881592,1
cross-encoder,3.097869873046875,1
cross-encoder,3.10539174079895,1
cross-encoder,3.114849805831909,1
cross-encoder,3.115957260131836,1
cross-encoder,3.120070695877075,1
cross-encoder,3.1239914894104004,1
cross-encoder,3.143881320953369,1
cross-encoder,3.1631698608398438,1
cross-encoder,3.1761600971221924,1
cross-encoder,3.1762709617614746,1
cross-encoder,3.215892791748047,1
cross-encoder,3.219367027282715,1
cross-encoder,3.2206931114196777,1
cross-encoder,3.2219104766845703,1
cross-encoder,3.225285768508911,1
cross-encoder,3.226576328277588,1
cross-encoder,3.2322394847869873,1
cross-encoder,3.2380733489990234,1
cross-encoder,3.24318528175354,1
cross-encoder,3.2459216117858887,1
cross-encoder,3.272385597229004,1
cross-encoder,3.273212194442749,1
cross-encoder,3.2838311195373535,1
cross-encoder,3.2891170978546143,1
cross-encoder,3.290775775909424,1
cross-encoder,3.2912211418151855,1
cross-encoder,3.300830602645874,1
cross-encoder,3.3052592277526855,1
cross-encoder,3.3174214363098145,1
cross-encoder,3.334656238555908,1
cross-encoder,3.3483667373657227,1
cross-encoder,3.348473072052002,1
cross-encoder,3.365138530731201,1
cross-encoder,3.3698222637176514,1
cross-encoder,3.376105308532715,1
cross-encoder,3.404265880584717,1
cross-encoder,3.4213168621063232,1
cross-encoder,3.4378654956817627,1
cross-encoder,3.4416236877441406,1
cross-encoder,3.4484639167785645,1
cross-encoder,3.4512133598327637,1
cross-encoder,3.4722256660461426,1
cross-encoder,3.4813597202301025,1
cross-encoder,3.4823198318481445,1
cross-encoder,3.482600688934326,1
cross-encoder,3.4918274879455566,1
cross-encoder,3.4931352138519287,1
cross-encoder,3.4940967559814453,1
cross-encoder,3.5071029663085938,1
cross-encoder,3.514025926589966,1
cross-encoder,3.5207555294036865,1
cross-encoder,3.5264158248901367,1
cross-encoder,3.5315420627593994,1
cross-encoder,3.5329136848449707,1
cross-encoder,3.5390725135803223,1
cross-encoder,3.595698833465576,1
cross-encoder,3.597872734069824,1
cross-encoder,3.5979342460632324,1
cross-encoder,3.598910093307495,1
cross-encoder,3.6016886234283447,1
cross-encoder,3.6212151050567627,1
cross-encoder,3.6289894580841064,1
cross-encoder,3.6327414512634277,1
cross-encoder,3.6507034301757812,1
cross-encoder,3.665296792984009,1
cross-encoder,3.666940689086914,1
cross-encoder,3.6760692596435547,1
cross-encoder,3.7157838344573975,1
cross-encoder,3.750265598297119,1
cross-encoder,3.7713747024536133,1
cross-encoder,3.7949304580688477,1
cross-encoder,3.7949748039245605,1
cross-encoder,3.8035168647766113,1
cross-encoder,3.8087854385375977,1
cross-encoder,3.820830821990967,1
cross-encoder,3.8391709327697754,1
cross-encoder,3.8432159423828125,1
cross-encoder,3.8457083702087402,1
cross-encoder,3.8473269939422607,1
cross-encoder,3.872227191925049,1
cross-encoder,3.878509998321533,1
cross-encoder,3.8831610679626465,1
cross-encoder,3.8854098320007324,1
cross-encoder,3.888080596923828,1
cross-encoder,3.901021957397461,1
cross-encoder,3.903277635574341,2
cross-encoder,3.9081151485443115,1
cross-encoder,3.9230246543884277,1
cross-encoder,3.9406375885009766,1
cross-encoder,3.9411745071411133,1
cross-encoder,3.949258327484131,1
cross-encoder,3.9775259494781494,1
cross-encoder,3.9795193672180176,1
cross-encoder,3.993870496749878,1
cross-encoder,4.004021167755127,1
cross-encoder,4.004830360412598,1
cross-encoder,4.017413139343262,1
cross-encoder,4.0193328857421875,1
cross-encoder,4.022314071655273,1
cross-encoder,4.0329084396362305,1
cross-encoder,4.034873008728027,1
cross-encoder,4.038824081420898,1
cross-encoder,4.046392440795898,1
cross-encoder,4.053802490234375,1
cross-encoder,4.060606002807617,1
cross-encoder,4.074081897735596,1
cross-encoder,4.080127716064453,1
cross-encoder,4.080321311950684,1
cross-encoder,4.095251083374023,1
cross-encoder,4.100670337677002,1
cross-encoder,4.108697891235352,1
cross-encoder,4.119770050048828,1
cross-encoder,4.134328842163086,1
cross-encoder,4.140806198120117,1
cross-encoder,4.167250633239746,1
cross-encoder,4.190672397613525,1
cross-encoder,4.199556827545166,1
cross-encoder,4.2018585205078125,1
cross-encoder,4.212472915649414,1
cross-encoder,4.212712287902832,1
cross-encoder,4.225072860717773,1
cross-encoder,4.227726936340332,1
cross-encoder,4.229484558105469,1
cross-encoder,4.238035202026367,1
cross-encoder,4.258700847625732,1
cross-encoder,4.260280609130859,1
cross-encoder,4.270155906677246,1
cross-encoder,4.270321369171143,1
cross-encoder,4.275350570678711,1
cross-encoder,4.284615516662598,1
cross-encoder,4.29390811920166,1
cross-encoder,4.300811767578125,1
cross-encoder,4.317557334899902,1
cross-encoder,4.332449913024902,1
cross-encoder,4.347834587097168,1
cross-encoder,4.386801719665527,1
cross-encoder,4.391016483306885,1
cross-encoder,4.394619464874268,1
cross-encoder,4.414280891418457,1
cross-encoder,4.4403533935546875,1
cross-encoder,4.455023288726807,1
cross-encoder,4.496950149536133,1
cross-encoder,4.506439208984375,1
cross-encoder,4.519796371459961,1
cross-encoder,4.541798114776611,1
cross-encoder,4.558481216430664,1
cross-encoder,4.559504508972168,1
cross-encoder,4.5612077713012695,1
cross-encoder,4.571820259094238,1
cross-encoder,4.574089050292969,1
cross-encoder,4.576086044311523,1
cross-encoder,4.589313507080078,1
cross-encoder,4.606407165527344,1
cross-encoder,4.613770008087158,1
cross-encoder,4.629106044769287,1
cross-encoder,4.637848854064941,1
cross-encoder,4.644778728485107,2
cross-encoder,4.653828144073486,1
cross-encoder,4.655282020568848,1
cross-encoder,4.665335655212402,1
cross-encoder,4.675501823425293,1
cross-encoder,4.692107200622559,1
cross-encoder,4.716292381286621,1
cross-encoder,4.731284141540527,1
cross-encoder,4.7377142906188965,1
cross-encoder,4.7515716552734375,1
cross-encoder,4.757851600646973,1
cross-encoder,4.772941589355469,1
cross-encoder,4.789461135864258,1
cross-encoder,4.794918060302734,1
cross-encoder,4.7953386306762695,1
cross-encoder,4.805759429931641,1
cross-encoder,4.816656589508057,1
cross-encoder,4.837961196899414,1
cross-encoder,4.839072227478027,1
cross-encoder,4.841516017913818,1
cross-encoder,4.867905616760254,1
cross-encoder,4.868166446685791,1
cross-encoder,4.902229309082031,1
cross-encoder,4.902810096740723,1
cross-encoder,4.903031349182129,1
cross-encoder,4.904192924499512,1
cross-encoder,4.912243843078613,1
cross-encoder,4.931583404541016,1
cross-encoder,4.936531066894531,1
cross-encoder,4.941952705383301,1
cross-encoder,4.948805809020996,1
cross-encoder,4.963342666625977,1
cross-encoder,4.997976303100586,1
cross-encoder,5.0003252029418945,1
cross-encoder,5.0075154304504395,1
cross-encoder,5.008566856384277,1
cross-encoder,5.011934280395508,1
cross-encoder,5.019156455993652,1
cross-encoder,5.019189834594727,1
cross-encoder,5.057291030883789,1
cross-encoder,5.0601348876953125,1
cross-encoder,5.064052581787109,1
cross-encoder,5.075927734375,1
cross-encoder,5.101534843444824,1
cross-encoder,5.1130523681640625,1
cross-encoder,5.115817546844482,1
cross-encoder,5.115843772888184,1
cross-encoder,5.1378350257873535,1
cross-encoder,5.166647911071777,1
cross-encoder,5.174821853637695,1
cross-encoder,5.176709175109863,1
cross-encoder,5.181821346282959,1
cross-encoder,5.2104387283325195,1
cross-encoder,5.215155601501465,1
cross-encoder,5.219239234924316,1
cross-encoder,5.225709438323975,1
cross-encoder,5.235830307006836,1
cross-encoder,5.248095512390137,1
cross-encoder,5.257117748260498,1
cross-encoder,5.263991355895996,1
cross-encoder,5.292428016662598,1
cross-encoder,5.292851448059082,1
cross-encoder,5.309578895568848,1
cross-encoder,5.325603485107422,1
cross-encoder,5.35909366607666,1
cross-encoder,5.359976768493652,1
cross-encoder,5.362942695617676,1
cross-encoder,5.378359317779541,1
cross-encoder,5.38155460357666,1
cross-encoder,5.442243576049805,1
cross-encoder,5.47573709487915,1
cross-encoder,5.4881510734558105,1
cross-encoder,5.523194789886475,1
cross-encoder,5.548999786376953,1
cross-encoder,5.572701454162598,1
cross-encoder,5.5811004638671875,1
cross-encoder,5.596837520599365,1
cross-encoder,5.607477188110352,1
cross-encoder,5.609432220458984,1
cross-encoder,5.630680561065674,1
cross-encoder,5.640681266784668,1
cross-encoder,5.693816661834717,1
cross-encoder,5.694217205047607,1
cross-encoder,5.69676399230957,1
cross-encoder,5.706484794616699,1
cross-encoder,5.71708869934082,1
cross-encoder,5.7300872802734375,2
cross-encoder,5.749980926513672,1
cross-encoder,5.751702785491943,1
cross-encoder,5.761601448059082,1
cross-encoder,5.791219711303711,1
cross-encoder,5.8068461418151855,1
cross-encoder,5.810935974121094,1
cross-encoder,5.812826633453369,1
cross-encoder,5.834419250488281,1
cross-encoder,5.836207389831543,1
cross-encoder,5.863041877746582,2
cross-encoder,5.869204044342041,1
cross-encoder,5.871135711669922,1
cross-encoder,5.886799335479736,1
cross-encoder,5.889094352722168,1
cross-encoder,5.931944847106934,1
cross-encoder,5.941603660583496,1
cross-encoder,5.953814506530762,1
cross-encoder,5.967074871063232,1
cross-encoder,5.9718122482299805,1
cross-encoder,6.002313137054443,1
cross-encoder,6.005629062652588,1
cross-encoder,6.008517265319824,1
cross-encoder,6.011463165283203,1
cross-encoder,6.01292085647583,1
cross-encoder,6.013566493988037,1
cross-encoder,6.035689353942871,1
cross-encoder,6.0748724937438965,1
cross-encoder,6.096025466918945,1
cross-encoder,6.13311767578125,1
cross-encoder,6.141579627990723,1
cross-encoder,6.144961357116699,1
cross-encoder,6.150075435638428,1
cross-encoder,6.153681755065918,1
cross-encoder,6.18765926361084,1
cross-encoder,6.22382926940918,1
cross-encoder,6.231650352478027,1
cross-encoder,6.250297546386719,1
cross-encoder,6.259382247924805,1
cross-encoder,6.306915283203125,1
cross-encoder,6.314815044403076,1
cross-encoder,6.33969783782959,1
cross-encoder,6.344011306762695,1
cross-encoder,6.347313404083252,1
cross-encoder,6.395482063293457,1
cross-encoder,6.399820327758789,1
cross-encoder,6.411780834197998,1
cross-encoder,6.4192705154418945,1
cross-encoder,6.468918323516846,1
cross-encoder,6.482341289520264,1
cross-encoder,6.500262260437012,1
cross-encoder,6.502270698547363,1
cross-encoder,6.507290840148926,1
cross-encoder,6.5101118087768555,1
cross-encoder,6.527398586273193,1
cross-encoder,6.5381317138671875,1
cross-encoder,6.553998947143555,1
cross-encoder,6.562262535095215,1
cross-encoder,6.567460060119629,1
cross-encoder,6.57080078125,1
cross-encoder,6.593165397644043,1
cross-encoder,6.622641563415527,1
cross-encoder,6.662308216094971,1
cross-encoder,6.6686482429504395,1
cross-encoder,6.771629333496094,1
cross-encoder,6.848423957824707,1
cross-encoder,6.873591423034668,2
cross-encoder,6.879583358764648,1
cross-encoder,6.92994499206543,1
cross-encoder,6.9331512451171875,1
cross-encoder,6.9381103515625,1
cross-encoder,6.9532952308654785,1
cross-encoder,7.002630233764648,1
cross-encoder,7.0883893966674805,1
cross-encoder,7.116352081298828,1
cross-encoder,7.117364883422852,1
cross-encoder,7.149389266967773,2
cross-encoder,7.1820197105407715,1
cross-encoder,7.2407708168029785,1
cross-encoder,7.278128623962402,2
cross-encoder,7.3164262771606445,1
cross-encoder,7.4062089920043945,1
cross-encoder,7.479508399963379,1
cross-encoder,7.517532825469971,1
cross-encoder,7.554190635681152,1
cross-encoder,7.568782806396484,1
cross-encoder,7.575630187988281,1
cross-encoder,7.58386754989624,1
cross-encoder,7.592593193054199,1
cross-encoder,7.64000940322876,1
cross-encoder,7.678797245025635,1
cross-encoder,7.712745189666748,1
cross-encoder,7.740962028503418,1
cross-encoder,7.741391658782959,1
cross-encoder,7.7571120262146,1
cross-encoder,7.781868934631348,1
cross-encoder,7.838168144226074,1
cross-encoder,7.867265224456787,1
cross-encoder,7.872519493103027,1
cross-encoder,7.897856712341309,1
cross-encoder,7.922842025756836,1
cross-encoder,7.952759265899658,1
cross-encoder,7.961554527282715,1
cross-encoder,7.984011650085449,1
cross-encoder,8.001548767089844,1
cross-encoder,8.07817268371582,1
cross-encoder,8.132728576660156,1
cross-encoder,8.14257526397705,1
cross-encoder,8.156679153442383,1
cross-encoder,8.262214660644531,1
cross-encoder,8.262506484985352,1
cross-encoder,8.322301864624023,1
cross-encoder,8.4093017578125,1
cross-encoder,8.422834396362305,1
cross-encoder,8.491121292114258,1
cross-encoder,8.577028274536133,1
cross-encoder,8.642271041870117,1
cross-encoder,8.826726913452148,1
cross-encoder,8.834246635437012,1
cross-encoder,8.92952823638916,1
cross-encoder,9.020878791809082,1
cross-encoder,9.146646499633789,1
jev-score,0.0,561
jev-score,0.01,459
jev-score,0.02,218
jev-score,0.03,154
jev-score,0.04,139
jev-score,0.05,96
jev-score,0.06,74
jev-score,0.07,62
jev-score,0.08,41
jev-score,0.09,43
jev-score,0.1,40
jev-score,0.11,58
jev-score,0.12,39
jev-score,0.13,50
jev-score,0.14,36
jev-score,0.15,25
jev-score,0.16,38
jev-score,0.17,37
jev-score,0.18,25
jev-score,0.19,24
jev-score,0.2,20
jev-score,0.21,33
jev-score,0.22,25
jev-score,0.23,14
jev-score,0.24,38
jev-score,0.25,16
jev-score,0.26,23
jev-score,0.27,22
jev-score,0.28,24
jev-score,0.29,16
jev-score,0.3,24
jev-score,0.31,27
jev-score,0.32,14
jev-score,0.33,15
jev-score,0.34,13
jev-score,0.35,26
jev-score,0.36,13
jev-score,0.37,24
jev-score,0.38,12
jev-score,0.39,17
jev-score,0.4,22
jev-score,0.41,13
jev-score,0.42,15
jev-score,0.43,19
jev-score,0.44,23
jev-score,0.45,16
jev-score,0.46,16
jev-score,0.47,16
jev-score,0.48,12
jev-score,0.49,17
jev-score,0.5,17
jev-score,0.51,19
jev-score,0.52,14
jev-score,0.53,16
jev-score,0.54,24
jev-score,0.55,14
jev-score,0.56,20
jev-score,0.57,14
jev-score,0.58,20
jev-score,0.59,22
jev-score,0.6,18
jev-score,0.61,17
jev-score,0.62,24
jev-score,0.63,10
jev-score,0.64,19
jev-score,0.65,17
jev-score,0.66,15
jev-score,0.67,12
jev-score,0.68,16
jev-score,0.69,19
jev-score,0.7,19
jev-score,0.71,24
jev-score,0.72,20
jev-score,0.73,18
jev-score,0.74,15
jev-score,0.75,15
jev-score,0.76,13
jev-score,0.77,15
jev-score,0.78,21
jev-score,0.79,19
jev-score,0.8,14
jev-score,0.81,20
jev-score,0.82,22
jev-score,0.83,27
jev-score,0.84,19
jev-score,0.85,17
jev-score,0.86,16
jev-score,0.87,15
jev-score,0.88,16
jev-score,0.89,15
jev-score,0.9,16
jev-score,0.91,20
jev-score,0.92,17
jev-score,0.93,18
jev-score,0.94,19
jev-score,0.95,14
jev-score,0.96,22
jev-score,0.97,15
jev-score,0.98,19
jev-score,0.99,16
jev-score,1.0,14
jev-score,1.01,19
jev-score,1.02,13
jev-score,1.03,9
jev-score,1.04,21
jev-score,1.05,30
jev-score,1.06,11
jev-score,1.07,14
jev-score,1.08,14
jev-score,1.09,20
jev-score,1.1,11
jev-score,1.11,13
jev-score,1.12,18
jev-score,1.13,23
jev-score,1.14,20
jev-score,1.15,18
jev-score,1.16,11
jev-score,1.17,12
jev-score,1.18,12
jev-score,1.19,15
jev-score,1.2,14
jev-score,1.21,15
jev-score,1.22,7
jev-score,1.23,18
jev-score,1.24,13
jev-score,1.25,14
jev-score,1.26,3
jev-score,1.27,14
jev-score,1.28,12
jev-score,1.29,12
jev-score,1.3,13
jev-score,1.31,16
jev-score,1.32,12
jev-score,1.33,12
jev-score,1.34,9
jev-score,1.35,18
jev-score,1.36,8
jev-score,1.37,13
jev-score,1.38,9
jev-score,1.39,17
jev-score,1.4,15
jev-score,1.41,13
jev-score,1.42,16
jev-score,1.43,7
jev-score,1.44,12
jev-score,1.45,9
jev-score,1.46,9
jev-score,1.47,13
jev-score,1.48,7
jev-score,1.49,7
jev-score,1.5,6
jev-score,1.51,7
jev-score,1.52,15
jev-score,1.53,16
jev-score,1.54,15
jev-score,1.55,9
jev-score,1.56,11
jev-score,1.57,14
jev-score,1.58,14
jev-score,1.59,9
jev-score,1.6,10
jev-score,1.61,11
jev-score,1.62,6
jev-score,1.63,11
jev-score,1.64,6
jev-score,1.65,14
jev-score,1.66,10
jev-score,1.67,14
jev-score,1.68,7
jev-score,1.69,17
jev-score,1.7,12
jev-score,1.71,15
jev-score,1.72,12
jev-score,1.73,18
jev-score,1.74,8
jev-score,1.75,14
jev-score,1.76,7
jev-score,1.77,13
jev-score,1.78,6
jev-score,1.79,10
jev-score,1.8,11
jev-score,1.81,13
jev-score,1.82,12
jev-score,1.83,13
jev-score,1.84,13
jev-score,1.85,10
jev-score,1.86,11
jev-score,1.87,14
jev-score,1.88,10
jev-score,1.89,11
jev-score,1.9,13
jev-score,1.91,16
jev-score,1.92,12
jev-score,1.93,15
jev-score,1.94,7
jev-score,1.95,5
jev-score,1.96,10
jev-score,1.97,14
jev-score,1.98,13
jev-score,1.99,17
jev-score,2.0,8
jev-score,2.01,15
jev-score,2.02,8
jev-score,2.03,8
jev-score,2.04,9
jev-score,2.05,5
jev-score,2.06,14
jev-score,2.07,5
jev-score,2.08,18
jev-score,2.09,15
jev-score,2.1,11
jev-score,2.11,12
jev-score,2.12,17
jev-score,2.13,7
jev-score,2.14,5
jev-score,2.15,15
jev-score,2.16,7
jev-score,2.17,8
jev-score,2.18,13
jev-score,2.19,18
jev-score,2.2,18
jev-score,2.21,13
jev-score,2.22,15
jev-score,2.23,8
jev-score,2.24,14
jev-score,2.25,11
jev-score,2.26,8
jev-score,2.27,12
jev-score,2.28,9
jev-score,2.29,13
jev-score,2.3,11
jev-score,2.31,12
jev-score,2.32,11
jev-score,2.33,13
jev-score,2.34,13
jev-score,2.35,18
jev-score,2.36,17
jev-score,2.37,19
jev-score,2.38,14
jev-score,2.39,11
jev-score,2.4,16
jev-score,2.41,10
jev-score,2.42,12
jev-score,2.43,14
jev-score,2.44,13
jev-score,2.45,10
jev-score,2.46,14
jev-score,2.47,15
jev-score,2.48,11
jev-score,2.49,11
jev-score,2.5,9
jev-score,2.51,8
jev-score,2.52,13
jev-score,2.53,19
jev-score,2.54,7
jev-score,2.55,10
jev-score,2.56,17
jev-score,2.57,18
jev-score,2.58,11
jev-score,2.59,18
jev-score,2.6,17
jev-score,2.61,9
jev-score,2.62,14
jev-score,2.63,5
jev-score,2.64,11
jev-score,2.65,12
jev-score,2.66,12
jev-score,2.67,11
jev-score,2.68,12
jev-score,2.69,14
jev-score,2.7,7
jev-score,2.71,10
jev-score,2.72,19
jev-score,2.73,19
jev-score,2.74,9
jev-score,2.75,17
jev-score,2.76,8
jev-score,2.77,10
jev-score,2.78,9
jev-score,2.79,4
jev-score,2.8,15
jev-score,2.81,8
jev-score,2.82,8
jev-score,2.83,9
jev-score,2.84,6
jev-score,2.85,9
jev-score,2.86,7
jev-score,2.87,12
jev-score,2.88,11
jev-score,2.89,14
jev-score,2.9,12
jev-score,2.91,6
jev-score,2.92,5
jev-score,2.93,7
jev-score,2.94,7
jev-score,2.95,12
jev-score,2.96,9
jev-score,2.97,7
jev-score,2.98,4
jev-score,2.99,9
jev-score,3.0,13
jev-score,3.01,9
jev-score,3.02,6
jev-score,3.03,7
jev-score,3.04,7
jev-score,3.05,7
jev-score,3.06,6
jev-score,3.07,7
jev-score,3.08,5
jev-score,3.09,5
jev-score,3.1,10
jev-score,3.11,11
jev-score,3.12,3
jev-score,3.13,10
jev-score,3.14,8
jev-score,3.15,4
jev-score,3.16,10
jev-score,3.17,5
jev-score,3.18,9
jev-score,3.19,4
jev-score,3.2,7
jev-score,3.21,7
jev-score,3.22,8
jev-score,3.23,2
jev-score,3.24,10
jev-score,3.25,2
jev-score,3.26,3
jev-score,3.27,9
jev-score,3.28,4
jev-score,3.29,5
jev-score,3.3,2
jev-score,3.31,5
jev-score,3.32,7
jev-score,3.33,3
jev-score,3.34,7
jev-score,3.35,6
jev-score,3.36,3
jev-score,3.37,8
jev-score,3.38,3
jev-score,3.39,2
jev-score,3.4,2
jev-score,3.41,5
jev-score,3.42,3
jev-score,3.43,3
jev-score,3.44,6
jev-score,3.45,2
jev-score,3.46,2
jev-score,3.47,4
jev-score,3.48,1
jev-score,3.49,3
jev-score,3.5,2
jev-score,3.51,1
jev-score,3.52,5
jev-score,3.53,3
jev-score,3.54,3
jev-score,3.55,2
jev-score,3.56,6
jev-score,3.57,2
jev-score,3.58,1
jev-score,3.6,1
jev-score,3.61,2
jev-score,3.62,2
jev-score,3.63,2
jev-score,3.64,1
jev-score,3.65,2
jev-score,3.67,1
jev-score,3.68,2
jev-score,3.69,3
jev-score,3.7,1
jev-score,3.71,2
jev-score,3.72,3
jev-score,3.73,5
jev-score,3.74,1
jev-score,3.75,1
jev-score,3.76,1
jev-score,3.77,1
jev-score,3.78,1
jev-score,3.79,1
jev-score,3.8,4
jev-score,3.81,1
jev-score,3.82,6
jev-score,3.84,3
jev-score,3.85,2
jev-score,3.87,2
jev-score,3.88,2
jev-score,3.89,5
jev-score,3.9,3
jev-score,3.91,2
jev-score,3.92,4
jev-score,3.93,1
jev-score,3.94,4
jev-score,3.96,1
jev-score,3.97,2
jev-score,3.98,1
laya-score,0.1406,1
laya-score,0.1722,1
laya-score,0.2771,1
laya-score,0.3025,1
laya-score,0.3493,1
laya-score,0.7262,1
laya-score,0.7337,1
laya-score,0.7343,1
laya-score,0.7936,1
laya-score,0.8989,1
laya-score,0.9448,1
laya-score,0.9459,1
laya-score,1.0048,1
laya-score,1.0103,1
laya-score,1.0313,1
laya-score,1.0365,1
laya-score,1.0548,1
laya-score,1.0577,1
laya-score,1.0742,1
laya-score,1.0836,1
laya-score,1.0998,1
laya-score,1.113,1
laya-score,1.1175,1
laya-score,1.1196,1
laya-score,1.1228,1
laya-score,1.1273,1
laya-score,1.1425,1
laya-score,1.1446,1
laya-score,1.1548,1
laya-score,1.1611,1
laya-score,1.1691,1
laya-score,1.1745,1
laya-score,1.1751,1
laya-score,1.178,1
laya-score,1.1851,1
laya-score,1.1924,1
laya-score,1.1938,1
laya-score,1.1957,1
laya-score,1.2047,1
laya-score,1.2353,1
laya-score,1.2448,1
laya-score,1.2532,1
laya-score,1.2669,1
laya-score,1.2697,1
laya-score,1.2709,1
laya-score,1.2713,1
laya-score,1.2735,1
laya-score,1.2765,1
laya-score,1.286,1
laya-score,1.2863,1
laya-score,1.2901,1
laya-score,1.3165,1
laya-score,1.3185,1
laya-score,1.3208,1
laya-score,1.3216,1
laya-score,1.3258,1
laya-score,1.3266,2
laya-score,1.3429,1
laya-score,1.3464,1
laya-score,1.3467,1
laya-score,1.3486,1
laya-score,1.3504,1
laya-score,1.3615,1
laya-score,1.3842,1
laya-score,1.3844,1
laya-score,1.3848,1
laya-score,1.3868,1
laya-score,1.3878,1
laya-score,1.3922,1
laya-score,1.3945,1
laya-score,1.3991,1
laya-score,1.4034,1
laya-score,1.4044,1
laya-score,1.4151,1
laya-score,1.4235,1
laya-score,1.4243,1
laya-score,1.4253,1
laya-score,1.435,1
laya-score,1.4367,1
laya-score,1.4382,1
laya-score,1.44,1
laya-score,1.4402,1
laya-score,1.442,1
laya-score,1.4446,1
laya-score,1.4461,1
laya-score,1.4508,1
laya-score,1.4516,1
laya-score,1.4538,1
laya-score,1.4555,1
laya-score,1.457,1
laya-score,1.4586,1
laya-score,1.4645,1
laya-score,1.4648,1
laya-score,1.4652,1
laya-score,1.4667,1
laya-score,1.4702,1
laya-score,1.4723,1
laya-score,1.474,1
laya-score,1.475,1
laya-score,1.4815,1
laya-score,1.4883,1
laya-score,1.4884,1
laya-score,1.4988,1
laya-score,1.5036,1
laya-score,1.5041,1
laya-score,1.5047,1
laya-score,1.5091,1
laya-score,1.5098,1
laya-score,1.5125,1
laya-score,1.5133,1
laya-score,1.5166,1
laya-score,1.5242,1
laya-score,1.5266,1
laya-score,1.5308,1
laya-score,1.54,1
laya-score,1.5411,1
laya-score,1.5416,1
laya-score,1.5554,1
laya-score,1.5558,1
laya-score,1.5578,1
laya-score,1.5586,1
laya-score,1.5632,1
laya-score,1.5637,1
laya-score,1.5678,1
laya-score,1.5692,1
laya-score,1.5728,1
laya-score,1.5735,1
laya-score,1.5754,1
laya-score,1.5803,1
laya-score,1.5833,1
laya-score,1.5834,1
laya-score,1.5857,2
laya-score,1.5927,1
laya-score,1.5951,1
laya-score,1.6018,1
laya-score,1.6036,1
laya-score,1.6062,1
laya-score,1.6081,1
laya-score,1.6104,1
laya-score,1.6119,1
laya-score,1.6136,1
laya-score,1.6169,1
laya-score,1.6176,1
laya-score,1.6182,1
laya-score,1.6224,1
laya-score,1.6227,1
laya-score,1.6235,1
laya-score,1.6261,1
laya-score,1.6262,1
laya-score,1.6284,1
laya-score,1.6302,1
laya-score,1.6319,1
laya-score,1.6321,1
laya-score,1.6404,1
laya-score,1.6416,1
laya-score,1.6432,1
laya-score,1.6448,1
laya-score,1.6464,1
laya-score,1.6475,1
laya-score,1.6519,1
laya-score,1.6554,1
laya-score,1.6556,1
laya-score,1.6564,1
laya-score,1.6588,1
laya-score,1.659,1
laya-score,1.6604,1
laya-score,1.664,1
laya-score,1.6645,1
laya-score,1.665,1
laya-score,1.6685,1
laya-score,1.6713,1
laya-score,1.6718,1
laya-score,1.6727,1
laya-score,1.6737,1
laya-score,1.6816,1
laya-score,1.6818,1
laya-score,1.6837,1
laya-score,1.6849,1
laya-score,1.6858,1
laya-score,1.6912,1
laya-score,1.6927,1
laya-score,1.6961,1
laya-score,1.7052,1
laya-score,1.7137,1
laya-score,1.7199,1
laya-score,1.7202,1
laya-score,1.723,1
laya-score,1.727,1
laya-score,1.7386,1
laya-score,1.7396,1
laya-score,1.7505,1
laya-score,1.7509,1
laya-score,1.7513,1
laya-score,1.7516,1
laya-score,1.7524,1
laya-score,1.7553,1
laya-score,1.7603,1
laya-score,1.7604,1
laya-score,1.7606,1
laya-score,1.7613,1
laya-score,1.7625,1
laya-score,1.7631,1
laya-score,1.7646,1
laya-score,1.7707,1
laya-score,1.7711,1
laya-score,1.7717,1
laya-score,1.7842,1
laya-score,1.7882,1
laya-score,1.7904,1
laya-score,1.7912,1
laya-score,1.7953,1
laya-score,1.7968,1
laya-score,1.8037,1
laya-score,1.8052,1
laya-score,1.8056,1
laya-score,1.8137,1
laya-score,1.8181,1
laya-score,1.8218,1
laya-score,1.825,1
laya-score,1.8329,1
laya-score,1.8342,1
laya-score,1.8366,1
laya-score,1.8405,1
laya-score,1.8413,1
laya-score,1.8415,1
laya-score,1.8428,1
laya-score,1.8461,1
laya-score,1.8486,1
laya-score,1.851,1
laya-score,1.8555,1
laya-score,1.8585,1
laya-score,1.8638,1
laya-score,1.8642,1
laya-score,1.8655,1
laya-score,1.8681,1
laya-score,1.8699,1
laya-score,1.871,1
laya-score,1.8731,1
laya-score,1.8738,1
laya-score,1.8741,2
laya-score,1.8743,1
laya-score,1.8755,1
laya-score,1.8783,1
laya-score,1.879,1
laya-score,1.8812,1
laya-score,1.8825,1
laya-score,1.8881,1
laya-score,1.89,1
laya-score,1.894,1
laya-score,1.8941,1
laya-score,1.8968,1
laya-score,1.8997,1
laya-score,1.9007,1
laya-score,1.9018,1
laya-score,1.9031,1
laya-score,1.904,1
laya-score,1.9106,1
laya-score,1.9148,1
laya-score,1.9158,1
laya-score,1.9221,1
laya-score,1.9223,1
laya-score,1.9248,1
laya-score,1.939,1
laya-score,1.9432,1
laya-score,1.9448,1
laya-score,1.9457,1
laya-score,1.9527,1
laya-score,1.9531,1
laya-score,1.9537,1
laya-score,1.958,1
laya-score,1.9589,1
laya-score,1.9597,1
laya-score,1.9654,1
laya-score,1.9684,1
laya-score,1.9708,1
laya-score,1.9723,1
laya-score,1.9751,1
laya-score,1.9755,1
laya-score,1.9833,1
laya-score,1.988,1
laya-score,1.9956,1
laya-score,1.9985,1
laya-score,2.0069,1
laya-score,2.01,1
laya-score,2.0108,1
laya-score,2.0165,1
laya-score,2.0197,2
laya-score,2.022,1
laya-score,2.023,1
laya-score,2.0266,1
laya-score,2.0289,2
laya-score,2.0305,1
laya-score,2.0328,1
laya-score,2.0358,1
laya-score,2.0359,1
laya-score,2.0391,1
laya-score,2.0395,1
laya-score,2.0434,1
laya-score,2.045,1
laya-score,2.0475,1
laya-score,2.0487,1
laya-score,2.0622,1
laya-score,2.0691,2
laya-score,2.0724,1
laya-score,2.0859,1
laya-score,2.0868,1
laya-score,2.0926,1
laya-score,2.0929,1
laya-score,2.0945,1
laya-score,2.1001,1
laya-score,2.1003,1
laya-score,2.1013,1
laya-score,2.1065,1
laya-score,2.1067,1
laya-score,2.1096,2
laya-score,2.11,1
laya-score,2.1126,1
laya-score,2.1239,1
laya-score,2.1299,1
laya-score,2.1306,1
laya-score,2.1327,1
laya-score,2.1383,1
laya-score,2.1439,1
laya-score,2.148,1
laya-score,2.1492,1
laya-score,2.167,1
laya-score,2.1689,1
laya-score,2.169,1
laya-score,2.171,1
laya-score,2.1721,1
laya-score,2.1885,1
laya-score,2.1899,1
laya-score,2.1956,1
laya-score,2.1957,1
laya-score,2.2029,1
laya-score,2.2054,1
laya-score,2.211,1
laya-score,2.2134,1
laya-score,2.2258,1
laya-score,2.2336,1
laya-score,2.2418,1
laya-score,2.2817,1
laya-score,2.2858,1
laya-score,2.3112,1
laya-score,2.3246,1
laya-score,2.33,1
laya-score,2.3312,1
laya-score,2.3327,1
laya-score,2.34,1
laya-score,2.3478,1
laya-score,2.3714,1
laya-score,2.3843,1
laya-score,2.3883,1
laya-score,2.3944,1
laya-score,2.3973,1
laya-score,2.4143,1
laya-score,2.4179,1
laya-score,2.425,1
laya-score,2.4286,1
laya-score,2.4296,1
laya-score,2.4333,1
laya-score,2.4429,1
laya-score,2.4438,1
laya-score,2.4612,1
laya-score,2.4614,1
laya-score,2.4746,1
laya-score,2.4865,1
laya-score,2.4963,1
laya-score,2.4988,1
laya-score,2.5074,1
laya-score,2.5082,1
laya-score,2.509,1
laya-score,2.5102,1
laya-score,2.5105,1
laya-score,2.5168,1
laya-score,2.5211,1
laya-score,2.5298,1
laya-score,2.5418,1
laya-score,2.5476,1
laya-score,2.5533,1
laya-score,2.5602,1
laya-score,2.5702,1
laya-score,2.5887,1
laya-score,2.6096,1
laya-score,2.6348,1
laya-score,2.6771,1
laya-score,2.7407,1
laya-score,2.7415,1
laya-score,2.7592,1
laya-score,2.7734,1
laya-score,2.9138,1
laya-score,2.9262,1
laya-score,2.9275,1
laya-score,2.9554,1
laya-score,2.9823,1
laya-score,3.0343,1
laya-score,3.0609,1
laya-score,3.0656,1
laya-score,3.0784,1
laya-score,3.0932,1
laya-score,3.0963,1
laya-score,3.1402,1
laya-score,3.2353,1
laya-score,3.2402,1
laya-score,3.3305,1
laya-score,3.3638,1
laya-score,3.4424,1
